HXOS_LOCAL_TOOLS_ABSENT {"ok":true,"revision":"1da48aed847099956619763af40aaaaa04bb719d","git_tree_entries":0,"git_index_entries":0,"filesystem_entries":0}
HustleXP engine build identity: 1da48aed847099956619763af40aaaaa04bb719d
TAP version 13
# Subtest: accepts only an explicitly authorized loopback CI admin database
ok 1 - accepts only an explicitly authorized loopback CI admin database
  ---
  duration_ms: 3.5453
  type: 'test'
  ...
# Subtest: refuses production, remote, unapproved, or broadly named database targets
ok 2 - refuses production, remote, unapproved, or broadly named database targets
  ---
  duration_ms: 0.8666
  type: 'test'
  ...
# Subtest: prepared test URLs remain fixed to the isolated user and database names
ok 3 - prepared test URLs remain fixed to the isolated user and database names
  ---
  duration_ms: 0.4957
  type: 'test'
  ...
# Subtest: pins the required-test fake-finance fixture to the append-only nonproduction migration
ok 4 - pins the required-test fake-finance fixture to the append-only nonproduction migration
  ---
  duration_ms: 25.3155
  type: 'test'
  ...
# Subtest: required Vitest uses the bounded two-project config and cross-platform loader
ok 5 - required Vitest uses the bounded two-project config and cross-platform loader
  ---
  duration_ms: 2.938
  type: 'test'
  ...
# Subtest: required Vitest preserves console diagnostics alongside exact JSON accounting
ok 6 - required Vitest preserves console diagnostics alongside exact JSON accounting
  ---
  duration_ms: 0.4104
  type: 'test'
  ...
# Subtest: direct-execution detection canonicalizes aliases and covers platform path semantics
ok 7 - direct-execution detection canonicalizes aliases and covers platform path semantics
  ---
  duration_ms: 1.6855
  type: 'test'
  ...
# Subtest: direct-execution detection fails closed when canonical identity is unavailable
ok 8 - direct-execution detection fails closed when canonical identity is unavailable
  ---
  duration_ms: 0.9983
  type: 'test'
  ...
# Subtest: direct required-test invocation fails closed for an invalid policy
ok 9 - direct required-test invocation fails closed for an invalid policy
  ---
  duration_ms: 152.1535
  type: 'test'
  ...
# Subtest: required local test environment derives only fixed isolated database targets
ok 10 - required local test environment derives only fixed isolated database targets
  ---
  duration_ms: 4.1395
  type: 'test'
  ...
# Subtest: required local tests reject remote, production, and mismatched test infrastructure
ok 11 - required local tests reject remote, production, and mismatched test infrastructure
  ---
  duration_ms: 2.0178
  type: 'test'
  ...
# Subtest: required local test gates are exact and bind the container flag to non-admin targets
ok 12 - required local test gates are exact and bind the container flag to non-admin targets
  ---
  duration_ms: 1.4996
  type: 'test'
  ...
# Subtest: required child environments scrub every external provider credential and selector
ok 13 - required child environments scrub every external provider credential and selector
  ---
  duration_ms: 1.6793
  type: 'test'
  ...
# Subtest: required child environments scrub ambient internal authority credentials and actors
ok 14 - required child environments scrub ambient internal authority credentials and actors
  ---
  duration_ms: 1.3954
  type: 'test'
  ...
# Subtest: external provider scrub inventory covers every matching backend environment read
ok 15 - external provider scrub inventory covers every matching backend environment read
  ---
  duration_ms: 1.2098
  type: 'test'
  ...
# Subtest: required child environments replace ambient providers with fixed synthetic values only
ok 16 - required child environments replace ambient providers with fixed synthetic values only
  ---
  duration_ms: 0.9618
  type: 'test'
  ...
# Subtest: required runner owns the exact source gate inventory and scopes every gate to Vitest
ok 17 - required runner owns the exact source gate inventory and scopes every gate to Vitest
  ---
  duration_ms: 141.5373
  type: 'test'
  ...
# Subtest: required runner fixes money creation frozen and preserves exact hosted commit identity
ok 18 - required runner fixes money creation frozen and preserves exact hosted commit identity
  ---
  duration_ms: 0.3712
  type: 'test'
  ...
# Subtest: required runner owns every release contract and executes in fail-closed order
ok 19 - required runner owns every release contract and executes in fail-closed order
  ---
  duration_ms: 0.2711
  type: 'test'
  ...
# Subtest: the exact consequential-admin inventory covers every current administrator surface
ok 20 - the exact consequential-admin inventory covers every current administrator surface
  ---
  duration_ms: 69.1277
  type: 'test'
  ...
# Subtest: an added administrator mutation fails until it is explicitly classified
ok 21 - an added administrator mutation fails until it is explicitly classified
  ---
  duration_ms: 35.9683
  type: 'test'
  ...
# Subtest: stale inventory entries fail instead of silently outliving removed routes
ok 22 - stale inventory entries fail instead of silently outliving removed routes
  ---
  duration_ms: 36.1201
  type: 'test'
  ...
# Subtest: held, two-person, and forbidden labels are verified against executable controls
ok 23 - held, two-person, and forbidden labels are verified against executable controls
  ---
  duration_ms: 34.5924
  type: 'test'
  ...
# Subtest: every uncovered trust and safety mutation is explicitly terminally held
ok 24 - every uncovered trust and safety mutation is explicitly terminally held
  ---
  duration_ms: 27.5303
  type: 'test'
  ...
# Subtest: direct feature-flag mutation or enablement fails the authority verifier
ok 25 - direct feature-flag mutation or enablement fails the authority verifier
  ---
  duration_ms: 1.4593
  type: 'test'
  ...
# Subtest: migration verification accepts only the explicit isolated recreate authority
ok 26 - migration verification accepts only the explicit isolated recreate authority
  ---
  duration_ms: 2.0873
  type: 'test'
  ...
# Subtest: migration verification refuses production, remote, wrong-user, and broad database authority
ok 27 - migration verification refuses production, remote, wrong-user, and broad database authority
  ---
  duration_ms: 0.3511
  type: 'test'
  ...
# Subtest: engine execution authority accepts only exact disposable verifier targets, never admin
ok 28 - engine execution authority accepts only exact disposable verifier targets, never admin
  ---
  duration_ms: 1.0285
  type: 'test'
  ...
# Subtest: force-drop implementation checks exact recreate authority before connecting or dropping
ok 29 - force-drop implementation checks exact recreate authority before connecting or dropping
  ---
  duration_ms: 7.6545
  type: 'test'
  ...
# Subtest: PostgreSQL verifier binds and consumes one stateful exact plan per migration client
ok 30 - PostgreSQL verifier binds and consumes one stateful exact plan per migration client
  ---
  duration_ms: 3.0839
  type: 'test'
  ...
# Subtest: PostgreSQL verification executes the legacy assignment-alias bypass proof
ok 31 - PostgreSQL verification executes the legacy assignment-alias bypass proof
  ---
  duration_ms: 1.6183
  type: 'test'
  ...
# Subtest: PostgreSQL verification executes the TaskDraft claim upgrade and raw-rerun matrix
ok 32 - PostgreSQL verification executes the TaskDraft claim upgrade and raw-rerun matrix
  ---
  duration_ms: 1.6111
  type: 'test'
  ...
# Subtest: PostgreSQL verification refuses partial completion audit truth and raw-replays 138
ok 33 - PostgreSQL verification refuses partial completion audit truth and raw-replays 138
  ---
  duration_ms: 1.812
  type: 'test'
  ...
# Subtest: PostgreSQL verification certifies purpose-bound occurrence audit migration 139
ok 34 - PostgreSQL verification certifies purpose-bound occurrence audit migration 139
  ---
  duration_ms: 2.2365
  type: 'test'
  ...
# Subtest: clean exact candidate returns a zero-entry receipt bound to its revision
ok 35 - clean exact candidate returns a zero-entry receipt bound to its revision
  ---
  duration_ms: 4.0007
  type: 'test'
  ...
# Subtest: Git tree inspection is recursive and index inspection covers every cached path
ok 36 - Git tree inspection is recursive and index inspection covers every cached path
  ---
  duration_ms: 0.6381
  type: 'test'
  ...
# Subtest: Git tree contamination fails even when index and filesystem are clean
ok 37 - Git tree contamination fails even when index and filesystem are clean
  ---
  duration_ms: 1.2775
  type: 'test'
  ...
# Subtest: Git index contamination catches case variants and Windows separators
ok 38 - Git index contamination catches case variants and Windows separators
  ---
  duration_ms: 0.5917
  type: 'test'
  ...
# Subtest: filesystem inspection catches nested entries and case variants
ok 39 - filesystem inspection catches nested entries and case variants
  ---
  duration_ms: 0.599
  type: 'test'
  ...
# Subtest: expected revision input is exact and mismatches fail closed
ok 40 - expected revision input is exact and mismatches fail closed
  ---
  duration_ms: 0.4352
  type: 'test'
  ...
# Subtest: Git and filesystem inspection errors are not treated as empty evidence
ok 41 - Git and filesystem inspection errors are not treated as empty evidence
  ---
  duration_ms: 0.5833
  type: 'test'
  ...
# Subtest: NUL parsing is newline-safe and every exact path component is forbidden
ok 42 - NUL parsing is newline-safe and every exact path component is forbidden
  ---
  duration_ms: 0.5415
  type: 'test'
  ...
# Subtest: ignore contracts keep local tooling out of Git and both Docker contexts
ok 43 - ignore contracts keep local tooling out of Git and both Docker contexts
  ---
  duration_ms: 16.0236
  type: 'test'
  ...
# Subtest: required CI has read-only repository authority and never persists checkout credentials
ok 44 - required CI has read-only repository authority and never persists checkout credentials
  ---
  duration_ms: 30.3329
  type: 'test'
  ...
# Subtest: every install lane proves exact-candidate local-tooling absence before npm install
ok 45 - every install lane proves exact-candidate local-tooling absence before npm install
  ---
  duration_ms: 7.7629
  type: 'test'
  ...
# Subtest: required test check provisions only isolated PostgreSQL and loopback Redis services
ok 46 - required test check provisions only isolated PostgreSQL and loopback Redis services
  ---
  duration_ms: 7.4374
  type: 'test'
  ...
# Subtest: CI delegates the complete suite and deterministic provider policy to one runner
ok 47 - CI delegates the complete suite and deterministic provider policy to one runner
  ---
  duration_ms: 6.8541
  type: 'test'
  ...
# Subtest: database recreation authority is scoped only to the runner and migration proof
ok 48 - database recreation authority is scoped only to the runner and migration proof
  ---
  duration_ms: 3.528
  type: 'test'
  ...
# Subtest: required test stages preserve install-runner-evidence-role-legal ordering
ok 49 - required test stages preserve install-runner-evidence-role-legal ordering
  ---
  duration_ms: 3.9033
  type: 'test'
  ...
# Subtest: required test evidence is exact-SHA named and cannot pass without a report
ok 50 - required test evidence is exact-SHA named and cannot pass without a report
  ---
  duration_ms: 4.6432
  type: 'test'
  ...
# Subtest: required test check does not depend on ambient shared infrastructure secrets
ok 51 - required test check does not depend on ambient shared infrastructure secrets
  ---
  duration_ms: 2.0211
  type: 'test'
  ...
# Subtest: package exposes cross-platform fail-closed required and hygiene runners
ok 52 - package exposes cross-platform fail-closed required and hygiene runners
  ---
  duration_ms: 3.12
  type: 'test'
  ...
# Subtest: public-repository security checks are enforcing and bind to the PR head candidate
ok 53 - public-repository security checks are enforcing and bind to the PR head candidate
  ---
  duration_ms: 29.9029
  type: 'test'
  ...
# Subtest: build validation executes PostgreSQL proofs and verifies the exact candidate image
ok 54 - build validation executes PostgreSQL proofs and verifies the exact candidate image
  ---
  duration_ms: 12.174
  type: 'test'
  ...
# Subtest: required tests delegate isolated infrastructure and frozen-provider policy to one runner
ok 55 - required tests delegate isolated infrastructure and frozen-provider policy to one runner
  ---
  duration_ms: 5.7514
  type: 'test'
  ...
# Subtest: recreate authority and required-test ordering stay narrow and fail closed
ok 56 - recreate authority and required-test ordering stay narrow and fail closed
  ---
  duration_ms: 6.1711
  type: 'test'
  ...
# Subtest: root README exposes the common repository authority contract
ok 57 - root README exposes the common repository authority contract
  ---
  duration_ms: 10.8002
  type: 'test'
  ...
# Subtest: agent and reviewer instructions enforce Universal V1 rather than a collapsed pay-first lifecycle
ok 58 - agent and reviewer instructions enforce Universal V1 rather than a collapsed pay-first lifecycle
  ---
  duration_ms: 3.4026
  type: 'test'
  ...
# Subtest: team target binds the active V1A Gate 0-10 boundary and excludes Gates 11-12
ok 59 - team target binds the active V1A Gate 0-10 boundary and excludes Gates 11-12
  ---
  duration_ms: 6.3462
  type: 'test'
  ...
# Subtest: CI documentation describes the checked-in hold and source-dates mutable external truth
ok 60 - CI documentation describes the checked-in hold and source-dates mutable external truth
  ---
  duration_ms: 3.2573
  type: 'test'
  ...
# Subtest: restricted underwriting and dirty local receipts remain subordinate and unpromotable
ok 61 - restricted underwriting and dirty local receipts remain subordinate and unpromotable
  ---
  duration_ms: 18.4509
  type: 'test'
  ...
# Subtest: accepts only a complete zero-failure zero-skip Vitest report
ok 62 - accepts only a complete zero-failure zero-skip Vitest report
  ---
  duration_ms: 4.3815
  type: 'test'
  ...
# Subtest: rejects failures, skips, todo tests, and incomplete accounting
ok 63 - rejects failures, skips, todo tests, and incomplete accounting
  ---
  duration_ms: 1.843
  type: 'test'
  ...
# Subtest: rejects malformed or empty reports instead of inventing success
ok 64 - rejects malformed or empty reports instead of inventing success
  ---
  duration_ms: 0.5235
  type: 'test'
  ...
# Subtest: requires exact per-assertion and per-file evidence instead of trusting aggregate counts
ok 65 - requires exact per-assertion and per-file evidence instead of trusting aggregate counts
  ---
  duration_ms: 1.0174
  type: 'test'
  ...
# Subtest: requires a one-to-one report for the exact filesystem inventory
ok 66 - requires a one-to-one report for the exact filesystem inventory
  ---
  duration_ms: 1.1311
  type: 'test'
  ...
# Subtest: rejects empty file evidence and paths outside the candidate checkout
ok 67 - rejects empty file evidence and paths outside the candidate checkout
  ---
  duration_ms: 0.5337
  type: 'test'
  ...
# Subtest: discovers every candidate test file across the required cohort directories
ok 68 - discovers every candidate test file across the required cohort directories
  ---
  duration_ms: 33.3088
  type: 'test'
  ...
1..68
# tests 68
# suites 0
# pass 68
# fail 0
# cancelled 0
# skipped 0
# todo 0
# duration_ms 2778.3154
[20:14:01.429] [32mINFO[39m: [36mRequired engine migration verified[39m
    module: "worker"
    status: "applied"
    migration: "add_missing_tables_v2"
    sourcePath: "C:\Users\Manfish\Documents\Codex\2026-09-04\let\work\backend-validation-checkout\backend\database\migrations\add_missing_tables_v2.sql"
    sha256: "0e82957e8c8ac0cdb2da99faaad235f64e8eda817ff60681e4455719b48a403e"
[20:14:01.624] [32mINFO[39m: [36mRequired engine migration verified[39m
    module: "worker"
    status: "applied"
    migration: "20260710_engine_automation_contracts"
    sourcePath: "C:\Users\Manfish\Documents\Codex\2026-09-04\let\work\backend-validation-checkout\backend\database\migrations\20260710_engine_automation_contracts.sql"
    sha256: "7581c779b858864ba4f1d7ec1af1fb8da613c53b8986adafcfd4de2cf07938a7"
[20:14:01.659] [32mINFO[39m: [36mRequired engine migration verified[39m
    module: "worker"
    status: "applied"
    migration: "20260711_required_proof_alignment"
    sourcePath: "C:\Users\Manfish\Documents\Codex\2026-09-04\let\work\backend-validation-checkout\backend\database\migrations\011-proof-alignment.sql"
    sha256: "aa042a77dc4f8b8fcad8b53f6e678a6c2ec4edf39d7c18f63399d184369759c3"
[20:14:01.786] [32mINFO[39m: [36mRequired engine migration verified[39m
    module: "worker"
    status: "applied"
    migration: "20260711_required_expertise_supply"
    sourcePath: "C:\Users\Manfish\Documents\Codex\2026-09-04\let\work\backend-validation-checkout\backend\database\migrations\expertise_supply_control.sql"
    sha256: "104803408da1a0196291254866cefb2944b4b45be5a2c81df334ecaac828cf39"
[20:14:01.815] [32mINFO[39m: [36mRequired engine migration verified[39m
    module: "worker"
    status: "applied"
    migration: "20260711_task_outcome_classification"
    sourcePath: "C:\Users\Manfish\Documents\Codex\2026-09-04\let\work\backend-validation-checkout\backend\database\migrations\20260711_task_outcome_classification.sql"
    sha256: "c723901db04a66d60ec231ac10324fe8834a32b9b6019b7a5aa0a651638cf791"
[20:14:01.855] [32mINFO[39m: [36mRequired engine migration verified[39m
    module: "worker"
    status: "applied"
    migration: "20260712_hustler_identity_link"
    sourcePath: "C:\Users\Manfish\Documents\Codex\2026-09-04\let\work\backend-validation-checkout\backend\database\migrations\20260712_hustler_identity_link.sql"
    sha256: "4ea3685d374532f90122a58b596d04a544c06bd701d0697037af15a964af3518"
[20:14:01.885] [32mINFO[39m: [36mRequired engine migration verified[39m
    module: "worker"
    status: "applied"
    migration: "20260712_dispatch_expiry_pending_payment_cancel"
    sourcePath: "C:\Users\Manfish\Documents\Codex\2026-09-04\let\work\backend-validation-checkout\backend\database\migrations\20260712_dispatch_expiry_pending_payment_cancel.sql"
    sha256: "4b29f0612985dbf9e90c2f437cc49dbf88223d3a78c67bfd48ebc88e16249a7f"
[20:14:01.903] [32mINFO[39m: [36mRequired engine migration verified[39m
    module: "worker"
    status: "applied"
    migration: "20260712_dispatch_expiry_no_payment_reconcile"
    sourcePath: "C:\Users\Manfish\Documents\Codex\2026-09-04\let\work\backend-validation-checkout\backend\database\migrations\20260712_dispatch_expiry_no_payment_reconcile.sql"
    sha256: "12d4e967e5b0a910debe5c187a5dc3bb18d3c2ce49375e6698aa856e12a60b72"
[20:14:01.991] [32mINFO[39m: [36mRequired engine migration verified[39m
    module: "worker"
    status: "applied"
    migration: "performance_indexes_v1"
    sourcePath: "C:\Users\Manfish\Documents\Codex\2026-09-04\let\work\backend-validation-checkout\backend\database\migrations\20260713_performance_indexes_alignment.sql"
    sha256: "3696d6feeed5f058d286ad62cbe8fb75a72e43cecc93cfcb162bb2ef61cb33cf"
[20:14:02.084] [32mINFO[39m: [36mRequired engine migration verified[39m
    module: "worker"
    status: "applied"
    migration: "chargeback_lifecycle_v1"
    sourcePath: "C:\Users\Manfish\Documents\Codex\2026-09-04\let\work\backend-validation-checkout\backend\database\migrations\chargeback_lifecycle.sql"
    sha256: "32905444b29504044c3f91a5398a0a2c064398d833e66d486e6ca513fddff6f7"
[20:14:02.156] [32mINFO[39m: [36mRequired engine migration verified[39m
    module: "worker"
    status: "applied"
    migration: "20260718_revenue_audit_rail"
    sourcePath: "C:\Users\Manfish\Documents\Codex\2026-09-04\let\work\backend-validation-checkout\backend\database\migrations\20260718_revenue_audit_rail.sql"
    sha256: "f11a5eb964f2c09b9e9592533fd32b35c24c9de8511e79b6096f2cf7627134a0"
[20:14:02.175] [32mINFO[39m: [36mRequired engine migration verified[39m
    module: "worker"
    status: "applied"
    migration: "20260718_quote_economics_contract"
    sourcePath: "C:\Users\Manfish\Documents\Codex\2026-09-04\let\work\backend-validation-checkout\backend\database\migrations\20260718_quote_economics_contract.sql"
    sha256: "1eb1a06963af0d740b488154d5803ab050f322d501feae130ac02e6e5669ecef"
[20:14:02.269] [32mINFO[39m: [36mRequired engine migration verified[39m
    module: "worker"
    status: "applied"
    migration: "20260718_task_scope_versions"
    sourcePath: "C:\Users\Manfish\Documents\Codex\2026-09-04\let\work\backend-validation-checkout\backend\database\migrations\20260718_task_scope_versions.sql"
    sha256: "71098ed2d76562e33e7439b6bbeaa2648c19174a3c19195460238aeaf5abcd6e"
[20:14:02.306] [32mINFO[39m: [36mRequired engine migration verified[39m
    module: "worker"
    status: "applied"
    migration: "20260718_task_location_encryption"
    sourcePath: "C:\Users\Manfish\Documents\Codex\2026-09-04\let\work\backend-validation-checkout\backend\database\migrations\20260718_task_location_encryption.sql"
    sha256: "084ef950e086b7aa5040e4fba37277d18f65a15f6cbea75d52dd5729b00386f2"
[20:14:02.327] [32mINFO[39m: [36mRequired engine migration verified[39m
    module: "worker"
    status: "applied"
    migration: "20260718_proof_submission_atomicity"
    sourcePath: "C:\Users\Manfish\Documents\Codex\2026-09-04\let\work\backend-validation-checkout\backend\database\migrations\20260718_proof_submission_atomicity.sql"
    sha256: "6d5dfced166382beed083351a6c75aa5bbf972dcb0eb8704003cae40aa8d5768"
[20:14:02.394] [32mINFO[39m: [36mRequired engine migration verified[39m
    module: "worker"
    status: "applied"
    migration: "20260718_task_safety_incident_cases"
    sourcePath: "C:\Users\Manfish\Documents\Codex\2026-09-04\let\work\backend-validation-checkout\backend\database\migrations\20260718_task_safety_incident_cases.sql"
    sha256: "a73437cc7e7f152a195b730f4c1d622ca2461bc682665c26f31760a3d1fa3800"
[20:14:02.417] [32mINFO[39m: [36mRequired engine migration verified[39m
    module: "worker"
    status: "applied"
    migration: "20260718_task_safety_delivery_contract"
    sourcePath: "C:\Users\Manfish\Documents\Codex\2026-09-04\let\work\backend-validation-checkout\backend\database\migrations\20260718_task_safety_delivery_contract.sql"
    sha256: "26c8241b9526f77980121afa98089dcf55162204979c0ee0465b1d7c55416c7d"
[20:14:02.491] [32mINFO[39m: [36mRequired engine migration verified[39m
    module: "worker"
    status: "applied"
    migration: "20260718_task_safety_checkins"
    sourcePath: "C:\Users\Manfish\Documents\Codex\2026-09-04\let\work\backend-validation-checkout\backend\database\migrations\20260718_task_safety_checkins.sql"
    sha256: "f9278e4a9cb7c7345f321712a4204280129d6e31aba31d03a987c31cb40781e5"
[20:14:02.538] [32mINFO[39m: [36mRequired engine migration verified[39m
    module: "worker"
    status: "applied"
    migration: "20260718_task_safety_location_encryption"
    sourcePath: "C:\Users\Manfish\Documents\Codex\2026-09-04\let\work\backend-validation-checkout\backend\database\migrations\20260718_task_safety_location_encryption.sql"
    sha256: "2cd76dff8f126da4bec2d6f58e2c6de5c3c93a3fabd1024536a7c007dce07e46"
[20:14:02.626] [32mINFO[39m: [36mRequired engine migration verified[39m
    module: "worker"
    status: "applied"
    migration: "20260718_zone_category_liquidity_cells"
    sourcePath: "C:\Users\Manfish\Documents\Codex\2026-09-04\let\work\backend-validation-checkout\backend\database\migrations\20260718_zone_category_liquidity_cells.sql"
    sha256: "8c427c29ac142a7543c08768be5823b1dcd6d4630b1a3b5128e2e88afce77a2c"
[20:14:02.729] [32mINFO[39m: [36mRequired engine migration verified[39m
    module: "worker"
    status: "applied"
    migration: "20260718_worker_offer_decision_contract"
    sourcePath: "C:\Users\Manfish\Documents\Codex\2026-09-04\let\work\backend-validation-checkout\backend\database\migrations\20260718_worker_offer_decision_contract.sql"
    sha256: "81defc49577f106e03e682814dd2bc302f7435adfb1711a8801d68ada75d4e02"
[20:14:02.896] [32mINFO[39m: [36mRequired engine migration verified[39m
    module: "worker"
    status: "applied"
    migration: "20260718_worker_screening_rights_contract"
    sourcePath: "C:\Users\Manfish\Documents\Codex\2026-09-04\let\work\backend-validation-checkout\backend\database\migrations\20260718_worker_screening_rights_contract.sql"
    sha256: "3c1d98eb3a8e5f59811dc7a937584bc96b0d37bae87a04f7bac58b41e1a4d20d"
[20:14:02.976] [32mINFO[39m: [36mRequired engine migration verified[39m
    module: "worker"
    status: "applied"
    migration: "20260718_region_policy_contract"
    sourcePath: "C:\Users\Manfish\Documents\Codex\2026-09-04\let\work\backend-validation-checkout\backend\database\migrations\20260718_region_policy_contract.sql"
    sha256: "01c65eb106aa9ad3a9909e08b882f6ba908bf626e0c23a68136c64fe39ec9311"
[20:14:03.014] [32mINFO[39m: [36mRequired engine migration verified[39m
    module: "worker"
    status: "applied"
    migration: "20260718_completion_retention_contract"
    sourcePath: "C:\Users\Manfish\Documents\Codex\2026-09-04\let\work\backend-validation-checkout\backend\database\migrations\20260718_completion_retention_contract.sql"
    sha256: "b55d86d2438505a7e38b330de642ca1711ab14e8f970da9e9eca8d975da38ef0"
[20:14:03.110] [32mINFO[39m: [36mRequired engine migration verified[39m
    module: "worker"
    status: "applied"
    migration: "20260718_task_public_clarifications"
    sourcePath: "C:\Users\Manfish\Documents\Codex\2026-09-04\let\work\backend-validation-checkout\backend\database\migrations\20260718_task_public_clarifications.sql"
    sha256: "5dd2cca338998318447069a4c47fcaaf8a48e2d9bb7004e24576bc76849c9155"
[20:14:03.259] [32mINFO[39m: [36mRequired engine migration verified[39m
    module: "worker"
    status: "applied"
    migration: "20260718_marketplace_reputation_contract"
    sourcePath: "C:\Users\Manfish\Documents\Codex\2026-09-04\let\work\backend-validation-checkout\backend\database\migrations\20260718_marketplace_reputation_contract.sql"
    sha256: "df565bff5dd411e74c6714e3353d22e28af6438b8a2a16c34fb574dd46d50933"
[20:14:03.422] [32mINFO[39m: [36mRequired engine migration verified[39m
    module: "worker"
    status: "applied"
    migration: "20260718_business_workspace_contract"
    sourcePath: "C:\Users\Manfish\Documents\Codex\2026-09-04\let\work\backend-validation-checkout\backend\database\migrations\20260718_business_workspace_contract.sql"
    sha256: "a22965906807502d81f7fc6fb085b1f71ee4cf8171986eb61be292dccc137c45"
[20:14:03.647] [32mINFO[39m: [36mRequired engine migration verified[39m
    module: "worker"
    status: "applied"
    migration: "20260718_business_operations_contract"
    sourcePath: "C:\Users\Manfish\Documents\Codex\2026-09-04\let\work\backend-validation-checkout\backend\database\migrations\20260718_business_operations_contract.sql"
    sha256: "23fdb635e6768e7cfabc299ba4babab7aa37e29d319f124e8cf96e152ff7a0cb"
[20:14:03.772] [32mINFO[39m: [36mRequired engine migration verified[39m
    module: "worker"
    status: "applied"
    migration: "20260718_business_execution_contract"
    sourcePath: "C:\Users\Manfish\Documents\Codex\2026-09-04\let\work\backend-validation-checkout\backend\database\migrations\20260718_business_execution_contract.sql"
    sha256: "b4bad697897f51aa69f4c435d194bcb0730e1c357110c56aeeeccc61ec0c8d2d"
[20:14:03.968] [32mINFO[39m: [36mRequired engine migration verified[39m
    module: "worker"
    status: "applied"
    migration: "20260718_recurring_work_contract"
    sourcePath: "C:\Users\Manfish\Documents\Codex\2026-09-04\let\work\backend-validation-checkout\backend\database\migrations\20260718_recurring_work_contract.sql"
    sha256: "65bbbe96e1af6d909cd9a454c201bf4e62c99e60ec6bddbaa2454a3e3de4ed4b"
[20:14:04.006] [32mINFO[39m: [36mRequired engine migration verified[39m
    module: "worker"
    status: "applied"
    migration: "20260718_business_recurring_contract"
    sourcePath: "C:\Users\Manfish\Documents\Codex\2026-09-04\let\work\backend-validation-checkout\backend\database\migrations\20260718_business_recurring_contract.sql"
    sha256: "e068a0aa68b7baf4a7c13f217536251708913b854119a3da350455230355f5d3"
[20:14:04.113] [32mINFO[39m: [36mRequired engine migration verified[39m
    module: "worker"
    status: "applied"
    migration: "20260719_recommendation_contract"
    sourcePath: "C:\Users\Manfish\Documents\Codex\2026-09-04\let\work\backend-validation-checkout\backend\database\migrations\20260719_recommendation_contract.sql"
    sha256: "3345c3fdce3aef451c89fd8245dff11096dffe1108309e19c1470f2138641ab4"
[20:14:04.209] [32mINFO[39m: [36mRequired engine migration verified[39m
    module: "worker"
    status: "applied"
    migration: "20260719_hustler_wallet_contract"
    sourcePath: "C:\Users\Manfish\Documents\Codex\2026-09-04\let\work\backend-validation-checkout\backend\database\migrations\20260719_hustler_wallet_contract.sql"
    sha256: "153809d4d570a54b27357e2ebff51c3b35fa303e69da29c570816acca89f29ab"
[20:14:04.231] [32mINFO[39m: [36mRequired engine migration verified[39m
    module: "worker"
    status: "applied"
    migration: "20260719_wallet_provider_event_integrity"
    sourcePath: "C:\Users\Manfish\Documents\Codex\2026-09-04\let\work\backend-validation-checkout\backend\database\migrations\20260719_wallet_provider_event_integrity.sql"
    sha256: "1ee57eb0d4c3d157632b8db3fbc8cc232ac1241c1ca76944250ca42e1fdbc8de"
[20:14:04.248] [32mINFO[39m: [36mRequired engine migration verified[39m
    module: "worker"
    status: "applied"
    migration: "20260719_wallet_provider_event_integrity_repair"
    sourcePath: "C:\Users\Manfish\Documents\Codex\2026-09-04\let\work\backend-validation-checkout\backend\database\migrations\20260719_wallet_provider_event_integrity_repair.sql"
    sha256: "96ff51a6414cb261fa2791281c076e4e5b7fafd73cbacc2db939402e4219a6a5"
[20:14:04.510] [32mINFO[39m: [36mRequired engine migration verified[39m
    module: "worker"
    status: "applied"
    migration: "20260719_lifecycle_service_foundations"
    sourcePath: "C:\Users\Manfish\Documents\Codex\2026-09-04\let\work\backend-validation-checkout\backend\database\migrations\20260719_lifecycle_service_foundations.sql"
    sha256: "4c1edaecda49afeae3950afe832074f8903d64aa6f726bbee2a0717f26113596"
[20:14:04.526] [32mINFO[39m: [36mRequired engine migration verified[39m
    module: "worker"
    status: "applied"
    migration: "20260719_task_worker_eligibility_contract"
    sourcePath: "C:\Users\Manfish\Documents\Codex\2026-09-04\let\work\backend-validation-checkout\backend\database\migrations\20260719_task_worker_eligibility_contract.sql"
    sha256: "a1fb5d0387d61fef4b484be82d15153031b14860bcc8b4bbaa690a4ca096a0fb"
[20:14:04.560] [32mINFO[39m: [36mRequired engine migration verified[39m
    module: "worker"
    status: "applied"
    migration: "20260719_append_only_truncate_contract"
    sourcePath: "C:\Users\Manfish\Documents\Codex\2026-09-04\let\work\backend-validation-checkout\backend\database\migrations\20260719_append_only_truncate_contract.sql"
    sha256: "1b105f37e52b19435aacc7b04b2496bbef7f5cd0b0b1681487342e2e411544b4"
[20:14:04.607] [32mINFO[39m: [36mRequired engine migration verified[39m
    module: "worker"
    status: "applied"
    migration: "20260719_admin_user_search_trigram_contract"
    sourcePath: "C:\Users\Manfish\Documents\Codex\2026-09-04\let\work\backend-validation-checkout\backend\database\migrations\20260719_admin_user_search_trigram_contract.sql"
    sha256: "89a20a0c588af79ae8c0cd8e06949f4a542928b826adafa822d5a02b20694090"
[20:14:04.641] [32mINFO[39m: [36mRequired engine migration verified[39m
    module: "worker"
    status: "applied"
    migration: "20260719_admin_capability_contract"
    sourcePath: "C:\Users\Manfish\Documents\Codex\2026-09-04\let\work\backend-validation-checkout\backend\database\migrations\20260719_admin_capability_contract.sql"
    sha256: "cacc11cfe40b498767acbbaa736f2462e21a758018bcda1a667430a3c441c0f4"
[20:14:04.663] [32mINFO[39m: [36mRequired engine migration verified[39m
    module: "worker"
    status: "applied"
    migration: "20260719_tier0_browse_only_contract"
    sourcePath: "C:\Users\Manfish\Documents\Codex\2026-09-04\let\work\backend-validation-checkout\backend\database\migrations\20260719_tier0_browse_only_contract.sql"
    sha256: "336d976adfc3ce6e892b16c67a08bbc692165d2373084c3e51ab3e0a3db7a9d5"
[20:14:04.683] [32mINFO[39m: [36mRequired engine migration verified[39m
    module: "worker"
    status: "applied"
    migration: "20260719_task_template_policy_contract"
    sourcePath: "C:\Users\Manfish\Documents\Codex\2026-09-04\let\work\backend-validation-checkout\backend\database\migrations\20260719_task_template_policy_contract.sql"
    sha256: "1b4e180c34fce08ea00076e1f02f9c57d698c532db1eff84d9973e68c189ff8f"
[20:14:04.732] [32mINFO[39m: [36mRequired engine migration verified[39m
    module: "worker"
    status: "applied"
    migration: "20260719_compliance_guardian_persistence_contract"
    sourcePath: "C:\Users\Manfish\Documents\Codex\2026-09-04\let\work\backend-validation-checkout\backend\database\migrations\20260719_compliance_guardian_persistence_contract.sql"
    sha256: "ad0d747354fd6040df2669ffc0fbe485526240aca38887e27a069f49ab67767c"
[20:14:04.749] [32mINFO[39m: [36mRequired engine migration verified[39m
    module: "worker"
    status: "applied"
    migration: "20260719_worker_offer_retake_contract"
    sourcePath: "C:\Users\Manfish\Documents\Codex\2026-09-04\let\work\backend-validation-checkout\backend\database\migrations\20260719_worker_offer_retake_contract.sql"
    sha256: "0e5c8b6dde2fe27aecb7eed4ea1c329a4872cee9cc54c7a42505e431e5df0301"
[20:14:04.805] [32mINFO[39m: [36mRequired engine migration verified[39m
    module: "worker"
    status: "applied"
    migration: "20260719_liquidity_expansion_contract"
    sourcePath: "C:\Users\Manfish\Documents\Codex\2026-09-04\let\work\backend-validation-checkout\backend\database\migrations\20260719_liquidity_expansion_contract.sql"
    sha256: "6ba06780137ac5142e4560d465300cdb21105c690cfb320a588b35b37f69d795"
[20:14:04.826] [32mINFO[39m: [36mRequired engine migration verified[39m
    module: "worker"
    status: "applied"
    migration: "20260719_liquidity_expansion_fk_repair"
    sourcePath: "C:\Users\Manfish\Documents\Codex\2026-09-04\let\work\backend-validation-checkout\backend\database\migrations\20260719_liquidity_expansion_fk_repair.sql"
    sha256: "3ab131b4dbc128a99cd9eb7512888282df572f0ca61519d0453ebaa8be686c17"
[20:14:04.938] [32mINFO[39m: [36mRequired engine migration verified[39m
    module: "worker"
    status: "applied"
    migration: "20260719_worker_counter_offer_contract"
    sourcePath: "C:\Users\Manfish\Documents\Codex\2026-09-04\let\work\backend-validation-checkout\backend\database\migrations\20260719_worker_counter_offer_contract.sql"
    sha256: "1c6376dc07f95465f0925134f9d30990ed0da52c869cb9e039f3865508f85696"
[20:14:04.959] [32mINFO[39m: [36mRequired engine migration verified[39m
    module: "worker"
    status: "applied"
    migration: "20260719_worker_counter_offer_exclusivity"
    sourcePath: "C:\Users\Manfish\Documents\Codex\2026-09-04\let\work\backend-validation-checkout\backend\database\migrations\20260719_worker_counter_offer_exclusivity.sql"
    sha256: "5f72eb8f7bacc3c45c3dfba2527f7ccd5571ea6db0bcb4dd119a32ed0436e78f"
[20:14:05.101] [32mINFO[39m: [36mRequired engine migration verified[39m
    module: "worker"
    status: "applied"
    migration: "20260719_external_task_bridge_contract"
    sourcePath: "C:\Users\Manfish\Documents\Codex\2026-09-04\let\work\backend-validation-checkout\backend\database\migrations\20260719_external_task_bridge_contract.sql"
    sha256: "33080f06754d9ed04bf6624ac0dbf5c7817c8324af9be25ecb01ebf50ecffb69"
[20:14:05.168] [32mINFO[39m: [36mRequired engine migration verified[39m
    module: "worker"
    status: "applied"
    migration: "20260720_task_geofence_event_contract"
    sourcePath: "C:\Users\Manfish\Documents\Codex\2026-09-04\let\work\backend-validation-checkout\backend\database\migrations\20260720_task_geofence_event_contract.sql"
    sha256: "c2a31559936f1d1db684a27f3cca8554fe3b6986830ff6795e547c17409e24af"
[20:14:05.310] [32mINFO[39m: [36mRequired engine migration verified[39m
    module: "worker"
    status: "applied"
    migration: "20260720_major_action_telemetry_contract"
    sourcePath: "C:\Users\Manfish\Documents\Codex\2026-09-04\let\work\backend-validation-checkout\backend\database\migrations\20260720_major_action_telemetry_contract.sql"
    sha256: "0939eb301dba2a9b8e50c759fd794c19cfd19b7ac8c761449dccc5d346a5fd07"
[20:14:05.326] [32mINFO[39m: [36mRequired engine migration verified[39m
    module: "worker"
    status: "applied"
    migration: "20260720_major_action_telemetry_contract_repair"
    sourcePath: "C:\Users\Manfish\Documents\Codex\2026-09-04\let\work\backend-validation-checkout\backend\database\migrations\20260720_major_action_telemetry_contract_repair.sql"
    sha256: "7aebc9a96ca0eb516d6eaabff5c8ea44a1c99ef452328abfdc31e423fcb50960"
[20:14:05.339] [32mINFO[39m: [36mRequired engine migration verified[39m
    module: "worker"
    status: "applied"
    migration: "20260720_major_action_source_registry_repair"
    sourcePath: "C:\Users\Manfish\Documents\Codex\2026-09-04\let\work\backend-validation-checkout\backend\database\migrations\20260720_major_action_source_registry_repair.sql"
    sha256: "dd0641389a561a02ee7bc211494baeecad4a584f4ae878e367d7bd6ec41ef99d"
[20:14:05.443] [32mINFO[39m: [36mRequired engine migration verified[39m
    module: "worker"
    status: "applied"
    migration: "20260720_offline_action_sync_contract"
    sourcePath: "C:\Users\Manfish\Documents\Codex\2026-09-04\let\work\backend-validation-checkout\backend\database\migrations\20260720_offline_action_sync_contract.sql"
    sha256: "a24c7a3a1fc6d248e7ed84850c282b1d70e136470a5814e5cf73d354fb71a225"
[20:14:05.459] [32mINFO[39m: [36mRequired engine migration verified[39m
    module: "worker"
    status: "applied"
    migration: "20260720_offline_action_sync_contract_repair"
    sourcePath: "C:\Users\Manfish\Documents\Codex\2026-09-04\let\work\backend-validation-checkout\backend\database\migrations\20260720_offline_action_sync_contract_repair.sql"
    sha256: "dd3ebeb8b7660ce2a7e7dc0c90c75b8c44368ed464dd80d5a48db74c608fe2ad"
[20:14:05.491] [32mINFO[39m: [36mRequired engine migration verified[39m
    module: "worker"
    status: "applied"
    migration: "20260720_proof_verification_signal_contract"
    sourcePath: "C:\Users\Manfish\Documents\Codex\2026-09-04\let\work\backend-validation-checkout\backend\database\migrations\20260720_proof_verification_signal_contract.sql"
    sha256: "7956522e446ae42141b204c0f32d6cc1843c8deb54d474f5bc3d5687577e18fb"
[20:14:05.506] [32mINFO[39m: [36mRequired engine migration verified[39m
    module: "worker"
    status: "applied"
    migration: "20260720_proof_media_metadata_minimization"
    sourcePath: "C:\Users\Manfish\Documents\Codex\2026-09-04\let\work\backend-validation-checkout\backend\database\migrations\20260720_proof_media_metadata_minimization.sql"
    sha256: "d8b3f516a303744ab8bfe467d528f552f0c444466d64ab1e881d6ae5f422e396"
[20:14:05.572] [32mINFO[39m: [36mRequired engine migration verified[39m
    module: "worker"
    status: "applied"
    migration: "20260720_media_upload_finalization_contract"
    sourcePath: "C:\Users\Manfish\Documents\Codex\2026-09-04\let\work\backend-validation-checkout\backend\database\migrations\20260720_media_upload_finalization_contract.sql"
    sha256: "c7cb31234baeb3ec101b44a73df6fd93198d3c442ceaa0713188e912bae10715"
[20:14:05.647] [32mINFO[39m: [36mRequired engine migration verified[39m
    module: "worker"
    status: "applied"
    migration: "20260720_private_media_delivery_contract"
    sourcePath: "C:\Users\Manfish\Documents\Codex\2026-09-04\let\work\backend-validation-checkout\backend\database\migrations\20260720_private_media_delivery_contract.sql"
    sha256: "dab4cace45c99879d1a6f3e978198fe8ec4e1840607319522b8addfc20cda608"
[20:14:05.783] [32mINFO[39m: [36mRequired engine migration verified[39m
    module: "worker"
    status: "applied"
    migration: "20260720_worker_standing_appeals"
    sourcePath: "C:\Users\Manfish\Documents\Codex\2026-09-04\let\work\backend-validation-checkout\backend\database\migrations\20260720_worker_standing_appeals.sql"
    sha256: "02e2a7c9d91a10b780ea1c01444a57c257faecb7c1ec2f129c82ae8fb4004608"
[20:14:05.818] [32mINFO[39m: [36mRequired engine migration verified[39m
    module: "worker"
    status: "applied"
    migration: "20260720_offline_action_reconciliation"
    sourcePath: "C:\Users\Manfish\Documents\Codex\2026-09-04\let\work\backend-validation-checkout\backend\database\migrations\20260720_offline_action_reconciliation.sql"
    sha256: "12e245da2e45ce917516fdd4dfd2610348eb5c0420c1490987e378ad5f485f94"
[20:14:05.830] [32mINFO[39m: [36mRequired engine migration verified[39m
    module: "worker"
    status: "applied"
    migration: "20260720_dispute_release_authority_contract"
    sourcePath: "C:\Users\Manfish\Documents\Codex\2026-09-04\let\work\backend-validation-checkout\backend\database\migrations\20260720_dispute_release_authority_contract.sql"
    sha256: "0b7cadab9f4c40170d31c5e21921adb42b36935e6f3df81a87991fda9c0029fd"
[20:14:05.893] [32mINFO[39m: [36mRequired engine migration verified[39m
    module: "worker"
    status: "applied"
    migration: "20260720_notification_delivery_contract"
    sourcePath: "C:\Users\Manfish\Documents\Codex\2026-09-04\let\work\backend-validation-checkout\backend\database\migrations\20260720_notification_delivery_contract.sql"
    sha256: "a2264390a09a6ae20ce0011683ab870c631feebfde87ed80a872e986a575bb0b"
[20:14:05.906] [32mINFO[39m: [36mRequired engine migration verified[39m
    module: "worker"
    status: "applied"
    migration: "20260720_notification_delivery_contract_repair"
    sourcePath: "C:\Users\Manfish\Documents\Codex\2026-09-04\let\work\backend-validation-checkout\backend\database\migrations\20260720_notification_delivery_contract_repair.sql"
    sha256: "e0aaa1a3cb653917924183fcf67291b33a2dbf38579eb01b17122e649c71c40f"
[20:14:05.926] [32mINFO[39m: [36mRequired engine migration verified[39m
    module: "worker"
    status: "applied"
    migration: "20260720_notification_focus_suppression"
    sourcePath: "C:\Users\Manfish\Documents\Codex\2026-09-04\let\work\backend-validation-checkout\backend\database\migrations\20260720_notification_focus_suppression.sql"
    sha256: "e320ed83af84fd2c3781a1229db74126778b7c2d8eeb41dbddc432c634faba05"
[20:14:05.940] [32mINFO[39m: [36mRequired engine migration verified[39m
    module: "worker"
    status: "applied"
    migration: "20260720_schema_convergence_repair"
    sourcePath: "C:\Users\Manfish\Documents\Codex\2026-09-04\let\work\backend-validation-checkout\backend\database\migrations\20260720_schema_convergence_repair.sql"
    sha256: "5151894b324679c19cc7a70179aec8f0248a3c66c5325b97d8bdcf618f684da2"
[20:14:06.002] [32mINFO[39m: [36mRequired engine migration verified[39m
    module: "worker"
    status: "applied"
    migration: "20260720_local_certification_payment_provider"
    sourcePath: "C:\Users\Manfish\Documents\Codex\2026-09-04\let\work\backend-validation-checkout\backend\database\migrations\20260720_local_certification_payment_provider.sql"
    sha256: "413a1183e48dd0c3aa8131390481e7acfb17229727445023dfe659b20c123392"
[20:14:06.022] [32mINFO[39m: [36mRequired engine migration verified[39m
    module: "worker"
    status: "applied"
    migration: "20260720_region_policy_price_book_alignment"
    sourcePath: "C:\Users\Manfish\Documents\Codex\2026-09-04\let\work\backend-validation-checkout\backend\database\migrations\20260720_region_policy_price_book_alignment.sql"
    sha256: "614ac15399457b310f60e4bf637ee1d394a0da97e9cbcd9d6a8367a219af68e0"
[20:14:06.149] [32mINFO[39m: [36mRequired engine migration verified[39m
    module: "worker"
    status: "applied"
    migration: "20260720_local_certification_payout_provider"
    sourcePath: "C:\Users\Manfish\Documents\Codex\2026-09-04\let\work\backend-validation-checkout\backend\database\migrations\20260720_local_certification_payout_provider.sql"
    sha256: "1435947ebbdfa50dec2d0d812fe8d332287be1f0a6b7fd1c50cd96a5bfa9e097"
[20:14:06.239] [32mINFO[39m: [36mRequired engine migration verified[39m
    module: "worker"
    status: "applied"
    migration: "20260720_local_certification_screening_provider"
    sourcePath: "C:\Users\Manfish\Documents\Codex\2026-09-04\let\work\backend-validation-checkout\backend\database\migrations\20260720_local_certification_screening_provider.sql"
    sha256: "626ff1f60a8f8f6b6acd2a9aba621409bd3eab3142004361a89ae77a5c26f1cc"
[20:14:06.304] [32mINFO[39m: [36mRequired engine migration verified[39m
    module: "worker"
    status: "applied"
    migration: "20260720_controlled_test_liquidity_cell"
    sourcePath: "C:\Users\Manfish\Documents\Codex\2026-09-04\let\work\backend-validation-checkout\backend\database\migrations\20260720_controlled_test_liquidity_cell.sql"
    sha256: "1826b8b06b3b0de634f2420a40a00bcce2ce2a370d2349192b5dd6a7e981493d"
[20:14:06.323] [32mINFO[39m: [36mRequired engine migration verified[39m
    module: "worker"
    status: "applied"
    migration: "20260720_controlled_test_liquidity_marker_repair"
    sourcePath: "C:\Users\Manfish\Documents\Codex\2026-09-04\let\work\backend-validation-checkout\backend\database\migrations\20260720_controlled_test_liquidity_marker_repair.sql"
    sha256: "e9d3e3dbd829fdf0dad577701b22070218577a8bc9f6b70e8e0ec207eb06af28"
[20:14:06.338] [32mINFO[39m: [36mRequired engine migration verified[39m
    module: "worker"
    status: "applied"
    migration: "20260720_controlled_test_liquidity_lifecycle_repair"
    sourcePath: "C:\Users\Manfish\Documents\Codex\2026-09-04\let\work\backend-validation-checkout\backend\database\migrations\20260720_controlled_test_liquidity_lifecycle_repair.sql"
    sha256: "f921c0c7a374e4a7f4bd0b0a81af34667c52f1264d3f3c0ad57b017e0583e0cc"
[20:14:06.398] [32mINFO[39m: [36mRequired engine migration verified[39m
    module: "worker"
    status: "applied"
    migration: "20260720_controlled_test_duration_evidence"
    sourcePath: "C:\Users\Manfish\Documents\Codex\2026-09-04\let\work\backend-validation-checkout\backend\database\migrations\20260720_controlled_test_duration_evidence.sql"
    sha256: "9b2b0630d0fa0e24552547940c5ee1097e6b7a32cb5b90f5cc5426a25606ae77"
[20:14:06.449] [32mINFO[39m: [36mRequired engine migration verified[39m
    module: "worker"
    status: "applied"
    migration: "20260720_controlled_test_provider_capability"
    sourcePath: "C:\Users\Manfish\Documents\Codex\2026-09-04\let\work\backend-validation-checkout\backend\database\migrations\20260720_controlled_test_provider_capability.sql"
    sha256: "079baedf700badc9c00e1e91f83f96d409bee7f713c9e7d349767a92c112fcc1"
[20:14:06.468] [32mINFO[39m: [36mRequired engine migration verified[39m
    module: "worker"
    status: "applied"
    migration: "20260720_controlled_test_provider_capability_expiry"
    sourcePath: "C:\Users\Manfish\Documents\Codex\2026-09-04\let\work\backend-validation-checkout\backend\database\migrations\20260720_controlled_test_provider_capability_expiry.sql"
    sha256: "770a9973510b499f6e9c1b3428f5ba8dccbbca45c6aef62e463372dcdd2640a5"
[20:14:06.483] [32mINFO[39m: [36mRequired engine migration verified[39m
    module: "worker"
    status: "applied"
    migration: "20260720_controlled_test_provider_capability_refresh"
    sourcePath: "C:\Users\Manfish\Documents\Codex\2026-09-04\let\work\backend-validation-checkout\backend\database\migrations\20260720_controlled_test_provider_capability_refresh.sql"
    sha256: "fce9cbe6df1865581bc414ee1d102afe140899a4b3d0f35697c894edfb375011"
[20:14:06.498] [32mINFO[39m: [36mRequired engine migration verified[39m
    module: "worker"
    status: "applied"
    migration: "20260720_controlled_test_provider_capability_refresh_repair"
    sourcePath: "C:\Users\Manfish\Documents\Codex\2026-09-04\let\work\backend-validation-checkout\backend\database\migrations\20260720_controlled_test_provider_capability_refresh_repair.sql"
    sha256: "fa0600c70a92f0c25112bded13e6e45c5402bfca9aaea45540c08a9a83edcb9d"
[20:14:06.557] [32mINFO[39m: [36mRequired engine migration verified[39m
    module: "worker"
    status: "applied"
    migration: "20260720_controlled_test_offer_review"
    sourcePath: "C:\Users\Manfish\Documents\Codex\2026-09-04\let\work\backend-validation-checkout\backend\database\migrations\20260720_controlled_test_offer_review.sql"
    sha256: "29f42e272b46974910354ed0c32db10744ab771aae92bc83b5c70b84aba9d6e1"
[20:14:06.579] [32mINFO[39m: [36mRequired engine migration verified[39m
    module: "worker"
    status: "applied"
    migration: "20260720_task_safety_state_integrity"
    sourcePath: "C:\Users\Manfish\Documents\Codex\2026-09-04\let\work\backend-validation-checkout\backend\database\migrations\20260720_task_safety_state_integrity.sql"
    sha256: "b0548ea104c938f55f383f777b298427f863792cc440829453fdf9915c33f657"
[20:14:06.595] [32mINFO[39m: [36mRequired engine migration verified[39m
    module: "worker"
    status: "applied"
    migration: "20260720_task_safety_resolution_integrity"
    sourcePath: "C:\Users\Manfish\Documents\Codex\2026-09-04\let\work\backend-validation-checkout\backend\database\migrations\20260720_task_safety_resolution_integrity.sql"
    sha256: "c3f420fa5880355f5fecd84b9b9df5945991cd46d2cb5a4bcca41b2aa024fd62"
[20:14:06.640] [32mINFO[39m: [36mRequired engine migration verified[39m
    module: "worker"
    status: "applied"
    migration: "20260720_task_safety_case_access_integrity"
    sourcePath: "C:\Users\Manfish\Documents\Codex\2026-09-04\let\work\backend-validation-checkout\backend\database\migrations\20260720_task_safety_case_access_integrity.sql"
    sha256: "82d88d339eb6f89e4daae78669c1cd3b8cfad00e3c9865611e02381c744a4778"
[20:14:06.788] [32mINFO[39m: [36mRequired engine migration verified[39m
    module: "worker"
    status: "applied"
    migration: "20260720_operations_exception_contract"
    sourcePath: "C:\Users\Manfish\Documents\Codex\2026-09-04\let\work\backend-validation-checkout\backend\database\migrations\20260720_operations_exception_contract.sql"
    sha256: "f912b02c0d804e06cdabcef8fde8ec3345806c8463ef321211dbe11e9ae021e9"
[20:14:06.806] [32mINFO[39m: [36mRequired engine migration verified[39m
    module: "worker"
    status: "applied"
    migration: "20260721_hustler_trust_progression_contract"
    sourcePath: "C:\Users\Manfish\Documents\Codex\2026-09-04\let\work\backend-validation-checkout\backend\database\migrations\20260721_hustler_trust_progression_contract.sql"
    sha256: "efb7fc4b8f41df8d90f4b63183d3bdb244a41c03b5a73ae673edcab85575b43b"
[20:14:06.849] [32mINFO[39m: [36mRequired engine migration verified[39m
    module: "worker"
    status: "applied"
    migration: "20260721_task_quote_shortlist_messaging_contract"
    sourcePath: "C:\Users\Manfish\Documents\Codex\2026-09-04\let\work\backend-validation-checkout\backend\database\migrations\20260721_task_quote_shortlist_messaging_contract.sql"
    sha256: "33d43cc99215f79b7658d51d781f3923c481fcb6e2b7b7c36aa6d53f26283dd0"
[20:14:06.891] [32mINFO[39m: [36mRequired engine migration verified[39m
    module: "worker"
    status: "applied"
    migration: "20260721_unit_economics_guardrails"
    sourcePath: "C:\Users\Manfish\Documents\Codex\2026-09-04\let\work\backend-validation-checkout\backend\database\migrations\20260721_unit_economics_guardrails.sql"
    sha256: "f0139e1a336cb37bd3a0a92c64d1aabad7adc2cf11527034b50bf5e3007ea720"
[20:14:06.978] [32mINFO[39m: [36mRequired engine migration verified[39m
    module: "worker"
    status: "applied"
    migration: "20260721_build_now_spend_promotion_guardrails"
    sourcePath: "C:\Users\Manfish\Documents\Codex\2026-09-04\let\work\backend-validation-checkout\backend\database\migrations\20260721_build_now_spend_promotion_guardrails.sql"
    sha256: "eff21cecd9f2d714168e989e9bb712ac7b30286f8b0de724f4ca7a7cef8a661d"
[20:14:07.084] [32mINFO[39m: [36mRequired engine migration verified[39m
    module: "worker"
    status: "applied"
    migration: "20260721_private_identity_verification_contract"
    sourcePath: "C:\Users\Manfish\Documents\Codex\2026-09-04\let\work\backend-validation-checkout\backend\database\migrations\20260721_private_identity_verification_contract.sql"
    sha256: "90828c3109521c3f46333876e71c3e0b2e2feee2aab5820b34a7e3731f160117"
[20:14:07.110] [32mINFO[39m: [36mRequired engine migration verified[39m
    module: "worker"
    status: "applied"
    migration: "20260721_sensitive_media_ingestion_shutdown"
    sourcePath: "C:\Users\Manfish\Documents\Codex\2026-09-04\let\work\backend-validation-checkout\backend\database\migrations\20260721_sensitive_media_ingestion_shutdown.sql"
    sha256: "c83366b0b5f4c8ccca98ee5a31d95febaa0107f75e0e0ce60cb2d735c503fc20"
[20:14:07.235] [32mINFO[39m: [36mRequired engine migration verified[39m
    module: "worker"
    status: "applied"
    migration: "20260721_ai_observability_contract"
    sourcePath: "C:\Users\Manfish\Documents\Codex\2026-09-04\let\work\backend-validation-checkout\backend\database\migrations\20260721_ai_observability_contract.sql"
    sha256: "9ec88bb073608316014ed3529ca5632fdbb39394b265e9d2d4163303601ab3e0"
[20:14:07.251] [32mINFO[39m: [36mRequired engine migration verified[39m
    module: "worker"
    status: "applied"
    migration: "20260721_controlled_test_retake_acceptance_repair"
    sourcePath: "C:\Users\Manfish\Documents\Codex\2026-09-04\let\work\backend-validation-checkout\backend\database\migrations\20260721_controlled_test_retake_acceptance_repair.sql"
    sha256: "a1b2a9eb450a0ac4add500620bbcb6738d708603e794a86fcb8ce311adec8fe5"
[20:14:07.266] [32mINFO[39m: [36mRequired engine migration verified[39m
    module: "worker"
    status: "applied"
    migration: "20260721_controlled_test_retake_liquidity_repair"
    sourcePath: "C:\Users\Manfish\Documents\Codex\2026-09-04\let\work\backend-validation-checkout\backend\database\migrations\20260721_controlled_test_retake_liquidity_repair.sql"
    sha256: "edc5ca1a19dbb27ed4ae60efcdfedf2d91a09a86cb2bc0f5cee94bb39837f490"
[20:14:07.284] [32mINFO[39m: [36mRequired engine migration verified[39m
    module: "worker"
    status: "applied"
    migration: "20260721_controlled_test_retake_guard_convergence"
    sourcePath: "C:\Users\Manfish\Documents\Codex\2026-09-04\let\work\backend-validation-checkout\backend\database\migrations\20260721_controlled_test_retake_guard_convergence.sql"
    sha256: "6a2b108d6fe844e4a0235162f25066427eebb1952dbe41e29e7b483c267472b1"
[20:14:07.308] [32mINFO[39m: [36mRequired engine migration verified[39m
    module: "worker"
    status: "applied"
    migration: "20260721_same_worker_retake_assignment_guard_repair"
    sourcePath: "C:\Users\Manfish\Documents\Codex\2026-09-04\let\work\backend-validation-checkout\backend\database\migrations\20260721_same_worker_retake_assignment_guard_repair.sql"
    sha256: "c3500b95949b80004262a9c638f2eca8ef19ad5b446d430aecbe83bc628c7863"
[20:14:07.351] [32mINFO[39m: [36mRequired engine migration verified[39m
    module: "worker"
    status: "applied"
    migration: "20260722_region_policy_legal_approval_activation"
    sourcePath: "C:\Users\Manfish\Documents\Codex\2026-09-04\let\work\backend-validation-checkout\backend\database\migrations\20260722_region_policy_legal_approval_activation.sql"
    sha256: "2be054f21aa0168aad360dd755d52fd5b028a8106129206f47ccfbbc7f081e02"
[20:14:07.377] [32mINFO[39m: [36mRequired engine migration verified[39m
    module: "worker"
    status: "applied"
    migration: "20260722_recurring_payment_dispatch_gate"
    sourcePath: "C:\Users\Manfish\Documents\Codex\2026-09-04\let\work\backend-validation-checkout\backend\database\migrations\20260722_recurring_payment_dispatch_gate.sql"
    sha256: "47c04b2e55a275220c6c1a01fa283628e43fcea869096acd13db8bb59b659c8e"
[20:14:07.586] [32mINFO[39m: [36mRequired engine migration verified[39m
    module: "worker"
    status: "applied"
    migration: "20260722_service_business_assignment_contract"
    sourcePath: "C:\Users\Manfish\Documents\Codex\2026-09-04\let\work\backend-validation-checkout\backend\database\migrations\20260722_service_business_assignment_contract.sql"
    sha256: "258e56009e35228a4e2ad294d879143f4985bdbae7853d1c3c2c9fcda61777af"
[20:14:07.812] [32mINFO[39m: [36mRequired engine migration verified[39m
    module: "worker"
    status: "applied"
    migration: "010_web_platform_tables"
    sourcePath: "C:\Users\Manfish\Documents\Codex\2026-09-04\let\work\backend-validation-checkout\backend\database\migrations\010_web_platform_tables.sql"
    sha256: "8ddd4b374bf8d5c7635214c5d26a84d2e6d81cab10aa8a7049d7b3da1da8b5e2"
[20:14:07.857] [32mINFO[39m: [36mRequired engine migration verified[39m
    module: "worker"
    status: "applied"
    migration: "20260814_quote_price_book"
    sourcePath: "C:\Users\Manfish\Documents\Codex\2026-09-04\let\work\backend-validation-checkout\backend\database\migrations\20260814_quote_price_book.sql"
    sha256: "4d49f31e83b6ba5352ee1c16da45e2b7ce8f84a4d5d9ee0b50bee57e2cafed69"
[20:14:07.915] [32mINFO[39m: [36mRequired engine migration verified[39m
    module: "worker"
    status: "applied"
    migration: "20260814_price_book_quote_decisions"
    sourcePath: "C:\Users\Manfish\Documents\Codex\2026-09-04\let\work\backend-validation-checkout\backend\database\migrations\20260814_price_book_quote_decisions.sql"
    sha256: "77d1a1e17e300f83c1dc7e6f5e57e3ecef617a69066f1806d9d44aea3cf6a4f1"
[20:14:08.008] [32mINFO[39m: [36mRequired engine migration verified[39m
    module: "worker"
    status: "applied"
    migration: "20260814_task_supply_confidence"
    sourcePath: "C:\Users\Manfish\Documents\Codex\2026-09-04\let\work\backend-validation-checkout\backend\database\migrations\20260814_task_supply_confidence.sql"
    sha256: "5c64425fef6a52b4abb7e00f42f2c7322be9d777b58c1efbb1d8f5bd71815e9e"
[20:14:08.036] [32mINFO[39m: [36mRequired engine migration verified[39m
    module: "worker"
    status: "applied"
    migration: "20260815_quote_columns_extra_v4"
    sourcePath: "C:\Users\Manfish\Documents\Codex\2026-09-04\let\work\backend-validation-checkout\backend\database\migrations\20260815_quote_columns_extra_v4.sql"
    sha256: "2c45fbed303842c44ee20d24df090e54de05519d9e7ff5e8f74d4283763be7ee"
[20:14:08.081] [32mINFO[39m: [36mRequired engine migration verified[39m
    module: "worker"
    status: "applied"
    migration: "20260819_quote_payments"
    sourcePath: "C:\Users\Manfish\Documents\Codex\2026-09-04\let\work\backend-validation-checkout\backend\database\migrations\20260819_quote_payments.sql"
    sha256: "bcd90a6905e374568042b589c5c85931f93ea3c9a92fc28afbd0693bcc0e4286"
[20:14:08.187] [32mINFO[39m: [36mRequired engine migration verified[39m
    module: "worker"
    status: "applied"
    migration: "20260823_quote_payment_recovery"
    sourcePath: "C:\Users\Manfish\Documents\Codex\2026-09-04\let\work\backend-validation-checkout\backend\database\migrations\20260823_quote_payment_recovery.sql"
    sha256: "b0d75f09f523fdf1a11ffd5cea7a1c4cd78d431e7e55cb5723f6ce6f243eebc8"
[20:14:08.763] [32mINFO[39m: [36mRequired engine migration verified[39m
    module: "worker"
    status: "applied"
    migration: "20260827_universal_v1_lifecycle_contract"
    sourcePath: "C:\Users\Manfish\Documents\Codex\2026-09-04\let\work\backend-validation-checkout\backend\database\migrations\20260827_universal_v1_lifecycle_contract.sql"
    sha256: "43224cc43d132d1dfa517f5150f28457fc27fda3fb85641d5c836f40406cf513"
[20:14:08.869] [32mINFO[39m: [36mRequired engine migration verified[39m
    module: "worker"
    status: "applied"
    migration: "20260828_operator_authority_contract"
    sourcePath: "C:\Users\Manfish\Documents\Codex\2026-09-04\let\work\backend-validation-checkout\backend\database\migrations\20260828_operator_authority_contract.sql"
    sha256: "6e813f7266e057aeaa840b6924abb8ec1a763ed352c567b0b601aeac0d69d908"
[20:14:08.898] [32mINFO[39m: [36mRequired engine migration verified[39m
    module: "worker"
    status: "applied"
    migration: "20260829_task_matching_state_contract"
    sourcePath: "C:\Users\Manfish\Documents\Codex\2026-09-04\let\work\backend-validation-checkout\backend\database\migrations\20260829_task_matching_state_contract.sql"
    sha256: "07c9ad6227bb5e6dcb2bc1f2c048032a6e32df8cb0ff2087e6fc9248fdfe08c8"
[20:14:08.916] [32mINFO[39m: [36mRequired engine migration verified[39m
    module: "worker"
    status: "applied"
    migration: "20260830_ai_agent_judge_audit_convergence"
    sourcePath: "C:\Users\Manfish\Documents\Codex\2026-09-04\let\work\backend-validation-checkout\backend\database\migrations\20260830_ai_agent_judge_audit_convergence.sql"
    sha256: "47346ca99af25235a6dfdca3a05c6a2734d8bd190f06d02e6fadbd21c13fc705"
[20:14:08.932] [32mINFO[39m: [36mRequired engine migration verified[39m
    module: "worker"
    status: "applied"
    migration: "20260831_provider_neutral_outbound_communication"
    sourcePath: "C:\Users\Manfish\Documents\Codex\2026-09-04\let\work\backend-validation-checkout\backend\database\migrations\20260831_provider_neutral_outbound_communication.sql"
    sha256: "7163e1269dabe9229c15c2515e417349bb57d8d6f4d30653dc18e195b31ef232"
[20:14:08.953] [32mINFO[39m: [36mRequired engine migration verified[39m
    module: "worker"
    status: "applied"
    migration: "20260901_universal_v1_lead_ingress_port"
    sourcePath: "C:\Users\Manfish\Documents\Codex\2026-09-04\let\work\backend-validation-checkout\backend\database\migrations\20260901_universal_v1_lead_ingress_port.sql"
    sha256: "3640d1f62dd029db0bdd23a1cad7c9456b0c65c4a0c0b17c89781a9a32684dea"
[20:14:09.061] [32mINFO[39m: [36mRequired engine migration verified[39m
    module: "worker"
    status: "applied"
    migration: "20260902_universal_v1_task_draft_public_port"
    sourcePath: "C:\Users\Manfish\Documents\Codex\2026-09-04\let\work\backend-validation-checkout\backend\database\migrations\20260902_universal_v1_task_draft_public_port.sql"
    sha256: "dbf11f4ef967c17ac32fe3d4cb5710671fa4092649650d54d5f071b1aa85582e"
[20:14:09.135] [32mINFO[39m: [36mRequired engine migration verified[39m
    module: "worker"
    status: "applied"
    migration: "20260903_universal_v1_task_draft_account_claim"
    sourcePath: "C:\Users\Manfish\Documents\Codex\2026-09-04\let\work\backend-validation-checkout\backend\database\migrations\20260903_universal_v1_task_draft_account_claim.sql"
    sha256: "d2141ef2d979c69af21653750ff4dc9e94085c53072b87324fafb6cfb114f614"
[20:14:09.161] [32mINFO[39m: [36mRequired engine migration verified[39m
    module: "worker"
    status: "applied"
    migration: "20260904_canonical_user_email_identity"
    sourcePath: "C:\Users\Manfish\Documents\Codex\2026-09-04\let\work\backend-validation-checkout\backend\database\migrations\20260904_canonical_user_email_identity.sql"
    sha256: "3efc1ed89a01b95037837fb075015d027b0f0e72047fa013839299378c5dcf57"
[20:14:09.181] [32mINFO[39m: [36mRequired engine migration verified[39m
    module: "worker"
    status: "applied"
    migration: "20260905_universal_v1_task_draft_legacy_claim_import_repair"
    sourcePath: "C:\Users\Manfish\Documents\Codex\2026-09-04\let\work\backend-validation-checkout\backend\database\migrations\20260905_universal_v1_task_draft_legacy_claim_import_repair.sql"
    sha256: "67990edf9f231d953e519eacf796aa0fcada492f8fe8ce4b7f7889560a07e827"
[20:14:09.282] [32mINFO[39m: [36mRequired engine migration verified[39m
    module: "worker"
    status: "applied"
    migration: "20260906_universal_v1_estimate_acceptance_materialization"
    sourcePath: "C:\Users\Manfish\Documents\Codex\2026-09-04\let\work\backend-validation-checkout\backend\database\migrations\20260906_universal_v1_estimate_acceptance_materialization.sql"
    sha256: "671d0c9cbb1507a6303165d319e08441f69e5027d6ab2d075561b70a063191e6"
[20:14:09.356] [32mINFO[39m: [36mRequired engine migration verified[39m
    module: "worker"
    status: "applied"
    migration: "20260907_universal_v1_provider_estimate_invitation"
    sourcePath: "C:\Users\Manfish\Documents\Codex\2026-09-04\let\work\backend-validation-checkout\backend\database\migrations\20260907_universal_v1_provider_estimate_invitation.sql"
    sha256: "aac7221f4cd1dca94d26a90e96b5de7078c50cf7660bb934582faecb1a70001e"
[20:14:09.425] [32mINFO[39m: [36mRequired engine migration verified[39m
    module: "worker"
    status: "applied"
    migration: "20260908_universal_v1_provider_work_order_authority"
    sourcePath: "C:\Users\Manfish\Documents\Codex\2026-09-04\let\work\backend-validation-checkout\backend\database\migrations\20260908_universal_v1_provider_work_order_authority.sql"
    sha256: "53bcfc5cc6aa79c3fc8470db293aa0e8ad411a05db958a46c67389d5bc0e1d4c"
[20:14:09.443] [32mINFO[39m: [36mRequired engine migration verified[39m
    module: "worker"
    status: "applied"
    migration: "20260909_universal_v1_reconciliation_alias_repair"
    sourcePath: "C:\Users\Manfish\Documents\Codex\2026-09-04\let\work\backend-validation-checkout\backend\database\migrations\20260909_universal_v1_reconciliation_alias_repair.sql"
    sha256: "422e138cce00ef672092869a758ca752a08717b81cf822b90a509319c1b610a3"
[20:14:09.506] [32mINFO[39m: [36mRequired engine migration verified[39m
    module: "worker"
    status: "applied"
    migration: "20260911_universal_v1_change_order_application"
    sourcePath: "C:\Users\Manfish\Documents\Codex\2026-09-04\let\work\backend-validation-checkout\backend\database\migrations\20260911_universal_v1_change_order_application.sql"
    sha256: "c89f3cc97feae9563764e0cae8f3df4391204277aaa0fed344ae8dad91c17a43"
[20:14:09.594] [32mINFO[39m: [36mRequired engine migration verified[39m
    module: "worker"
    status: "applied"
    migration: "20260912_universal_v1_work_order_execution_facts"
    sourcePath: "C:\Users\Manfish\Documents\Codex\2026-09-04\let\work\backend-validation-checkout\backend\database\migrations\20260912_universal_v1_work_order_execution_facts.sql"
    sha256: "fdbea47445c8a131c2b41f54f0ba4c57caa359ca2453b5bbe3ab6c12c494ce14"
[20:14:09.630] [32mINFO[39m: [36mRequired engine migration verified[39m
    module: "worker"
    status: "applied"
    migration: "20260913_universal_v1_completion_delivery_receipt"
    sourcePath: "C:\Users\Manfish\Documents\Codex\2026-09-04\let\work\backend-validation-checkout\backend\database\migrations\20260913_universal_v1_completion_delivery_receipt.sql"
    sha256: "6299c82b5bdd2383e6dbb4f5d4c2d3c59b21c5b4f985d4b80331713f4ceeb7af"
[20:14:09.704] [32mINFO[39m: [36mRequired engine migration verified[39m
    module: "worker"
    status: "applied"
    migration: "20260914_notification_provider_in_flight"
    sourcePath: "C:\Users\Manfish\Documents\Codex\2026-09-04\let\work\backend-validation-checkout\backend\database\migrations\20260914_notification_provider_in_flight.sql"
    sha256: "0b9a9e162477efd65db5204b667665197c5b7ffbb50efe86b041093f73d2cc2f"
[20:14:09.728] [32mINFO[39m: [36mRequired engine migration verified[39m
    module: "worker"
    status: "applied"
    migration: "20260915_ai_spend_attempt_ledger"
    sourcePath: "C:\Users\Manfish\Documents\Codex\2026-09-04\let\work\backend-validation-checkout\backend\database\migrations\20260915_ai_spend_attempt_ledger.sql"
    sha256: "63b2615ec02c6193c3a8e8b93de263a5b65ac5ec0cfb93cac1869fdf425bfb77"
[20:14:09.747] [32mINFO[39m: [36mRequired engine migration verified[39m
    module: "worker"
    status: "applied"
    migration: "20260916_provider_event_inbox_v1"
    sourcePath: "C:\Users\Manfish\Documents\Codex\2026-09-04\let\work\backend-validation-checkout\backend\database\migrations\20260916_provider_event_inbox_v1.sql"
    sha256: "452b2534f7559326b3772c84d2c3b12bf2c4b6e7623b2a214cd0d20bd09f07a4"
[20:14:09.764] [32mINFO[39m: [36mRequired engine migration verified[39m
    module: "worker"
    status: "applied"
    migration: "20260917_financial_provider_command_journal_v1"
    sourcePath: "C:\Users\Manfish\Documents\Codex\2026-09-04\let\work\backend-validation-checkout\backend\database\migrations\20260917_financial_provider_command_journal_v1.sql"
    sha256: "1ef51473dda118ffe7ff7799ae66e388a66ff9fa34f71df0fa1dc281b1b72577"
[20:14:09.844] [32mINFO[39m: [36mRequired engine migration verified[39m
    module: "worker"
    status: "applied"
    migration: "20260918_universal_v1_prepared_financial_command_v1"
    sourcePath: "C:\Users\Manfish\Documents\Codex\2026-09-04\let\work\backend-validation-checkout\backend\database\migrations\20260918_universal_v1_prepared_financial_command_v1.sql"
    sha256: "dccae61700235f6e0609bef77e454b808af148c347978ae08b422ded77bd8920"
[20:14:09.953] [32mINFO[39m: [36mRequired engine migration verified[39m
    module: "worker"
    status: "applied"
    migration: "20260919_provider_event_processing_v1"
    sourcePath: "C:\Users\Manfish\Documents\Codex\2026-09-04\let\work\backend-validation-checkout\backend\database\migrations\20260919_provider_event_processing_v1.sql"
    sha256: "48a0874f8cf045c5507071ee7013605101c9d50988fd55a97a6148b979b9e798"
[20:14:10.081] [32mINFO[39m: [36mRequired engine migration verified[39m
    module: "worker"
    status: "applied"
    migration: "20260920_financial_provider_command_recovery_v1"
    sourcePath: "C:\Users\Manfish\Documents\Codex\2026-09-04\let\work\backend-validation-checkout\backend\database\migrations\20260920_financial_provider_command_recovery_v1.sql"
    sha256: "f7e8b62942c1aed5435d2d7d805273effd52fc8041e78561d8ad9d3f69a77daf"
[20:14:10.098] [32mINFO[39m: [36mRequired engine migration verified[39m
    module: "worker"
    status: "applied"
    migration: "20260923_legacy_escrow_insert_containment_v1"
    sourcePath: "C:\Users\Manfish\Documents\Codex\2026-09-04\let\work\backend-validation-checkout\backend\database\migrations\20260923_legacy_escrow_insert_containment_v1.sql"
    sha256: "6b9a51a3aa3e963c13585ba5c374c55164a76be9dfffc91303175a523c9ab5d1"
[20:14:10.154] [32mINFO[39m: [36mRequired engine migration verified[39m
    module: "worker"
    status: "applied"
    migration: "20260924_universal_v1_task_draft_route_context_v1"
    sourcePath: "C:\Users\Manfish\Documents\Codex\2026-09-04\let\work\backend-validation-checkout\backend\database\migrations\20260924_universal_v1_task_draft_route_context_v1.sql"
    sha256: "530539ce2d5b3a002bb7ee5e41666334fd4a1d642dc3ac410cd5bae719b2e76f"
[20:14:10.279] [32mINFO[39m: [36mRequired engine migration verified[39m
    module: "worker"
    status: "applied"
    migration: "20260925_universal_v1_work_order_compensation_v1"
    sourcePath: "C:\Users\Manfish\Documents\Codex\2026-09-04\let\work\backend-validation-checkout\backend\database\migrations\20260925_universal_v1_work_order_compensation_v1.sql"
    sha256: "eca44af1528e1a21b718bc765cd8bc740e779bc02497195ddba7da00607f9169"
[20:14:10.342] [32mINFO[39m: [36mRequired engine migration verified[39m
    module: "worker"
    status: "applied"
    migration: "20260928_provider_observation_normalization_v1"
    sourcePath: "C:\Users\Manfish\Documents\Codex\2026-09-04\let\work\backend-validation-checkout\backend\database\migrations\20260928_provider_observation_normalization_v1.sql"
    sha256: "526872fabf6ee65126e3e864ec7d7fb7b830d08d95b8b35799fad8aadc8e7607"
[20:14:10.519] [32mINFO[39m: [36mRequired engine migration verified[39m
    module: "worker"
    status: "applied"
    migration: "20260929_universal_v1_double_entry_ledger_v1"
    sourcePath: "C:\Users\Manfish\Documents\Codex\2026-09-04\let\work\backend-validation-checkout\backend\database\migrations\20260929_universal_v1_double_entry_ledger_v1.sql"
    sha256: "1ad5d75901ad4de964ca821ca8a78bf37bfdb7322b2a2a2119c7bc60325f3102"
[20:14:10.691] [32mINFO[39m: [36mRequired engine migration verified[39m
    module: "worker"
    status: "applied"
    migration: "20260930_universal_v1_ops_cases_v1"
    sourcePath: "C:\Users\Manfish\Documents\Codex\2026-09-04\let\work\backend-validation-checkout\backend\database\migrations\20260930_universal_v1_ops_cases_v1.sql"
    sha256: "5a60b4ec860d26c1e5251cde4fd8a2f7a5aa9f567dc52adc87a2fb6d72cab104"
[20:14:10.833] [32mINFO[39m: [36mRequired engine migration verified[39m
    module: "worker"
    status: "applied"
    migration: "20261001_universal_v1_relationship_origin_v1"
    sourcePath: "C:\Users\Manfish\Documents\Codex\2026-09-04\let\work\backend-validation-checkout\backend\database\migrations\20261001_universal_v1_relationship_origin_v1.sql"
    sha256: "099372b9a542f268661d61d4ac618a11170fe81a26ae13af0512a82c2405e077"
[20:14:11.074] [32mINFO[39m: [36mRequired engine migration verified[39m
    module: "worker"
    status: "applied"
    migration: "20261002_universal_v1_dispute_recovery_v1"
    sourcePath: "C:\Users\Manfish\Documents\Codex\2026-09-04\let\work\backend-validation-checkout\backend\database\migrations\20261002_universal_v1_dispute_recovery_v1.sql"
    sha256: "6137ad651293d9a7f074b225bbd0f861911892427868ad84aff17425673fa189"
[20:14:11.139] [32mINFO[39m: [36mRequired engine migration verified[39m
    module: "worker"
    status: "applied"
    migration: "20261003_universal_v1_task_opportunities_v1"
    sourcePath: "C:\Users\Manfish\Documents\Codex\2026-09-04\let\work\backend-validation-checkout\backend\database\migrations\20261003_universal_v1_task_opportunities_v1.sql"
    sha256: "8f2e2e0edf387fd89cd936bbab6059cd4a4e22abbb3aae73951f3f466eca84b7"
[20:14:11.258] [32mINFO[39m: [36mRequired engine migration verified[39m
    module: "worker"
    status: "applied"
    migration: "20261004_universal_v1_completion_notice_dispatch_v1"
    sourcePath: "C:\Users\Manfish\Documents\Codex\2026-09-04\let\work\backend-validation-checkout\backend\database\migrations\20261004_universal_v1_completion_notice_dispatch_v1.sql"
    sha256: "f5723941769d027e496d0a3a7fed32b29b1a02ff76db97ead815acd46a7fdee8"
[20:14:11.304] [32mINFO[39m: [36mRequired engine migration verified[39m
    module: "worker"
    status: "applied"
    migration: "20261005_universal_v1_occurrence_access_audit_v1"
    sourcePath: "C:\Users\Manfish\Documents\Codex\2026-09-04\let\work\backend-validation-checkout\backend\database\migrations\20261005_universal_v1_occurrence_access_audit_v1.sql"
    sha256: "d805ce946b7aba804be55aea9f131cff99047adaa7d46cd3d21242ac492ec364"
[20:14:11.353] [32mINFO[39m: [36mRequired engine migration verified[39m
    module: "worker"
    status: "applied"
    migration: "20261006_stage1_legacy_authority_containment_v1"
    sourcePath: "C:\Users\Manfish\Documents\Codex\2026-09-04\let\work\backend-validation-checkout\backend\database\migrations\20261006_stage1_legacy_authority_containment_v1.sql"
    sha256: "5cc6f5710696048b98c97ea06993a56aefaf711bac7a04dd973059f957d4eb63"
[20:14:11.406] [32mINFO[39m: [36mRequired engine migration verified[39m
    module: "worker"
    status: "applied"
    migration: "20261007_subscription_cancellation_recovery_v1"
    sourcePath: "C:\Users\Manfish\Documents\Codex\2026-09-04\let\work\backend-validation-checkout\backend\database\migrations\20261007_subscription_cancellation_recovery_v1.sql"
    sha256: "b6671677f556655c2cc3bad374a341a7667a0c431155397dbc0f5ad8029ffdb4"
[20:14:11.425] [32mINFO[39m: [36mRequired engine migration verified[39m
    module: "worker"
    status: "applied"
    migration: "20261008_universal_v1_work_order_task_state_containment_v1"
    sourcePath: "C:\Users\Manfish\Documents\Codex\2026-09-04\let\work\backend-validation-checkout\backend\database\migrations\20261008_universal_v1_work_order_task_state_containment_v1.sql"
    sha256: "2c3a3050a5a4efb3380e9746d77526a22adf33438c7e31521c589998b860ba04"
[20:14:11.658] [32mINFO[39m: [36mRequired engine migration verified[39m
    module: "worker"
    status: "applied"
    migration: "20261009_universal_v1_standardized_quote_readiness_v1"
    sourcePath: "C:\Users\Manfish\Documents\Codex\2026-09-04\let\work\backend-validation-checkout\backend\database\migrations\20261009_universal_v1_standardized_quote_readiness_v1.sql"
    sha256: "e088ec77e6dde547c5125807b6b6a83a318cc31a3c23a60233a87040a4ae8a2a"
[20:14:11.684] [32mINFO[39m: [36mRequired engine migration verified[39m
    module: "worker"
    status: "applied"
    migration: "20261010_universal_v1_financial_security_event_expiry_v1"
    sourcePath: "C:\Users\Manfish\Documents\Codex\2026-09-04\let\work\backend-validation-checkout\backend\database\migrations\20261010_universal_v1_financial_security_event_expiry_v1.sql"
    sha256: "1203de8b3a8a3457d439e51b7cc17d446ab1c9ae9a0c416b677f114d91e08a7b"
[20:14:11.813] [32mINFO[39m: [36mRequired engine migration verified[39m
    module: "worker"
    status: "applied"
    migration: "20261012_universal_v1_work_order_command_authority_v2"
    sourcePath: "C:\Users\Manfish\Documents\Codex\2026-09-04\let\work\backend-validation-checkout\backend\database\migrations\20261012_universal_v1_work_order_command_authority_v2.sql"
    sha256: "646a94805c9f6df5a487e4af11167329e82a9739ff81c5198c8d1db6f6bfd30d"
Prepared isolated invariant PostgreSQL test database (146 migrations)
[20:14:11.985] [32mINFO[39m: [36mRequired engine migration verified[39m
    module: "worker"
    status: "applied"
    migration: "20261014_universal_v1_work_order_command_ports_v1"
    sourcePath: "C:\Users\Manfish\Documents\Codex\2026-09-04\let\work\backend-validation-checkout\backend\database\migrations\20261014_universal_v1_work_order_command_ports_v1.sql"
    sha256: "3920ac8d3208b9f573dc331cab60c373d0349611700c6e14a6e4c1dd8c53aac4"
[20:14:11.991] [32mINFO[39m: [36mLegacy exact-location encryption backfill verified[39m
    module: "worker"
    backfilledLocationCount: 0
[20:14:14.579] [32mINFO[39m: [36mRequired engine migration verified[39m
    module: "worker"
    status: "applied"
    migration: "add_missing_tables_v2"
    sourcePath: "C:\Users\Manfish\Documents\Codex\2026-09-04\let\work\backend-validation-checkout\backend\database\migrations\add_missing_tables_v2.sql"
    sha256: "0e82957e8c8ac0cdb2da99faaad235f64e8eda817ff60681e4455719b48a403e"
[20:14:14.785] [32mINFO[39m: [36mRequired engine migration verified[39m
    module: "worker"
    status: "applied"
    migration: "20260710_engine_automation_contracts"
    sourcePath: "C:\Users\Manfish\Documents\Codex\2026-09-04\let\work\backend-validation-checkout\backend\database\migrations\20260710_engine_automation_contracts.sql"
    sha256: "7581c779b858864ba4f1d7ec1af1fb8da613c53b8986adafcfd4de2cf07938a7"
[20:14:14.819] [32mINFO[39m: [36mRequired engine migration verified[39m
    module: "worker"
    status: "applied"
    migration: "20260711_required_proof_alignment"
    sourcePath: "C:\Users\Manfish\Documents\Codex\2026-09-04\let\work\backend-validation-checkout\backend\database\migrations\011-proof-alignment.sql"
    sha256: "aa042a77dc4f8b8fcad8b53f6e678a6c2ec4edf39d7c18f63399d184369759c3"
[20:14:14.990] [32mINFO[39m: [36mRequired engine migration verified[39m
    module: "worker"
    status: "applied"
    migration: "20260711_required_expertise_supply"
    sourcePath: "C:\Users\Manfish\Documents\Codex\2026-09-04\let\work\backend-validation-checkout\backend\database\migrations\expertise_supply_control.sql"
    sha256: "104803408da1a0196291254866cefb2944b4b45be5a2c81df334ecaac828cf39"
[20:14:15.013] [32mINFO[39m: [36mRequired engine migration verified[39m
    module: "worker"
    status: "applied"
    migration: "20260711_task_outcome_classification"
    sourcePath: "C:\Users\Manfish\Documents\Codex\2026-09-04\let\work\backend-validation-checkout\backend\database\migrations\20260711_task_outcome_classification.sql"
    sha256: "c723901db04a66d60ec231ac10324fe8834a32b9b6019b7a5aa0a651638cf791"
[20:14:15.050] [32mINFO[39m: [36mRequired engine migration verified[39m
    module: "worker"
    status: "applied"
    migration: "20260712_hustler_identity_link"
    sourcePath: "C:\Users\Manfish\Documents\Codex\2026-09-04\let\work\backend-validation-checkout\backend\database\migrations\20260712_hustler_identity_link.sql"
    sha256: "4ea3685d374532f90122a58b596d04a544c06bd701d0697037af15a964af3518"
[20:14:15.075] [32mINFO[39m: [36mRequired engine migration verified[39m
    module: "worker"
    status: "applied"
    migration: "20260712_dispatch_expiry_pending_payment_cancel"
    sourcePath: "C:\Users\Manfish\Documents\Codex\2026-09-04\let\work\backend-validation-checkout\backend\database\migrations\20260712_dispatch_expiry_pending_payment_cancel.sql"
    sha256: "4b29f0612985dbf9e90c2f437cc49dbf88223d3a78c67bfd48ebc88e16249a7f"
[20:14:15.095] [32mINFO[39m: [36mRequired engine migration verified[39m
    module: "worker"
    status: "applied"
    migration: "20260712_dispatch_expiry_no_payment_reconcile"
    sourcePath: "C:\Users\Manfish\Documents\Codex\2026-09-04\let\work\backend-validation-checkout\backend\database\migrations\20260712_dispatch_expiry_no_payment_reconcile.sql"
    sha256: "12d4e967e5b0a910debe5c187a5dc3bb18d3c2ce49375e6698aa856e12a60b72"
[20:14:15.165] [32mINFO[39m: [36mRequired engine migration verified[39m
    module: "worker"
    status: "applied"
    migration: "performance_indexes_v1"
    sourcePath: "C:\Users\Manfish\Documents\Codex\2026-09-04\let\work\backend-validation-checkout\backend\database\migrations\20260713_performance_indexes_alignment.sql"
    sha256: "3696d6feeed5f058d286ad62cbe8fb75a72e43cecc93cfcb162bb2ef61cb33cf"
[20:14:15.244] [32mINFO[39m: [36mRequired engine migration verified[39m
    module: "worker"
    status: "applied"
    migration: "chargeback_lifecycle_v1"
    sourcePath: "C:\Users\Manfish\Documents\Codex\2026-09-04\let\work\backend-validation-checkout\backend\database\migrations\chargeback_lifecycle.sql"
    sha256: "32905444b29504044c3f91a5398a0a2c064398d833e66d486e6ca513fddff6f7"
[20:14:15.310] [32mINFO[39m: [36mRequired engine migration verified[39m
    module: "worker"
    status: "applied"
    migration: "20260718_revenue_audit_rail"
    sourcePath: "C:\Users\Manfish\Documents\Codex\2026-09-04\let\work\backend-validation-checkout\backend\database\migrations\20260718_revenue_audit_rail.sql"
    sha256: "f11a5eb964f2c09b9e9592533fd32b35c24c9de8511e79b6096f2cf7627134a0"
[20:14:15.329] [32mINFO[39m: [36mRequired engine migration verified[39m
    module: "worker"
    status: "applied"
    migration: "20260718_quote_economics_contract"
    sourcePath: "C:\Users\Manfish\Documents\Codex\2026-09-04\let\work\backend-validation-checkout\backend\database\migrations\20260718_quote_economics_contract.sql"
    sha256: "1eb1a06963af0d740b488154d5803ab050f322d501feae130ac02e6e5669ecef"
[20:14:15.426] [32mINFO[39m: [36mRequired engine migration verified[39m
    module: "worker"
    status: "applied"
    migration: "20260718_task_scope_versions"
    sourcePath: "C:\Users\Manfish\Documents\Codex\2026-09-04\let\work\backend-validation-checkout\backend\database\migrations\20260718_task_scope_versions.sql"
    sha256: "71098ed2d76562e33e7439b6bbeaa2648c19174a3c19195460238aeaf5abcd6e"
[20:14:15.453] [32mINFO[39m: [36mRequired engine migration verified[39m
    module: "worker"
    status: "applied"
    migration: "20260718_task_location_encryption"
    sourcePath: "C:\Users\Manfish\Documents\Codex\2026-09-04\let\work\backend-validation-checkout\backend\database\migrations\20260718_task_location_encryption.sql"
    sha256: "084ef950e086b7aa5040e4fba37277d18f65a15f6cbea75d52dd5729b00386f2"
[20:14:15.474] [32mINFO[39m: [36mRequired engine migration verified[39m
    module: "worker"
    status: "applied"
    migration: "20260718_proof_submission_atomicity"
    sourcePath: "C:\Users\Manfish\Documents\Codex\2026-09-04\let\work\backend-validation-checkout\backend\database\migrations\20260718_proof_submission_atomicity.sql"
    sha256: "6d5dfced166382beed083351a6c75aa5bbf972dcb0eb8704003cae40aa8d5768"
[20:14:15.542] [32mINFO[39m: [36mRequired engine migration verified[39m
    module: "worker"
    status: "applied"
    migration: "20260718_task_safety_incident_cases"
    sourcePath: "C:\Users\Manfish\Documents\Codex\2026-09-04\let\work\backend-validation-checkout\backend\database\migrations\20260718_task_safety_incident_cases.sql"
    sha256: "a73437cc7e7f152a195b730f4c1d622ca2461bc682665c26f31760a3d1fa3800"
[20:14:15.566] [32mINFO[39m: [36mRequired engine migration verified[39m
    module: "worker"
    status: "applied"
    migration: "20260718_task_safety_delivery_contract"
    sourcePath: "C:\Users\Manfish\Documents\Codex\2026-09-04\let\work\backend-validation-checkout\backend\database\migrations\20260718_task_safety_delivery_contract.sql"
    sha256: "26c8241b9526f77980121afa98089dcf55162204979c0ee0465b1d7c55416c7d"
[20:14:15.653] [32mINFO[39m: [36mRequired engine migration verified[39m
    module: "worker"
    status: "applied"
    migration: "20260718_task_safety_checkins"
    sourcePath: "C:\Users\Manfish\Documents\Codex\2026-09-04\let\work\backend-validation-checkout\backend\database\migrations\20260718_task_safety_checkins.sql"
    sha256: "f9278e4a9cb7c7345f321712a4204280129d6e31aba31d03a987c31cb40781e5"
[20:14:15.698] [32mINFO[39m: [36mRequired engine migration verified[39m
    module: "worker"
    status: "applied"
    migration: "20260718_task_safety_location_encryption"
    sourcePath: "C:\Users\Manfish\Documents\Codex\2026-09-04\let\work\backend-validation-checkout\backend\database\migrations\20260718_task_safety_location_encryption.sql"
    sha256: "2cd76dff8f126da4bec2d6f58e2c6de5c3c93a3fabd1024536a7c007dce07e46"
[20:14:15.770] [32mINFO[39m: [36mRequired engine migration verified[39m
    module: "worker"
    status: "applied"
    migration: "20260718_zone_category_liquidity_cells"
    sourcePath: "C:\Users\Manfish\Documents\Codex\2026-09-04\let\work\backend-validation-checkout\backend\database\migrations\20260718_zone_category_liquidity_cells.sql"
    sha256: "8c427c29ac142a7543c08768be5823b1dcd6d4630b1a3b5128e2e88afce77a2c"
[20:14:15.880] [32mINFO[39m: [36mRequired engine migration verified[39m
    module: "worker"
    status: "applied"
    migration: "20260718_worker_offer_decision_contract"
    sourcePath: "C:\Users\Manfish\Documents\Codex\2026-09-04\let\work\backend-validation-checkout\backend\database\migrations\20260718_worker_offer_decision_contract.sql"
    sha256: "81defc49577f106e03e682814dd2bc302f7435adfb1711a8801d68ada75d4e02"
[20:14:16.021] [32mINFO[39m: [36mRequired engine migration verified[39m
    module: "worker"
    status: "applied"
    migration: "20260718_worker_screening_rights_contract"
    sourcePath: "C:\Users\Manfish\Documents\Codex\2026-09-04\let\work\backend-validation-checkout\backend\database\migrations\20260718_worker_screening_rights_contract.sql"
    sha256: "3c1d98eb3a8e5f59811dc7a937584bc96b0d37bae87a04f7bac58b41e1a4d20d"
[20:14:16.094] [32mINFO[39m: [36mRequired engine migration verified[39m
    module: "worker"
    status: "applied"
    migration: "20260718_region_policy_contract"
    sourcePath: "C:\Users\Manfish\Documents\Codex\2026-09-04\let\work\backend-validation-checkout\backend\database\migrations\20260718_region_policy_contract.sql"
    sha256: "01c65eb106aa9ad3a9909e08b882f6ba908bf626e0c23a68136c64fe39ec9311"
[20:14:16.138] [32mINFO[39m: [36mRequired engine migration verified[39m
    module: "worker"
    status: "applied"
    migration: "20260718_completion_retention_contract"
    sourcePath: "C:\Users\Manfish\Documents\Codex\2026-09-04\let\work\backend-validation-checkout\backend\database\migrations\20260718_completion_retention_contract.sql"
    sha256: "b55d86d2438505a7e38b330de642ca1711ab14e8f970da9e9eca8d975da38ef0"
[20:14:16.221] [32mINFO[39m: [36mRequired engine migration verified[39m
    module: "worker"
    status: "applied"
    migration: "20260718_task_public_clarifications"
    sourcePath: "C:\Users\Manfish\Documents\Codex\2026-09-04\let\work\backend-validation-checkout\backend\database\migrations\20260718_task_public_clarifications.sql"
    sha256: "5dd2cca338998318447069a4c47fcaaf8a48e2d9bb7004e24576bc76849c9155"
[20:14:16.368] [32mINFO[39m: [36mRequired engine migration verified[39m
    module: "worker"
    status: "applied"
    migration: "20260718_marketplace_reputation_contract"
    sourcePath: "C:\Users\Manfish\Documents\Codex\2026-09-04\let\work\backend-validation-checkout\backend\database\migrations\20260718_marketplace_reputation_contract.sql"
    sha256: "df565bff5dd411e74c6714e3353d22e28af6438b8a2a16c34fb574dd46d50933"
[20:14:16.476] [32mINFO[39m: [36mRequired engine migration verified[39m
    module: "worker"
    status: "applied"
    migration: "20260718_business_workspace_contract"
    sourcePath: "C:\Users\Manfish\Documents\Codex\2026-09-04\let\work\backend-validation-checkout\backend\database\migrations\20260718_business_workspace_contract.sql"
    sha256: "a22965906807502d81f7fc6fb085b1f71ee4cf8171986eb61be292dccc137c45"
[20:14:16.685] [32mINFO[39m: [36mRequired engine migration verified[39m
    module: "worker"
    status: "applied"
    migration: "20260718_business_operations_contract"
    sourcePath: "C:\Users\Manfish\Documents\Codex\2026-09-04\let\work\backend-validation-checkout\backend\database\migrations\20260718_business_operations_contract.sql"
    sha256: "23fdb635e6768e7cfabc299ba4babab7aa37e29d319f124e8cf96e152ff7a0cb"
[20:14:16.811] [32mINFO[39m: [36mRequired engine migration verified[39m
    module: "worker"
    status: "applied"
    migration: "20260718_business_execution_contract"
    sourcePath: "C:\Users\Manfish\Documents\Codex\2026-09-04\let\work\backend-validation-checkout\backend\database\migrations\20260718_business_execution_contract.sql"
    sha256: "b4bad697897f51aa69f4c435d194bcb0730e1c357110c56aeeeccc61ec0c8d2d"
[20:14:17.037] [32mINFO[39m: [36mRequired engine migration verified[39m
    module: "worker"
    status: "applied"
    migration: "20260718_recurring_work_contract"
    sourcePath: "C:\Users\Manfish\Documents\Codex\2026-09-04\let\work\backend-validation-checkout\backend\database\migrations\20260718_recurring_work_contract.sql"
    sha256: "65bbbe96e1af6d909cd9a454c201bf4e62c99e60ec6bddbaa2454a3e3de4ed4b"
[20:14:17.073] [32mINFO[39m: [36mRequired engine migration verified[39m
    module: "worker"
    status: "applied"
    migration: "20260718_business_recurring_contract"
    sourcePath: "C:\Users\Manfish\Documents\Codex\2026-09-04\let\work\backend-validation-checkout\backend\database\migrations\20260718_business_recurring_contract.sql"
    sha256: "e068a0aa68b7baf4a7c13f217536251708913b854119a3da350455230355f5d3"
[20:14:17.177] [32mINFO[39m: [36mRequired engine migration verified[39m
    module: "worker"
    status: "applied"
    migration: "20260719_recommendation_contract"
    sourcePath: "C:\Users\Manfish\Documents\Codex\2026-09-04\let\work\backend-validation-checkout\backend\database\migrations\20260719_recommendation_contract.sql"
    sha256: "3345c3fdce3aef451c89fd8245dff11096dffe1108309e19c1470f2138641ab4"
[20:14:17.280] [32mINFO[39m: [36mRequired engine migration verified[39m
    module: "worker"
    status: "applied"
    migration: "20260719_hustler_wallet_contract"
    sourcePath: "C:\Users\Manfish\Documents\Codex\2026-09-04\let\work\backend-validation-checkout\backend\database\migrations\20260719_hustler_wallet_contract.sql"
    sha256: "153809d4d570a54b27357e2ebff51c3b35fa303e69da29c570816acca89f29ab"
[20:14:17.300] [32mINFO[39m: [36mRequired engine migration verified[39m
    module: "worker"
    status: "applied"
    migration: "20260719_wallet_provider_event_integrity"
    sourcePath: "C:\Users\Manfish\Documents\Codex\2026-09-04\let\work\backend-validation-checkout\backend\database\migrations\20260719_wallet_provider_event_integrity.sql"
    sha256: "1ee57eb0d4c3d157632b8db3fbc8cc232ac1241c1ca76944250ca42e1fdbc8de"
[20:14:17.315] [32mINFO[39m: [36mRequired engine migration verified[39m
    module: "worker"
    status: "applied"
    migration: "20260719_wallet_provider_event_integrity_repair"
    sourcePath: "C:\Users\Manfish\Documents\Codex\2026-09-04\let\work\backend-validation-checkout\backend\database\migrations\20260719_wallet_provider_event_integrity_repair.sql"
    sha256: "96ff51a6414cb261fa2791281c076e4e5b7fafd73cbacc2db939402e4219a6a5"
[20:14:17.641] [32mINFO[39m: [36mRequired engine migration verified[39m
    module: "worker"
    status: "applied"
    migration: "20260719_lifecycle_service_foundations"
    sourcePath: "C:\Users\Manfish\Documents\Codex\2026-09-04\let\work\backend-validation-checkout\backend\database\migrations\20260719_lifecycle_service_foundations.sql"
    sha256: "4c1edaecda49afeae3950afe832074f8903d64aa6f726bbee2a0717f26113596"
[20:14:17.680] [32mINFO[39m: [36mRequired engine migration verified[39m
    module: "worker"
    status: "applied"
    migration: "20260719_task_worker_eligibility_contract"
    sourcePath: "C:\Users\Manfish\Documents\Codex\2026-09-04\let\work\backend-validation-checkout\backend\database\migrations\20260719_task_worker_eligibility_contract.sql"
    sha256: "a1fb5d0387d61fef4b484be82d15153031b14860bcc8b4bbaa690a4ca096a0fb"
[20:14:17.738] [32mINFO[39m: [36mRequired engine migration verified[39m
    module: "worker"
    status: "applied"
    migration: "20260719_append_only_truncate_contract"
    sourcePath: "C:\Users\Manfish\Documents\Codex\2026-09-04\let\work\backend-validation-checkout\backend\database\migrations\20260719_append_only_truncate_contract.sql"
    sha256: "1b105f37e52b19435aacc7b04b2496bbef7f5cd0b0b1681487342e2e411544b4"
[20:14:17.778] [32mINFO[39m: [36mRequired engine migration verified[39m
    module: "worker"
    status: "applied"
    migration: "20260719_admin_user_search_trigram_contract"
    sourcePath: "C:\Users\Manfish\Documents\Codex\2026-09-04\let\work\backend-validation-checkout\backend\database\migrations\20260719_admin_user_search_trigram_contract.sql"
    sha256: "89a20a0c588af79ae8c0cd8e06949f4a542928b826adafa822d5a02b20694090"
[20:14:17.806] [32mINFO[39m: [36mRequired engine migration verified[39m
    module: "worker"
    status: "applied"
    migration: "20260719_admin_capability_contract"
    sourcePath: "C:\Users\Manfish\Documents\Codex\2026-09-04\let\work\backend-validation-checkout\backend\database\migrations\20260719_admin_capability_contract.sql"
    sha256: "cacc11cfe40b498767acbbaa736f2462e21a758018bcda1a667430a3c441c0f4"
[20:14:17.825] [32mINFO[39m: [36mRequired engine migration verified[39m
    module: "worker"
    status: "applied"
    migration: "20260719_tier0_browse_only_contract"
    sourcePath: "C:\Users\Manfish\Documents\Codex\2026-09-04\let\work\backend-validation-checkout\backend\database\migrations\20260719_tier0_browse_only_contract.sql"
    sha256: "336d976adfc3ce6e892b16c67a08bbc692165d2373084c3e51ab3e0a3db7a9d5"
[20:14:17.843] [32mINFO[39m: [36mRequired engine migration verified[39m
    module: "worker"
    status: "applied"
    migration: "20260719_task_template_policy_contract"
    sourcePath: "C:\Users\Manfish\Documents\Codex\2026-09-04\let\work\backend-validation-checkout\backend\database\migrations\20260719_task_template_policy_contract.sql"
    sha256: "1b4e180c34fce08ea00076e1f02f9c57d698c532db1eff84d9973e68c189ff8f"
[20:14:17.888] [32mINFO[39m: [36mRequired engine migration verified[39m
    module: "worker"
    status: "applied"
    migration: "20260719_compliance_guardian_persistence_contract"
    sourcePath: "C:\Users\Manfish\Documents\Codex\2026-09-04\let\work\backend-validation-checkout\backend\database\migrations\20260719_compliance_guardian_persistence_contract.sql"
    sha256: "ad0d747354fd6040df2669ffc0fbe485526240aca38887e27a069f49ab67767c"
[20:14:17.910] [32mINFO[39m: [36mRequired engine migration verified[39m
    module: "worker"
    status: "applied"
    migration: "20260719_worker_offer_retake_contract"
    sourcePath: "C:\Users\Manfish\Documents\Codex\2026-09-04\let\work\backend-validation-checkout\backend\database\migrations\20260719_worker_offer_retake_contract.sql"
    sha256: "0e5c8b6dde2fe27aecb7eed4ea1c329a4872cee9cc54c7a42505e431e5df0301"
[20:14:17.969] [32mINFO[39m: [36mRequired engine migration verified[39m
    module: "worker"
    status: "applied"
    migration: "20260719_liquidity_expansion_contract"
    sourcePath: "C:\Users\Manfish\Documents\Codex\2026-09-04\let\work\backend-validation-checkout\backend\database\migrations\20260719_liquidity_expansion_contract.sql"
    sha256: "6ba06780137ac5142e4560d465300cdb21105c690cfb320a588b35b37f69d795"
[20:14:17.987] [32mINFO[39m: [36mRequired engine migration verified[39m
    module: "worker"
    status: "applied"
    migration: "20260719_liquidity_expansion_fk_repair"
    sourcePath: "C:\Users\Manfish\Documents\Codex\2026-09-04\let\work\backend-validation-checkout\backend\database\migrations\20260719_liquidity_expansion_fk_repair.sql"
    sha256: "3ab131b4dbc128a99cd9eb7512888282df572f0ca61519d0453ebaa8be686c17"
[20:14:18.083] [32mINFO[39m: [36mRequired engine migration verified[39m
    module: "worker"
    status: "applied"
    migration: "20260719_worker_counter_offer_contract"
    sourcePath: "C:\Users\Manfish\Documents\Codex\2026-09-04\let\work\backend-validation-checkout\backend\database\migrations\20260719_worker_counter_offer_contract.sql"
    sha256: "1c6376dc07f95465f0925134f9d30990ed0da52c869cb9e039f3865508f85696"
[20:14:18.101] [32mINFO[39m: [36mRequired engine migration verified[39m
    module: "worker"
    status: "applied"
    migration: "20260719_worker_counter_offer_exclusivity"
    sourcePath: "C:\Users\Manfish\Documents\Codex\2026-09-04\let\work\backend-validation-checkout\backend\database\migrations\20260719_worker_counter_offer_exclusivity.sql"
    sha256: "5f72eb8f7bacc3c45c3dfba2527f7ccd5571ea6db0bcb4dd119a32ed0436e78f"
[20:14:18.252] [32mINFO[39m: [36mRequired engine migration verified[39m
    module: "worker"
    status: "applied"
    migration: "20260719_external_task_bridge_contract"
    sourcePath: "C:\Users\Manfish\Documents\Codex\2026-09-04\let\work\backend-validation-checkout\backend\database\migrations\20260719_external_task_bridge_contract.sql"
    sha256: "33080f06754d9ed04bf6624ac0dbf5c7817c8324af9be25ecb01ebf50ecffb69"
[20:14:18.314] [32mINFO[39m: [36mRequired engine migration verified[39m
    module: "worker"
    status: "applied"
    migration: "20260720_task_geofence_event_contract"
    sourcePath: "C:\Users\Manfish\Documents\Codex\2026-09-04\let\work\backend-validation-checkout\backend\database\migrations\20260720_task_geofence_event_contract.sql"
    sha256: "c2a31559936f1d1db684a27f3cca8554fe3b6986830ff6795e547c17409e24af"
[20:14:18.471] [32mINFO[39m: [36mRequired engine migration verified[39m
    module: "worker"
    status: "applied"
    migration: "20260720_major_action_telemetry_contract"
    sourcePath: "C:\Users\Manfish\Documents\Codex\2026-09-04\let\work\backend-validation-checkout\backend\database\migrations\20260720_major_action_telemetry_contract.sql"
    sha256: "0939eb301dba2a9b8e50c759fd794c19cfd19b7ac8c761449dccc5d346a5fd07"
[20:14:18.485] [32mINFO[39m: [36mRequired engine migration verified[39m
    module: "worker"
    status: "applied"
    migration: "20260720_major_action_telemetry_contract_repair"
    sourcePath: "C:\Users\Manfish\Documents\Codex\2026-09-04\let\work\backend-validation-checkout\backend\database\migrations\20260720_major_action_telemetry_contract_repair.sql"
    sha256: "7aebc9a96ca0eb516d6eaabff5c8ea44a1c99ef452328abfdc31e423fcb50960"
[20:14:18.498] [32mINFO[39m: [36mRequired engine migration verified[39m
    module: "worker"
    status: "applied"
    migration: "20260720_major_action_source_registry_repair"
    sourcePath: "C:\Users\Manfish\Documents\Codex\2026-09-04\let\work\backend-validation-checkout\backend\database\migrations\20260720_major_action_source_registry_repair.sql"
    sha256: "dd0641389a561a02ee7bc211494baeecad4a584f4ae878e367d7bd6ec41ef99d"
[20:14:18.589] [32mINFO[39m: [36mRequired engine migration verified[39m
    module: "worker"
    status: "applied"
    migration: "20260720_offline_action_sync_contract"
    sourcePath: "C:\Users\Manfish\Documents\Codex\2026-09-04\let\work\backend-validation-checkout\backend\database\migrations\20260720_offline_action_sync_contract.sql"
    sha256: "a24c7a3a1fc6d248e7ed84850c282b1d70e136470a5814e5cf73d354fb71a225"
[20:14:18.607] [32mINFO[39m: [36mRequired engine migration verified[39m
    module: "worker"
    status: "applied"
    migration: "20260720_offline_action_sync_contract_repair"
    sourcePath: "C:\Users\Manfish\Documents\Codex\2026-09-04\let\work\backend-validation-checkout\backend\database\migrations\20260720_offline_action_sync_contract_repair.sql"
    sha256: "dd3ebeb8b7660ce2a7e7dc0c90c75b8c44368ed464dd80d5a48db74c608fe2ad"
[20:14:18.636] [32mINFO[39m: [36mRequired engine migration verified[39m
    module: "worker"
    status: "applied"
    migration: "20260720_proof_verification_signal_contract"
    sourcePath: "C:\Users\Manfish\Documents\Codex\2026-09-04\let\work\backend-validation-checkout\backend\database\migrations\20260720_proof_verification_signal_contract.sql"
    sha256: "7956522e446ae42141b204c0f32d6cc1843c8deb54d474f5bc3d5687577e18fb"
[20:14:18.651] [32mINFO[39m: [36mRequired engine migration verified[39m
    module: "worker"
    status: "applied"
    migration: "20260720_proof_media_metadata_minimization"
    sourcePath: "C:\Users\Manfish\Documents\Codex\2026-09-04\let\work\backend-validation-checkout\backend\database\migrations\20260720_proof_media_metadata_minimization.sql"
    sha256: "d8b3f516a303744ab8bfe467d528f552f0c444466d64ab1e881d6ae5f422e396"
[20:14:18.724] [32mINFO[39m: [36mRequired engine migration verified[39m
    module: "worker"
    status: "applied"
    migration: "20260720_media_upload_finalization_contract"
    sourcePath: "C:\Users\Manfish\Documents\Codex\2026-09-04\let\work\backend-validation-checkout\backend\database\migrations\20260720_media_upload_finalization_contract.sql"
    sha256: "c7cb31234baeb3ec101b44a73df6fd93198d3c442ceaa0713188e912bae10715"
[20:14:18.790] [32mINFO[39m: [36mRequired engine migration verified[39m
    module: "worker"
    status: "applied"
    migration: "20260720_private_media_delivery_contract"
    sourcePath: "C:\Users\Manfish\Documents\Codex\2026-09-04\let\work\backend-validation-checkout\backend\database\migrations\20260720_private_media_delivery_contract.sql"
    sha256: "dab4cace45c99879d1a6f3e978198fe8ec4e1840607319522b8addfc20cda608"
[20:14:18.940] [32mINFO[39m: [36mRequired engine migration verified[39m
    module: "worker"
    status: "applied"
    migration: "20260720_worker_standing_appeals"
    sourcePath: "C:\Users\Manfish\Documents\Codex\2026-09-04\let\work\backend-validation-checkout\backend\database\migrations\20260720_worker_standing_appeals.sql"
    sha256: "02e2a7c9d91a10b780ea1c01444a57c257faecb7c1ec2f129c82ae8fb4004608"
[20:14:18.986] [32mINFO[39m: [36mRequired engine migration verified[39m
    module: "worker"
    status: "applied"
    migration: "20260720_offline_action_reconciliation"
    sourcePath: "C:\Users\Manfish\Documents\Codex\2026-09-04\let\work\backend-validation-checkout\backend\database\migrations\20260720_offline_action_reconciliation.sql"
    sha256: "12e245da2e45ce917516fdd4dfd2610348eb5c0420c1490987e378ad5f485f94"
[20:14:19.003] [32mINFO[39m: [36mRequired engine migration verified[39m
    module: "worker"
    status: "applied"
    migration: "20260720_dispute_release_authority_contract"
    sourcePath: "C:\Users\Manfish\Documents\Codex\2026-09-04\let\work\backend-validation-checkout\backend\database\migrations\20260720_dispute_release_authority_contract.sql"
    sha256: "0b7cadab9f4c40170d31c5e21921adb42b36935e6f3df81a87991fda9c0029fd"
[20:14:19.064] [32mINFO[39m: [36mRequired engine migration verified[39m
    module: "worker"
    status: "applied"
    migration: "20260720_notification_delivery_contract"
    sourcePath: "C:\Users\Manfish\Documents\Codex\2026-09-04\let\work\backend-validation-checkout\backend\database\migrations\20260720_notification_delivery_contract.sql"
    sha256: "a2264390a09a6ae20ce0011683ab870c631feebfde87ed80a872e986a575bb0b"
[20:14:19.077] [32mINFO[39m: [36mRequired engine migration verified[39m
    module: "worker"
    status: "applied"
    migration: "20260720_notification_delivery_contract_repair"
    sourcePath: "C:\Users\Manfish\Documents\Codex\2026-09-04\let\work\backend-validation-checkout\backend\database\migrations\20260720_notification_delivery_contract_repair.sql"
    sha256: "e0aaa1a3cb653917924183fcf67291b33a2dbf38579eb01b17122e649c71c40f"
[20:14:19.099] [32mINFO[39m: [36mRequired engine migration verified[39m
    module: "worker"
    status: "applied"
    migration: "20260720_notification_focus_suppression"
    sourcePath: "C:\Users\Manfish\Documents\Codex\2026-09-04\let\work\backend-validation-checkout\backend\database\migrations\20260720_notification_focus_suppression.sql"
    sha256: "e320ed83af84fd2c3781a1229db74126778b7c2d8eeb41dbddc432c634faba05"
[20:14:19.114] [32mINFO[39m: [36mRequired engine migration verified[39m
    module: "worker"
    status: "applied"
    migration: "20260720_schema_convergence_repair"
    sourcePath: "C:\Users\Manfish\Documents\Codex\2026-09-04\let\work\backend-validation-checkout\backend\database\migrations\20260720_schema_convergence_repair.sql"
    sha256: "5151894b324679c19cc7a70179aec8f0248a3c66c5325b97d8bdcf618f684da2"
[20:14:19.172] [32mINFO[39m: [36mRequired engine migration verified[39m
    module: "worker"
    status: "applied"
    migration: "20260720_local_certification_payment_provider"
    sourcePath: "C:\Users\Manfish\Documents\Codex\2026-09-04\let\work\backend-validation-checkout\backend\database\migrations\20260720_local_certification_payment_provider.sql"
    sha256: "413a1183e48dd0c3aa8131390481e7acfb17229727445023dfe659b20c123392"
[20:14:19.199] [32mINFO[39m: [36mRequired engine migration verified[39m
    module: "worker"
    status: "applied"
    migration: "20260720_region_policy_price_book_alignment"
    sourcePath: "C:\Users\Manfish\Documents\Codex\2026-09-04\let\work\backend-validation-checkout\backend\database\migrations\20260720_region_policy_price_book_alignment.sql"
    sha256: "614ac15399457b310f60e4bf637ee1d394a0da97e9cbcd9d6a8367a219af68e0"
[20:14:19.310] [32mINFO[39m: [36mRequired engine migration verified[39m
    module: "worker"
    status: "applied"
    migration: "20260720_local_certification_payout_provider"
    sourcePath: "C:\Users\Manfish\Documents\Codex\2026-09-04\let\work\backend-validation-checkout\backend\database\migrations\20260720_local_certification_payout_provider.sql"
    sha256: "1435947ebbdfa50dec2d0d812fe8d332287be1f0a6b7fd1c50cd96a5bfa9e097"
[20:14:19.487] [32mINFO[39m: [36mRequired engine migration verified[39m
    module: "worker"
    status: "applied"
    migration: "20260720_local_certification_screening_provider"
    sourcePath: "C:\Users\Manfish\Documents\Codex\2026-09-04\let\work\backend-validation-checkout\backend\database\migrations\20260720_local_certification_screening_provider.sql"
    sha256: "626ff1f60a8f8f6b6acd2a9aba621409bd3eab3142004361a89ae77a5c26f1cc"
[20:14:19.550] [32mINFO[39m: [36mRequired engine migration verified[39m
    module: "worker"
    status: "applied"
    migration: "20260720_controlled_test_liquidity_cell"
    sourcePath: "C:\Users\Manfish\Documents\Codex\2026-09-04\let\work\backend-validation-checkout\backend\database\migrations\20260720_controlled_test_liquidity_cell.sql"
    sha256: "1826b8b06b3b0de634f2420a40a00bcce2ce2a370d2349192b5dd6a7e981493d"
[20:14:19.566] [32mINFO[39m: [36mRequired engine migration verified[39m
    module: "worker"
    status: "applied"
    migration: "20260720_controlled_test_liquidity_marker_repair"
    sourcePath: "C:\Users\Manfish\Documents\Codex\2026-09-04\let\work\backend-validation-checkout\backend\database\migrations\20260720_controlled_test_liquidity_marker_repair.sql"
    sha256: "e9d3e3dbd829fdf0dad577701b22070218577a8bc9f6b70e8e0ec207eb06af28"
[20:14:19.580] [32mINFO[39m: [36mRequired engine migration verified[39m
    module: "worker"
    status: "applied"
    migration: "20260720_controlled_test_liquidity_lifecycle_repair"
    sourcePath: "C:\Users\Manfish\Documents\Codex\2026-09-04\let\work\backend-validation-checkout\backend\database\migrations\20260720_controlled_test_liquidity_lifecycle_repair.sql"
    sha256: "f921c0c7a374e4a7f4bd0b0a81af34667c52f1264d3f3c0ad57b017e0583e0cc"
[20:14:19.628] [32mINFO[39m: [36mRequired engine migration verified[39m
    module: "worker"
    status: "applied"
    migration: "20260720_controlled_test_duration_evidence"
    sourcePath: "C:\Users\Manfish\Documents\Codex\2026-09-04\let\work\backend-validation-checkout\backend\database\migrations\20260720_controlled_test_duration_evidence.sql"
    sha256: "9b2b0630d0fa0e24552547940c5ee1097e6b7a32cb5b90f5cc5426a25606ae77"
[20:14:19.676] [32mINFO[39m: [36mRequired engine migration verified[39m
    module: "worker"
    status: "applied"
    migration: "20260720_controlled_test_provider_capability"
    sourcePath: "C:\Users\Manfish\Documents\Codex\2026-09-04\let\work\backend-validation-checkout\backend\database\migrations\20260720_controlled_test_provider_capability.sql"
    sha256: "079baedf700badc9c00e1e91f83f96d409bee7f713c9e7d349767a92c112fcc1"
[20:14:19.699] [32mINFO[39m: [36mRequired engine migration verified[39m
    module: "worker"
    status: "applied"
    migration: "20260720_controlled_test_provider_capability_expiry"
    sourcePath: "C:\Users\Manfish\Documents\Codex\2026-09-04\let\work\backend-validation-checkout\backend\database\migrations\20260720_controlled_test_provider_capability_expiry.sql"
    sha256: "770a9973510b499f6e9c1b3428f5ba8dccbbca45c6aef62e463372dcdd2640a5"
[20:14:19.719] [32mINFO[39m: [36mRequired engine migration verified[39m
    module: "worker"
    status: "applied"
    migration: "20260720_controlled_test_provider_capability_refresh"
    sourcePath: "C:\Users\Manfish\Documents\Codex\2026-09-04\let\work\backend-validation-checkout\backend\database\migrations\20260720_controlled_test_provider_capability_refresh.sql"
    sha256: "fce9cbe6df1865581bc414ee1d102afe140899a4b3d0f35697c894edfb375011"
[20:14:19.735] [32mINFO[39m: [36mRequired engine migration verified[39m
    module: "worker"
    status: "applied"
    migration: "20260720_controlled_test_provider_capability_refresh_repair"
    sourcePath: "C:\Users\Manfish\Documents\Codex\2026-09-04\let\work\backend-validation-checkout\backend\database\migrations\20260720_controlled_test_provider_capability_refresh_repair.sql"
    sha256: "fa0600c70a92f0c25112bded13e6e45c5402bfca9aaea45540c08a9a83edcb9d"
[20:14:19.795] [32mINFO[39m: [36mRequired engine migration verified[39m
    module: "worker"
    status: "applied"
    migration: "20260720_controlled_test_offer_review"
    sourcePath: "C:\Users\Manfish\Documents\Codex\2026-09-04\let\work\backend-validation-checkout\backend\database\migrations\20260720_controlled_test_offer_review.sql"
    sha256: "29f42e272b46974910354ed0c32db10744ab771aae92bc83b5c70b84aba9d6e1"
[20:14:19.820] [32mINFO[39m: [36mRequired engine migration verified[39m
    module: "worker"
    status: "applied"
    migration: "20260720_task_safety_state_integrity"
    sourcePath: "C:\Users\Manfish\Documents\Codex\2026-09-04\let\work\backend-validation-checkout\backend\database\migrations\20260720_task_safety_state_integrity.sql"
    sha256: "b0548ea104c938f55f383f777b298427f863792cc440829453fdf9915c33f657"
[20:14:19.835] [32mINFO[39m: [36mRequired engine migration verified[39m
    module: "worker"
    status: "applied"
    migration: "20260720_task_safety_resolution_integrity"
    sourcePath: "C:\Users\Manfish\Documents\Codex\2026-09-04\let\work\backend-validation-checkout\backend\database\migrations\20260720_task_safety_resolution_integrity.sql"
    sha256: "c3f420fa5880355f5fecd84b9b9df5945991cd46d2cb5a4bcca41b2aa024fd62"
[20:14:19.877] [32mINFO[39m: [36mRequired engine migration verified[39m
    module: "worker"
    status: "applied"
    migration: "20260720_task_safety_case_access_integrity"
    sourcePath: "C:\Users\Manfish\Documents\Codex\2026-09-04\let\work\backend-validation-checkout\backend\database\migrations\20260720_task_safety_case_access_integrity.sql"
    sha256: "82d88d339eb6f89e4daae78669c1cd3b8cfad00e3c9865611e02381c744a4778"
[20:14:20.025] [32mINFO[39m: [36mRequired engine migration verified[39m
    module: "worker"
    status: "applied"
    migration: "20260720_operations_exception_contract"
    sourcePath: "C:\Users\Manfish\Documents\Codex\2026-09-04\let\work\backend-validation-checkout\backend\database\migrations\20260720_operations_exception_contract.sql"
    sha256: "f912b02c0d804e06cdabcef8fde8ec3345806c8463ef321211dbe11e9ae021e9"
[20:14:20.044] [32mINFO[39m: [36mRequired engine migration verified[39m
    module: "worker"
    status: "applied"
    migration: "20260721_hustler_trust_progression_contract"
    sourcePath: "C:\Users\Manfish\Documents\Codex\2026-09-04\let\work\backend-validation-checkout\backend\database\migrations\20260721_hustler_trust_progression_contract.sql"
    sha256: "efb7fc4b8f41df8d90f4b63183d3bdb244a41c03b5a73ae673edcab85575b43b"
[20:14:20.090] [32mINFO[39m: [36mRequired engine migration verified[39m
    module: "worker"
    status: "applied"
    migration: "20260721_task_quote_shortlist_messaging_contract"
    sourcePath: "C:\Users\Manfish\Documents\Codex\2026-09-04\let\work\backend-validation-checkout\backend\database\migrations\20260721_task_quote_shortlist_messaging_contract.sql"
    sha256: "33d43cc99215f79b7658d51d781f3923c481fcb6e2b7b7c36aa6d53f26283dd0"
[20:14:20.129] [32mINFO[39m: [36mRequired engine migration verified[39m
    module: "worker"
    status: "applied"
    migration: "20260721_unit_economics_guardrails"
    sourcePath: "C:\Users\Manfish\Documents\Codex\2026-09-04\let\work\backend-validation-checkout\backend\database\migrations\20260721_unit_economics_guardrails.sql"
    sha256: "f0139e1a336cb37bd3a0a92c64d1aabad7adc2cf11527034b50bf5e3007ea720"
[20:14:20.221] [32mINFO[39m: [36mRequired engine migration verified[39m
    module: "worker"
    status: "applied"
    migration: "20260721_build_now_spend_promotion_guardrails"
    sourcePath: "C:\Users\Manfish\Documents\Codex\2026-09-04\let\work\backend-validation-checkout\backend\database\migrations\20260721_build_now_spend_promotion_guardrails.sql"
    sha256: "eff21cecd9f2d714168e989e9bb712ac7b30286f8b0de724f4ca7a7cef8a661d"
[20:14:20.333] [32mINFO[39m: [36mRequired engine migration verified[39m
    module: "worker"
    status: "applied"
    migration: "20260721_private_identity_verification_contract"
    sourcePath: "C:\Users\Manfish\Documents\Codex\2026-09-04\let\work\backend-validation-checkout\backend\database\migrations\20260721_private_identity_verification_contract.sql"
    sha256: "90828c3109521c3f46333876e71c3e0b2e2feee2aab5820b34a7e3731f160117"
[20:14:20.360] [32mINFO[39m: [36mRequired engine migration verified[39m
    module: "worker"
    status: "applied"
    migration: "20260721_sensitive_media_ingestion_shutdown"
    sourcePath: "C:\Users\Manfish\Documents\Codex\2026-09-04\let\work\backend-validation-checkout\backend\database\migrations\20260721_sensitive_media_ingestion_shutdown.sql"
    sha256: "c83366b0b5f4c8ccca98ee5a31d95febaa0107f75e0e0ce60cb2d735c503fc20"
[20:14:20.486] [32mINFO[39m: [36mRequired engine migration verified[39m
    module: "worker"
    status: "applied"
    migration: "20260721_ai_observability_contract"
    sourcePath: "C:\Users\Manfish\Documents\Codex\2026-09-04\let\work\backend-validation-checkout\backend\database\migrations\20260721_ai_observability_contract.sql"
    sha256: "9ec88bb073608316014ed3529ca5632fdbb39394b265e9d2d4163303601ab3e0"
[20:14:20.502] [32mINFO[39m: [36mRequired engine migration verified[39m
    module: "worker"
    status: "applied"
    migration: "20260721_controlled_test_retake_acceptance_repair"
    sourcePath: "C:\Users\Manfish\Documents\Codex\2026-09-04\let\work\backend-validation-checkout\backend\database\migrations\20260721_controlled_test_retake_acceptance_repair.sql"
    sha256: "a1b2a9eb450a0ac4add500620bbcb6738d708603e794a86fcb8ce311adec8fe5"
[20:14:20.517] [32mINFO[39m: [36mRequired engine migration verified[39m
    module: "worker"
    status: "applied"
    migration: "20260721_controlled_test_retake_liquidity_repair"
    sourcePath: "C:\Users\Manfish\Documents\Codex\2026-09-04\let\work\backend-validation-checkout\backend\database\migrations\20260721_controlled_test_retake_liquidity_repair.sql"
    sha256: "edc5ca1a19dbb27ed4ae60efcdfedf2d91a09a86cb2bc0f5cee94bb39837f490"
[20:14:20.535] [32mINFO[39m: [36mRequired engine migration verified[39m
    module: "worker"
    status: "applied"
    migration: "20260721_controlled_test_retake_guard_convergence"
    sourcePath: "C:\Users\Manfish\Documents\Codex\2026-09-04\let\work\backend-validation-checkout\backend\database\migrations\20260721_controlled_test_retake_guard_convergence.sql"
    sha256: "6a2b108d6fe844e4a0235162f25066427eebb1952dbe41e29e7b483c267472b1"
[20:14:20.559] [32mINFO[39m: [36mRequired engine migration verified[39m
    module: "worker"
    status: "applied"
    migration: "20260721_same_worker_retake_assignment_guard_repair"
    sourcePath: "C:\Users\Manfish\Documents\Codex\2026-09-04\let\work\backend-validation-checkout\backend\database\migrations\20260721_same_worker_retake_assignment_guard_repair.sql"
    sha256: "c3500b95949b80004262a9c638f2eca8ef19ad5b446d430aecbe83bc628c7863"
[20:14:20.601] [32mINFO[39m: [36mRequired engine migration verified[39m
    module: "worker"
    status: "applied"
    migration: "20260722_region_policy_legal_approval_activation"
    sourcePath: "C:\Users\Manfish\Documents\Codex\2026-09-04\let\work\backend-validation-checkout\backend\database\migrations\20260722_region_policy_legal_approval_activation.sql"
    sha256: "2be054f21aa0168aad360dd755d52fd5b028a8106129206f47ccfbbc7f081e02"
[20:14:20.625] [32mINFO[39m: [36mRequired engine migration verified[39m
    module: "worker"
    status: "applied"
    migration: "20260722_recurring_payment_dispatch_gate"
    sourcePath: "C:\Users\Manfish\Documents\Codex\2026-09-04\let\work\backend-validation-checkout\backend\database\migrations\20260722_recurring_payment_dispatch_gate.sql"
    sha256: "47c04b2e55a275220c6c1a01fa283628e43fcea869096acd13db8bb59b659c8e"
[20:14:20.858] [32mINFO[39m: [36mRequired engine migration verified[39m
    module: "worker"
    status: "applied"
    migration: "20260722_service_business_assignment_contract"
    sourcePath: "C:\Users\Manfish\Documents\Codex\2026-09-04\let\work\backend-validation-checkout\backend\database\migrations\20260722_service_business_assignment_contract.sql"
    sha256: "258e56009e35228a4e2ad294d879143f4985bdbae7853d1c3c2c9fcda61777af"
[20:14:21.108] [32mINFO[39m: [36mRequired engine migration verified[39m
    module: "worker"
    status: "applied"
    migration: "010_web_platform_tables"
    sourcePath: "C:\Users\Manfish\Documents\Codex\2026-09-04\let\work\backend-validation-checkout\backend\database\migrations\010_web_platform_tables.sql"
    sha256: "8ddd4b374bf8d5c7635214c5d26a84d2e6d81cab10aa8a7049d7b3da1da8b5e2"
[20:14:21.152] [32mINFO[39m: [36mRequired engine migration verified[39m
    module: "worker"
    status: "applied"
    migration: "20260814_quote_price_book"
    sourcePath: "C:\Users\Manfish\Documents\Codex\2026-09-04\let\work\backend-validation-checkout\backend\database\migrations\20260814_quote_price_book.sql"
    sha256: "4d49f31e83b6ba5352ee1c16da45e2b7ce8f84a4d5d9ee0b50bee57e2cafed69"
[20:14:21.209] [32mINFO[39m: [36mRequired engine migration verified[39m
    module: "worker"
    status: "applied"
    migration: "20260814_price_book_quote_decisions"
    sourcePath: "C:\Users\Manfish\Documents\Codex\2026-09-04\let\work\backend-validation-checkout\backend\database\migrations\20260814_price_book_quote_decisions.sql"
    sha256: "77d1a1e17e300f83c1dc7e6f5e57e3ecef617a69066f1806d9d44aea3cf6a4f1"
[20:14:21.305] [32mINFO[39m: [36mRequired engine migration verified[39m
    module: "worker"
    status: "applied"
    migration: "20260814_task_supply_confidence"
    sourcePath: "C:\Users\Manfish\Documents\Codex\2026-09-04\let\work\backend-validation-checkout\backend\database\migrations\20260814_task_supply_confidence.sql"
    sha256: "5c64425fef6a52b4abb7e00f42f2c7322be9d777b58c1efbb1d8f5bd71815e9e"
[20:14:21.333] [32mINFO[39m: [36mRequired engine migration verified[39m
    module: "worker"
    status: "applied"
    migration: "20260815_quote_columns_extra_v4"
    sourcePath: "C:\Users\Manfish\Documents\Codex\2026-09-04\let\work\backend-validation-checkout\backend\database\migrations\20260815_quote_columns_extra_v4.sql"
    sha256: "2c45fbed303842c44ee20d24df090e54de05519d9e7ff5e8f74d4283763be7ee"
[20:14:21.378] [32mINFO[39m: [36mRequired engine migration verified[39m
    module: "worker"
    status: "applied"
    migration: "20260819_quote_payments"
    sourcePath: "C:\Users\Manfish\Documents\Codex\2026-09-04\let\work\backend-validation-checkout\backend\database\migrations\20260819_quote_payments.sql"
    sha256: "bcd90a6905e374568042b589c5c85931f93ea3c9a92fc28afbd0693bcc0e4286"
[20:14:21.472] [32mINFO[39m: [36mRequired engine migration verified[39m
    module: "worker"
    status: "applied"
    migration: "20260823_quote_payment_recovery"
    sourcePath: "C:\Users\Manfish\Documents\Codex\2026-09-04\let\work\backend-validation-checkout\backend\database\migrations\20260823_quote_payment_recovery.sql"
    sha256: "b0d75f09f523fdf1a11ffd5cea7a1c4cd78d431e7e55cb5723f6ce6f243eebc8"
[20:14:22.048] [32mINFO[39m: [36mRequired engine migration verified[39m
    module: "worker"
    status: "applied"
    migration: "20260827_universal_v1_lifecycle_contract"
    sourcePath: "C:\Users\Manfish\Documents\Codex\2026-09-04\let\work\backend-validation-checkout\backend\database\migrations\20260827_universal_v1_lifecycle_contract.sql"
    sha256: "43224cc43d132d1dfa517f5150f28457fc27fda3fb85641d5c836f40406cf513"
[20:14:22.142] [32mINFO[39m: [36mRequired engine migration verified[39m
    module: "worker"
    status: "applied"
    migration: "20260828_operator_authority_contract"
    sourcePath: "C:\Users\Manfish\Documents\Codex\2026-09-04\let\work\backend-validation-checkout\backend\database\migrations\20260828_operator_authority_contract.sql"
    sha256: "6e813f7266e057aeaa840b6924abb8ec1a763ed352c567b0b601aeac0d69d908"
[20:14:22.170] [32mINFO[39m: [36mRequired engine migration verified[39m
    module: "worker"
    status: "applied"
    migration: "20260829_task_matching_state_contract"
    sourcePath: "C:\Users\Manfish\Documents\Codex\2026-09-04\let\work\backend-validation-checkout\backend\database\migrations\20260829_task_matching_state_contract.sql"
    sha256: "07c9ad6227bb5e6dcb2bc1f2c048032a6e32df8cb0ff2087e6fc9248fdfe08c8"
[20:14:22.187] [32mINFO[39m: [36mRequired engine migration verified[39m
    module: "worker"
    status: "applied"
    migration: "20260830_ai_agent_judge_audit_convergence"
    sourcePath: "C:\Users\Manfish\Documents\Codex\2026-09-04\let\work\backend-validation-checkout\backend\database\migrations\20260830_ai_agent_judge_audit_convergence.sql"
    sha256: "47346ca99af25235a6dfdca3a05c6a2734d8bd190f06d02e6fadbd21c13fc705"
[20:14:22.201] [32mINFO[39m: [36mRequired engine migration verified[39m
    module: "worker"
    status: "applied"
    migration: "20260831_provider_neutral_outbound_communication"
    sourcePath: "C:\Users\Manfish\Documents\Codex\2026-09-04\let\work\backend-validation-checkout\backend\database\migrations\20260831_provider_neutral_outbound_communication.sql"
    sha256: "7163e1269dabe9229c15c2515e417349bb57d8d6f4d30653dc18e195b31ef232"
[20:14:22.216] [32mINFO[39m: [36mRequired engine migration verified[39m
    module: "worker"
    status: "applied"
    migration: "20260901_universal_v1_lead_ingress_port"
    sourcePath: "C:\Users\Manfish\Documents\Codex\2026-09-04\let\work\backend-validation-checkout\backend\database\migrations\20260901_universal_v1_lead_ingress_port.sql"
    sha256: "3640d1f62dd029db0bdd23a1cad7c9456b0c65c4a0c0b17c89781a9a32684dea"
[20:14:22.336] [32mINFO[39m: [36mRequired engine migration verified[39m
    module: "worker"
    status: "applied"
    migration: "20260902_universal_v1_task_draft_public_port"
    sourcePath: "C:\Users\Manfish\Documents\Codex\2026-09-04\let\work\backend-validation-checkout\backend\database\migrations\20260902_universal_v1_task_draft_public_port.sql"
    sha256: "dbf11f4ef967c17ac32fe3d4cb5710671fa4092649650d54d5f071b1aa85582e"
[20:14:22.409] [32mINFO[39m: [36mRequired engine migration verified[39m
    module: "worker"
    status: "applied"
    migration: "20260903_universal_v1_task_draft_account_claim"
    sourcePath: "C:\Users\Manfish\Documents\Codex\2026-09-04\let\work\backend-validation-checkout\backend\database\migrations\20260903_universal_v1_task_draft_account_claim.sql"
    sha256: "d2141ef2d979c69af21653750ff4dc9e94085c53072b87324fafb6cfb114f614"
[20:14:22.434] [32mINFO[39m: [36mRequired engine migration verified[39m
    module: "worker"
    status: "applied"
    migration: "20260904_canonical_user_email_identity"
    sourcePath: "C:\Users\Manfish\Documents\Codex\2026-09-04\let\work\backend-validation-checkout\backend\database\migrations\20260904_canonical_user_email_identity.sql"
    sha256: "3efc1ed89a01b95037837fb075015d027b0f0e72047fa013839299378c5dcf57"
[20:14:22.453] [32mINFO[39m: [36mRequired engine migration verified[39m
    module: "worker"
    status: "applied"
    migration: "20260905_universal_v1_task_draft_legacy_claim_import_repair"
    sourcePath: "C:\Users\Manfish\Documents\Codex\2026-09-04\let\work\backend-validation-checkout\backend\database\migrations\20260905_universal_v1_task_draft_legacy_claim_import_repair.sql"
    sha256: "67990edf9f231d953e519eacf796aa0fcada492f8fe8ce4b7f7889560a07e827"
[20:14:22.551] [32mINFO[39m: [36mRequired engine migration verified[39m
    module: "worker"
    status: "applied"
    migration: "20260906_universal_v1_estimate_acceptance_materialization"
    sourcePath: "C:\Users\Manfish\Documents\Codex\2026-09-04\let\work\backend-validation-checkout\backend\database\migrations\20260906_universal_v1_estimate_acceptance_materialization.sql"
    sha256: "671d0c9cbb1507a6303165d319e08441f69e5027d6ab2d075561b70a063191e6"
[20:14:22.632] [32mINFO[39m: [36mRequired engine migration verified[39m
    module: "worker"
    status: "applied"
    migration: "20260907_universal_v1_provider_estimate_invitation"
    sourcePath: "C:\Users\Manfish\Documents\Codex\2026-09-04\let\work\backend-validation-checkout\backend\database\migrations\20260907_universal_v1_provider_estimate_invitation.sql"
    sha256: "aac7221f4cd1dca94d26a90e96b5de7078c50cf7660bb934582faecb1a70001e"
[20:14:22.708] [32mINFO[39m: [36mRequired engine migration verified[39m
    module: "worker"
    status: "applied"
    migration: "20260908_universal_v1_provider_work_order_authority"
    sourcePath: "C:\Users\Manfish\Documents\Codex\2026-09-04\let\work\backend-validation-checkout\backend\database\migrations\20260908_universal_v1_provider_work_order_authority.sql"
    sha256: "53bcfc5cc6aa79c3fc8470db293aa0e8ad411a05db958a46c67389d5bc0e1d4c"
[20:14:22.727] [32mINFO[39m: [36mRequired engine migration verified[39m
    module: "worker"
    status: "applied"
    migration: "20260909_universal_v1_reconciliation_alias_repair"
    sourcePath: "C:\Users\Manfish\Documents\Codex\2026-09-04\let\work\backend-validation-checkout\backend\database\migrations\20260909_universal_v1_reconciliation_alias_repair.sql"
    sha256: "422e138cce00ef672092869a758ca752a08717b81cf822b90a509319c1b610a3"
[20:14:22.783] [32mINFO[39m: [36mRequired engine migration verified[39m
    module: "worker"
    status: "applied"
    migration: "20260911_universal_v1_change_order_application"
    sourcePath: "C:\Users\Manfish\Documents\Codex\2026-09-04\let\work\backend-validation-checkout\backend\database\migrations\20260911_universal_v1_change_order_application.sql"
    sha256: "c89f3cc97feae9563764e0cae8f3df4391204277aaa0fed344ae8dad91c17a43"
[20:14:22.879] [32mINFO[39m: [36mRequired engine migration verified[39m
    module: "worker"
    status: "applied"
    migration: "20260912_universal_v1_work_order_execution_facts"
    sourcePath: "C:\Users\Manfish\Documents\Codex\2026-09-04\let\work\backend-validation-checkout\backend\database\migrations\20260912_universal_v1_work_order_execution_facts.sql"
    sha256: "fdbea47445c8a131c2b41f54f0ba4c57caa359ca2453b5bbe3ab6c12c494ce14"
[20:14:22.917] [32mINFO[39m: [36mRequired engine migration verified[39m
    module: "worker"
    status: "applied"
    migration: "20260913_universal_v1_completion_delivery_receipt"
    sourcePath: "C:\Users\Manfish\Documents\Codex\2026-09-04\let\work\backend-validation-checkout\backend\database\migrations\20260913_universal_v1_completion_delivery_receipt.sql"
    sha256: "6299c82b5bdd2383e6dbb4f5d4c2d3c59b21c5b4f985d4b80331713f4ceeb7af"
[20:14:22.996] [32mINFO[39m: [36mRequired engine migration verified[39m
    module: "worker"
    status: "applied"
    migration: "20260914_notification_provider_in_flight"
    sourcePath: "C:\Users\Manfish\Documents\Codex\2026-09-04\let\work\backend-validation-checkout\backend\database\migrations\20260914_notification_provider_in_flight.sql"
    sha256: "0b9a9e162477efd65db5204b667665197c5b7ffbb50efe86b041093f73d2cc2f"
[20:14:23.015] [32mINFO[39m: [36mRequired engine migration verified[39m
    module: "worker"
    status: "applied"
    migration: "20260915_ai_spend_attempt_ledger"
    sourcePath: "C:\Users\Manfish\Documents\Codex\2026-09-04\let\work\backend-validation-checkout\backend\database\migrations\20260915_ai_spend_attempt_ledger.sql"
    sha256: "63b2615ec02c6193c3a8e8b93de263a5b65ac5ec0cfb93cac1869fdf425bfb77"
[20:14:23.043] [32mINFO[39m: [36mRequired engine migration verified[39m
    module: "worker"
    status: "applied"
    migration: "20260916_provider_event_inbox_v1"
    sourcePath: "C:\Users\Manfish\Documents\Codex\2026-09-04\let\work\backend-validation-checkout\backend\database\migrations\20260916_provider_event_inbox_v1.sql"
    sha256: "452b2534f7559326b3772c84d2c3b12bf2c4b6e7623b2a214cd0d20bd09f07a4"
[20:14:23.063] [32mINFO[39m: [36mRequired engine migration verified[39m
    module: "worker"
    status: "applied"
    migration: "20260917_financial_provider_command_journal_v1"
    sourcePath: "C:\Users\Manfish\Documents\Codex\2026-09-04\let\work\backend-validation-checkout\backend\database\migrations\20260917_financial_provider_command_journal_v1.sql"
    sha256: "1ef51473dda118ffe7ff7799ae66e388a66ff9fa34f71df0fa1dc281b1b72577"
[20:14:23.152] [32mINFO[39m: [36mRequired engine migration verified[39m
    module: "worker"
    status: "applied"
    migration: "20260918_universal_v1_prepared_financial_command_v1"
    sourcePath: "C:\Users\Manfish\Documents\Codex\2026-09-04\let\work\backend-validation-checkout\backend\database\migrations\20260918_universal_v1_prepared_financial_command_v1.sql"
    sha256: "dccae61700235f6e0609bef77e454b808af148c347978ae08b422ded77bd8920"
[20:14:23.263] [32mINFO[39m: [36mRequired engine migration verified[39m
    module: "worker"
    status: "applied"
    migration: "20260919_provider_event_processing_v1"
    sourcePath: "C:\Users\Manfish\Documents\Codex\2026-09-04\let\work\backend-validation-checkout\backend\database\migrations\20260919_provider_event_processing_v1.sql"
    sha256: "48a0874f8cf045c5507071ee7013605101c9d50988fd55a97a6148b979b9e798"
[20:14:23.387] [32mINFO[39m: [36mRequired engine migration verified[39m
    module: "worker"
    status: "applied"
    migration: "20260920_financial_provider_command_recovery_v1"
    sourcePath: "C:\Users\Manfish\Documents\Codex\2026-09-04\let\work\backend-validation-checkout\backend\database\migrations\20260920_financial_provider_command_recovery_v1.sql"
    sha256: "f7e8b62942c1aed5435d2d7d805273effd52fc8041e78561d8ad9d3f69a77daf"
[20:14:23.403] [32mINFO[39m: [36mRequired engine migration verified[39m
    module: "worker"
    status: "applied"
    migration: "20260923_legacy_escrow_insert_containment_v1"
    sourcePath: "C:\Users\Manfish\Documents\Codex\2026-09-04\let\work\backend-validation-checkout\backend\database\migrations\20260923_legacy_escrow_insert_containment_v1.sql"
    sha256: "6b9a51a3aa3e963c13585ba5c374c55164a76be9dfffc91303175a523c9ab5d1"
[20:14:23.456] [32mINFO[39m: [36mRequired engine migration verified[39m
    module: "worker"
    status: "applied"
    migration: "20260924_universal_v1_task_draft_route_context_v1"
    sourcePath: "C:\Users\Manfish\Documents\Codex\2026-09-04\let\work\backend-validation-checkout\backend\database\migrations\20260924_universal_v1_task_draft_route_context_v1.sql"
    sha256: "530539ce2d5b3a002bb7ee5e41666334fd4a1d642dc3ac410cd5bae719b2e76f"
[20:14:23.540] [32mINFO[39m: [36mRequired engine migration verified[39m
    module: "worker"
    status: "applied"
    migration: "20260925_universal_v1_work_order_compensation_v1"
    sourcePath: "C:\Users\Manfish\Documents\Codex\2026-09-04\let\work\backend-validation-checkout\backend\database\migrations\20260925_universal_v1_work_order_compensation_v1.sql"
    sha256: "eca44af1528e1a21b718bc765cd8bc740e779bc02497195ddba7da00607f9169"
[20:14:23.605] [32mINFO[39m: [36mRequired engine migration verified[39m
    module: "worker"
    status: "applied"
    migration: "20260928_provider_observation_normalization_v1"
    sourcePath: "C:\Users\Manfish\Documents\Codex\2026-09-04\let\work\backend-validation-checkout\backend\database\migrations\20260928_provider_observation_normalization_v1.sql"
    sha256: "526872fabf6ee65126e3e864ec7d7fb7b830d08d95b8b35799fad8aadc8e7607"
[20:14:23.790] [32mINFO[39m: [36mRequired engine migration verified[39m
    module: "worker"
    status: "applied"
    migration: "20260929_universal_v1_double_entry_ledger_v1"
    sourcePath: "C:\Users\Manfish\Documents\Codex\2026-09-04\let\work\backend-validation-checkout\backend\database\migrations\20260929_universal_v1_double_entry_ledger_v1.sql"
    sha256: "1ad5d75901ad4de964ca821ca8a78bf37bfdb7322b2a2a2119c7bc60325f3102"
[20:14:23.982] [32mINFO[39m: [36mRequired engine migration verified[39m
    module: "worker"
    status: "applied"
    migration: "20260930_universal_v1_ops_cases_v1"
    sourcePath: "C:\Users\Manfish\Documents\Codex\2026-09-04\let\work\backend-validation-checkout\backend\database\migrations\20260930_universal_v1_ops_cases_v1.sql"
    sha256: "5a60b4ec860d26c1e5251cde4fd8a2f7a5aa9f567dc52adc87a2fb6d72cab104"
[20:14:24.135] [32mINFO[39m: [36mRequired engine migration verified[39m
    module: "worker"
    status: "applied"
    migration: "20261001_universal_v1_relationship_origin_v1"
    sourcePath: "C:\Users\Manfish\Documents\Codex\2026-09-04\let\work\backend-validation-checkout\backend\database\migrations\20261001_universal_v1_relationship_origin_v1.sql"
    sha256: "099372b9a542f268661d61d4ac618a11170fe81a26ae13af0512a82c2405e077"
[20:14:24.383] [32mINFO[39m: [36mRequired engine migration verified[39m
    module: "worker"
    status: "applied"
    migration: "20261002_universal_v1_dispute_recovery_v1"
    sourcePath: "C:\Users\Manfish\Documents\Codex\2026-09-04\let\work\backend-validation-checkout\backend\database\migrations\20261002_universal_v1_dispute_recovery_v1.sql"
    sha256: "6137ad651293d9a7f074b225bbd0f861911892427868ad84aff17425673fa189"
[20:14:24.446] [32mINFO[39m: [36mRequired engine migration verified[39m
    module: "worker"
    status: "applied"
    migration: "20261003_universal_v1_task_opportunities_v1"
    sourcePath: "C:\Users\Manfish\Documents\Codex\2026-09-04\let\work\backend-validation-checkout\backend\database\migrations\20261003_universal_v1_task_opportunities_v1.sql"
    sha256: "8f2e2e0edf387fd89cd936bbab6059cd4a4e22abbb3aae73951f3f466eca84b7"
[20:14:24.557] [32mINFO[39m: [36mRequired engine migration verified[39m
    module: "worker"
    status: "applied"
    migration: "20261004_universal_v1_completion_notice_dispatch_v1"
    sourcePath: "C:\Users\Manfish\Documents\Codex\2026-09-04\let\work\backend-validation-checkout\backend\database\migrations\20261004_universal_v1_completion_notice_dispatch_v1.sql"
    sha256: "f5723941769d027e496d0a3a7fed32b29b1a02ff76db97ead815acd46a7fdee8"
[20:14:24.605] [32mINFO[39m: [36mRequired engine migration verified[39m
    module: "worker"
    status: "applied"
    migration: "20261005_universal_v1_occurrence_access_audit_v1"
    sourcePath: "C:\Users\Manfish\Documents\Codex\2026-09-04\let\work\backend-validation-checkout\backend\database\migrations\20261005_universal_v1_occurrence_access_audit_v1.sql"
    sha256: "d805ce946b7aba804be55aea9f131cff99047adaa7d46cd3d21242ac492ec364"
[20:14:24.659] [32mINFO[39m: [36mRequired engine migration verified[39m
    module: "worker"
    status: "applied"
    migration: "20261006_stage1_legacy_authority_containment_v1"
    sourcePath: "C:\Users\Manfish\Documents\Codex\2026-09-04\let\work\backend-validation-checkout\backend\database\migrations\20261006_stage1_legacy_authority_containment_v1.sql"
    sha256: "5cc6f5710696048b98c97ea06993a56aefaf711bac7a04dd973059f957d4eb63"
[20:14:24.716] [32mINFO[39m: [36mRequired engine migration verified[39m
    module: "worker"
    status: "applied"
    migration: "20261007_subscription_cancellation_recovery_v1"
    sourcePath: "C:\Users\Manfish\Documents\Codex\2026-09-04\let\work\backend-validation-checkout\backend\database\migrations\20261007_subscription_cancellation_recovery_v1.sql"
    sha256: "b6671677f556655c2cc3bad374a341a7667a0c431155397dbc0f5ad8029ffdb4"
[20:14:24.735] [32mINFO[39m: [36mRequired engine migration verified[39m
    module: "worker"
    status: "applied"
    migration: "20261008_universal_v1_work_order_task_state_containment_v1"
    sourcePath: "C:\Users\Manfish\Documents\Codex\2026-09-04\let\work\backend-validation-checkout\backend\database\migrations\20261008_universal_v1_work_order_task_state_containment_v1.sql"
    sha256: "2c3a3050a5a4efb3380e9746d77526a22adf33438c7e31521c589998b860ba04"
[20:14:24.972] [32mINFO[39m: [36mRequired engine migration verified[39m
    module: "worker"
    status: "applied"
    migration: "20261009_universal_v1_standardized_quote_readiness_v1"
    sourcePath: "C:\Users\Manfish\Documents\Codex\2026-09-04\let\work\backend-validation-checkout\backend\database\migrations\20261009_universal_v1_standardized_quote_readiness_v1.sql"
    sha256: "e088ec77e6dde547c5125807b6b6a83a318cc31a3c23a60233a87040a4ae8a2a"
[20:14:25.000] [32mINFO[39m: [36mRequired engine migration verified[39m
    module: "worker"
    status: "applied"
    migration: "20261010_universal_v1_financial_security_event_expiry_v1"
    sourcePath: "C:\Users\Manfish\Documents\Codex\2026-09-04\let\work\backend-validation-checkout\backend\database\migrations\20261010_universal_v1_financial_security_event_expiry_v1.sql"
    sha256: "1203de8b3a8a3457d439e51b7cc17d446ab1c9ae9a0c416b677f114d91e08a7b"
[20:14:25.140] [32mINFO[39m: [36mRequired engine migration verified[39m
    module: "worker"
    status: "applied"
    migration: "20261012_universal_v1_work_order_command_authority_v2"
    sourcePath: "C:\Users\Manfish\Documents\Codex\2026-09-04\let\work\backend-validation-checkout\backend\database\migrations\20261012_universal_v1_work_order_command_authority_v2.sql"
    sha256: "646a94805c9f6df5a487e4af11167329e82a9739ff81c5198c8d1db6f6bfd30d"
Prepared isolated system PostgreSQL test database (146 migrations)
[20:14:25.327] [32mINFO[39m: [36mRequired engine migration verified[39m
    module: "worker"
    status: "applied"
    migration: "20261014_universal_v1_work_order_command_ports_v1"
    sourcePath: "C:\Users\Manfish\Documents\Codex\2026-09-04\let\work\backend-validation-checkout\backend\database\migrations\20261014_universal_v1_work_order_command_ports_v1.sql"
    sha256: "3920ac8d3208b9f573dc331cab60c373d0349611700c6e14a6e4c1dd8c53aac4"
[20:14:25.335] [32mINFO[39m: [36mLegacy exact-location encryption backfill verified[39m
    module: "worker"
    backfilledLocationCount: 0
Prepared isolated invariant fake-finance fixture (26d451ef2812b11cf221290635cee4c402d16012e19741e58663b86e6ae10ec8,74cfbdde587bccd761a6043571d5c9dc2fde797d428911a45cb6eef7d0bb1389,77432de4ab69f63f23ef2558a4ef2164ac8a233ad394d66bf70e0142517dc1ef,63075ae3094cc8d4d26999fbb1c2b31babe89b6bc2e7d99f092955452dd85e5e,f1bc0be5cb925734d909a83018f7528c4b3c31654ae9f5cae3b8993c4f5ef693,574d440fea618c4a44efaf56e0a5f6f4cd84fd46089a12c2d071aa813a295613,8ae30fd8e3b990e839fd6ed6dbed3c715ed6d9b8954fe8aaa49bbcbe09986078,41e76dfa7f3293e1f9cf1bfda7b7c25344beec218366492b6ffa217ccdc8a0dc,9c53bd9f8f9524b177c9b08f023bb3005d84ab6c159394ae6490ee1e48ad496d,739ce58699a11ea0078c0c2eb910ec8a2adb2278e6af2aeefe041cc07c3d6a25,e4204c41457be1ceb823b48baf228010e266172f6e081693475f05a670fcd35c,5bb8ee72b9113146b88c22c6751ebe527ba6246b4463a8611ef9c24b999b7ac5,c69825589193885d0f6a3b93930880998e95e1c5cd44bb9b5999cb457192b2bd,71d8ce41ec1437725559b687505d77e624817f532648b12a87567dfd6f205d27)
Prepared isolated system fake-finance fixture (26d451ef2812b11cf221290635cee4c402d16012e19741e58663b86e6ae10ec8,74cfbdde587bccd761a6043571d5c9dc2fde797d428911a45cb6eef7d0bb1389,77432de4ab69f63f23ef2558a4ef2164ac8a233ad394d66bf70e0142517dc1ef,63075ae3094cc8d4d26999fbb1c2b31babe89b6bc2e7d99f092955452dd85e5e,f1bc0be5cb925734d909a83018f7528c4b3c31654ae9f5cae3b8993c4f5ef693,574d440fea618c4a44efaf56e0a5f6f4cd84fd46089a12c2d071aa813a295613,8ae30fd8e3b990e839fd6ed6dbed3c715ed6d9b8954fe8aaa49bbcbe09986078,41e76dfa7f3293e1f9cf1bfda7b7c25344beec218366492b6ffa217ccdc8a0dc,9c53bd9f8f9524b177c9b08f023bb3005d84ab6c159394ae6490ee1e48ad496d,739ce58699a11ea0078c0c2eb910ec8a2adb2278e6af2aeefe041cc07c3d6a25,e4204c41457be1ceb823b48baf228010e266172f6e081693475f05a670fcd35c,5bb8ee72b9113146b88c22c6751ebe527ba6246b4463a8611ef9c24b999b7ac5,c69825589193885d0f6a3b93930880998e95e1c5cd44bb9b5999cb457192b2bd,71d8ce41ec1437725559b687505d77e624817f532648b12a87567dfd6f205d27)

 RUN  v4.1.10 C:/Users/Manfish/Documents/Codex/2026-09-04/let/work/backend-validation-checkout

 ✓ |isolated| backend/tests/unit/service-gdpr.test.ts (95 tests) 127ms
 ✓ |isolated| backend/tests/unit/work-order-command-role-authority.test.ts (33 tests) 603ms
 ✓ |isolated| backend/tests/unit/task-service.test.ts (143 tests) 146ms
 ✓ |isolated| backend/tests/unit/escrow-router.test.ts (98 tests) 160ms
 ✓ |isolated| backend/tests/unit/ai-ml-services-batch.test.ts (97 tests) 805ms
       ✓ generates delivery proposal with vehicle capability  366ms
 ✓ |isolated| backend/tests/unit/user-router.test.ts (96 tests) 84ms
stderr | backend/tests/unit/analytics-feed-batch.test.ts > AnomalyDetectionService.createIncidentEvent > returns error when db throws
AnomalyDetectionService.createIncidentEvent error: Error: PG error
    at C:/Users/Manfish/Documents/Codex/2026-09-04/let/work/backend-validation-checkout/backend/tests/unit/analytics-feed-batch.test.ts:1070:40
    at file:///C:/Users/Manfish/Documents/Codex/2026-09-04/let/work/backend-validation-checkout/node_modules/@vitest/runner/dist/chunk-artifact.js:302:11
    at file:///C:/Users/Manfish/Documents/Codex/2026-09-04/let/work/backend-validation-checkout/node_modules/@vitest/runner/dist/chunk-artifact.js:1903:26
    at file:///C:/Users/Manfish/Documents/Codex/2026-09-04/let/work/backend-validation-checkout/node_modules/@vitest/runner/dist/chunk-artifact.js:2326:20
    at new Promise (<anonymous>)
    at runWithCancel (file:///C:/Users/Manfish/Documents/Codex/2026-09-04/let/work/backend-validation-checkout/node_modules/@vitest/runner/dist/chunk-artifact.js:2323:10)
    at file:///C:/Users/Manfish/Documents/Codex/2026-09-04/let/work/backend-validation-checkout/node_modules/@vitest/runner/dist/chunk-artifact.js:2305:20
    at new Promise (<anonymous>)
    at runWithTimeout (file:///C:/Users/Manfish/Documents/Codex/2026-09-04/let/work/backend-validation-checkout/node_modules/@vitest/runner/dist/chunk-artifact.js:2272:10)
    at file:///C:/Users/Manfish/Documents/Codex/2026-09-04/let/work/backend-validation-checkout/node_modules/@vitest/runner/dist/chunk-artifact.js:2955:64

 ✓ |isolated| backend/tests/unit/proof-service.test.ts (57 tests) 49ms
 ✓ |isolated| backend/tests/unit/analytics-feed-batch.test.ts (114 tests) 131ms
 ✓ |isolated| backend/tests/unit/fake-financial-outcome.test.ts (129 tests) 376ms
 ✓ |isolated| backend/tests/unit/self-insurance-pool-service.test.ts (54 tests) 50ms
 ✓ |isolated| backend/tests/unit/infra-middleware-batch.test.ts (116 tests) 165ms
[20:14:40.530] [32mINFO[39m: [36mNonproduction fake-financial migrations verified[39m
    module: "worker"
    outcomes: [
      {
        "status": "applied",
        "migration": "20260827_fake_financial_provider_v1",
        "sourcePath": "/app/backend/database/migrations/20260827_fake_financial_provider_v1.sql",
        "sha256": "26d451ef2812b11cf221290635cee4c402d16012e19741e58663b86e6ae10ec8"
      },
      {
        "status": "applied",
        "migration": "20260903_fake_financial_provider_account_refresh_v2",
        "sourcePath": "/app/backend/database/migrations/20260903_fake_financial_provider_account_refresh_v2.sql",
        "sha256": "74cfbdde587bccd761a6043571d5c9dc2fde797d428911a45cb6eef7d0bb1389"
      },
      {
        "status": "applied",
        "migration": "20260910_fake_financial_settlement_completion_v3",
        "sourcePath": "/app/backend/database/migrations/20260910_fake_financial_settlement_completion_v3.sql",
        "sha256": "77432de4ab69f63f23ef2558a4ef2164ac8a233ad394d66bf70e0142517dc1ef"
      },
      {
        "status": "applied",
        "migration": "20260921_universal_v1_fake_financial_lifecycle_bridge_v1",
        "sourcePath": "/app/backend/database/migrations/20260921_universal_v1_fake_financial_lifecycle_bridge_v1.sql",
        "sha256": "63075ae3094cc8d4d26999fbb1c2b31babe89b6bc2e7d99f092955452dd85e5e"
      },
      {
        "status": "applied",
        "migration": "20260922_universal_v1_fake_terminal_lifecycle_intent_v1",
        "sourcePath": "/app/backend/database/migrations/20260922_universal_v1_fake_terminal_lifecycle_intent_v1.sql",
        "sha256": "f1bc0be5cb925734d909a83018f7528c4b3c31654ae9f5cae3b8993c4f5ef693"
      },
      {
        "status": "applied",
        "migration": "20260926_universal_v1_change_order_three_phase_v1",
        "sourcePath": "/app/backend/database/migrations/20260926_universal_v1_change_order_three_phase_v1.sql",
        "sha256": "574d440fea618c4a44efaf56e0a5f6f4cd84fd46089a12c2d071aa813a295613"
      },
      {
        "status": "applied",
        "migration": "20260927_universal_v1_change_order_recovery_v1",
        "sourcePath": "/app/backend/database/migrations/20260927_universal_v1_change_order_recovery_v1.sql",
        "sha256": "8ae30fd8e3b990e839fd6ed6dbed3c715ed6d9b8954fe8aaa49bbcbe09986078"
      },
      {
        "status": "applied",
        "migration": "20261002_universal_v1_dispute_fake_release_gate_v8",
        "sourcePath": "/app/backend/database/migrations/20261002_universal_v1_dispute_fake_release_gate_v8.sql",
        "sha256": "41e76dfa7f3293e1f9cf1bfda7b7c25344beec218366492b6ffa217ccdc8a0dc"
      },
      {
        "status": "applied",
        "migration": "20261010_universal_v1_fake_financial_expiry_v9",
        "sourcePath": "/app/backend/database/migrations/20261010_universal_v1_fake_financial_expiry_v9.sql",
        "sha256": "9c53bd9f8f9524b177c9b08f023bb3005d84ab6c159394ae6490ee1e48ad496d"
      },
      {
        "status": "applied",
        "migration": "20261011_universal_v1_fake_financial_expiry_recovery_v10",
        "sourcePath": "/app/backend/database/migrations/20261011_universal_v1_fake_financial_expiry_recovery_v10.sql",
        "sha256": "739ce58699a11ea0078c0c2eb910ec8a2adb2278e6af2aeefe041cc07c3d6a25"
      },
      {
        "status": "applied",
        "migration": "20261013_nonproduction_runtime_insert_authority_v1",
        "sourcePath": "/app/backend/database/migrations/20261013_nonproduction_runtime_insert_authority_v1.sql",
        "sha256": "e4204c41457be1ceb823b48baf228010e266172f6e081693475f05a670fcd35c"
      },
      {
        "status": "applied",
        "migration": "20261015_universal_v1_work_order_fake_financial_authority_hardening_v12",
        "sourcePath": "/app/backend/database/migrations/20261015_universal_v1_work_order_fake_financial_authority_hardening_v12.sql",
        "sha256": "5bb8ee72b9113146b88c22c6751ebe527ba6246b4463a8611ef9c24b999b7ac5"
      },
      {
        "status": "applied",
        "migration": "20261015_universal_v1_work_order_bootstrap_seal_v1",
        "sourcePath": "/app/backend/database/migrations/20261015_universal_v1_work_order_bootstrap_seal_v1.sql",
        "sha256": "c69825589193885d0f6a3b93930880998e95e1c5cd44bb9b5999cb457192b2bd"
      },
      {
        "status": "applied",
        "migration": "20261016_universal_v1_fake_financial_command_outbox_authority_v13",
        "sourcePath": "/app/backend/database/migrations/20261016_universal_v1_fake_financial_command_outbox_authority_v13.sql",
        "sha256": "71d8ce41ec1437725559b687505d77e624817f532648b12a87567dfd6f205d27"
      }
    ]
[20:14:40.559] [41mFATAL[49m: [36mNonproduction fake-financial migration failed closed[39m
    module: "worker"
    err: {
      "type": "Error",
      "message": "fake migration commit outcome ambiguous",
      "stack":
          Error: fake migration commit outcome ambiguous
              at C:/Users/Manfish/Documents/Codex/2026-09-04/let/work/backend-validation-checkout/backend/tests/unit/nonproduction-financial-migration.test.ts:604:25
              at file:///C:/Users/Manfish/Documents/Codex/2026-09-04/let/work/backend-validation-checkout/node_modules/@vitest/runner/dist/chunk-artifact.js:302:11
              at file:///C:/Users/Manfish/Documents/Codex/2026-09-04/let/work/backend-validation-checkout/node_modules/@vitest/runner/dist/chunk-artifact.js:1903:26
              at file:///C:/Users/Manfish/Documents/Codex/2026-09-04/let/work/backend-validation-checkout/node_modules/@vitest/runner/dist/chunk-artifact.js:2326:20
              at new Promise (<anonymous>)
              at runWithCancel (file:///C:/Users/Manfish/Documents/Codex/2026-09-04/let/work/backend-validation-checkout/node_modules/@vitest/runner/dist/chunk-artifact.js:2323:10)
              at file:///C:/Users/Manfish/Documents/Codex/2026-09-04/let/work/backend-validation-checkout/node_modules/@vitest/runner/dist/chunk-artifact.js:2305:20
              at new Promise (<anonymous>)
              at runWithTimeout (file:///C:/Users/Manfish/Documents/Codex/2026-09-04/let/work/backend-validation-checkout/node_modules/@vitest/runner/dist/chunk-artifact.js:2272:10)
              at file:///C:/Users/Manfish/Documents/Codex/2026-09-04/let/work/backend-validation-checkout/node_modules/@vitest/runner/dist/chunk-artifact.js:2955:64
    }
[20:14:40.592] [32mINFO[39m: [36mNonproduction fake-financial migrations verified[39m
    module: "worker"
    outcomes: [
      {
        "status": "already_applied",
        "migration": "20260827_fake_financial_provider_v1",
        "sourcePath": "/app/backend/database/migrations/20260827_fake_financial_provider_v1.sql",
        "sha256": "26d451ef2812b11cf221290635cee4c402d16012e19741e58663b86e6ae10ec8"
      },
      {
        "status": "already_applied",
        "migration": "20260903_fake_financial_provider_account_refresh_v2",
        "sourcePath": "/app/backend/database/migrations/20260903_fake_financial_provider_account_refresh_v2.sql",
        "sha256": "74cfbdde587bccd761a6043571d5c9dc2fde797d428911a45cb6eef7d0bb1389"
      },
      {
        "status": "already_applied",
        "migration": "20260910_fake_financial_settlement_completion_v3",
        "sourcePath": "/app/backend/database/migrations/20260910_fake_financial_settlement_completion_v3.sql",
        "sha256": "77432de4ab69f63f23ef2558a4ef2164ac8a233ad394d66bf70e0142517dc1ef"
      },
      {
        "status": "already_applied",
        "migration": "20260921_universal_v1_fake_financial_lifecycle_bridge_v1",
        "sourcePath": "/app/backend/database/migrations/20260921_universal_v1_fake_financial_lifecycle_bridge_v1.sql",
        "sha256": "63075ae3094cc8d4d26999fbb1c2b31babe89b6bc2e7d99f092955452dd85e5e"
      },
      {
        "status": "already_applied",
        "migration": "20260922_universal_v1_fake_terminal_lifecycle_intent_v1",
        "sourcePath": "/app/backend/database/migrations/20260922_universal_v1_fake_terminal_lifecycle_intent_v1.sql",
        "sha256": "f1bc0be5cb925734d909a83018f7528c4b3c31654ae9f5cae3b8993c4f5ef693"
      },
      {
        "status": "already_applied",
        "migration": "20260926_universal_v1_change_order_three_phase_v1",
        "sourcePath": "/app/backend/database/migrations/20260926_universal_v1_change_order_three_phase_v1.sql",
        "sha256": "574d440fea618c4a44efaf56e0a5f6f4cd84fd46089a12c2d071aa813a295613"
      },
      {
        "status": "already_applied",
        "migration": "20260927_universal_v1_change_order_recovery_v1",
        "sourcePath": "/app/backend/database/migrations/20260927_universal_v1_change_order_recovery_v1.sql",
        "sha256": "8ae30fd8e3b990e839fd6ed6dbed3c715ed6d9b8954fe8aaa49bbcbe09986078"
      },
      {
        "status": "already_applied",
        "migration": "20261002_universal_v1_dispute_fake_release_gate_v8",
        "sourcePath": "/app/backend/database/migrations/20261002_universal_v1_dispute_fake_release_gate_v8.sql",
        "sha256": "41e76dfa7f3293e1f9cf1bfda7b7c25344beec218366492b6ffa217ccdc8a0dc"
      },
      {
        "status": "already_applied",
        "migration": "20261010_universal_v1_fake_financial_expiry_v9",
        "sourcePath": "/app/backend/database/migrations/20261010_universal_v1_fake_financial_expiry_v9.sql",
        "sha256": "9c53bd9f8f9524b177c9b08f023bb3005d84ab6c159394ae6490ee1e48ad496d"
      },
      {
        "status": "already_applied",
        "migration": "20261011_universal_v1_fake_financial_expiry_recovery_v10",
        "sourcePath": "/app/backend/database/migrations/20261011_universal_v1_fake_financial_expiry_recovery_v10.sql",
        "sha256": "739ce58699a11ea0078c0c2eb910ec8a2adb2278e6af2aeefe041cc07c3d6a25"
      },
      {
        "status": "already_applied",
        "migration": "20261013_nonproduction_runtime_insert_authority_v1",
        "sourcePath": "/app/backend/database/migrations/20261013_nonproduction_runtime_insert_authority_v1.sql",
        "sha256": "e4204c41457be1ceb823b48baf228010e266172f6e081693475f05a670fcd35c"
      },
      {
        "status": "already_applied",
        "migration": "20261015_universal_v1_work_order_fake_financial_authority_hardening_v12",
        "sourcePath": "/app/backend/database/migrations/20261015_universal_v1_work_order_fake_financial_authority_hardening_v12.sql",
        "sha256": "5bb8ee72b9113146b88c22c6751ebe527ba6246b4463a8611ef9c24b999b7ac5"
      },
      {
        "status": "already_applied",
        "migration": "20261015_universal_v1_work_order_bootstrap_seal_v1",
        "sourcePath": "/app/backend/database/migrations/20261015_universal_v1_work_order_bootstrap_seal_v1.sql",
        "sha256": "c69825589193885d0f6a3b93930880998e95e1c5cd44bb9b5999cb457192b2bd"
      },
      {
        "status": "already_applied",
        "migration": "20261016_universal_v1_fake_financial_command_outbox_authority_v13",
        "sourcePath": "/app/backend/database/migrations/20261016_universal_v1_fake_financial_command_outbox_authority_v13.sql",
        "sha256": "71d8ce41ec1437725559b687505d77e624817f532648b12a87567dfd6f205d27"
      }
    ]
[20:14:40.628] [32mINFO[39m: [36mNonproduction fake-financial migrations verified[39m
    module: "worker"
    outcomes: [
      {
        "status": "already_applied",
        "migration": "20260827_fake_financial_provider_v1",
        "sourcePath": "/app/backend/database/migrations/20260827_fake_financial_provider_v1.sql",
        "sha256": "26d451ef2812b11cf221290635cee4c402d16012e19741e58663b86e6ae10ec8"
      },
      {
        "status": "applied",
        "migration": "20260903_fake_financial_provider_account_refresh_v2",
        "sourcePath": "/app/backend/database/migrations/20260903_fake_financial_provider_account_refresh_v2.sql",
        "sha256": "74cfbdde587bccd761a6043571d5c9dc2fde797d428911a45cb6eef7d0bb1389"
      },
      {
        "status": "applied",
        "migration": "20260910_fake_financial_settlement_completion_v3",
        "sourcePath": "/app/backend/database/migrations/20260910_fake_financial_settlement_completion_v3.sql",
        "sha256": "77432de4ab69f63f23ef2558a4ef2164ac8a233ad394d66bf70e0142517dc1ef"
      },
      {
        "status": "applied",
        "migration": "20260921_universal_v1_fake_financial_lifecycle_bridge_v1",
        "sourcePath": "/app/backend/database/migrations/20260921_universal_v1_fake_financial_lifecycle_bridge_v1.sql",
        "sha256": "63075ae3094cc8d4d26999fbb1c2b31babe89b6bc2e7d99f092955452dd85e5e"
      },
      {
        "status": "applied",
        "migration": "20260922_universal_v1_fake_terminal_lifecycle_intent_v1",
        "sourcePath": "/app/backend/database/migrations/20260922_universal_v1_fake_terminal_lifecycle_intent_v1.sql",
        "sha256": "f1bc0be5cb925734d909a83018f7528c4b3c31654ae9f5cae3b8993c4f5ef693"
      },
      {
        "status": "applied",
        "migration": "20260926_universal_v1_change_order_three_phase_v1",
        "sourcePath": "/app/backend/database/migrations/20260926_universal_v1_change_order_three_phase_v1.sql",
        "sha256": "574d440fea618c4a44efaf56e0a5f6f4cd84fd46089a12c2d071aa813a295613"
      },
      {
        "status": "applied",
        "migration": "20260927_universal_v1_change_order_recovery_v1",
        "sourcePath": "/app/backend/database/migrations/20260927_universal_v1_change_order_recovery_v1.sql",
        "sha256": "8ae30fd8e3b990e839fd6ed6dbed3c715ed6d9b8954fe8aaa49bbcbe09986078"
      },
      {
        "status": "applied",
        "migration": "20261002_universal_v1_dispute_fake_release_gate_v8",
        "sourcePath": "/app/backend/database/migrations/20261002_universal_v1_dispute_fake_release_gate_v8.sql",
        "sha256": "41e76dfa7f3293e1f9cf1bfda7b7c25344beec218366492b6ffa217ccdc8a0dc"
      },
      {
        "status": "applied",
        "migration": "20261010_universal_v1_fake_financial_expiry_v9",
        "sourcePath": "/app/backend/database/migrations/20261010_universal_v1_fake_financial_expiry_v9.sql",
        "sha256": "9c53bd9f8f9524b177c9b08f023bb3005d84ab6c159394ae6490ee1e48ad496d"
      },
      {
        "status": "applied",
        "migration": "20261011_universal_v1_fake_financial_expiry_recovery_v10",
        "sourcePath": "/app/backend/database/migrations/20261011_universal_v1_fake_financial_expiry_recovery_v10.sql",
        "sha256": "739ce58699a11ea0078c0c2eb910ec8a2adb2278e6af2aeefe041cc07c3d6a25"
      },
      {
        "status": "applied",
        "migration": "20261013_nonproduction_runtime_insert_authority_v1",
        "sourcePath": "/app/backend/database/migrations/20261013_nonproduction_runtime_insert_authority_v1.sql",
        "sha256": "e4204c41457be1ceb823b48baf228010e266172f6e081693475f05a670fcd35c"
      },
      {
        "status": "applied",
        "migration": "20261015_universal_v1_work_order_fake_financial_authority_hardening_v12",
        "sourcePath": "/app/backend/database/migrations/20261015_universal_v1_work_order_fake_financial_authority_hardening_v12.sql",
        "sha256": "5bb8ee72b9113146b88c22c6751ebe527ba6246b4463a8611ef9c24b999b7ac5"
      },
      {
        "status": "applied",
        "migration": "20261015_universal_v1_work_order_bootstrap_seal_v1",
        "sourcePath": "/app/backend/database/migrations/20261015_universal_v1_work_order_bootstrap_seal_v1.sql",
        "sha256": "c69825589193885d0f6a3b93930880998e95e1c5cd44bb9b5999cb457192b2bd"
      },
      {
        "status": "applied",
        "migration": "20261016_universal_v1_fake_financial_command_outbox_authority_v13",
        "sourcePath": "/app/backend/database/migrations/20261016_universal_v1_fake_financial_command_outbox_authority_v13.sql",
        "sha256": "71d8ce41ec1437725559b687505d77e624817f532648b12a87567dfd6f205d27"
      }
    ]
[20:14:40.657] [41mFATAL[49m: [36mNonproduction fake-financial migration failed closed[39m
    module: "worker"
    err: {
      "type": "Error",
      "message": "NONPRODUCTION_FAKE_FINANCIAL_SCHEMA_DIGEST_MISMATCH",
      "stack":
          Error: NONPRODUCTION_FAKE_FINANCIAL_SCHEMA_DIGEST_MISMATCH
              at applyVerifiedFakeFinancialMigration (C:/Users/Manfish/Documents/Codex/2026-09-04/let/work/backend-validation-checkout/backend/src/jobs/nonproduction-financial-migration.ts:380:15)
              at applyFakeFinancialMigrationChainOnConnectedClient (C:/Users/Manfish/Documents/Codex/2026-09-04/let/work/backend-validation-checkout/backend/src/jobs/nonproduction-financial-migration.ts:415:7)
              at runNonproductionFinancialMigration (C:/Users/Manfish/Documents/Codex/2026-09-04/let/work/backend-validation-checkout/backend/src/jobs/nonproduction-financial-migration.ts:503:20)
              at C:/Users/Manfish/Documents/Codex/2026-09-04/let/work/backend-validation-checkout/backend/tests/unit/nonproduction-financial-migration.test.ts:737:7
              at file:///C:/Users/Manfish/Documents/Codex/2026-09-04/let/work/backend-validation-checkout/node_modules/@vitest/runner/dist/chunk-artifact.js:1903:20
    }
[20:14:40.681] [41mFATAL[49m: [36mNonproduction fake-financial migration failed closed[39m
    module: "worker"
    err: {
      "type": "Error",
      "message": "NONPRODUCTION_FAKE_FINANCIAL_SCHEMA_DIGEST_MISMATCH",
      "stack":
          Error: NONPRODUCTION_FAKE_FINANCIAL_SCHEMA_DIGEST_MISMATCH
              at applyVerifiedFakeFinancialMigration (C:/Users/Manfish/Documents/Codex/2026-09-04/let/work/backend-validation-checkout/backend/src/jobs/nonproduction-financial-migration.ts:380:15)
              at applyFakeFinancialMigrationChainOnConnectedClient (C:/Users/Manfish/Documents/Codex/2026-09-04/let/work/backend-validation-checkout/backend/src/jobs/nonproduction-financial-migration.ts:415:7)
              at runNonproductionFinancialMigration (C:/Users/Manfish/Documents/Codex/2026-09-04/let/work/backend-validation-checkout/backend/src/jobs/nonproduction-financial-migration.ts:503:20)
              at C:/Users/Manfish/Documents/Codex/2026-09-04/let/work/backend-validation-checkout/backend/tests/unit/nonproduction-financial-migration.test.ts:737:7
              at file:///C:/Users/Manfish/Documents/Codex/2026-09-04/let/work/backend-validation-checkout/node_modules/@vitest/runner/dist/chunk-artifact.js:1903:20
    }
[20:14:40.718] [41mFATAL[49m: [36mNonproduction fake-financial migration failed closed[39m
    module: "worker"
    err: {
      "type": "Error",
      "message": "NONPRODUCTION_FAKE_FINANCIAL_APPLIED_DIGEST_MISMATCH",
      "stack":
          Error: NONPRODUCTION_FAKE_FINANCIAL_APPLIED_DIGEST_MISMATCH
              at applyVerifiedFakeFinancialMigration (C:/Users/Manfish/Documents/Codex/2026-09-04/let/work/backend-validation-checkout/backend/src/jobs/nonproduction-financial-migration.ts:371:15)
              at applyFakeFinancialMigrationChainOnConnectedClient (C:/Users/Manfish/Documents/Codex/2026-09-04/let/work/backend-validation-checkout/backend/src/jobs/nonproduction-financial-migration.ts:415:7)
              at runNonproductionFinancialMigration (C:/Users/Manfish/Documents/Codex/2026-09-04/let/work/backend-validation-checkout/backend/src/jobs/nonproduction-financial-migration.ts:503:20)
              at C:/Users/Manfish/Documents/Codex/2026-09-04/let/work/backend-validation-checkout/backend/tests/unit/nonproduction-financial-migration.test.ts:754:7
              at file:///C:/Users/Manfish/Documents/Codex/2026-09-04/let/work/backend-validation-checkout/node_modules/@vitest/runner/dist/chunk-artifact.js:1903:20
    }
[20:14:40.738] [41mFATAL[49m: [36mNonproduction fake-financial migration failed closed[39m
    module: "worker"
    err: {
      "type": "Error",
      "message": "NONPRODUCTION_FAKE_FINANCIAL_APPLIED_DIGEST_MISMATCH",
      "stack":
          Error: NONPRODUCTION_FAKE_FINANCIAL_APPLIED_DIGEST_MISMATCH
              at applyVerifiedFakeFinancialMigration (C:/Users/Manfish/Documents/Codex/2026-09-04/let/work/backend-validation-checkout/backend/src/jobs/nonproduction-financial-migration.ts:371:15)
              at applyFakeFinancialMigrationChainOnConnectedClient (C:/Users/Manfish/Documents/Codex/2026-09-04/let/work/backend-validation-checkout/backend/src/jobs/nonproduction-financial-migration.ts:415:7)
              at runNonproductionFinancialMigration (C:/Users/Manfish/Documents/Codex/2026-09-04/let/work/backend-validation-checkout/backend/src/jobs/nonproduction-financial-migration.ts:503:20)
              at C:/Users/Manfish/Documents/Codex/2026-09-04/let/work/backend-validation-checkout/backend/tests/unit/nonproduction-financial-migration.test.ts:754:7
              at file:///C:/Users/Manfish/Documents/Codex/2026-09-04/let/work/backend-validation-checkout/node_modules/@vitest/runner/dist/chunk-artifact.js:1903:20
    }
 ✓ |isolated| backend/tests/unit/notification-service.test.ts (65 tests) 115ms
[20:14:40.908] [41mFATAL[49m: [36mNonproduction fake-financial migration failed closed[39m
    module: "worker"
    err: {
      "type": "Error",
      "message": "migration failed",
      "stack":
          Error: migration failed
              at Object.<anonymous> (C:/Users/Manfish/Documents/Codex/2026-09-04/let/work/backend-validation-checkout/backend/tests/unit/nonproduction-financial-migration.test.ts:1015:45)
              at Object.Mock [as query] (file:///C:/Users/Manfish/Documents/Codex/2026-09-04/let/work/backend-validation-checkout/node_modules/@vitest/spy/dist/index.js:332:34)
              at applyVerifiedFakeFinancialMigration (C:/Users/Manfish/Documents/Codex/2026-09-04/let/work/backend-validation-checkout/backend/src/jobs/nonproduction-financial-migration.ts:357:20)
              at applyFakeFinancialMigrationChainOnConnectedClient (C:/Users/Manfish/Documents/Codex/2026-09-04/let/work/backend-validation-checkout/backend/src/jobs/nonproduction-financial-migration.ts:415:7)
              at runNonproductionFinancialMigration (C:/Users/Manfish/Documents/Codex/2026-09-04/let/work/backend-validation-checkout/backend/src/jobs/nonproduction-financial-migration.ts:503:20)
              at C:/Users/Manfish/Documents/Codex/2026-09-04/let/work/backend-validation-checkout/backend/tests/unit/nonproduction-financial-migration.test.ts:1018:5
              at file:///C:/Users/Manfish/Documents/Codex/2026-09-04/let/work/backend-validation-checkout/node_modules/@vitest/runner/dist/chunk-artifact.js:1903:20
    }
[20:14:41.032] [32mINFO[39m: [36mRequired engine migration verified[39m
    module: "worker"
    status: "applied"
    migration: "add_missing_tables_v2"
    sourcePath: "C:\Users\Manfish\Documents\Codex\2026-09-04\let\work\backend-validation-checkout\backend\database\migrations\add_missing_tables_v2.sql"
    sha256: "0e82957e8c8ac0cdb2da99faaad235f64e8eda817ff60681e4455719b48a403e"
[20:14:41.033] [32mINFO[39m: [36mRequired engine migration verified[39m
    module: "worker"
    status: "applied"
    migration: "20260710_engine_automation_contracts"
    sourcePath: "C:\Users\Manfish\Documents\Codex\2026-09-04\let\work\backend-validation-checkout\backend\database\migrations\20260710_engine_automation_contracts.sql"
    sha256: "7581c779b858864ba4f1d7ec1af1fb8da613c53b8986adafcfd4de2cf07938a7"
[20:14:41.033] [32mINFO[39m: [36mRequired engine migration verified[39m
    module: "worker"
    status: "applied"
    migration: "20260711_required_proof_alignment"
    sourcePath: "C:\Users\Manfish\Documents\Codex\2026-09-04\let\work\backend-validation-checkout\backend\database\migrations\011-proof-alignment.sql"
    sha256: "aa042a77dc4f8b8fcad8b53f6e678a6c2ec4edf39d7c18f63399d184369759c3"
[20:14:41.033] [32mINFO[39m: [36mRequired engine migration verified[39m
    module: "worker"
    status: "applied"
    migration: "20260711_required_expertise_supply"
    sourcePath: "C:\Users\Manfish\Documents\Codex\2026-09-04\let\work\backend-validation-checkout\backend\database\migrations\expertise_supply_control.sql"
    sha256: "104803408da1a0196291254866cefb2944b4b45be5a2c81df334ecaac828cf39"
[20:14:41.033] [32mINFO[39m: [36mRequired engine migration verified[39m
    module: "worker"
    status: "applied"
    migration: "20260711_task_outcome_classification"
    sourcePath: "C:\Users\Manfish\Documents\Codex\2026-09-04\let\work\backend-validation-checkout\backend\database\migrations\20260711_task_outcome_classification.sql"
    sha256: "c723901db04a66d60ec231ac10324fe8834a32b9b6019b7a5aa0a651638cf791"
[20:14:41.033] [32mINFO[39m: [36mRequired engine migration verified[39m
    module: "worker"
    status: "applied"
    migration: "20260712_hustler_identity_link"
    sourcePath: "C:\Users\Manfish\Documents\Codex\2026-09-04\let\work\backend-validation-checkout\backend\database\migrations\20260712_hustler_identity_link.sql"
    sha256: "4ea3685d374532f90122a58b596d04a544c06bd701d0697037af15a964af3518"
[20:14:41.034] [32mINFO[39m: [36mRequired engine migration verified[39m
    module: "worker"
    status: "applied"
    migration: "20260712_dispatch_expiry_pending_payment_cancel"
    sourcePath: "C:\Users\Manfish\Documents\Codex\2026-09-04\let\work\backend-validation-checkout\backend\database\migrations\20260712_dispatch_expiry_pending_payment_cancel.sql"
    sha256: "4b29f0612985dbf9e90c2f437cc49dbf88223d3a78c67bfd48ebc88e16249a7f"
[20:14:41.034] [32mINFO[39m: [36mRequired engine migration verified[39m
    module: "worker"
    status: "applied"
    migration: "20260712_dispatch_expiry_no_payment_reconcile"
    sourcePath: "C:\Users\Manfish\Documents\Codex\2026-09-04\let\work\backend-validation-checkout\backend\database\migrations\20260712_dispatch_expiry_no_payment_reconcile.sql"
    sha256: "12d4e967e5b0a910debe5c187a5dc3bb18d3c2ce49375e6698aa856e12a60b72"
[20:14:41.034] [32mINFO[39m: [36mRequired engine migration verified[39m
    module: "worker"
    status: "applied"
    migration: "performance_indexes_v1"
    sourcePath: "C:\Users\Manfish\Documents\Codex\2026-09-04\let\work\backend-validation-checkout\backend\database\migrations\20260713_performance_indexes_alignment.sql"
    sha256: "3696d6feeed5f058d286ad62cbe8fb75a72e43cecc93cfcb162bb2ef61cb33cf"
[20:14:41.034] [32mINFO[39m: [36mRequired engine migration verified[39m
    module: "worker"
    status: "applied"
    migration: "chargeback_lifecycle_v1"
    sourcePath: "C:\Users\Manfish\Documents\Codex\2026-09-04\let\work\backend-validation-checkout\backend\database\migrations\chargeback_lifecycle.sql"
    sha256: "32905444b29504044c3f91a5398a0a2c064398d833e66d486e6ca513fddff6f7"
[20:14:41.035] [32mINFO[39m: [36mRequired engine migration verified[39m
    module: "worker"
    status: "applied"
    migration: "20260718_revenue_audit_rail"
    sourcePath: "C:\Users\Manfish\Documents\Codex\2026-09-04\let\work\backend-validation-checkout\backend\database\migrations\20260718_revenue_audit_rail.sql"
    sha256: "f11a5eb964f2c09b9e9592533fd32b35c24c9de8511e79b6096f2cf7627134a0"
[20:14:41.035] [32mINFO[39m: [36mRequired engine migration verified[39m
    module: "worker"
    status: "applied"
    migration: "20260718_quote_economics_contract"
    sourcePath: "C:\Users\Manfish\Documents\Codex\2026-09-04\let\work\backend-validation-checkout\backend\database\migrations\20260718_quote_economics_contract.sql"
    sha256: "1eb1a06963af0d740b488154d5803ab050f322d501feae130ac02e6e5669ecef"
[20:14:41.035] [32mINFO[39m: [36mRequired engine migration verified[39m
    module: "worker"
    status: "applied"
    migration: "20260718_task_scope_versions"
    sourcePath: "C:\Users\Manfish\Documents\Codex\2026-09-04\let\work\backend-validation-checkout\backend\database\migrations\20260718_task_scope_versions.sql"
    sha256: "71098ed2d76562e33e7439b6bbeaa2648c19174a3c19195460238aeaf5abcd6e"
[20:14:41.035] [32mINFO[39m: [36mRequired engine migration verified[39m
    module: "worker"
    status: "applied"
    migration: "20260718_task_location_encryption"
    sourcePath: "C:\Users\Manfish\Documents\Codex\2026-09-04\let\work\backend-validation-checkout\backend\database\migrations\20260718_task_location_encryption.sql"
    sha256: "084ef950e086b7aa5040e4fba37277d18f65a15f6cbea75d52dd5729b00386f2"
[20:14:41.035] [32mINFO[39m: [36mRequired engine migration verified[39m
    module: "worker"
    status: "applied"
    migration: "20260718_proof_submission_atomicity"
    sourcePath: "C:\Users\Manfish\Documents\Codex\2026-09-04\let\work\backend-validation-checkout\backend\database\migrations\20260718_proof_submission_atomicity.sql"
    sha256: "6d5dfced166382beed083351a6c75aa5bbf972dcb0eb8704003cae40aa8d5768"
[20:14:41.035] [32mINFO[39m: [36mRequired engine migration verified[39m
    module: "worker"
    status: "applied"
    migration: "20260718_task_safety_incident_cases"
    sourcePath: "C:\Users\Manfish\Documents\Codex\2026-09-04\let\work\backend-validation-checkout\backend\database\migrations\20260718_task_safety_incident_cases.sql"
    sha256: "a73437cc7e7f152a195b730f4c1d622ca2461bc682665c26f31760a3d1fa3800"
[20:14:41.035] [32mINFO[39m: [36mRequired engine migration verified[39m
    module: "worker"
    status: "applied"
    migration: "20260718_task_safety_delivery_contract"
    sourcePath: "C:\Users\Manfish\Documents\Codex\2026-09-04\let\work\backend-validation-checkout\backend\database\migrations\20260718_task_safety_delivery_contract.sql"
    sha256: "26c8241b9526f77980121afa98089dcf55162204979c0ee0465b1d7c55416c7d"
[20:14:41.035] [32mINFO[39m: [36mRequired engine migration verified[39m
    module: "worker"
    status: "applied"
    migration: "20260718_task_safety_checkins"
    sourcePath: "C:\Users\Manfish\Documents\Codex\2026-09-04\let\work\backend-validation-checkout\backend\database\migrations\20260718_task_safety_checkins.sql"
    sha256: "f9278e4a9cb7c7345f321712a4204280129d6e31aba31d03a987c31cb40781e5"
[20:14:41.036] [32mINFO[39m: [36mRequired engine migration verified[39m
    module: "worker"
    status: "applied"
    migration: "20260718_task_safety_location_encryption"
    sourcePath: "C:\Users\Manfish\Documents\Codex\2026-09-04\let\work\backend-validation-checkout\backend\database\migrations\20260718_task_safety_location_encryption.sql"
    sha256: "2cd76dff8f126da4bec2d6f58e2c6de5c3c93a3fabd1024536a7c007dce07e46"
[20:14:41.036] [32mINFO[39m: [36mRequired engine migration verified[39m
    module: "worker"
    status: "applied"
    migration: "20260718_zone_category_liquidity_cells"
    sourcePath: "C:\Users\Manfish\Documents\Codex\2026-09-04\let\work\backend-validation-checkout\backend\database\migrations\20260718_zone_category_liquidity_cells.sql"
    sha256: "8c427c29ac142a7543c08768be5823b1dcd6d4630b1a3b5128e2e88afce77a2c"
[20:14:41.036] [32mINFO[39m: [36mRequired engine migration verified[39m
    module: "worker"
    status: "applied"
    migration: "20260718_worker_offer_decision_contract"
    sourcePath: "C:\Users\Manfish\Documents\Codex\2026-09-04\let\work\backend-validation-checkout\backend\database\migrations\20260718_worker_offer_decision_contract.sql"
    sha256: "81defc49577f106e03e682814dd2bc302f7435adfb1711a8801d68ada75d4e02"
[20:14:41.036] [32mINFO[39m: [36mRequired engine migration verified[39m
    module: "worker"
    status: "applied"
    migration: "20260718_worker_screening_rights_contract"
    sourcePath: "C:\Users\Manfish\Documents\Codex\2026-09-04\let\work\backend-validation-checkout\backend\database\migrations\20260718_worker_screening_rights_contract.sql"
    sha256: "3c1d98eb3a8e5f59811dc7a937584bc96b0d37bae87a04f7bac58b41e1a4d20d"
[20:14:41.036] [32mINFO[39m: [36mRequired engine migration verified[39m
    module: "worker"
    status: "applied"
    migration: "20260718_region_policy_contract"
    sourcePath: "C:\Users\Manfish\Documents\Codex\2026-09-04\let\work\backend-validation-checkout\backend\database\migrations\20260718_region_policy_contract.sql"
    sha256: "01c65eb106aa9ad3a9909e08b882f6ba908bf626e0c23a68136c64fe39ec9311"
[20:14:41.036] [32mINFO[39m: [36mRequired engine migration verified[39m
    module: "worker"
    status: "applied"
    migration: "20260718_completion_retention_contract"
    sourcePath: "C:\Users\Manfish\Documents\Codex\2026-09-04\let\work\backend-validation-checkout\backend\database\migrations\20260718_completion_retention_contract.sql"
    sha256: "b55d86d2438505a7e38b330de642ca1711ab14e8f970da9e9eca8d975da38ef0"
[20:14:41.037] [32mINFO[39m: [36mRequired engine migration verified[39m
    module: "worker"
    status: "applied"
    migration: "20260718_task_public_clarifications"
    sourcePath: "C:\Users\Manfish\Documents\Codex\2026-09-04\let\work\backend-validation-checkout\backend\database\migrations\20260718_task_public_clarifications.sql"
    sha256: "5dd2cca338998318447069a4c47fcaaf8a48e2d9bb7004e24576bc76849c9155"
[20:14:41.037] [32mINFO[39m: [36mRequired engine migration verified[39m
    module: "worker"
    status: "applied"
    migration: "20260718_marketplace_reputation_contract"
    sourcePath: "C:\Users\Manfish\Documents\Codex\2026-09-04\let\work\backend-validation-checkout\backend\database\migrations\20260718_marketplace_reputation_contract.sql"
    sha256: "df565bff5dd411e74c6714e3353d22e28af6438b8a2a16c34fb574dd46d50933"
[20:14:41.037] [32mINFO[39m: [36mRequired engine migration verified[39m
    module: "worker"
    status: "applied"
    migration: "20260718_business_workspace_contract"
    sourcePath: "C:\Users\Manfish\Documents\Codex\2026-09-04\let\work\backend-validation-checkout\backend\database\migrations\20260718_business_workspace_contract.sql"
    sha256: "a22965906807502d81f7fc6fb085b1f71ee4cf8171986eb61be292dccc137c45"
[20:14:41.037] [32mINFO[39m: [36mRequired engine migration verified[39m
    module: "worker"
    status: "applied"
    migration: "20260718_business_operations_contract"
    sourcePath: "C:\Users\Manfish\Documents\Codex\2026-09-04\let\work\backend-validation-checkout\backend\database\migrations\20260718_business_operations_contract.sql"
    sha256: "23fdb635e6768e7cfabc299ba4babab7aa37e29d319f124e8cf96e152ff7a0cb"
[20:14:41.038] [32mINFO[39m: [36mRequired engine migration verified[39m
    module: "worker"
    status: "applied"
    migration: "20260718_business_execution_contract"
    sourcePath: "C:\Users\Manfish\Documents\Codex\2026-09-04\let\work\backend-validation-checkout\backend\database\migrations\20260718_business_execution_contract.sql"
    sha256: "b4bad697897f51aa69f4c435d194bcb0730e1c357110c56aeeeccc61ec0c8d2d"
[20:14:41.038] [32mINFO[39m: [36mRequired engine migration verified[39m
    module: "worker"
    status: "applied"
    migration: "20260718_recurring_work_contract"
    sourcePath: "C:\Users\Manfish\Documents\Codex\2026-09-04\let\work\backend-validation-checkout\backend\database\migrations\20260718_recurring_work_contract.sql"
    sha256: "65bbbe96e1af6d909cd9a454c201bf4e62c99e60ec6bddbaa2454a3e3de4ed4b"
[20:14:41.038] [32mINFO[39m: [36mRequired engine migration verified[39m
    module: "worker"
    status: "applied"
    migration: "20260718_business_recurring_contract"
    sourcePath: "C:\Users\Manfish\Documents\Codex\2026-09-04\let\work\backend-validation-checkout\backend\database\migrations\20260718_business_recurring_contract.sql"
    sha256: "e068a0aa68b7baf4a7c13f217536251708913b854119a3da350455230355f5d3"
[20:14:41.038] [32mINFO[39m: [36mRequired engine migration verified[39m
    module: "worker"
    status: "applied"
    migration: "20260719_recommendation_contract"
    sourcePath: "C:\Users\Manfish\Documents\Codex\2026-09-04\let\work\backend-validation-checkout\backend\database\migrations\20260719_recommendation_contract.sql"
    sha256: "3345c3fdce3aef451c89fd8245dff11096dffe1108309e19c1470f2138641ab4"
[20:14:41.038] [32mINFO[39m: [36mRequired engine migration verified[39m
    module: "worker"
    status: "applied"
    migration: "20260719_hustler_wallet_contract"
    sourcePath: "C:\Users\Manfish\Documents\Codex\2026-09-04\let\work\backend-validation-checkout\backend\database\migrations\20260719_hustler_wallet_contract.sql"
    sha256: "153809d4d570a54b27357e2ebff51c3b35fa303e69da29c570816acca89f29ab"
[20:14:41.038] [32mINFO[39m: [36mRequired engine migration verified[39m
    module: "worker"
    status: "applied"
    migration: "20260719_wallet_provider_event_integrity"
    sourcePath: "C:\Users\Manfish\Documents\Codex\2026-09-04\let\work\backend-validation-checkout\backend\database\migrations\20260719_wallet_provider_event_integrity.sql"
    sha256: "1ee57eb0d4c3d157632b8db3fbc8cc232ac1241c1ca76944250ca42e1fdbc8de"
[20:14:41.039] [32mINFO[39m: [36mRequired engine migration verified[39m
    module: "worker"
    status: "applied"
    migration: "20260719_wallet_provider_event_integrity_repair"
    sourcePath: "C:\Users\Manfish\Documents\Codex\2026-09-04\let\work\backend-validation-checkout\backend\database\migrations\20260719_wallet_provider_event_integrity_repair.sql"
    sha256: "96ff51a6414cb261fa2791281c076e4e5b7fafd73cbacc2db939402e4219a6a5"
[20:14:41.039] [32mINFO[39m: [36mRequired engine migration verified[39m
    module: "worker"
    status: "applied"
    migration: "20260719_lifecycle_service_foundations"
    sourcePath: "C:\Users\Manfish\Documents\Codex\2026-09-04\let\work\backend-validation-checkout\backend\database\migrations\20260719_lifecycle_service_foundations.sql"
    sha256: "4c1edaecda49afeae3950afe832074f8903d64aa6f726bbee2a0717f26113596"
[20:14:41.039] [32mINFO[39m: [36mRequired engine migration verified[39m
    module: "worker"
    status: "applied"
    migration: "20260719_task_worker_eligibility_contract"
    sourcePath: "C:\Users\Manfish\Documents\Codex\2026-09-04\let\work\backend-validation-checkout\backend\database\migrations\20260719_task_worker_eligibility_contract.sql"
    sha256: "a1fb5d0387d61fef4b484be82d15153031b14860bcc8b4bbaa690a4ca096a0fb"
[20:14:41.039] [32mINFO[39m: [36mRequired engine migration verified[39m
    module: "worker"
    status: "applied"
    migration: "20260719_append_only_truncate_contract"
    sourcePath: "C:\Users\Manfish\Documents\Codex\2026-09-04\let\work\backend-validation-checkout\backend\database\migrations\20260719_append_only_truncate_contract.sql"
    sha256: "1b105f37e52b19435aacc7b04b2496bbef7f5cd0b0b1681487342e2e411544b4"
[20:14:41.039] [32mINFO[39m: [36mRequired engine migration verified[39m
    module: "worker"
    status: "applied"
    migration: "20260719_admin_user_search_trigram_contract"
    sourcePath: "C:\Users\Manfish\Documents\Codex\2026-09-04\let\work\backend-validation-checkout\backend\database\migrations\20260719_admin_user_search_trigram_contract.sql"
    sha256: "89a20a0c588af79ae8c0cd8e06949f4a542928b826adafa822d5a02b20694090"
[20:14:41.039] [32mINFO[39m: [36mRequired engine migration verified[39m
    module: "worker"
    status: "applied"
    migration: "20260719_admin_capability_contract"
    sourcePath: "C:\Users\Manfish\Documents\Codex\2026-09-04\let\work\backend-validation-checkout\backend\database\migrations\20260719_admin_capability_contract.sql"
    sha256: "cacc11cfe40b498767acbbaa736f2462e21a758018bcda1a667430a3c441c0f4"
[20:14:41.040] [32mINFO[39m: [36mRequired engine migration verified[39m
    module: "worker"
    status: "applied"
    migration: "20260719_tier0_browse_only_contract"
    sourcePath: "C:\Users\Manfish\Documents\Codex\2026-09-04\let\work\backend-validation-checkout\backend\database\migrations\20260719_tier0_browse_only_contract.sql"
    sha256: "336d976adfc3ce6e892b16c67a08bbc692165d2373084c3e51ab3e0a3db7a9d5"
[20:14:41.040] [32mINFO[39m: [36mRequired engine migration verified[39m
    module: "worker"
    status: "applied"
    migration: "20260719_task_template_policy_contract"
    sourcePath: "C:\Users\Manfish\Documents\Codex\2026-09-04\let\work\backend-validation-checkout\backend\database\migrations\20260719_task_template_policy_contract.sql"
    sha256: "1b4e180c34fce08ea00076e1f02f9c57d698c532db1eff84d9973e68c189ff8f"
[20:14:41.040] [32mINFO[39m: [36mRequired engine migration verified[39m
    module: "worker"
    status: "applied"
    migration: "20260719_compliance_guardian_persistence_contract"
    sourcePath: "C:\Users\Manfish\Documents\Codex\2026-09-04\let\work\backend-validation-checkout\backend\database\migrations\20260719_compliance_guardian_persistence_contract.sql"
    sha256: "ad0d747354fd6040df2669ffc0fbe485526240aca38887e27a069f49ab67767c"
[20:14:41.040] [32mINFO[39m: [36mRequired engine migration verified[39m
    module: "worker"
    status: "applied"
    migration: "20260719_worker_offer_retake_contract"
    sourcePath: "C:\Users\Manfish\Documents\Codex\2026-09-04\let\work\backend-validation-checkout\backend\database\migrations\20260719_worker_offer_retake_contract.sql"
    sha256: "0e5c8b6dde2fe27aecb7eed4ea1c329a4872cee9cc54c7a42505e431e5df0301"
[20:14:41.040] [32mINFO[39m: [36mRequired engine migration verified[39m
    module: "worker"
    status: "applied"
    migration: "20260719_liquidity_expansion_contract"
    sourcePath: "C:\Users\Manfish\Documents\Codex\2026-09-04\let\work\backend-validation-checkout\backend\database\migrations\20260719_liquidity_expansion_contract.sql"
    sha256: "6ba06780137ac5142e4560d465300cdb21105c690cfb320a588b35b37f69d795"
[20:14:41.040] [32mINFO[39m: [36mRequired engine migration verified[39m
    module: "worker"
    status: "applied"
    migration: "20260719_liquidity_expansion_fk_repair"
    sourcePath: "C:\Users\Manfish\Documents\Codex\2026-09-04\let\work\backend-validation-checkout\backend\database\migrations\20260719_liquidity_expansion_fk_repair.sql"
    sha256: "3ab131b4dbc128a99cd9eb7512888282df572f0ca61519d0453ebaa8be686c17"
[20:14:41.041] [32mINFO[39m: [36mRequired engine migration verified[39m
    module: "worker"
    status: "applied"
    migration: "20260719_worker_counter_offer_contract"
    sourcePath: "C:\Users\Manfish\Documents\Codex\2026-09-04\let\work\backend-validation-checkout\backend\database\migrations\20260719_worker_counter_offer_contract.sql"
    sha256: "1c6376dc07f95465f0925134f9d30990ed0da52c869cb9e039f3865508f85696"
[20:14:41.041] [32mINFO[39m: [36mRequired engine migration verified[39m
    module: "worker"
    status: "applied"
    migration: "20260719_worker_counter_offer_exclusivity"
    sourcePath: "C:\Users\Manfish\Documents\Codex\2026-09-04\let\work\backend-validation-checkout\backend\database\migrations\20260719_worker_counter_offer_exclusivity.sql"
    sha256: "5f72eb8f7bacc3c45c3dfba2527f7ccd5571ea6db0bcb4dd119a32ed0436e78f"
[20:14:41.041] [32mINFO[39m: [36mRequired engine migration verified[39m
    module: "worker"
    status: "applied"
    migration: "20260719_external_task_bridge_contract"
    sourcePath: "C:\Users\Manfish\Documents\Codex\2026-09-04\let\work\backend-validation-checkout\backend\database\migrations\20260719_external_task_bridge_contract.sql"
    sha256: "33080f06754d9ed04bf6624ac0dbf5c7817c8324af9be25ecb01ebf50ecffb69"
[20:14:41.041] [32mINFO[39m: [36mRequired engine migration verified[39m
    module: "worker"
    status: "applied"
    migration: "20260720_task_geofence_event_contract"
    sourcePath: "C:\Users\Manfish\Documents\Codex\2026-09-04\let\work\backend-validation-checkout\backend\database\migrations\20260720_task_geofence_event_contract.sql"
    sha256: "c2a31559936f1d1db684a27f3cca8554fe3b6986830ff6795e547c17409e24af"
[20:14:41.041] [32mINFO[39m: [36mRequired engine migration verified[39m
    module: "worker"
    status: "applied"
    migration: "20260720_major_action_telemetry_contract"
    sourcePath: "C:\Users\Manfish\Documents\Codex\2026-09-04\let\work\backend-validation-checkout\backend\database\migrations\20260720_major_action_telemetry_contract.sql"
    sha256: "0939eb301dba2a9b8e50c759fd794c19cfd19b7ac8c761449dccc5d346a5fd07"
[20:14:41.041] [32mINFO[39m: [36mRequired engine migration verified[39m
    module: "worker"
    status: "applied"
    migration: "20260720_major_action_telemetry_contract_repair"
    sourcePath: "C:\Users\Manfish\Documents\Codex\2026-09-04\let\work\backend-validation-checkout\backend\database\migrations\20260720_major_action_telemetry_contract_repair.sql"
    sha256: "7aebc9a96ca0eb516d6eaabff5c8ea44a1c99ef452328abfdc31e423fcb50960"
[20:14:41.042] [32mINFO[39m: [36mRequired engine migration verified[39m
    module: "worker"
    status: "applied"
    migration: "20260720_major_action_source_registry_repair"
    sourcePath: "C:\Users\Manfish\Documents\Codex\2026-09-04\let\work\backend-validation-checkout\backend\database\migrations\20260720_major_action_source_registry_repair.sql"
    sha256: "dd0641389a561a02ee7bc211494baeecad4a584f4ae878e367d7bd6ec41ef99d"
[20:14:41.042] [32mINFO[39m: [36mRequired engine migration verified[39m
    module: "worker"
    status: "applied"
    migration: "20260720_offline_action_sync_contract"
    sourcePath: "C:\Users\Manfish\Documents\Codex\2026-09-04\let\work\backend-validation-checkout\backend\database\migrations\20260720_offline_action_sync_contract.sql"
    sha256: "a24c7a3a1fc6d248e7ed84850c282b1d70e136470a5814e5cf73d354fb71a225"
[20:14:41.042] [32mINFO[39m: [36mRequired engine migration verified[39m
    module: "worker"
    status: "applied"
    migration: "20260720_offline_action_sync_contract_repair"
    sourcePath: "C:\Users\Manfish\Documents\Codex\2026-09-04\let\work\backend-validation-checkout\backend\database\migrations\20260720_offline_action_sync_contract_repair.sql"
    sha256: "dd3ebeb8b7660ce2a7e7dc0c90c75b8c44368ed464dd80d5a48db74c608fe2ad"
[20:14:41.042] [32mINFO[39m: [36mRequired engine migration verified[39m
    module: "worker"
    status: "applied"
    migration: "20260720_proof_verification_signal_contract"
    sourcePath: "C:\Users\Manfish\Documents\Codex\2026-09-04\let\work\backend-validation-checkout\backend\database\migrations\20260720_proof_verification_signal_contract.sql"
    sha256: "7956522e446ae42141b204c0f32d6cc1843c8deb54d474f5bc3d5687577e18fb"
[20:14:41.042] [32mINFO[39m: [36mRequired engine migration verified[39m
    module: "worker"
    status: "applied"
    migration: "20260720_proof_media_metadata_minimization"
    sourcePath: "C:\Users\Manfish\Documents\Codex\2026-09-04\let\work\backend-validation-checkout\backend\database\migrations\20260720_proof_media_metadata_minimization.sql"
    sha256: "d8b3f516a303744ab8bfe467d528f552f0c444466d64ab1e881d6ae5f422e396"
[20:14:41.042] [32mINFO[39m: [36mRequired engine migration verified[39m
    module: "worker"
    status: "applied"
    migration: "20260720_media_upload_finalization_contract"
    sourcePath: "C:\Users\Manfish\Documents\Codex\2026-09-04\let\work\backend-validation-checkout\backend\database\migrations\20260720_media_upload_finalization_contract.sql"
    sha256: "c7cb31234baeb3ec101b44a73df6fd93198d3c442ceaa0713188e912bae10715"
[20:14:41.042] [32mINFO[39m: [36mRequired engine migration verified[39m
    module: "worker"
    status: "applied"
    migration: "20260720_private_media_delivery_contract"
    sourcePath: "C:\Users\Manfish\Documents\Codex\2026-09-04\let\work\backend-validation-checkout\backend\database\migrations\20260720_private_media_delivery_contract.sql"
    sha256: "dab4cace45c99879d1a6f3e978198fe8ec4e1840607319522b8addfc20cda608"
[20:14:41.043] [32mINFO[39m: [36mRequired engine migration verified[39m
    module: "worker"
    status: "applied"
    migration: "20260720_worker_standing_appeals"
    sourcePath: "C:\Users\Manfish\Documents\Codex\2026-09-04\let\work\backend-validation-checkout\backend\database\migrations\20260720_worker_standing_appeals.sql"
    sha256: "02e2a7c9d91a10b780ea1c01444a57c257faecb7c1ec2f129c82ae8fb4004608"
[20:14:41.043] [32mINFO[39m: [36mRequired engine migration verified[39m
    module: "worker"
    status: "applied"
    migration: "20260720_offline_action_reconciliation"
    sourcePath: "C:\Users\Manfish\Documents\Codex\2026-09-04\let\work\backend-validation-checkout\backend\database\migrations\20260720_offline_action_reconciliation.sql"
    sha256: "12e245da2e45ce917516fdd4dfd2610348eb5c0420c1490987e378ad5f485f94"
[20:14:41.043] [32mINFO[39m: [36mRequired engine migration verified[39m
    module: "worker"
    status: "applied"
    migration: "20260720_dispute_release_authority_contract"
    sourcePath: "C:\Users\Manfish\Documents\Codex\2026-09-04\let\work\backend-validation-checkout\backend\database\migrations\20260720_dispute_release_authority_contract.sql"
    sha256: "0b7cadab9f4c40170d31c5e21921adb42b36935e6f3df81a87991fda9c0029fd"
[20:14:41.043] [32mINFO[39m: [36mRequired engine migration verified[39m
    module: "worker"
    status: "applied"
    migration: "20260720_notification_delivery_contract"
    sourcePath: "C:\Users\Manfish\Documents\Codex\2026-09-04\let\work\backend-validation-checkout\backend\database\migrations\20260720_notification_delivery_contract.sql"
    sha256: "a2264390a09a6ae20ce0011683ab870c631feebfde87ed80a872e986a575bb0b"
[20:14:41.043] [32mINFO[39m: [36mRequired engine migration verified[39m
    module: "worker"
    status: "applied"
    migration: "20260720_notification_delivery_contract_repair"
    sourcePath: "C:\Users\Manfish\Documents\Codex\2026-09-04\let\work\backend-validation-checkout\backend\database\migrations\20260720_notification_delivery_contract_repair.sql"
    sha256: "e0aaa1a3cb653917924183fcf67291b33a2dbf38579eb01b17122e649c71c40f"
[20:14:41.043] [32mINFO[39m: [36mRequired engine migration verified[39m
    module: "worker"
    status: "applied"
    migration: "20260720_notification_focus_suppression"
    sourcePath: "C:\Users\Manfish\Documents\Codex\2026-09-04\let\work\backend-validation-checkout\backend\database\migrations\20260720_notification_focus_suppression.sql"
    sha256: "e320ed83af84fd2c3781a1229db74126778b7c2d8eeb41dbddc432c634faba05"
[20:14:41.043] [32mINFO[39m: [36mRequired engine migration verified[39m
    module: "worker"
    status: "applied"
    migration: "20260720_schema_convergence_repair"
    sourcePath: "C:\Users\Manfish\Documents\Codex\2026-09-04\let\work\backend-validation-checkout\backend\database\migrations\20260720_schema_convergence_repair.sql"
    sha256: "5151894b324679c19cc7a70179aec8f0248a3c66c5325b97d8bdcf618f684da2"
[20:14:41.043] [32mINFO[39m: [36mRequired engine migration verified[39m
    module: "worker"
    status: "applied"
    migration: "20260720_local_certification_payment_provider"
    sourcePath: "C:\Users\Manfish\Documents\Codex\2026-09-04\let\work\backend-validation-checkout\backend\database\migrations\20260720_local_certification_payment_provider.sql"
    sha256: "413a1183e48dd0c3aa8131390481e7acfb17229727445023dfe659b20c123392"
[20:14:41.043] [32mINFO[39m: [36mRequired engine migration verified[39m
    module: "worker"
    status: "applied"
    migration: "20260720_region_policy_price_book_alignment"
    sourcePath: "C:\Users\Manfish\Documents\Codex\2026-09-04\let\work\backend-validation-checkout\backend\database\migrations\20260720_region_policy_price_book_alignment.sql"
    sha256: "614ac15399457b310f60e4bf637ee1d394a0da97e9cbcd9d6a8367a219af68e0"
[20:14:41.044] [32mINFO[39m: [36mRequired engine migration verified[39m
    module: "worker"
    status: "applied"
    migration: "20260720_local_certification_payout_provider"
    sourcePath: "C:\Users\Manfish\Documents\Codex\2026-09-04\let\work\backend-validation-checkout\backend\database\migrations\20260720_local_certification_payout_provider.sql"
    sha256: "1435947ebbdfa50dec2d0d812fe8d332287be1f0a6b7fd1c50cd96a5bfa9e097"
[20:14:41.044] [32mINFO[39m: [36mRequired engine migration verified[39m
    module: "worker"
    status: "applied"
    migration: "20260720_local_certification_screening_provider"
    sourcePath: "C:\Users\Manfish\Documents\Codex\2026-09-04\let\work\backend-validation-checkout\backend\database\migrations\20260720_local_certification_screening_provider.sql"
    sha256: "626ff1f60a8f8f6b6acd2a9aba621409bd3eab3142004361a89ae77a5c26f1cc"
[20:14:41.044] [32mINFO[39m: [36mRequired engine migration verified[39m
    module: "worker"
    status: "applied"
    migration: "20260720_controlled_test_liquidity_cell"
    sourcePath: "C:\Users\Manfish\Documents\Codex\2026-09-04\let\work\backend-validation-checkout\backend\database\migrations\20260720_controlled_test_liquidity_cell.sql"
    sha256: "1826b8b06b3b0de634f2420a40a00bcce2ce2a370d2349192b5dd6a7e981493d"
[20:14:41.044] [32mINFO[39m: [36mRequired engine migration verified[39m
    module: "worker"
    status: "applied"
    migration: "20260720_controlled_test_liquidity_marker_repair"
    sourcePath: "C:\Users\Manfish\Documents\Codex\2026-09-04\let\work\backend-validation-checkout\backend\database\migrations\20260720_controlled_test_liquidity_marker_repair.sql"
    sha256: "e9d3e3dbd829fdf0dad577701b22070218577a8bc9f6b70e8e0ec207eb06af28"
[20:14:41.044] [32mINFO[39m: [36mRequired engine migration verified[39m
    module: "worker"
    status: "applied"
    migration: "20260720_controlled_test_liquidity_lifecycle_repair"
    sourcePath: "C:\Users\Manfish\Documents\Codex\2026-09-04\let\work\backend-validation-checkout\backend\database\migrations\20260720_controlled_test_liquidity_lifecycle_repair.sql"
    sha256: "f921c0c7a374e4a7f4bd0b0a81af34667c52f1264d3f3c0ad57b017e0583e0cc"
[20:14:41.044] [32mINFO[39m: [36mRequired engine migration verified[39m
    module: "worker"
    status: "applied"
    migration: "20260720_controlled_test_duration_evidence"
    sourcePath: "C:\Users\Manfish\Documents\Codex\2026-09-04\let\work\backend-validation-checkout\backend\database\migrations\20260720_controlled_test_duration_evidence.sql"
    sha256: "9b2b0630d0fa0e24552547940c5ee1097e6b7a32cb5b90f5cc5426a25606ae77"
[20:14:41.045] [32mINFO[39m: [36mRequired engine migration verified[39m
    module: "worker"
    status: "applied"
    migration: "20260720_controlled_test_provider_capability"
    sourcePath: "C:\Users\Manfish\Documents\Codex\2026-09-04\let\work\backend-validation-checkout\backend\database\migrations\20260720_controlled_test_provider_capability.sql"
    sha256: "079baedf700badc9c00e1e91f83f96d409bee7f713c9e7d349767a92c112fcc1"
[20:14:41.045] [32mINFO[39m: [36mRequired engine migration verified[39m
    module: "worker"
    status: "applied"
    migration: "20260720_controlled_test_provider_capability_expiry"
    sourcePath: "C:\Users\Manfish\Documents\Codex\2026-09-04\let\work\backend-validation-checkout\backend\database\migrations\20260720_controlled_test_provider_capability_expiry.sql"
    sha256: "770a9973510b499f6e9c1b3428f5ba8dccbbca45c6aef62e463372dcdd2640a5"
[20:14:41.045] [32mINFO[39m: [36mRequired engine migration verified[39m
    module: "worker"
    status: "applied"
    migration: "20260720_controlled_test_provider_capability_refresh"
    sourcePath: "C:\Users\Manfish\Documents\Codex\2026-09-04\let\work\backend-validation-checkout\backend\database\migrations\20260720_controlled_test_provider_capability_refresh.sql"
    sha256: "fce9cbe6df1865581bc414ee1d102afe140899a4b3d0f35697c894edfb375011"
[20:14:41.045] [32mINFO[39m: [36mRequired engine migration verified[39m
    module: "worker"
    status: "applied"
    migration: "20260720_controlled_test_provider_capability_refresh_repair"
    sourcePath: "C:\Users\Manfish\Documents\Codex\2026-09-04\let\work\backend-validation-checkout\backend\database\migrations\20260720_controlled_test_provider_capability_refresh_repair.sql"
    sha256: "fa0600c70a92f0c25112bded13e6e45c5402bfca9aaea45540c08a9a83edcb9d"
[20:14:41.045] [32mINFO[39m: [36mRequired engine migration verified[39m
    module: "worker"
    status: "applied"
    migration: "20260720_controlled_test_offer_review"
    sourcePath: "C:\Users\Manfish\Documents\Codex\2026-09-04\let\work\backend-validation-checkout\backend\database\migrations\20260720_controlled_test_offer_review.sql"
    sha256: "29f42e272b46974910354ed0c32db10744ab771aae92bc83b5c70b84aba9d6e1"
[20:14:41.045] [32mINFO[39m: [36mRequired engine migration verified[39m
    module: "worker"
    status: "applied"
    migration: "20260720_task_safety_state_integrity"
    sourcePath: "C:\Users\Manfish\Documents\Codex\2026-09-04\let\work\backend-validation-checkout\backend\database\migrations\20260720_task_safety_state_integrity.sql"
    sha256: "b0548ea104c938f55f383f777b298427f863792cc440829453fdf9915c33f657"
[20:14:41.045] [32mINFO[39m: [36mRequired engine migration verified[39m
    module: "worker"
    status: "applied"
    migration: "20260720_task_safety_resolution_integrity"
    sourcePath: "C:\Users\Manfish\Documents\Codex\2026-09-04\let\work\backend-validation-checkout\backend\database\migrations\20260720_task_safety_resolution_integrity.sql"
    sha256: "c3f420fa5880355f5fecd84b9b9df5945991cd46d2cb5a4bcca41b2aa024fd62"
[20:14:41.045] [32mINFO[39m: [36mRequired engine migration verified[39m
    module: "worker"
    status: "applied"
    migration: "20260720_task_safety_case_access_integrity"
    sourcePath: "C:\Users\Manfish\Documents\Codex\2026-09-04\let\work\backend-validation-checkout\backend\database\migrations\20260720_task_safety_case_access_integrity.sql"
    sha256: "82d88d339eb6f89e4daae78669c1cd3b8cfad00e3c9865611e02381c744a4778"
[20:14:41.046] [32mINFO[39m: [36mRequired engine migration verified[39m
    module: "worker"
    status: "applied"
    migration: "20260720_operations_exception_contract"
    sourcePath: "C:\Users\Manfish\Documents\Codex\2026-09-04\let\work\backend-validation-checkout\backend\database\migrations\20260720_operations_exception_contract.sql"
    sha256: "f912b02c0d804e06cdabcef8fde8ec3345806c8463ef321211dbe11e9ae021e9"
[20:14:41.046] [32mINFO[39m: [36mRequired engine migration verified[39m
    module: "worker"
    status: "applied"
    migration: "20260721_hustler_trust_progression_contract"
    sourcePath: "C:\Users\Manfish\Documents\Codex\2026-09-04\let\work\backend-validation-checkout\backend\database\migrations\20260721_hustler_trust_progression_contract.sql"
    sha256: "efb7fc4b8f41df8d90f4b63183d3bdb244a41c03b5a73ae673edcab85575b43b"
[20:14:41.046] [32mINFO[39m: [36mRequired engine migration verified[39m
    module: "worker"
    status: "applied"
    migration: "20260721_task_quote_shortlist_messaging_contract"
    sourcePath: "C:\Users\Manfish\Documents\Codex\2026-09-04\let\work\backend-validation-checkout\backend\database\migrations\20260721_task_quote_shortlist_messaging_contract.sql"
    sha256: "33d43cc99215f79b7658d51d781f3923c481fcb6e2b7b7c36aa6d53f26283dd0"
[20:14:41.046] [32mINFO[39m: [36mRequired engine migration verified[39m
    module: "worker"
    status: "applied"
    migration: "20260721_unit_economics_guardrails"
    sourcePath: "C:\Users\Manfish\Documents\Codex\2026-09-04\let\work\backend-validation-checkout\backend\database\migrations\20260721_unit_economics_guardrails.sql"
    sha256: "f0139e1a336cb37bd3a0a92c64d1aabad7adc2cf11527034b50bf5e3007ea720"
[20:14:41.046] [32mINFO[39m: [36mRequired engine migration verified[39m
    module: "worker"
    status: "applied"
    migration: "20260721_build_now_spend_promotion_guardrails"
    sourcePath: "C:\Users\Manfish\Documents\Codex\2026-09-04\let\work\backend-validation-checkout\backend\database\migrations\20260721_build_now_spend_promotion_guardrails.sql"
    sha256: "eff21cecd9f2d714168e989e9bb712ac7b30286f8b0de724f4ca7a7cef8a661d"
[20:14:41.046] [32mINFO[39m: [36mRequired engine migration verified[39m
    module: "worker"
    status: "applied"
    migration: "20260721_private_identity_verification_contract"
    sourcePath: "C:\Users\Manfish\Documents\Codex\2026-09-04\let\work\backend-validation-checkout\backend\database\migrations\20260721_private_identity_verification_contract.sql"
    sha256: "90828c3109521c3f46333876e71c3e0b2e2feee2aab5820b34a7e3731f160117"
[20:14:41.047] [32mINFO[39m: [36mRequired engine migration verified[39m
    module: "worker"
    status: "applied"
    migration: "20260721_sensitive_media_ingestion_shutdown"
    sourcePath: "C:\Users\Manfish\Documents\Codex\2026-09-04\let\work\backend-validation-checkout\backend\database\migrations\20260721_sensitive_media_ingestion_shutdown.sql"
    sha256: "c83366b0b5f4c8ccca98ee5a31d95febaa0107f75e0e0ce60cb2d735c503fc20"
[20:14:41.047] [32mINFO[39m: [36mRequired engine migration verified[39m
    module: "worker"
    status: "applied"
    migration: "20260721_ai_observability_contract"
    sourcePath: "C:\Users\Manfish\Documents\Codex\2026-09-04\let\work\backend-validation-checkout\backend\database\migrations\20260721_ai_observability_contract.sql"
    sha256: "9ec88bb073608316014ed3529ca5632fdbb39394b265e9d2d4163303601ab3e0"
[20:14:41.047] [32mINFO[39m: [36mRequired engine migration verified[39m
    module: "worker"
    status: "applied"
    migration: "20260721_controlled_test_retake_acceptance_repair"
    sourcePath: "C:\Users\Manfish\Documents\Codex\2026-09-04\let\work\backend-validation-checkout\backend\database\migrations\20260721_controlled_test_retake_acceptance_repair.sql"
    sha256: "a1b2a9eb450a0ac4add500620bbcb6738d708603e794a86fcb8ce311adec8fe5"
[20:14:41.050] [32mINFO[39m: [36mRequired engine migration verified[39m
    module: "worker"
    status: "applied"
    migration: "20260721_controlled_test_retake_liquidity_repair"
    sourcePath: "C:\Users\Manfish\Documents\Codex\2026-09-04\let\work\backend-validation-checkout\backend\database\migrations\20260721_controlled_test_retake_liquidity_repair.sql"
    sha256: "edc5ca1a19dbb27ed4ae60efcdfedf2d91a09a86cb2bc0f5cee94bb39837f490"
[20:14:41.050] [32mINFO[39m: [36mRequired engine migration verified[39m
    module: "worker"
    status: "applied"
    migration: "20260721_controlled_test_retake_guard_convergence"
    sourcePath: "C:\Users\Manfish\Documents\Codex\2026-09-04\let\work\backend-validation-checkout\backend\database\migrations\20260721_controlled_test_retake_guard_convergence.sql"
    sha256: "6a2b108d6fe844e4a0235162f25066427eebb1952dbe41e29e7b483c267472b1"
[20:14:41.051] [32mINFO[39m: [36mRequired engine migration verified[39m
    module: "worker"
    status: "applied"
    migration: "20260721_same_worker_retake_assignment_guard_repair"
    sourcePath: "C:\Users\Manfish\Documents\Codex\2026-09-04\let\work\backend-validation-checkout\backend\database\migrations\20260721_same_worker_retake_assignment_guard_repair.sql"
    sha256: "c3500b95949b80004262a9c638f2eca8ef19ad5b446d430aecbe83bc628c7863"
[20:14:41.051] [32mINFO[39m: [36mRequired engine migration verified[39m
    module: "worker"
    status: "applied"
    migration: "20260722_region_policy_legal_approval_activation"
    sourcePath: "C:\Users\Manfish\Documents\Codex\2026-09-04\let\work\backend-validation-checkout\backend\database\migrations\20260722_region_policy_legal_approval_activation.sql"
    sha256: "2be054f21aa0168aad360dd755d52fd5b028a8106129206f47ccfbbc7f081e02"
[20:14:41.051] [32mINFO[39m: [36mRequired engine migration verified[39m
    module: "worker"
    status: "applied"
    migration: "20260722_recurring_payment_dispatch_gate"
    sourcePath: "C:\Users\Manfish\Documents\Codex\2026-09-04\let\work\backend-validation-checkout\backend\database\migrations\20260722_recurring_payment_dispatch_gate.sql"
    sha256: "47c04b2e55a275220c6c1a01fa283628e43fcea869096acd13db8bb59b659c8e"
[20:14:41.052] [32mINFO[39m: [36mRequired engine migration verified[39m
    module: "worker"
    status: "applied"
    migration: "20260722_service_business_assignment_contract"
    sourcePath: "C:\Users\Manfish\Documents\Codex\2026-09-04\let\work\backend-validation-checkout\backend\database\migrations\20260722_service_business_assignment_contract.sql"
    sha256: "258e56009e35228a4e2ad294d879143f4985bdbae7853d1c3c2c9fcda61777af"
[20:14:41.052] [32mINFO[39m: [36mRequired engine migration verified[39m
    module: "worker"
    status: "applied"
    migration: "010_web_platform_tables"
    sourcePath: "C:\Users\Manfish\Documents\Codex\2026-09-04\let\work\backend-validation-checkout\backend\database\migrations\010_web_platform_tables.sql"
    sha256: "8ddd4b374bf8d5c7635214c5d26a84d2e6d81cab10aa8a7049d7b3da1da8b5e2"
[20:14:41.052] [32mINFO[39m: [36mRequired engine migration verified[39m
    module: "worker"
    status: "applied"
    migration: "20260814_quote_price_book"
    sourcePath: "C:\Users\Manfish\Documents\Codex\2026-09-04\let\work\backend-validation-checkout\backend\database\migrations\20260814_quote_price_book.sql"
    sha256: "4d49f31e83b6ba5352ee1c16da45e2b7ce8f84a4d5d9ee0b50bee57e2cafed69"
[20:14:41.052] [32mINFO[39m: [36mRequired engine migration verified[39m
    module: "worker"
    status: "applied"
    migration: "20260814_price_book_quote_decisions"
    sourcePath: "C:\Users\Manfish\Documents\Codex\2026-09-04\let\work\backend-validation-checkout\backend\database\migrations\20260814_price_book_quote_decisions.sql"
    sha256: "77d1a1e17e300f83c1dc7e6f5e57e3ecef617a69066f1806d9d44aea3cf6a4f1"
[20:14:41.052] [32mINFO[39m: [36mRequired engine migration verified[39m
    module: "worker"
    status: "applied"
    migration: "20260814_task_supply_confidence"
    sourcePath: "C:\Users\Manfish\Documents\Codex\2026-09-04\let\work\backend-validation-checkout\backend\database\migrations\20260814_task_supply_confidence.sql"
    sha256: "5c64425fef6a52b4abb7e00f42f2c7322be9d777b58c1efbb1d8f5bd71815e9e"
[20:14:41.052] [32mINFO[39m: [36mRequired engine migration verified[39m
    module: "worker"
    status: "applied"
    migration: "20260815_quote_columns_extra_v4"
    sourcePath: "C:\Users\Manfish\Documents\Codex\2026-09-04\let\work\backend-validation-checkout\backend\database\migrations\20260815_quote_columns_extra_v4.sql"
    sha256: "2c45fbed303842c44ee20d24df090e54de05519d9e7ff5e8f74d4283763be7ee"
[20:14:41.053] [32mINFO[39m: [36mRequired engine migration verified[39m
    module: "worker"
    status: "applied"
    migration: "20260819_quote_payments"
    sourcePath: "C:\Users\Manfish\Documents\Codex\2026-09-04\let\work\backend-validation-checkout\backend\database\migrations\20260819_quote_payments.sql"
    sha256: "bcd90a6905e374568042b589c5c85931f93ea3c9a92fc28afbd0693bcc0e4286"
[20:14:41.053] [32mINFO[39m: [36mRequired engine migration verified[39m
    module: "worker"
    status: "applied"
    migration: "20260823_quote_payment_recovery"
    sourcePath: "C:\Users\Manfish\Documents\Codex\2026-09-04\let\work\backend-validation-checkout\backend\database\migrations\20260823_quote_payment_recovery.sql"
    sha256: "b0d75f09f523fdf1a11ffd5cea7a1c4cd78d431e7e55cb5723f6ce6f243eebc8"
[20:14:41.053] [32mINFO[39m: [36mRequired engine migration verified[39m
    module: "worker"
    status: "applied"
    migration: "20260827_universal_v1_lifecycle_contract"
    sourcePath: "C:\Users\Manfish\Documents\Codex\2026-09-04\let\work\backend-validation-checkout\backend\database\migrations\20260827_universal_v1_lifecycle_contract.sql"
    sha256: "43224cc43d132d1dfa517f5150f28457fc27fda3fb85641d5c836f40406cf513"
[20:14:41.054] [32mINFO[39m: [36mRequired engine migration verified[39m
    module: "worker"
    status: "applied"
    migration: "20260828_operator_authority_contract"
    sourcePath: "C:\Users\Manfish\Documents\Codex\2026-09-04\let\work\backend-validation-checkout\backend\database\migrations\20260828_operator_authority_contract.sql"
    sha256: "6e813f7266e057aeaa840b6924abb8ec1a763ed352c567b0b601aeac0d69d908"
[20:14:41.054] [32mINFO[39m: [36mRequired engine migration verified[39m
    module: "worker"
    status: "applied"
    migration: "20260829_task_matching_state_contract"
    sourcePath: "C:\Users\Manfish\Documents\Codex\2026-09-04\let\work\backend-validation-checkout\backend\database\migrations\20260829_task_matching_state_contract.sql"
    sha256: "07c9ad6227bb5e6dcb2bc1f2c048032a6e32df8cb0ff2087e6fc9248fdfe08c8"
[20:14:41.054] [32mINFO[39m: [36mRequired engine migration verified[39m
    module: "worker"
    status: "applied"
    migration: "20260830_ai_agent_judge_audit_convergence"
    sourcePath: "C:\Users\Manfish\Documents\Codex\2026-09-04\let\work\backend-validation-checkout\backend\database\migrations\20260830_ai_agent_judge_audit_convergence.sql"
    sha256: "47346ca99af25235a6dfdca3a05c6a2734d8bd190f06d02e6fadbd21c13fc705"
[20:14:41.054] [32mINFO[39m: [36mRequired engine migration verified[39m
    module: "worker"
    status: "applied"
    migration: "20260831_provider_neutral_outbound_communication"
    sourcePath: "C:\Users\Manfish\Documents\Codex\2026-09-04\let\work\backend-validation-checkout\backend\database\migrations\20260831_provider_neutral_outbound_communication.sql"
    sha256: "7163e1269dabe9229c15c2515e417349bb57d8d6f4d30653dc18e195b31ef232"
[20:14:41.054] [32mINFO[39m: [36mRequired engine migration verified[39m
    module: "worker"
    status: "applied"
    migration: "20260901_universal_v1_lead_ingress_port"
    sourcePath: "C:\Users\Manfish\Documents\Codex\2026-09-04\let\work\backend-validation-checkout\backend\database\migrations\20260901_universal_v1_lead_ingress_port.sql"
    sha256: "3640d1f62dd029db0bdd23a1cad7c9456b0c65c4a0c0b17c89781a9a32684dea"
[20:14:41.054] [32mINFO[39m: [36mRequired engine migration verified[39m
    module: "worker"
    status: "applied"
    migration: "20260902_universal_v1_task_draft_public_port"
    sourcePath: "C:\Users\Manfish\Documents\Codex\2026-09-04\let\work\backend-validation-checkout\backend\database\migrations\20260902_universal_v1_task_draft_public_port.sql"
    sha256: "dbf11f4ef967c17ac32fe3d4cb5710671fa4092649650d54d5f071b1aa85582e"
[20:14:41.055] [32mINFO[39m: [36mRequired engine migration verified[39m
    module: "worker"
    status: "applied"
    migration: "20260903_universal_v1_task_draft_account_claim"
    sourcePath: "C:\Users\Manfish\Documents\Codex\2026-09-04\let\work\backend-validation-checkout\backend\database\migrations\20260903_universal_v1_task_draft_account_claim.sql"
    sha256: "d2141ef2d979c69af21653750ff4dc9e94085c53072b87324fafb6cfb114f614"
[20:14:41.055] [32mINFO[39m: [36mRequired engine migration verified[39m
    module: "worker"
    status: "applied"
    migration: "20260904_canonical_user_email_identity"
    sourcePath: "C:\Users\Manfish\Documents\Codex\2026-09-04\let\work\backend-validation-checkout\backend\database\migrations\20260904_canonical_user_email_identity.sql"
    sha256: "3efc1ed89a01b95037837fb075015d027b0f0e72047fa013839299378c5dcf57"
[20:14:41.055] [32mINFO[39m: [36mRequired engine migration verified[39m
    module: "worker"
    status: "applied"
    migration: "20260905_universal_v1_task_draft_legacy_claim_import_repair"
    sourcePath: "C:\Users\Manfish\Documents\Codex\2026-09-04\let\work\backend-validation-checkout\backend\database\migrations\20260905_universal_v1_task_draft_legacy_claim_import_repair.sql"
    sha256: "67990edf9f231d953e519eacf796aa0fcada492f8fe8ce4b7f7889560a07e827"
[20:14:41.055] [32mINFO[39m: [36mRequired engine migration verified[39m
    module: "worker"
    status: "applied"
    migration: "20260906_universal_v1_estimate_acceptance_materialization"
    sourcePath: "C:\Users\Manfish\Documents\Codex\2026-09-04\let\work\backend-validation-checkout\backend\database\migrations\20260906_universal_v1_estimate_acceptance_materialization.sql"
    sha256: "671d0c9cbb1507a6303165d319e08441f69e5027d6ab2d075561b70a063191e6"
[20:14:41.055] [32mINFO[39m: [36mRequired engine migration verified[39m
    module: "worker"
    status: "applied"
    migration: "20260907_universal_v1_provider_estimate_invitation"
    sourcePath: "C:\Users\Manfish\Documents\Codex\2026-09-04\let\work\backend-validation-checkout\backend\database\migrations\20260907_universal_v1_provider_estimate_invitation.sql"
    sha256: "aac7221f4cd1dca94d26a90e96b5de7078c50cf7660bb934582faecb1a70001e"
[20:14:41.056] [32mINFO[39m: [36mRequired engine migration verified[39m
    module: "worker"
    status: "applied"
    migration: "20260908_universal_v1_provider_work_order_authority"
    sourcePath: "C:\Users\Manfish\Documents\Codex\2026-09-04\let\work\backend-validation-checkout\backend\database\migrations\20260908_universal_v1_provider_work_order_authority.sql"
    sha256: "53bcfc5cc6aa79c3fc8470db293aa0e8ad411a05db958a46c67389d5bc0e1d4c"
[20:14:41.056] [32mINFO[39m: [36mRequired engine migration verified[39m
    module: "worker"
    status: "applied"
    migration: "20260909_universal_v1_reconciliation_alias_repair"
    sourcePath: "C:\Users\Manfish\Documents\Codex\2026-09-04\let\work\backend-validation-checkout\backend\database\migrations\20260909_universal_v1_reconciliation_alias_repair.sql"
    sha256: "422e138cce00ef672092869a758ca752a08717b81cf822b90a509319c1b610a3"
[20:14:41.056] [32mINFO[39m: [36mRequired engine migration verified[39m
    module: "worker"
    status: "applied"
    migration: "20260911_universal_v1_change_order_application"
    sourcePath: "C:\Users\Manfish\Documents\Codex\2026-09-04\let\work\backend-validation-checkout\backend\database\migrations\20260911_universal_v1_change_order_application.sql"
    sha256: "c89f3cc97feae9563764e0cae8f3df4391204277aaa0fed344ae8dad91c17a43"
[20:14:41.056] [32mINFO[39m: [36mRequired engine migration verified[39m
    module: "worker"
    status: "applied"
    migration: "20260912_universal_v1_work_order_execution_facts"
    sourcePath: "C:\Users\Manfish\Documents\Codex\2026-09-04\let\work\backend-validation-checkout\backend\database\migrations\20260912_universal_v1_work_order_execution_facts.sql"
    sha256: "fdbea47445c8a131c2b41f54f0ba4c57caa359ca2453b5bbe3ab6c12c494ce14"
[20:14:41.056] [32mINFO[39m: [36mRequired engine migration verified[39m
    module: "worker"
    status: "applied"
    migration: "20260913_universal_v1_completion_delivery_receipt"
    sourcePath: "C:\Users\Manfish\Documents\Codex\2026-09-04\let\work\backend-validation-checkout\backend\database\migrations\20260913_universal_v1_completion_delivery_receipt.sql"
    sha256: "6299c82b5bdd2383e6dbb4f5d4c2d3c59b21c5b4f985d4b80331713f4ceeb7af"
[20:14:41.057] [32mINFO[39m: [36mRequired engine migration verified[39m
    module: "worker"
    status: "applied"
    migration: "20260914_notification_provider_in_flight"
    sourcePath: "C:\Users\Manfish\Documents\Codex\2026-09-04\let\work\backend-validation-checkout\backend\database\migrations\20260914_notification_provider_in_flight.sql"
    sha256: "0b9a9e162477efd65db5204b667665197c5b7ffbb50efe86b041093f73d2cc2f"
[20:14:41.057] [32mINFO[39m: [36mRequired engine migration verified[39m
    module: "worker"
    status: "applied"
    migration: "20260915_ai_spend_attempt_ledger"
    sourcePath: "C:\Users\Manfish\Documents\Codex\2026-09-04\let\work\backend-validation-checkout\backend\database\migrations\20260915_ai_spend_attempt_ledger.sql"
    sha256: "63b2615ec02c6193c3a8e8b93de263a5b65ac5ec0cfb93cac1869fdf425bfb77"
[20:14:41.057] [32mINFO[39m: [36mRequired engine migration verified[39m
    module: "worker"
    status: "applied"
    migration: "20260916_provider_event_inbox_v1"
    sourcePath: "C:\Users\Manfish\Documents\Codex\2026-09-04\let\work\backend-validation-checkout\backend\database\migrations\20260916_provider_event_inbox_v1.sql"
    sha256: "452b2534f7559326b3772c84d2c3b12bf2c4b6e7623b2a214cd0d20bd09f07a4"
[20:14:41.057] [32mINFO[39m: [36mRequired engine migration verified[39m
    module: "worker"
    status: "applied"
    migration: "20260917_financial_provider_command_journal_v1"
    sourcePath: "C:\Users\Manfish\Documents\Codex\2026-09-04\let\work\backend-validation-checkout\backend\database\migrations\20260917_financial_provider_command_journal_v1.sql"
    sha256: "1ef51473dda118ffe7ff7799ae66e388a66ff9fa34f71df0fa1dc281b1b72577"
[20:14:41.057] [32mINFO[39m: [36mRequired engine migration verified[39m
    module: "worker"
    status: "applied"
    migration: "20260918_universal_v1_prepared_financial_command_v1"
    sourcePath: "C:\Users\Manfish\Documents\Codex\2026-09-04\let\work\backend-validation-checkout\backend\database\migrations\20260918_universal_v1_prepared_financial_command_v1.sql"
    sha256: "dccae61700235f6e0609bef77e454b808af148c347978ae08b422ded77bd8920"
[20:14:41.057] [32mINFO[39m: [36mRequired engine migration verified[39m
    module: "worker"
    status: "applied"
    migration: "20260919_provider_event_processing_v1"
    sourcePath: "C:\Users\Manfish\Documents\Codex\2026-09-04\let\work\backend-validation-checkout\backend\database\migrations\20260919_provider_event_processing_v1.sql"
    sha256: "48a0874f8cf045c5507071ee7013605101c9d50988fd55a97a6148b979b9e798"
[20:14:41.058] [32mINFO[39m: [36mRequired engine migration verified[39m
    module: "worker"
    status: "applied"
    migration: "20260920_financial_provider_command_recovery_v1"
    sourcePath: "C:\Users\Manfish\Documents\Codex\2026-09-04\let\work\backend-validation-checkout\backend\database\migrations\20260920_financial_provider_command_recovery_v1.sql"
    sha256: "f7e8b62942c1aed5435d2d7d805273effd52fc8041e78561d8ad9d3f69a77daf"
[20:14:41.058] [32mINFO[39m: [36mRequired engine migration verified[39m
    module: "worker"
    status: "applied"
    migration: "20260923_legacy_escrow_insert_containment_v1"
    sourcePath: "C:\Users\Manfish\Documents\Codex\2026-09-04\let\work\backend-validation-checkout\backend\database\migrations\20260923_legacy_escrow_insert_containment_v1.sql"
    sha256: "6b9a51a3aa3e963c13585ba5c374c55164a76be9dfffc91303175a523c9ab5d1"
[20:14:41.058] [32mINFO[39m: [36mRequired engine migration verified[39m
    module: "worker"
    status: "applied"
    migration: "20260924_universal_v1_task_draft_route_context_v1"
    sourcePath: "C:\Users\Manfish\Documents\Codex\2026-09-04\let\work\backend-validation-checkout\backend\database\migrations\20260924_universal_v1_task_draft_route_context_v1.sql"
    sha256: "530539ce2d5b3a002bb7ee5e41666334fd4a1d642dc3ac410cd5bae719b2e76f"
[20:14:41.058] [32mINFO[39m: [36mRequired engine migration verified[39m
    module: "worker"
    status: "applied"
    migration: "20260925_universal_v1_work_order_compensation_v1"
    sourcePath: "C:\Users\Manfish\Documents\Codex\2026-09-04\let\work\backend-validation-checkout\backend\database\migrations\20260925_universal_v1_work_order_compensation_v1.sql"
    sha256: "eca44af1528e1a21b718bc765cd8bc740e779bc02497195ddba7da00607f9169"
[20:14:41.058] [32mINFO[39m: [36mRequired engine migration verified[39m
    module: "worker"
    status: "applied"
    migration: "20260928_provider_observation_normalization_v1"
    sourcePath: "C:\Users\Manfish\Documents\Codex\2026-09-04\let\work\backend-validation-checkout\backend\database\migrations\20260928_provider_observation_normalization_v1.sql"
    sha256: "526872fabf6ee65126e3e864ec7d7fb7b830d08d95b8b35799fad8aadc8e7607"
[20:14:41.059] [32mINFO[39m: [36mRequired engine migration verified[39m
    module: "worker"
    status: "applied"
    migration: "20260929_universal_v1_double_entry_ledger_v1"
    sourcePath: "C:\Users\Manfish\Documents\Codex\2026-09-04\let\work\backend-validation-checkout\backend\database\migrations\20260929_universal_v1_double_entry_ledger_v1.sql"
    sha256: "1ad5d75901ad4de964ca821ca8a78bf37bfdb7322b2a2a2119c7bc60325f3102"
[20:14:41.059] [32mINFO[39m: [36mRequired engine migration verified[39m
    module: "worker"
    status: "applied"
    migration: "20260930_universal_v1_ops_cases_v1"
    sourcePath: "C:\Users\Manfish\Documents\Codex\2026-09-04\let\work\backend-validation-checkout\backend\database\migrations\20260930_universal_v1_ops_cases_v1.sql"
    sha256: "5a60b4ec860d26c1e5251cde4fd8a2f7a5aa9f567dc52adc87a2fb6d72cab104"
[20:14:41.060] [32mINFO[39m: [36mRequired engine migration verified[39m
    module: "worker"
    status: "applied"
    migration: "20261001_universal_v1_relationship_origin_v1"
    sourcePath: "C:\Users\Manfish\Documents\Codex\2026-09-04\let\work\backend-validation-checkout\backend\database\migrations\20261001_universal_v1_relationship_origin_v1.sql"
    sha256: "099372b9a542f268661d61d4ac618a11170fe81a26ae13af0512a82c2405e077"
[20:14:41.060] [32mINFO[39m: [36mRequired engine migration verified[39m
    module: "worker"
    status: "applied"
    migration: "20261002_universal_v1_dispute_recovery_v1"
    sourcePath: "C:\Users\Manfish\Documents\Codex\2026-09-04\let\work\backend-validation-checkout\backend\database\migrations\20261002_universal_v1_dispute_recovery_v1.sql"
    sha256: "6137ad651293d9a7f074b225bbd0f861911892427868ad84aff17425673fa189"
[20:14:41.060] [32mINFO[39m: [36mRequired engine migration verified[39m
    module: "worker"
    status: "applied"
    migration: "20261003_universal_v1_task_opportunities_v1"
    sourcePath: "C:\Users\Manfish\Documents\Codex\2026-09-04\let\work\backend-validation-checkout\backend\database\migrations\20261003_universal_v1_task_opportunities_v1.sql"
    sha256: "8f2e2e0edf387fd89cd936bbab6059cd4a4e22abbb3aae73951f3f466eca84b7"
[20:14:41.061] [32mINFO[39m: [36mRequired engine migration verified[39m
    module: "worker"
    status: "applied"
    migration: "20261004_universal_v1_completion_notice_dispatch_v1"
    sourcePath: "C:\Users\Manfish\Documents\Codex\2026-09-04\let\work\backend-validation-checkout\backend\database\migrations\20261004_universal_v1_completion_notice_dispatch_v1.sql"
    sha256: "f5723941769d027e496d0a3a7fed32b29b1a02ff76db97ead815acd46a7fdee8"
[20:14:41.061] [32mINFO[39m: [36mRequired engine migration verified[39m
    module: "worker"
    status: "applied"
    migration: "20261005_universal_v1_occurrence_access_audit_v1"
    sourcePath: "C:\Users\Manfish\Documents\Codex\2026-09-04\let\work\backend-validation-checkout\backend\database\migrations\20261005_universal_v1_occurrence_access_audit_v1.sql"
    sha256: "d805ce946b7aba804be55aea9f131cff99047adaa7d46cd3d21242ac492ec364"
[20:14:41.061] [32mINFO[39m: [36mRequired engine migration verified[39m
    module: "worker"
    status: "applied"
    migration: "20261006_stage1_legacy_authority_containment_v1"
    sourcePath: "C:\Users\Manfish\Documents\Codex\2026-09-04\let\work\backend-validation-checkout\backend\database\migrations\20261006_stage1_legacy_authority_containment_v1.sql"
    sha256: "5cc6f5710696048b98c97ea06993a56aefaf711bac7a04dd973059f957d4eb63"
[20:14:41.061] [32mINFO[39m: [36mRequired engine migration verified[39m
    module: "worker"
    status: "applied"
    migration: "20261007_subscription_cancellation_recovery_v1"
    sourcePath: "C:\Users\Manfish\Documents\Codex\2026-09-04\let\work\backend-validation-checkout\backend\database\migrations\20261007_subscription_cancellation_recovery_v1.sql"
    sha256: "b6671677f556655c2cc3bad374a341a7667a0c431155397dbc0f5ad8029ffdb4"
[20:14:41.061] [32mINFO[39m: [36mRequired engine migration verified[39m
    module: "worker"
    status: "applied"
    migration: "20261008_universal_v1_work_order_task_state_containment_v1"
    sourcePath: "C:\Users\Manfish\Documents\Codex\2026-09-04\let\work\backend-validation-checkout\backend\database\migrations\20261008_universal_v1_work_order_task_state_containment_v1.sql"
    sha256: "2c3a3050a5a4efb3380e9746d77526a22adf33438c7e31521c589998b860ba04"
[20:14:41.062] [32mINFO[39m: [36mRequired engine migration verified[39m
    module: "worker"
    status: "applied"
    migration: "20261009_universal_v1_standardized_quote_readiness_v1"
    sourcePath: "C:\Users\Manfish\Documents\Codex\2026-09-04\let\work\backend-validation-checkout\backend\database\migrations\20261009_universal_v1_standardized_quote_readiness_v1.sql"
    sha256: "e088ec77e6dde547c5125807b6b6a83a318cc31a3c23a60233a87040a4ae8a2a"
[20:14:41.062] [32mINFO[39m: [36mRequired engine migration verified[39m
    module: "worker"
    status: "applied"
    migration: "20261010_universal_v1_financial_security_event_expiry_v1"
    sourcePath: "C:\Users\Manfish\Documents\Codex\2026-09-04\let\work\backend-validation-checkout\backend\database\migrations\20261010_universal_v1_financial_security_event_expiry_v1.sql"
    sha256: "1203de8b3a8a3457d439e51b7cc17d446ab1c9ae9a0c416b677f114d91e08a7b"
[20:14:41.062] [32mINFO[39m: [36mRequired engine migration verified[39m
    module: "worker"
    status: "applied"
    migration: "20261012_universal_v1_work_order_command_authority_v2"
    sourcePath: "C:\Users\Manfish\Documents\Codex\2026-09-04\let\work\backend-validation-checkout\backend\database\migrations\20261012_universal_v1_work_order_command_authority_v2.sql"
    sha256: "646a94805c9f6df5a487e4af11167329e82a9739ff81c5198c8d1db6f6bfd30d"
[20:14:41.064] [32mINFO[39m: [36mRequired engine migration verified[39m
    module: "worker"
    status: "applied"
    migration: "20261014_universal_v1_work_order_command_ports_v1"
    sourcePath: "C:\Users\Manfish\Documents\Codex\2026-09-04\let\work\backend-validation-checkout\backend\database\migrations\20261014_universal_v1_work_order_command_ports_v1.sql"
    sha256: "3920ac8d3208b9f573dc331cab60c373d0349611700c6e14a6e4c1dd8c53aac4"
[20:14:41.064] [32mINFO[39m: [36mLegacy exact-location encryption backfill verified[39m
    module: "worker"
    backfilledLocationCount: 0
[20:14:41.072] [32mINFO[39m: [36mNonproduction fake-financial migrations verified[39m
    module: "worker"
    outcomes: [
      {
        "status": "applied",
        "migration": "20260827_fake_financial_provider_v1",
        "sourcePath": "/app/backend/database/migrations/20260827_fake_financial_provider_v1.sql",
        "sha256": "26d451ef2812b11cf221290635cee4c402d16012e19741e58663b86e6ae10ec8"
      },
      {
        "status": "applied",
        "migration": "20260903_fake_financial_provider_account_refresh_v2",
        "sourcePath": "/app/backend/database/migrations/20260903_fake_financial_provider_account_refresh_v2.sql",
        "sha256": "74cfbdde587bccd761a6043571d5c9dc2fde797d428911a45cb6eef7d0bb1389"
      },
      {
        "status": "applied",
        "migration": "20260910_fake_financial_settlement_completion_v3",
        "sourcePath": "/app/backend/database/migrations/20260910_fake_financial_settlement_completion_v3.sql",
        "sha256": "77432de4ab69f63f23ef2558a4ef2164ac8a233ad394d66bf70e0142517dc1ef"
      },
      {
        "status": "applied",
        "migration": "20260921_universal_v1_fake_financial_lifecycle_bridge_v1",
        "sourcePath": "/app/backend/database/migrations/20260921_universal_v1_fake_financial_lifecycle_bridge_v1.sql",
        "sha256": "63075ae3094cc8d4d26999fbb1c2b31babe89b6bc2e7d99f092955452dd85e5e"
      },
      {
        "status": "applied",
        "migration": "20260922_universal_v1_fake_terminal_lifecycle_intent_v1",
        "sourcePath": "/app/backend/database/migrations/20260922_universal_v1_fake_terminal_lifecycle_intent_v1.sql",
        "sha256": "f1bc0be5cb925734d909a83018f7528c4b3c31654ae9f5cae3b8993c4f5ef693"
      },
      {
        "status": "applied",
        "migration": "20260926_universal_v1_change_order_three_phase_v1",
        "sourcePath": "/app/backend/database/migrations/20260926_universal_v1_change_order_three_phase_v1.sql",
        "sha256": "574d440fea618c4a44efaf56e0a5f6f4cd84fd46089a12c2d071aa813a295613"
      },
      {
        "status": "applied",
        "migration": "20260927_universal_v1_change_order_recovery_v1",
        "sourcePath": "/app/backend/database/migrations/20260927_universal_v1_change_order_recovery_v1.sql",
        "sha256": "8ae30fd8e3b990e839fd6ed6dbed3c715ed6d9b8954fe8aaa49bbcbe09986078"
      },
      {
        "status": "applied",
        "migration": "20261002_universal_v1_dispute_fake_release_gate_v8",
        "sourcePath": "/app/backend/database/migrations/20261002_universal_v1_dispute_fake_release_gate_v8.sql",
        "sha256": "41e76dfa7f3293e1f9cf1bfda7b7c25344beec218366492b6ffa217ccdc8a0dc"
      },
      {
        "status": "applied",
        "migration": "20261010_universal_v1_fake_financial_expiry_v9",
        "sourcePath": "/app/backend/database/migrations/20261010_universal_v1_fake_financial_expiry_v9.sql",
        "sha256": "9c53bd9f8f9524b177c9b08f023bb3005d84ab6c159394ae6490ee1e48ad496d"
      },
      {
        "status": "applied",
        "migration": "20261011_universal_v1_fake_financial_expiry_recovery_v10",
        "sourcePath": "/app/backend/database/migrations/20261011_universal_v1_fake_financial_expiry_recovery_v10.sql",
        "sha256": "739ce58699a11ea0078c0c2eb910ec8a2adb2278e6af2aeefe041cc07c3d6a25"
      },
      {
        "status": "applied",
        "migration": "20261013_nonproduction_runtime_insert_authority_v1",
        "sourcePath": "/app/backend/database/migrations/20261013_nonproduction_runtime_insert_authority_v1.sql",
        "sha256": "e4204c41457be1ceb823b48baf228010e266172f6e081693475f05a670fcd35c"
      },
      {
        "status": "applied",
        "migration": "20261015_universal_v1_work_order_fake_financial_authority_hardening_v12",
        "sourcePath": "/app/backend/database/migrations/20261015_universal_v1_work_order_fake_financial_authority_hardening_v12.sql",
        "sha256": "5bb8ee72b9113146b88c22c6751ebe527ba6246b4463a8611ef9c24b999b7ac5"
      },
      {
        "status": "applied",
        "migration": "20261015_universal_v1_work_order_bootstrap_seal_v1",
        "sourcePath": "/app/backend/database/migrations/20261015_universal_v1_work_order_bootstrap_seal_v1.sql",
        "sha256": "c69825589193885d0f6a3b93930880998e95e1c5cd44bb9b5999cb457192b2bd"
      },
      {
        "status": "applied",
        "migration": "20261016_universal_v1_fake_financial_command_outbox_authority_v13",
        "sourcePath": "/app/backend/database/migrations/20261016_universal_v1_fake_financial_command_outbox_authority_v13.sql",
        "sha256": "71d8ce41ec1437725559b687505d77e624817f532648b12a87567dfd6f205d27"
      }
    ]
[20:14:41.240] [32mINFO[39m: [36mNonproduction fake-financial migrations verified[39m
    module: "worker"
    outcomes: [
      {
        "status": "applied",
        "migration": "20260827_fake_financial_provider_v1",
        "sourcePath": "/app/backend/database/migrations/20260827_fake_financial_provider_v1.sql",
        "sha256": "26d451ef2812b11cf221290635cee4c402d16012e19741e58663b86e6ae10ec8"
      },
      {
        "status": "applied",
        "migration": "20260903_fake_financial_provider_account_refresh_v2",
        "sourcePath": "/app/backend/database/migrations/20260903_fake_financial_provider_account_refresh_v2.sql",
        "sha256": "74cfbdde587bccd761a6043571d5c9dc2fde797d428911a45cb6eef7d0bb1389"
      },
      {
        "status": "applied",
        "migration": "20260910_fake_financial_settlement_completion_v3",
        "sourcePath": "/app/backend/database/migrations/20260910_fake_financial_settlement_completion_v3.sql",
        "sha256": "77432de4ab69f63f23ef2558a4ef2164ac8a233ad394d66bf70e0142517dc1ef"
      },
      {
        "status": "applied",
        "migration": "20260921_universal_v1_fake_financial_lifecycle_bridge_v1",
        "sourcePath": "/app/backend/database/migrations/20260921_universal_v1_fake_financial_lifecycle_bridge_v1.sql",
        "sha256": "63075ae3094cc8d4d26999fbb1c2b31babe89b6bc2e7d99f092955452dd85e5e"
      },
      {
        "status": "applied",
        "migration": "20260922_universal_v1_fake_terminal_lifecycle_intent_v1",
        "sourcePath": "/app/backend/database/migrations/20260922_universal_v1_fake_terminal_lifecycle_intent_v1.sql",
        "sha256": "f1bc0be5cb925734d909a83018f7528c4b3c31654ae9f5cae3b8993c4f5ef693"
      },
      {
        "status": "applied",
        "migration": "20260926_universal_v1_change_order_three_phase_v1",
        "sourcePath": "/app/backend/database/migrations/20260926_universal_v1_change_order_three_phase_v1.sql",
        "sha256": "574d440fea618c4a44efaf56e0a5f6f4cd84fd46089a12c2d071aa813a295613"
      },
      {
        "status": "applied",
        "migration": "20260927_universal_v1_change_order_recovery_v1",
        "sourcePath": "/app/backend/database/migrations/20260927_universal_v1_change_order_recovery_v1.sql",
        "sha256": "8ae30fd8e3b990e839fd6ed6dbed3c715ed6d9b8954fe8aaa49bbcbe09986078"
      },
      {
        "status": "applied",
        "migration": "20261002_universal_v1_dispute_fake_release_gate_v8",
        "sourcePath": "/app/backend/database/migrations/20261002_universal_v1_dispute_fake_release_gate_v8.sql",
        "sha256": "41e76dfa7f3293e1f9cf1bfda7b7c25344beec218366492b6ffa217ccdc8a0dc"
      },
      {
        "status": "applied",
        "migration": "20261010_universal_v1_fake_financial_expiry_v9",
        "sourcePath": "/app/backend/database/migrations/20261010_universal_v1_fake_financial_expiry_v9.sql",
        "sha256": "9c53bd9f8f9524b177c9b08f023bb3005d84ab6c159394ae6490ee1e48ad496d"
      },
      {
        "status": "applied",
        "migration": "20261011_universal_v1_fake_financial_expiry_recovery_v10",
        "sourcePath": "/app/backend/database/migrations/20261011_universal_v1_fake_financial_expiry_recovery_v10.sql",
        "sha256": "739ce58699a11ea0078c0c2eb910ec8a2adb2278e6af2aeefe041cc07c3d6a25"
      },
      {
        "status": "applied",
        "migration": "20261013_nonproduction_runtime_insert_authority_v1",
        "sourcePath": "/app/backend/database/migrations/20261013_nonproduction_runtime_insert_authority_v1.sql",
        "sha256": "e4204c41457be1ceb823b48baf228010e266172f6e081693475f05a670fcd35c"
      },
      {
        "status": "applied",
        "migration": "20261015_universal_v1_work_order_fake_financial_authority_hardening_v12",
        "sourcePath": "/app/backend/database/migrations/20261015_universal_v1_work_order_fake_financial_authority_hardening_v12.sql",
        "sha256": "5bb8ee72b9113146b88c22c6751ebe527ba6246b4463a8611ef9c24b999b7ac5"
      },
      {
        "status": "applied",
        "migration": "20261015_universal_v1_work_order_bootstrap_seal_v1",
        "sourcePath": "/app/backend/database/migrations/20261015_universal_v1_work_order_bootstrap_seal_v1.sql",
        "sha256": "c69825589193885d0f6a3b93930880998e95e1c5cd44bb9b5999cb457192b2bd"
      },
      {
        "status": "applied",
        "migration": "20261016_universal_v1_fake_financial_command_outbox_authority_v13",
        "sourcePath": "/app/backend/database/migrations/20261016_universal_v1_fake_financial_command_outbox_authority_v13.sql",
        "sha256": "71d8ce41ec1437725559b687505d77e624817f532648b12a87567dfd6f205d27"
      }
    ]
[20:14:41.384] [32mINFO[39m: [36mNonproduction fake-financial migrations verified[39m
    module: "worker"
    outcomes: [
      {
        "status": "applied",
        "migration": "20260827_fake_financial_provider_v1",
        "sourcePath": "/app/backend/database/migrations/20260827_fake_financial_provider_v1.sql",
        "sha256": "26d451ef2812b11cf221290635cee4c402d16012e19741e58663b86e6ae10ec8"
      },
      {
        "status": "applied",
        "migration": "20260903_fake_financial_provider_account_refresh_v2",
        "sourcePath": "/app/backend/database/migrations/20260903_fake_financial_provider_account_refresh_v2.sql",
        "sha256": "74cfbdde587bccd761a6043571d5c9dc2fde797d428911a45cb6eef7d0bb1389"
      },
      {
        "status": "applied",
        "migration": "20260910_fake_financial_settlement_completion_v3",
        "sourcePath": "/app/backend/database/migrations/20260910_fake_financial_settlement_completion_v3.sql",
        "sha256": "77432de4ab69f63f23ef2558a4ef2164ac8a233ad394d66bf70e0142517dc1ef"
      },
      {
        "status": "applied",
        "migration": "20260921_universal_v1_fake_financial_lifecycle_bridge_v1",
        "sourcePath": "/app/backend/database/migrations/20260921_universal_v1_fake_financial_lifecycle_bridge_v1.sql",
        "sha256": "63075ae3094cc8d4d26999fbb1c2b31babe89b6bc2e7d99f092955452dd85e5e"
      },
      {
        "status": "applied",
        "migration": "20260922_universal_v1_fake_terminal_lifecycle_intent_v1",
        "sourcePath": "/app/backend/database/migrations/20260922_universal_v1_fake_terminal_lifecycle_intent_v1.sql",
        "sha256": "f1bc0be5cb925734d909a83018f7528c4b3c31654ae9f5cae3b8993c4f5ef693"
      },
      {
        "status": "applied",
        "migration": "20260926_universal_v1_change_order_three_phase_v1",
        "sourcePath": "/app/backend/database/migrations/20260926_universal_v1_change_order_three_phase_v1.sql",
        "sha256": "574d440fea618c4a44efaf56e0a5f6f4cd84fd46089a12c2d071aa813a295613"
      },
      {
        "status": "applied",
        "migration": "20260927_universal_v1_change_order_recovery_v1",
        "sourcePath": "/app/backend/database/migrations/20260927_universal_v1_change_order_recovery_v1.sql",
        "sha256": "8ae30fd8e3b990e839fd6ed6dbed3c715ed6d9b8954fe8aaa49bbcbe09986078"
      },
      {
        "status": "applied",
        "migration": "20261002_universal_v1_dispute_fake_release_gate_v8",
        "sourcePath": "/app/backend/database/migrations/20261002_universal_v1_dispute_fake_release_gate_v8.sql",
        "sha256": "41e76dfa7f3293e1f9cf1bfda7b7c25344beec218366492b6ffa217ccdc8a0dc"
      },
      {
        "status": "applied",
        "migration": "20261010_universal_v1_fake_financial_expiry_v9",
        "sourcePath": "/app/backend/database/migrations/20261010_universal_v1_fake_financial_expiry_v9.sql",
        "sha256": "9c53bd9f8f9524b177c9b08f023bb3005d84ab6c159394ae6490ee1e48ad496d"
      },
      {
        "status": "applied",
        "migration": "20261011_universal_v1_fake_financial_expiry_recovery_v10",
        "sourcePath": "/app/backend/database/migrations/20261011_universal_v1_fake_financial_expiry_recovery_v10.sql",
        "sha256": "739ce58699a11ea0078c0c2eb910ec8a2adb2278e6af2aeefe041cc07c3d6a25"
      },
      {
        "status": "applied",
        "migration": "20261013_nonproduction_runtime_insert_authority_v1",
        "sourcePath": "/app/backend/database/migrations/20261013_nonproduction_runtime_insert_authority_v1.sql",
        "sha256": "e4204c41457be1ceb823b48baf228010e266172f6e081693475f05a670fcd35c"
      },
      {
        "status": "applied",
        "migration": "20261015_universal_v1_work_order_fake_financial_authority_hardening_v12",
        "sourcePath": "/app/backend/database/migrations/20261015_universal_v1_work_order_fake_financial_authority_hardening_v12.sql",
        "sha256": "5bb8ee72b9113146b88c22c6751ebe527ba6246b4463a8611ef9c24b999b7ac5"
      },
      {
        "status": "applied",
        "migration": "20261015_universal_v1_work_order_bootstrap_seal_v1",
        "sourcePath": "/app/backend/database/migrations/20261015_universal_v1_work_order_bootstrap_seal_v1.sql",
        "sha256": "c69825589193885d0f6a3b93930880998e95e1c5cd44bb9b5999cb457192b2bd"
      },
      {
        "status": "applied",
        "migration": "20261016_universal_v1_fake_financial_command_outbox_authority_v13",
        "sourcePath": "/app/backend/database/migrations/20261016_universal_v1_fake_financial_command_outbox_authority_v13.sql",
        "sha256": "71d8ce41ec1437725559b687505d77e624817f532648b12a87567dfd6f205d27"
      }
    ]
[20:14:41.429] [32mINFO[39m: [36mNonproduction fake-financial migrations verified[39m
    module: "worker"
    outcomes: [
      {
        "status": "applied",
        "migration": "20260827_fake_financial_provider_v1",
        "sourcePath": "/app/backend/database/migrations/20260827_fake_financial_provider_v1.sql",
        "sha256": "26d451ef2812b11cf221290635cee4c402d16012e19741e58663b86e6ae10ec8"
      },
      {
        "status": "applied",
        "migration": "20260903_fake_financial_provider_account_refresh_v2",
        "sourcePath": "/app/backend/database/migrations/20260903_fake_financial_provider_account_refresh_v2.sql",
        "sha256": "74cfbdde587bccd761a6043571d5c9dc2fde797d428911a45cb6eef7d0bb1389"
      },
      {
        "status": "applied",
        "migration": "20260910_fake_financial_settlement_completion_v3",
        "sourcePath": "/app/backend/database/migrations/20260910_fake_financial_settlement_completion_v3.sql",
        "sha256": "77432de4ab69f63f23ef2558a4ef2164ac8a233ad394d66bf70e0142517dc1ef"
      },
      {
        "status": "applied",
        "migration": "20260921_universal_v1_fake_financial_lifecycle_bridge_v1",
        "sourcePath": "/app/backend/database/migrations/20260921_universal_v1_fake_financial_lifecycle_bridge_v1.sql",
        "sha256": "63075ae3094cc8d4d26999fbb1c2b31babe89b6bc2e7d99f092955452dd85e5e"
      },
      {
        "status": "applied",
        "migration": "20260922_universal_v1_fake_terminal_lifecycle_intent_v1",
        "sourcePath": "/app/backend/database/migrations/20260922_universal_v1_fake_terminal_lifecycle_intent_v1.sql",
        "sha256": "f1bc0be5cb925734d909a83018f7528c4b3c31654ae9f5cae3b8993c4f5ef693"
      },
      {
        "status": "applied",
        "migration": "20260926_universal_v1_change_order_three_phase_v1",
        "sourcePath": "/app/backend/database/migrations/20260926_universal_v1_change_order_three_phase_v1.sql",
        "sha256": "574d440fea618c4a44efaf56e0a5f6f4cd84fd46089a12c2d071aa813a295613"
      },
      {
        "status": "applied",
        "migration": "20260927_universal_v1_change_order_recovery_v1",
        "sourcePath": "/app/backend/database/migrations/20260927_universal_v1_change_order_recovery_v1.sql",
        "sha256": "8ae30fd8e3b990e839fd6ed6dbed3c715ed6d9b8954fe8aaa49bbcbe09986078"
      },
      {
        "status": "applied",
        "migration": "20261002_universal_v1_dispute_fake_release_gate_v8",
        "sourcePath": "/app/backend/database/migrations/20261002_universal_v1_dispute_fake_release_gate_v8.sql",
        "sha256": "41e76dfa7f3293e1f9cf1bfda7b7c25344beec218366492b6ffa217ccdc8a0dc"
      },
      {
        "status": "applied",
        "migration": "20261010_universal_v1_fake_financial_expiry_v9",
        "sourcePath": "/app/backend/database/migrations/20261010_universal_v1_fake_financial_expiry_v9.sql",
        "sha256": "9c53bd9f8f9524b177c9b08f023bb3005d84ab6c159394ae6490ee1e48ad496d"
      },
      {
        "status": "applied",
        "migration": "20261011_universal_v1_fake_financial_expiry_recovery_v10",
        "sourcePath": "/app/backend/database/migrations/20261011_universal_v1_fake_financial_expiry_recovery_v10.sql",
        "sha256": "739ce58699a11ea0078c0c2eb910ec8a2adb2278e6af2aeefe041cc07c3d6a25"
      },
      {
        "status": "applied",
        "migration": "20261013_nonproduction_runtime_insert_authority_v1",
        "sourcePath": "/app/backend/database/migrations/20261013_nonproduction_runtime_insert_authority_v1.sql",
        "sha256": "e4204c41457be1ceb823b48baf228010e266172f6e081693475f05a670fcd35c"
      },
      {
        "status": "applied",
        "migration": "20261015_universal_v1_work_order_fake_financial_authority_hardening_v12",
        "sourcePath": "/app/backend/database/migrations/20261015_universal_v1_work_order_fake_financial_authority_hardening_v12.sql",
        "sha256": "5bb8ee72b9113146b88c22c6751ebe527ba6246b4463a8611ef9c24b999b7ac5"
      },
      {
        "status": "applied",
        "migration": "20261015_universal_v1_work_order_bootstrap_seal_v1",
        "sourcePath": "/app/backend/database/migrations/20261015_universal_v1_work_order_bootstrap_seal_v1.sql",
        "sha256": "c69825589193885d0f6a3b93930880998e95e1c5cd44bb9b5999cb457192b2bd"
      },
      {
        "status": "applied",
        "migration": "20261016_universal_v1_fake_financial_command_outbox_authority_v13",
        "sourcePath": "/app/backend/database/migrations/20261016_universal_v1_fake_financial_command_outbox_authority_v13.sql",
        "sha256": "71d8ce41ec1437725559b687505d77e624817f532648b12a87567dfd6f205d27"
      }
    ]
[20:14:41.524] [32mINFO[39m: [36mRequired engine migration verified[39m
    module: "worker"
    status: "applied"
    migration: "add_missing_tables_v2"
    sourcePath: "C:\Users\Manfish\Documents\Codex\2026-09-04\let\work\backend-validation-checkout\backend\database\migrations\add_missing_tables_v2.sql"
    sha256: "0e82957e8c8ac0cdb2da99faaad235f64e8eda817ff60681e4455719b48a403e"
[20:14:41.525] [32mINFO[39m: [36mRequired engine migration verified[39m
    module: "worker"
    status: "applied"
    migration: "20260710_engine_automation_contracts"
    sourcePath: "C:\Users\Manfish\Documents\Codex\2026-09-04\let\work\backend-validation-checkout\backend\database\migrations\20260710_engine_automation_contracts.sql"
    sha256: "7581c779b858864ba4f1d7ec1af1fb8da613c53b8986adafcfd4de2cf07938a7"
[20:14:41.525] [32mINFO[39m: [36mRequired engine migration verified[39m
    module: "worker"
    status: "applied"
    migration: "20260711_required_proof_alignment"
    sourcePath: "C:\Users\Manfish\Documents\Codex\2026-09-04\let\work\backend-validation-checkout\backend\database\migrations\011-proof-alignment.sql"
    sha256: "aa042a77dc4f8b8fcad8b53f6e678a6c2ec4edf39d7c18f63399d184369759c3"
[20:14:41.525] [32mINFO[39m: [36mRequired engine migration verified[39m
    module: "worker"
    status: "applied"
    migration: "20260711_required_expertise_supply"
    sourcePath: "C:\Users\Manfish\Documents\Codex\2026-09-04\let\work\backend-validation-checkout\backend\database\migrations\expertise_supply_control.sql"
    sha256: "104803408da1a0196291254866cefb2944b4b45be5a2c81df334ecaac828cf39"
[20:14:41.525] [32mINFO[39m: [36mRequired engine migration verified[39m
    module: "worker"
    status: "applied"
    migration: "20260711_task_outcome_classification"
    sourcePath: "C:\Users\Manfish\Documents\Codex\2026-09-04\let\work\backend-validation-checkout\backend\database\migrations\20260711_task_outcome_classification.sql"
    sha256: "c723901db04a66d60ec231ac10324fe8834a32b9b6019b7a5aa0a651638cf791"
[20:14:41.525] [32mINFO[39m: [36mRequired engine migration verified[39m
    module: "worker"
    status: "applied"
    migration: "20260712_hustler_identity_link"
    sourcePath: "C:\Users\Manfish\Documents\Codex\2026-09-04\let\work\backend-validation-checkout\backend\database\migrations\20260712_hustler_identity_link.sql"
    sha256: "4ea3685d374532f90122a58b596d04a544c06bd701d0697037af15a964af3518"
[20:14:41.525] [32mINFO[39m: [36mRequired engine migration verified[39m
    module: "worker"
    status: "applied"
    migration: "20260712_dispatch_expiry_pending_payment_cancel"
    sourcePath: "C:\Users\Manfish\Documents\Codex\2026-09-04\let\work\backend-validation-checkout\backend\database\migrations\20260712_dispatch_expiry_pending_payment_cancel.sql"
    sha256: "4b29f0612985dbf9e90c2f437cc49dbf88223d3a78c67bfd48ebc88e16249a7f"
[20:14:41.525] [32mINFO[39m: [36mRequired engine migration verified[39m
    module: "worker"
    status: "applied"
    migration: "20260712_dispatch_expiry_no_payment_reconcile"
    sourcePath: "C:\Users\Manfish\Documents\Codex\2026-09-04\let\work\backend-validation-checkout\backend\database\migrations\20260712_dispatch_expiry_no_payment_reconcile.sql"
    sha256: "12d4e967e5b0a910debe5c187a5dc3bb18d3c2ce49375e6698aa856e12a60b72"
[20:14:41.525] [32mINFO[39m: [36mRequired engine migration verified[39m
    module: "worker"
    status: "applied"
    migration: "performance_indexes_v1"
    sourcePath: "C:\Users\Manfish\Documents\Codex\2026-09-04\let\work\backend-validation-checkout\backend\database\migrations\20260713_performance_indexes_alignment.sql"
    sha256: "3696d6feeed5f058d286ad62cbe8fb75a72e43cecc93cfcb162bb2ef61cb33cf"
[20:14:41.525] [32mINFO[39m: [36mRequired engine migration verified[39m
    module: "worker"
    status: "applied"
    migration: "chargeback_lifecycle_v1"
    sourcePath: "C:\Users\Manfish\Documents\Codex\2026-09-04\let\work\backend-validation-checkout\backend\database\migrations\chargeback_lifecycle.sql"
    sha256: "32905444b29504044c3f91a5398a0a2c064398d833e66d486e6ca513fddff6f7"
[20:14:41.526] [32mINFO[39m: [36mRequired engine migration verified[39m
    module: "worker"
    status: "applied"
    migration: "20260718_revenue_audit_rail"
    sourcePath: "C:\Users\Manfish\Documents\Codex\2026-09-04\let\work\backend-validation-checkout\backend\database\migrations\20260718_revenue_audit_rail.sql"
    sha256: "f11a5eb964f2c09b9e9592533fd32b35c24c9de8511e79b6096f2cf7627134a0"
[20:14:41.526] [32mINFO[39m: [36mRequired engine migration verified[39m
    module: "worker"
    status: "applied"
    migration: "20260718_quote_economics_contract"
    sourcePath: "C:\Users\Manfish\Documents\Codex\2026-09-04\let\work\backend-validation-checkout\backend\database\migrations\20260718_quote_economics_contract.sql"
    sha256: "1eb1a06963af0d740b488154d5803ab050f322d501feae130ac02e6e5669ecef"
[20:14:41.526] [32mINFO[39m: [36mRequired engine migration verified[39m
    module: "worker"
    status: "applied"
    migration: "20260718_task_scope_versions"
    sourcePath: "C:\Users\Manfish\Documents\Codex\2026-09-04\let\work\backend-validation-checkout\backend\database\migrations\20260718_task_scope_versions.sql"
    sha256: "71098ed2d76562e33e7439b6bbeaa2648c19174a3c19195460238aeaf5abcd6e"
[20:14:41.526] [32mINFO[39m: [36mRequired engine migration verified[39m
    module: "worker"
    status: "applied"
    migration: "20260718_task_location_encryption"
    sourcePath: "C:\Users\Manfish\Documents\Codex\2026-09-04\let\work\backend-validation-checkout\backend\database\migrations\20260718_task_location_encryption.sql"
    sha256: "084ef950e086b7aa5040e4fba37277d18f65a15f6cbea75d52dd5729b00386f2"
[20:14:41.526] [32mINFO[39m: [36mRequired engine migration verified[39m
    module: "worker"
    status: "applied"
    migration: "20260718_proof_submission_atomicity"
    sourcePath: "C:\Users\Manfish\Documents\Codex\2026-09-04\let\work\backend-validation-checkout\backend\database\migrations\20260718_proof_submission_atomicity.sql"
    sha256: "6d5dfced166382beed083351a6c75aa5bbf972dcb0eb8704003cae40aa8d5768"
[20:14:41.526] [32mINFO[39m: [36mRequired engine migration verified[39m
    module: "worker"
    status: "applied"
    migration: "20260718_task_safety_incident_cases"
    sourcePath: "C:\Users\Manfish\Documents\Codex\2026-09-04\let\work\backend-validation-checkout\backend\database\migrations\20260718_task_safety_incident_cases.sql"
    sha256: "a73437cc7e7f152a195b730f4c1d622ca2461bc682665c26f31760a3d1fa3800"
[20:14:41.526] [32mINFO[39m: [36mRequired engine migration verified[39m
    module: "worker"
    status: "applied"
    migration: "20260718_task_safety_delivery_contract"
    sourcePath: "C:\Users\Manfish\Documents\Codex\2026-09-04\let\work\backend-validation-checkout\backend\database\migrations\20260718_task_safety_delivery_contract.sql"
    sha256: "26c8241b9526f77980121afa98089dcf55162204979c0ee0465b1d7c55416c7d"
[20:14:41.526] [32mINFO[39m: [36mRequired engine migration verified[39m
    module: "worker"
    status: "applied"
    migration: "20260718_task_safety_checkins"
    sourcePath: "C:\Users\Manfish\Documents\Codex\2026-09-04\let\work\backend-validation-checkout\backend\database\migrations\20260718_task_safety_checkins.sql"
    sha256: "f9278e4a9cb7c7345f321712a4204280129d6e31aba31d03a987c31cb40781e5"
[20:14:41.526] [32mINFO[39m: [36mRequired engine migration verified[39m
    module: "worker"
    status: "applied"
    migration: "20260718_task_safety_location_encryption"
    sourcePath: "C:\Users\Manfish\Documents\Codex\2026-09-04\let\work\backend-validation-checkout\backend\database\migrations\20260718_task_safety_location_encryption.sql"
    sha256: "2cd76dff8f126da4bec2d6f58e2c6de5c3c93a3fabd1024536a7c007dce07e46"
[20:14:41.526] [32mINFO[39m: [36mRequired engine migration verified[39m
    module: "worker"
    status: "applied"
    migration: "20260718_zone_category_liquidity_cells"
    sourcePath: "C:\Users\Manfish\Documents\Codex\2026-09-04\let\work\backend-validation-checkout\backend\database\migrations\20260718_zone_category_liquidity_cells.sql"
    sha256: "8c427c29ac142a7543c08768be5823b1dcd6d4630b1a3b5128e2e88afce77a2c"
[20:14:41.527] [32mINFO[39m: [36mRequired engine migration verified[39m
    module: "worker"
    status: "applied"
    migration: "20260718_worker_offer_decision_contract"
    sourcePath: "C:\Users\Manfish\Documents\Codex\2026-09-04\let\work\backend-validation-checkout\backend\database\migrations\20260718_worker_offer_decision_contract.sql"
    sha256: "81defc49577f106e03e682814dd2bc302f7435adfb1711a8801d68ada75d4e02"
[20:14:41.527] [32mINFO[39m: [36mRequired engine migration verified[39m
    module: "worker"
    status: "applied"
    migration: "20260718_worker_screening_rights_contract"
    sourcePath: "C:\Users\Manfish\Documents\Codex\2026-09-04\let\work\backend-validation-checkout\backend\database\migrations\20260718_worker_screening_rights_contract.sql"
    sha256: "3c1d98eb3a8e5f59811dc7a937584bc96b0d37bae87a04f7bac58b41e1a4d20d"
[20:14:41.527] [32mINFO[39m: [36mRequired engine migration verified[39m
    module: "worker"
    status: "applied"
    migration: "20260718_region_policy_contract"
    sourcePath: "C:\Users\Manfish\Documents\Codex\2026-09-04\let\work\backend-validation-checkout\backend\database\migrations\20260718_region_policy_contract.sql"
    sha256: "01c65eb106aa9ad3a9909e08b882f6ba908bf626e0c23a68136c64fe39ec9311"
[20:14:41.527] [32mINFO[39m: [36mRequired engine migration verified[39m
    module: "worker"
    status: "applied"
    migration: "20260718_completion_retention_contract"
    sourcePath: "C:\Users\Manfish\Documents\Codex\2026-09-04\let\work\backend-validation-checkout\backend\database\migrations\20260718_completion_retention_contract.sql"
    sha256: "b55d86d2438505a7e38b330de642ca1711ab14e8f970da9e9eca8d975da38ef0"
[20:14:41.527] [32mINFO[39m: [36mRequired engine migration verified[39m
    module: "worker"
    status: "applied"
    migration: "20260718_task_public_clarifications"
    sourcePath: "C:\Users\Manfish\Documents\Codex\2026-09-04\let\work\backend-validation-checkout\backend\database\migrations\20260718_task_public_clarifications.sql"
    sha256: "5dd2cca338998318447069a4c47fcaaf8a48e2d9bb7004e24576bc76849c9155"
[20:14:41.527] [32mINFO[39m: [36mRequired engine migration verified[39m
    module: "worker"
    status: "applied"
    migration: "20260718_marketplace_reputation_contract"
    sourcePath: "C:\Users\Manfish\Documents\Codex\2026-09-04\let\work\backend-validation-checkout\backend\database\migrations\20260718_marketplace_reputation_contract.sql"
    sha256: "df565bff5dd411e74c6714e3353d22e28af6438b8a2a16c34fb574dd46d50933"
[20:14:41.528] [32mINFO[39m: [36mRequired engine migration verified[39m
    module: "worker"
    status: "applied"
    migration: "20260718_business_workspace_contract"
    sourcePath: "C:\Users\Manfish\Documents\Codex\2026-09-04\let\work\backend-validation-checkout\backend\database\migrations\20260718_business_workspace_contract.sql"
    sha256: "a22965906807502d81f7fc6fb085b1f71ee4cf8171986eb61be292dccc137c45"
[20:14:41.528] [32mINFO[39m: [36mRequired engine migration verified[39m
    module: "worker"
    status: "applied"
    migration: "20260718_business_operations_contract"
    sourcePath: "C:\Users\Manfish\Documents\Codex\2026-09-04\let\work\backend-validation-checkout\backend\database\migrations\20260718_business_operations_contract.sql"
    sha256: "23fdb635e6768e7cfabc299ba4babab7aa37e29d319f124e8cf96e152ff7a0cb"
[20:14:41.528] [32mINFO[39m: [36mRequired engine migration verified[39m
    module: "worker"
    status: "applied"
    migration: "20260718_business_execution_contract"
    sourcePath: "C:\Users\Manfish\Documents\Codex\2026-09-04\let\work\backend-validation-checkout\backend\database\migrations\20260718_business_execution_contract.sql"
    sha256: "b4bad697897f51aa69f4c435d194bcb0730e1c357110c56aeeeccc61ec0c8d2d"
[20:14:41.528] [32mINFO[39m: [36mRequired engine migration verified[39m
    module: "worker"
    status: "applied"
    migration: "20260718_recurring_work_contract"
    sourcePath: "C:\Users\Manfish\Documents\Codex\2026-09-04\let\work\backend-validation-checkout\backend\database\migrations\20260718_recurring_work_contract.sql"
    sha256: "65bbbe96e1af6d909cd9a454c201bf4e62c99e60ec6bddbaa2454a3e3de4ed4b"
[20:14:41.528] [32mINFO[39m: [36mRequired engine migration verified[39m
    module: "worker"
    status: "applied"
    migration: "20260718_business_recurring_contract"
    sourcePath: "C:\Users\Manfish\Documents\Codex\2026-09-04\let\work\backend-validation-checkout\backend\database\migrations\20260718_business_recurring_contract.sql"
    sha256: "e068a0aa68b7baf4a7c13f217536251708913b854119a3da350455230355f5d3"
[20:14:41.528] [32mINFO[39m: [36mRequired engine migration verified[39m
    module: "worker"
    status: "applied"
    migration: "20260719_recommendation_contract"
    sourcePath: "C:\Users\Manfish\Documents\Codex\2026-09-04\let\work\backend-validation-checkout\backend\database\migrations\20260719_recommendation_contract.sql"
    sha256: "3345c3fdce3aef451c89fd8245dff11096dffe1108309e19c1470f2138641ab4"
[20:14:41.529] [32mINFO[39m: [36mRequired engine migration verified[39m
    module: "worker"
    status: "applied"
    migration: "20260719_hustler_wallet_contract"
    sourcePath: "C:\Users\Manfish\Documents\Codex\2026-09-04\let\work\backend-validation-checkout\backend\database\migrations\20260719_hustler_wallet_contract.sql"
    sha256: "153809d4d570a54b27357e2ebff51c3b35fa303e69da29c570816acca89f29ab"
[20:14:41.529] [32mINFO[39m: [36mRequired engine migration verified[39m
    module: "worker"
    status: "applied"
    migration: "20260719_wallet_provider_event_integrity"
    sourcePath: "C:\Users\Manfish\Documents\Codex\2026-09-04\let\work\backend-validation-checkout\backend\database\migrations\20260719_wallet_provider_event_integrity.sql"
    sha256: "1ee57eb0d4c3d157632b8db3fbc8cc232ac1241c1ca76944250ca42e1fdbc8de"
[20:14:41.529] [32mINFO[39m: [36mRequired engine migration verified[39m
    module: "worker"
    status: "applied"
    migration: "20260719_wallet_provider_event_integrity_repair"
    sourcePath: "C:\Users\Manfish\Documents\Codex\2026-09-04\let\work\backend-validation-checkout\backend\database\migrations\20260719_wallet_provider_event_integrity_repair.sql"
    sha256: "96ff51a6414cb261fa2791281c076e4e5b7fafd73cbacc2db939402e4219a6a5"
[20:14:41.529] [32mINFO[39m: [36mRequired engine migration verified[39m
    module: "worker"
    status: "applied"
    migration: "20260719_lifecycle_service_foundations"
    sourcePath: "C:\Users\Manfish\Documents\Codex\2026-09-04\let\work\backend-validation-checkout\backend\database\migrations\20260719_lifecycle_service_foundations.sql"
    sha256: "4c1edaecda49afeae3950afe832074f8903d64aa6f726bbee2a0717f26113596"
[20:14:41.529] [32mINFO[39m: [36mRequired engine migration verified[39m
    module: "worker"
    status: "applied"
    migration: "20260719_task_worker_eligibility_contract"
    sourcePath: "C:\Users\Manfish\Documents\Codex\2026-09-04\let\work\backend-validation-checkout\backend\database\migrations\20260719_task_worker_eligibility_contract.sql"
    sha256: "a1fb5d0387d61fef4b484be82d15153031b14860bcc8b4bbaa690a4ca096a0fb"
[20:14:41.529] [32mINFO[39m: [36mRequired engine migration verified[39m
    module: "worker"
    status: "applied"
    migration: "20260719_append_only_truncate_contract"
    sourcePath: "C:\Users\Manfish\Documents\Codex\2026-09-04\let\work\backend-validation-checkout\backend\database\migrations\20260719_append_only_truncate_contract.sql"
    sha256: "1b105f37e52b19435aacc7b04b2496bbef7f5cd0b0b1681487342e2e411544b4"
[20:14:41.529] [32mINFO[39m: [36mRequired engine migration verified[39m
    module: "worker"
    status: "applied"
    migration: "20260719_admin_user_search_trigram_contract"
    sourcePath: "C:\Users\Manfish\Documents\Codex\2026-09-04\let\work\backend-validation-checkout\backend\database\migrations\20260719_admin_user_search_trigram_contract.sql"
    sha256: "89a20a0c588af79ae8c0cd8e06949f4a542928b826adafa822d5a02b20694090"
[20:14:41.529] [32mINFO[39m: [36mRequired engine migration verified[39m
    module: "worker"
    status: "applied"
    migration: "20260719_admin_capability_contract"
    sourcePath: "C:\Users\Manfish\Documents\Codex\2026-09-04\let\work\backend-validation-checkout\backend\database\migrations\20260719_admin_capability_contract.sql"
    sha256: "cacc11cfe40b498767acbbaa736f2462e21a758018bcda1a667430a3c441c0f4"
 ✓ |isolated| backend/tests/unit/nonproduction-financial-migration.test.ts (26 tests) 1200ms
[20:14:41.529] [32mINFO[39m: [36mRequired engine migration verified[39m
    module: "worker"
    status: "applied"
    migration: "20260719_tier0_browse_only_contract"
    sourcePath: "C:\Users\Manfish\Documents\Codex\2026-09-04\let\work\backend-validation-checkout\backend\database\migrations\20260719_tier0_browse_only_contract.sql"
    sha256: "336d976adfc3ce6e892b16c67a08bbc692165d2373084c3e51ab3e0a3db7a9d5"
[20:14:41.530] [32mINFO[39m: [36mRequired engine migration verified[39m
    module: "worker"
    status: "applied"
    migration: "20260719_task_template_policy_contract"
    sourcePath: "C:\Users\Manfish\Documents\Codex\2026-09-04\let\work\backend-validation-checkout\backend\database\migrations\20260719_task_template_policy_contract.sql"
    sha256: "1b4e180c34fce08ea00076e1f02f9c57d698c532db1eff84d9973e68c189ff8f"
[20:14:41.530] [32mINFO[39m: [36mRequired engine migration verified[39m
    module: "worker"
    status: "applied"
    migration: "20260719_compliance_guardian_persistence_contract"
    sourcePath: "C:\Users\Manfish\Documents\Codex\2026-09-04\let\work\backend-validation-checkout\backend\database\migrations\20260719_compliance_guardian_persistence_contract.sql"
    sha256: "ad0d747354fd6040df2669ffc0fbe485526240aca38887e27a069f49ab67767c"
[20:14:41.530] [32mINFO[39m: [36mRequired engine migration verified[39m
    module: "worker"
    status: "applied"
    migration: "20260719_worker_offer_retake_contract"
    sourcePath: "C:\Users\Manfish\Documents\Codex\2026-09-04\let\work\backend-validation-checkout\backend\database\migrations\20260719_worker_offer_retake_contract.sql"
    sha256: "0e5c8b6dde2fe27aecb7eed4ea1c329a4872cee9cc54c7a42505e431e5df0301"
[20:14:41.530] [32mINFO[39m: [36mRequired engine migration verified[39m
    module: "worker"
    status: "applied"
    migration: "20260719_liquidity_expansion_contract"
    sourcePath: "C:\Users\Manfish\Documents\Codex\2026-09-04\let\work\backend-validation-checkout\backend\database\migrations\20260719_liquidity_expansion_contract.sql"
    sha256: "6ba06780137ac5142e4560d465300cdb21105c690cfb320a588b35b37f69d795"
[20:14:41.530] [32mINFO[39m: [36mRequired engine migration verified[39m
    module: "worker"
    status: "applied"
    migration: "20260719_liquidity_expansion_fk_repair"
    sourcePath: "C:\Users\Manfish\Documents\Codex\2026-09-04\let\work\backend-validation-checkout\backend\database\migrations\20260719_liquidity_expansion_fk_repair.sql"
    sha256: "3ab131b4dbc128a99cd9eb7512888282df572f0ca61519d0453ebaa8be686c17"
[20:14:41.530] [32mINFO[39m: [36mRequired engine migration verified[39m
    module: "worker"
    status: "applied"
    migration: "20260719_worker_counter_offer_contract"
    sourcePath: "C:\Users\Manfish\Documents\Codex\2026-09-04\let\work\backend-validation-checkout\backend\database\migrations\20260719_worker_counter_offer_contract.sql"
    sha256: "1c6376dc07f95465f0925134f9d30990ed0da52c869cb9e039f3865508f85696"
[20:14:41.530] [32mINFO[39m: [36mRequired engine migration verified[39m
    module: "worker"
    status: "applied"
    migration: "20260719_worker_counter_offer_exclusivity"
    sourcePath: "C:\Users\Manfish\Documents\Codex\2026-09-04\let\work\backend-validation-checkout\backend\database\migrations\20260719_worker_counter_offer_exclusivity.sql"
    sha256: "5f72eb8f7bacc3c45c3dfba2527f7ccd5571ea6db0bcb4dd119a32ed0436e78f"
[20:14:41.530] [32mINFO[39m: [36mRequired engine migration verified[39m
    module: "worker"
    status: "applied"
    migration: "20260719_external_task_bridge_contract"
    sourcePath: "C:\Users\Manfish\Documents\Codex\2026-09-04\let\work\backend-validation-checkout\backend\database\migrations\20260719_external_task_bridge_contract.sql"
    sha256: "33080f06754d9ed04bf6624ac0dbf5c7817c8324af9be25ecb01ebf50ecffb69"
[20:14:41.530] [32mINFO[39m: [36mRequired engine migration verified[39m
    module: "worker"
    status: "applied"
    migration: "20260720_task_geofence_event_contract"
    sourcePath: "C:\Users\Manfish\Documents\Codex\2026-09-04\let\work\backend-validation-checkout\backend\database\migrations\20260720_task_geofence_event_contract.sql"
    sha256: "c2a31559936f1d1db684a27f3cca8554fe3b6986830ff6795e547c17409e24af"
[20:14:41.531] [32mINFO[39m: [36mRequired engine migration verified[39m
    module: "worker"
    status: "applied"
    migration: "20260720_major_action_telemetry_contract"
    sourcePath: "C:\Users\Manfish\Documents\Codex\2026-09-04\let\work\backend-validation-checkout\backend\database\migrations\20260720_major_action_telemetry_contract.sql"
    sha256: "0939eb301dba2a9b8e50c759fd794c19cfd19b7ac8c761449dccc5d346a5fd07"
[20:14:41.531] [32mINFO[39m: [36mRequired engine migration verified[39m
    module: "worker"
    status: "applied"
    migration: "20260720_major_action_telemetry_contract_repair"
    sourcePath: "C:\Users\Manfish\Documents\Codex\2026-09-04\let\work\backend-validation-checkout\backend\database\migrations\20260720_major_action_telemetry_contract_repair.sql"
    sha256: "7aebc9a96ca0eb516d6eaabff5c8ea44a1c99ef452328abfdc31e423fcb50960"
[20:14:41.531] [32mINFO[39m: [36mRequired engine migration verified[39m
    module: "worker"
    status: "applied"
    migration: "20260720_major_action_source_registry_repair"
    sourcePath: "C:\Users\Manfish\Documents\Codex\2026-09-04\let\work\backend-validation-checkout\backend\database\migrations\20260720_major_action_source_registry_repair.sql"
    sha256: "dd0641389a561a02ee7bc211494baeecad4a584f4ae878e367d7bd6ec41ef99d"
[20:14:41.531] [32mINFO[39m: [36mRequired engine migration verified[39m
    module: "worker"
    status: "applied"
    migration: "20260720_offline_action_sync_contract"
    sourcePath: "C:\Users\Manfish\Documents\Codex\2026-09-04\let\work\backend-validation-checkout\backend\database\migrations\20260720_offline_action_sync_contract.sql"
    sha256: "a24c7a3a1fc6d248e7ed84850c282b1d70e136470a5814e5cf73d354fb71a225"
[20:14:41.531] [32mINFO[39m: [36mRequired engine migration verified[39m
    module: "worker"
    status: "applied"
    migration: "20260720_offline_action_sync_contract_repair"
    sourcePath: "C:\Users\Manfish\Documents\Codex\2026-09-04\let\work\backend-validation-checkout\backend\database\migrations\20260720_offline_action_sync_contract_repair.sql"
    sha256: "dd3ebeb8b7660ce2a7e7dc0c90c75b8c44368ed464dd80d5a48db74c608fe2ad"
[20:14:41.531] [32mINFO[39m: [36mRequired engine migration verified[39m
    module: "worker"
    status: "applied"
    migration: "20260720_proof_verification_signal_contract"
    sourcePath: "C:\Users\Manfish\Documents\Codex\2026-09-04\let\work\backend-validation-checkout\backend\database\migrations\20260720_proof_verification_signal_contract.sql"
    sha256: "7956522e446ae42141b204c0f32d6cc1843c8deb54d474f5bc3d5687577e18fb"
[20:14:41.532] [32mINFO[39m: [36mRequired engine migration verified[39m
    module: "worker"
    status: "applied"
    migration: "20260720_proof_media_metadata_minimization"
    sourcePath: "C:\Users\Manfish\Documents\Codex\2026-09-04\let\work\backend-validation-checkout\backend\database\migrations\20260720_proof_media_metadata_minimization.sql"
    sha256: "d8b3f516a303744ab8bfe467d528f552f0c444466d64ab1e881d6ae5f422e396"
[20:14:41.532] [32mINFO[39m: [36mRequired engine migration verified[39m
    module: "worker"
    status: "applied"
    migration: "20260720_media_upload_finalization_contract"
    sourcePath: "C:\Users\Manfish\Documents\Codex\2026-09-04\let\work\backend-validation-checkout\backend\database\migrations\20260720_media_upload_finalization_contract.sql"
    sha256: "c7cb31234baeb3ec101b44a73df6fd93198d3c442ceaa0713188e912bae10715"
[20:14:41.532] [32mINFO[39m: [36mRequired engine migration verified[39m
    module: "worker"
    status: "applied"
    migration: "20260720_private_media_delivery_contract"
    sourcePath: "C:\Users\Manfish\Documents\Codex\2026-09-04\let\work\backend-validation-checkout\backend\database\migrations\20260720_private_media_delivery_contract.sql"
    sha256: "dab4cace45c99879d1a6f3e978198fe8ec4e1840607319522b8addfc20cda608"
[20:14:41.532] [32mINFO[39m: [36mRequired engine migration verified[39m
    module: "worker"
    status: "applied"
    migration: "20260720_worker_standing_appeals"
    sourcePath: "C:\Users\Manfish\Documents\Codex\2026-09-04\let\work\backend-validation-checkout\backend\database\migrations\20260720_worker_standing_appeals.sql"
    sha256: "02e2a7c9d91a10b780ea1c01444a57c257faecb7c1ec2f129c82ae8fb4004608"
[20:14:41.532] [32mINFO[39m: [36mRequired engine migration verified[39m
    module: "worker"
    status: "applied"
    migration: "20260720_offline_action_reconciliation"
    sourcePath: "C:\Users\Manfish\Documents\Codex\2026-09-04\let\work\backend-validation-checkout\backend\database\migrations\20260720_offline_action_reconciliation.sql"
    sha256: "12e245da2e45ce917516fdd4dfd2610348eb5c0420c1490987e378ad5f485f94"
[20:14:41.532] [32mINFO[39m: [36mRequired engine migration verified[39m
    module: "worker"
    status: "applied"
    migration: "20260720_dispute_release_authority_contract"
    sourcePath: "C:\Users\Manfish\Documents\Codex\2026-09-04\let\work\backend-validation-checkout\backend\database\migrations\20260720_dispute_release_authority_contract.sql"
    sha256: "0b7cadab9f4c40170d31c5e21921adb42b36935e6f3df81a87991fda9c0029fd"
[20:14:41.532] [32mINFO[39m: [36mRequired engine migration verified[39m
    module: "worker"
    status: "applied"
    migration: "20260720_notification_delivery_contract"
    sourcePath: "C:\Users\Manfish\Documents\Codex\2026-09-04\let\work\backend-validation-checkout\backend\database\migrations\20260720_notification_delivery_contract.sql"
    sha256: "a2264390a09a6ae20ce0011683ab870c631feebfde87ed80a872e986a575bb0b"
[20:14:41.533] [32mINFO[39m: [36mRequired engine migration verified[39m
    module: "worker"
    status: "applied"
    migration: "20260720_notification_delivery_contract_repair"
    sourcePath: "C:\Users\Manfish\Documents\Codex\2026-09-04\let\work\backend-validation-checkout\backend\database\migrations\20260720_notification_delivery_contract_repair.sql"
    sha256: "e0aaa1a3cb653917924183fcf67291b33a2dbf38579eb01b17122e649c71c40f"
[20:14:41.533] [32mINFO[39m: [36mRequired engine migration verified[39m
    module: "worker"
    status: "applied"
    migration: "20260720_notification_focus_suppression"
    sourcePath: "C:\Users\Manfish\Documents\Codex\2026-09-04\let\work\backend-validation-checkout\backend\database\migrations\20260720_notification_focus_suppression.sql"
    sha256: "e320ed83af84fd2c3781a1229db74126778b7c2d8eeb41dbddc432c634faba05"
[20:14:41.533] [32mINFO[39m: [36mRequired engine migration verified[39m
    module: "worker"
    status: "applied"
    migration: "20260720_schema_convergence_repair"
    sourcePath: "C:\Users\Manfish\Documents\Codex\2026-09-04\let\work\backend-validation-checkout\backend\database\migrations\20260720_schema_convergence_repair.sql"
    sha256: "5151894b324679c19cc7a70179aec8f0248a3c66c5325b97d8bdcf618f684da2"
[20:14:41.533] [32mINFO[39m: [36mRequired engine migration verified[39m
    module: "worker"
    status: "applied"
    migration: "20260720_local_certification_payment_provider"
    sourcePath: "C:\Users\Manfish\Documents\Codex\2026-09-04\let\work\backend-validation-checkout\backend\database\migrations\20260720_local_certification_payment_provider.sql"
    sha256: "413a1183e48dd0c3aa8131390481e7acfb17229727445023dfe659b20c123392"
[20:14:41.533] [32mINFO[39m: [36mRequired engine migration verified[39m
    module: "worker"
    status: "applied"
    migration: "20260720_region_policy_price_book_alignment"
    sourcePath: "C:\Users\Manfish\Documents\Codex\2026-09-04\let\work\backend-validation-checkout\backend\database\migrations\20260720_region_policy_price_book_alignment.sql"
    sha256: "614ac15399457b310f60e4bf637ee1d394a0da97e9cbcd9d6a8367a219af68e0"
[20:14:41.533] [32mINFO[39m: [36mRequired engine migration verified[39m
    module: "worker"
    status: "applied"
    migration: "20260720_local_certification_payout_provider"
    sourcePath: "C:\Users\Manfish\Documents\Codex\2026-09-04\let\work\backend-validation-checkout\backend\database\migrations\20260720_local_certification_payout_provider.sql"
    sha256: "1435947ebbdfa50dec2d0d812fe8d332287be1f0a6b7fd1c50cd96a5bfa9e097"
[20:14:41.534] [32mINFO[39m: [36mRequired engine migration verified[39m
    module: "worker"
    status: "applied"
    migration: "20260720_local_certification_screening_provider"
    sourcePath: "C:\Users\Manfish\Documents\Codex\2026-09-04\let\work\backend-validation-checkout\backend\database\migrations\20260720_local_certification_screening_provider.sql"
    sha256: "626ff1f60a8f8f6b6acd2a9aba621409bd3eab3142004361a89ae77a5c26f1cc"
[20:14:41.534] [32mINFO[39m: [36mRequired engine migration verified[39m
    module: "worker"
    status: "applied"
    migration: "20260720_controlled_test_liquidity_cell"
    sourcePath: "C:\Users\Manfish\Documents\Codex\2026-09-04\let\work\backend-validation-checkout\backend\database\migrations\20260720_controlled_test_liquidity_cell.sql"
    sha256: "1826b8b06b3b0de634f2420a40a00bcce2ce2a370d2349192b5dd6a7e981493d"
[20:14:41.534] [32mINFO[39m: [36mRequired engine migration verified[39m
    module: "worker"
    status: "applied"
    migration: "20260720_controlled_test_liquidity_marker_repair"
    sourcePath: "C:\Users\Manfish\Documents\Codex\2026-09-04\let\work\backend-validation-checkout\backend\database\migrations\20260720_controlled_test_liquidity_marker_repair.sql"
    sha256: "e9d3e3dbd829fdf0dad577701b22070218577a8bc9f6b70e8e0ec207eb06af28"
[20:14:41.534] [32mINFO[39m: [36mRequired engine migration verified[39m
    module: "worker"
    status: "applied"
    migration: "20260720_controlled_test_liquidity_lifecycle_repair"
    sourcePath: "C:\Users\Manfish\Documents\Codex\2026-09-04\let\work\backend-validation-checkout\backend\database\migrations\20260720_controlled_test_liquidity_lifecycle_repair.sql"
    sha256: "f921c0c7a374e4a7f4bd0b0a81af34667c52f1264d3f3c0ad57b017e0583e0cc"
[20:14:41.534] [32mINFO[39m: [36mRequired engine migration verified[39m
    module: "worker"
    status: "applied"
    migration: "20260720_controlled_test_duration_evidence"
    sourcePath: "C:\Users\Manfish\Documents\Codex\2026-09-04\let\work\backend-validation-checkout\backend\database\migrations\20260720_controlled_test_duration_evidence.sql"
    sha256: "9b2b0630d0fa0e24552547940c5ee1097e6b7a32cb5b90f5cc5426a25606ae77"
[20:14:41.534] [32mINFO[39m: [36mRequired engine migration verified[39m
    module: "worker"
    status: "applied"
    migration: "20260720_controlled_test_provider_capability"
    sourcePath: "C:\Users\Manfish\Documents\Codex\2026-09-04\let\work\backend-validation-checkout\backend\database\migrations\20260720_controlled_test_provider_capability.sql"
    sha256: "079baedf700badc9c00e1e91f83f96d409bee7f713c9e7d349767a92c112fcc1"
[20:14:41.535] [32mINFO[39m: [36mRequired engine migration verified[39m
    module: "worker"
    status: "applied"
    migration: "20260720_controlled_test_provider_capability_expiry"
    sourcePath: "C:\Users\Manfish\Documents\Codex\2026-09-04\let\work\backend-validation-checkout\backend\database\migrations\20260720_controlled_test_provider_capability_expiry.sql"
    sha256: "770a9973510b499f6e9c1b3428f5ba8dccbbca45c6aef62e463372dcdd2640a5"
[20:14:41.535] [32mINFO[39m: [36mRequired engine migration verified[39m
    module: "worker"
    status: "applied"
    migration: "20260720_controlled_test_provider_capability_refresh"
    sourcePath: "C:\Users\Manfish\Documents\Codex\2026-09-04\let\work\backend-validation-checkout\backend\database\migrations\20260720_controlled_test_provider_capability_refresh.sql"
    sha256: "fce9cbe6df1865581bc414ee1d102afe140899a4b3d0f35697c894edfb375011"
[20:14:41.535] [32mINFO[39m: [36mRequired engine migration verified[39m
    module: "worker"
    status: "applied"
    migration: "20260720_controlled_test_provider_capability_refresh_repair"
    sourcePath: "C:\Users\Manfish\Documents\Codex\2026-09-04\let\work\backend-validation-checkout\backend\database\migrations\20260720_controlled_test_provider_capability_refresh_repair.sql"
    sha256: "fa0600c70a92f0c25112bded13e6e45c5402bfca9aaea45540c08a9a83edcb9d"
[20:14:41.535] [32mINFO[39m: [36mRequired engine migration verified[39m
    module: "worker"
    status: "applied"
    migration: "20260720_controlled_test_offer_review"
    sourcePath: "C:\Users\Manfish\Documents\Codex\2026-09-04\let\work\backend-validation-checkout\backend\database\migrations\20260720_controlled_test_offer_review.sql"
    sha256: "29f42e272b46974910354ed0c32db10744ab771aae92bc83b5c70b84aba9d6e1"
 ✓ |isolated| backend/tests/unit/escrow-service.test.ts (45 tests) 55ms
stderr | backend/tests/unit/worker-task-services-batch.test.ts > WorkerSkillService.getCategories > returns error on DB failure
[WorkerSkillService] DB error: Error: connection refused
    at C:/Users/Manfish/Documents/Codex/2026-09-04/let/work/backend-validation-checkout/backend/tests/unit/worker-task-services-batch.test.ts:368:37
    at file:///C:/Users/Manfish/Documents/Codex/2026-09-04/let/work/backend-validation-checkout/node_modules/@vitest/runner/dist/chunk-artifact.js:302:11
    at file:///C:/Users/Manfish/Documents/Codex/2026-09-04/let/work/backend-validation-checkout/node_modules/@vitest/runner/dist/chunk-artifact.js:1903:26
    at file:///C:/Users/Manfish/Documents/Codex/2026-09-04/let/work/backend-validation-checkout/node_modules/@vitest/runner/dist/chunk-artifact.js:2326:20
    at new Promise (<anonymous>)
    at runWithCancel (file:///C:/Users/Manfish/Documents/Codex/2026-09-04/let/work/backend-validation-checkout/node_modules/@vitest/runner/dist/chunk-artifact.js:2323:10)
    at file:///C:/Users/Manfish/Documents/Codex/2026-09-04/let/work/backend-validation-checkout/node_modules/@vitest/runner/dist/chunk-artifact.js:2305:20
    at new Promise (<anonymous>)
    at runWithTimeout (file:///C:/Users/Manfish/Documents/Codex/2026-09-04/let/work/backend-validation-checkout/node_modules/@vitest/runner/dist/chunk-artifact.js:2272:10)
    at file:///C:/Users/Manfish/Documents/Codex/2026-09-04/let/work/backend-validation-checkout/node_modules/@vitest/runner/dist/chunk-artifact.js:2955:64

stderr | backend/tests/unit/worker-task-services-batch.test.ts > WorkerSkillService.getSkills > returns error on DB failure
[WorkerSkillService] DB error: Error: timeout
    at C:/Users/Manfish/Documents/Codex/2026-09-04/let/work/backend-validation-checkout/backend/tests/unit/worker-task-services-batch.test.ts:398:37
    at file:///C:/Users/Manfish/Documents/Codex/2026-09-04/let/work/backend-validation-checkout/node_modules/@vitest/runner/dist/chunk-artifact.js:302:11
    at file:///C:/Users/Manfish/Documents/Codex/2026-09-04/let/work/backend-validation-checkout/node_modules/@vitest/runner/dist/chunk-artifact.js:1903:26
    at file:///C:/Users/Manfish/Documents/Codex/2026-09-04/let/work/backend-validation-checkout/node_modules/@vitest/runner/dist/chunk-artifact.js:2326:20
    at new Promise (<anonymous>)
    at runWithCancel (file:///C:/Users/Manfish/Documents/Codex/2026-09-04/let/work/backend-validation-checkout/node_modules/@vitest/runner/dist/chunk-artifact.js:2323:10)
    at file:///C:/Users/Manfish/Documents/Codex/2026-09-04/let/work/backend-validation-checkout/node_modules/@vitest/runner/dist/chunk-artifact.js:2305:20
    at new Promise (<anonymous>)
    at runWithTimeout (file:///C:/Users/Manfish/Documents/Codex/2026-09-04/let/work/backend-validation-checkout/node_modules/@vitest/runner/dist/chunk-artifact.js:2272:10)
    at file:///C:/Users/Manfish/Documents/Codex/2026-09-04/let/work/backend-validation-checkout/node_modules/@vitest/runner/dist/chunk-artifact.js:2955:64

stderr | backend/tests/unit/worker-task-services-batch.test.ts > WorkerSkillService.removeSkill > returns error on DB failure
[WorkerSkillService] DB error: Error: lock timeout
    at C:/Users/Manfish/Documents/Codex/2026-09-04/let/work/backend-validation-checkout/backend/tests/unit/worker-task-services-batch.test.ts:476:37
    at file:///C:/Users/Manfish/Documents/Codex/2026-09-04/let/work/backend-validation-checkout/node_modules/@vitest/runner/dist/chunk-artifact.js:302:11
    at file:///C:/Users/Manfish/Documents/Codex/2026-09-04/let/work/backend-validation-checkout/node_modules/@vitest/runner/dist/chunk-artifact.js:1903:26
    at file:///C:/Users/Manfish/Documents/Codex/2026-09-04/let/work/backend-validation-checkout/node_modules/@vitest/runner/dist/chunk-artifact.js:2326:20
    at new Promise (<anonymous>)
    at runWithCancel (file:///C:/Users/Manfish/Documents/Codex/2026-09-04/let/work/backend-validation-checkout/node_modules/@vitest/runner/dist/chunk-artifact.js:2323:10)
    at file:///C:/Users/Manfish/Documents/Codex/2026-09-04/let/work/backend-validation-checkout/node_modules/@vitest/runner/dist/chunk-artifact.js:2305:20
    at new Promise (<anonymous>)
    at runWithTimeout (file:///C:/Users/Manfish/Documents/Codex/2026-09-04/let/work/backend-validation-checkout/node_modules/@vitest/runner/dist/chunk-artifact.js:2272:10)
    at file:///C:/Users/Manfish/Documents/Codex/2026-09-04/let/work/backend-validation-checkout/node_modules/@vitest/runner/dist/chunk-artifact.js:2955:64

stderr | backend/tests/unit/worker-task-services-batch.test.ts > WorkerSkillService.checkTaskEligibility > returns DB_ERROR when db throws
[WorkerSkillService] DB error: Error: Connection timeout
    at C:/Users/Manfish/Documents/Codex/2026-09-04/let/work/backend-validation-checkout/backend/tests/unit/worker-task-services-batch.test.ts:554:37
    at file:///C:/Users/Manfish/Documents/Codex/2026-09-04/let/work/backend-validation-checkout/node_modules/@vitest/runner/dist/chunk-artifact.js:302:11
    at file:///C:/Users/Manfish/Documents/Codex/2026-09-04/let/work/backend-validation-checkout/node_modules/@vitest/runner/dist/chunk-artifact.js:1903:26
    at file:///C:/Users/Manfish/Documents/Codex/2026-09-04/let/work/backend-validation-checkout/node_modules/@vitest/runner/dist/chunk-artifact.js:2326:20
    at new Promise (<anonymous>)
    at runWithCancel (file:///C:/Users/Manfish/Documents/Codex/2026-09-04/let/work/backend-validation-checkout/node_modules/@vitest/runner/dist/chunk-artifact.js:2323:10)
    at file:///C:/Users/Manfish/Documents/Codex/2026-09-04/let/work/backend-validation-checkout/node_modules/@vitest/runner/dist/chunk-artifact.js:2305:20
    at new Promise (<anonymous>)
    at runWithTimeout (file:///C:/Users/Manfish/Documents/Codex/2026-09-04/let/work/backend-validation-checkout/node_modules/@vitest/runner/dist/chunk-artifact.js:2272:10)
    at file:///C:/Users/Manfish/Documents/Codex/2026-09-04/let/work/backend-validation-checkout/node_modules/@vitest/runner/dist/chunk-artifact.js:2955:64

stderr | backend/tests/unit/worker-task-services-batch.test.ts > WorkerSkillService.getEligibleTaskFilter > returns DB_ERROR when db throws
[WorkerSkillService] DB error: Error: Query timeout
    at C:/Users/Manfish/Documents/Codex/2026-09-04/let/work/backend-validation-checkout/backend/tests/unit/worker-task-services-batch.test.ts:578:37
    at file:///C:/Users/Manfish/Documents/Codex/2026-09-04/let/work/backend-validation-checkout/node_modules/@vitest/runner/dist/chunk-artifact.js:302:11
    at file:///C:/Users/Manfish/Documents/Codex/2026-09-04/let/work/backend-validation-checkout/node_modules/@vitest/runner/dist/chunk-artifact.js:1903:26
    at file:///C:/Users/Manfish/Documents/Codex/2026-09-04/let/work/backend-validation-checkout/node_modules/@vitest/runner/dist/chunk-artifact.js:2326:20
    at new Promise (<anonymous>)
    at runWithCancel (file:///C:/Users/Manfish/Documents/Codex/2026-09-04/let/work/backend-validation-checkout/node_modules/@vitest/runner/dist/chunk-artifact.js:2323:10)
    at file:///C:/Users/Manfish/Documents/Codex/2026-09-04/let/work/backend-validation-checkout/node_modules/@vitest/runner/dist/chunk-artifact.js:2305:20
    at new Promise (<anonymous>)
    at runWithTimeout (file:///C:/Users/Manfish/Documents/Codex/2026-09-04/let/work/backend-validation-checkout/node_modules/@vitest/runner/dist/chunk-artifact.js:2272:10)
    at file:///C:/Users/Manfish/Documents/Codex/2026-09-04/let/work/backend-validation-checkout/node_modules/@vitest/runner/dist/chunk-artifact.js:2955:64

stderr | backend/tests/unit/worker-task-services-batch.test.ts > WorkerSkillService.recordTaskCompletion > returns DB_ERROR when db throws
[WorkerSkillService] DB error: Error: DB failure
    at C:/Users/Manfish/Documents/Codex/2026-09-04/let/work/backend-validation-checkout/backend/tests/unit/worker-task-services-batch.test.ts:606:37
    at file:///C:/Users/Manfish/Documents/Codex/2026-09-04/let/work/backend-validation-checkout/node_modules/@vitest/runner/dist/chunk-artifact.js:302:11
    at file:///C:/Users/Manfish/Documents/Codex/2026-09-04/let/work/backend-validation-checkout/node_modules/@vitest/runner/dist/chunk-artifact.js:1903:26
    at file:///C:/Users/Manfish/Documents/Codex/2026-09-04/let/work/backend-validation-checkout/node_modules/@vitest/runner/dist/chunk-artifact.js:2326:20
    at new Promise (<anonymous>)
    at runWithCancel (file:///C:/Users/Manfish/Documents/Codex/2026-09-04/let/work/backend-validation-checkout/node_modules/@vitest/runner/dist/chunk-artifact.js:2323:10)
    at file:///C:/Users/Manfish/Documents/Codex/2026-09-04/let/work/backend-validation-checkout/node_modules/@vitest/runner/dist/chunk-artifact.js:2305:20
    at new Promise (<anonymous>)
    at runWithTimeout (file:///C:/Users/Manfish/Documents/Codex/2026-09-04/let/work/backend-validation-checkout/node_modules/@vitest/runner/dist/chunk-artifact.js:2272:10)
    at file:///C:/Users/Manfish/Documents/Codex/2026-09-04/let/work/backend-validation-checkout/node_modules/@vitest/runner/dist/chunk-artifact.js:2955:64

 ✓ |isolated| backend/tests/unit/worker-task-services-batch.test.ts (104 tests) 100ms
stderr | backend/tests/unit/config.test.ts > validateConfig > returns production errors when NODE_ENV=production and required vars missing
[FATAL] Production startup aborted — missing required configuration:
  • QUEUE_HMAC_SECRET is required in production (HMAC signing for financial BullMQ jobs)
  • FIREBASE_PROJECT_ID is required
  • FIREBASE_PRIVATE_KEY is required
  • FIREBASE_CLIENT_EMAIL is required
  • STRIPE_SECRET_KEY is required (not placeholder)
  • UPSTASH_REDIS_REST_URL and UPSTASH_REDIS_REST_TOKEN must be configured together when using the legacy REST alternate
  • REDIS_URL (or legacy UPSTASH_REDIS_URL) is required for Redis commands, BullMQ, and realtime
  • TAX_TIN_ENCRYPTION_KEY is required in production (AES-256-GCM TIN encryption)

stderr | backend/tests/unit/config.test.ts > validateConfig > rejects malformed TCP Redis and credential-bearing REST endpoints in production
[FATAL] Production startup aborted — missing required configuration:
  • QUEUE_HMAC_SECRET is required in production (HMAC signing for financial BullMQ jobs)
  • FIREBASE_PRIVATE_KEY is required
  • FIREBASE_CLIENT_EMAIL is required
  • STRIPE_SECRET_KEY is required (not placeholder)
  • REDIS_URL (or legacy UPSTASH_REDIS_URL) must use redis: or rediss: with a hostname
  • UPSTASH_REDIS_REST_URL must be an HTTPS URL without embedded credentials, query, or fragment
  • TAX_TIN_ENCRYPTION_KEY is required in production (AES-256-GCM TIN encryption)

stderr | backend/tests/unit/config.test.ts > validateConfig > calls process.exit(1) in production when Firebase config is missing
[FATAL] Production startup aborted — missing required configuration:
  • FIREBASE_PROJECT_ID is required
  • FIREBASE_PRIVATE_KEY is required
  • FIREBASE_CLIENT_EMAIL is required

stderr | backend/tests/unit/config.test.ts > validateConfig > validates TAX_TIN_ENCRYPTION_KEY format (64 hex chars)
[FATAL] Production startup aborted — missing required configuration:
  • QUEUE_HMAC_SECRET is required in production (HMAC signing for financial BullMQ jobs)
  • TAX_TIN_ENCRYPTION_KEY must be exactly 64 hex characters (32 bytes) for AES-256-GCM — generate with: openssl rand -hex 32

stderr | backend/tests/unit/config.test.ts > validateConfig > fails closed when object storage is not configured in production
[FATAL] Production startup aborted — missing required configuration:
  • R2_ENDPOINT, S3_ENDPOINT, or R2_ACCOUNT_ID is required for object storage
  • R2_ACCESS_KEY_ID or AWS_ACCESS_KEY_ID is required for object storage
  • R2_SECRET_ACCESS_KEY or AWS_SECRET_ACCESS_KEY is required for object storage
  • R2_BUCKET_NAME or BUCKET_NAME is required for object storage

stderr | backend/tests/unit/config.test.ts > validateConfig > flags STRIPE_SECRET_KEY with placeholder as error in production
[FATAL] Production startup aborted — missing required configuration:
  • QUEUE_HMAC_SECRET is required in production (HMAC signing for financial BullMQ jobs)
  • STRIPE_SECRET_KEY is required (not placeholder)

stderr | backend/tests/unit/config.test.ts > validateConfig > fails production boot when the Connect webhook secret is missing
[FATAL] Production startup aborted — missing required configuration:
  • STRIPE_CONNECT_WEBHOOK_SECRET is required (not placeholder)

stderr | backend/tests/unit/config.test.ts > validateConfig > fails production boot when Stripe webhook secrets are identical
[FATAL] Production startup aborted — missing required configuration:
  • Stripe platform and Connect webhook secrets must be distinct

stderr | backend/tests/unit/config.test.ts > validateConfig > fails production boot for Stripe mode/key mismatch test
[FATAL] Production startup aborted — missing required configuration:
  • STRIPE_MODE=test cannot be used with a live Stripe secret key

stderr | backend/tests/unit/config.test.ts > validateConfig > fails production boot for Stripe mode/key mismatch live
[FATAL] Production startup aborted — missing required configuration:
  • STRIPE_MODE=live cannot be used with a test Stripe secret key

stderr | backend/tests/unit/config.test.ts > validateConfig > fails production boot for Stripe mode/key mismatch preview
[FATAL] Production startup aborted — missing required configuration:
  • STRIPE_MODE must be either test or live

stderr | backend/tests/unit/config.test.ts > validateConfig > fails production boot for an invalid payment-creation mode
[FATAL] Production startup aborted — missing required configuration:
  • HX_PAYMENT_CREATION_MODE must be either enabled or frozen

stderr | backend/tests/unit/config.test.ts > validateConfig > fails production boot when an environment flag attempts to enable new customer money
[FATAL] Production startup aborted — missing required configuration:
  • HX_PAYMENT_CREATION_MODE=enabled is forbidden while underwriting decisions remain unresolved

stderr | backend/tests/unit/config.test.ts > validateConfig > requires financial webhook key custody outside the staging runtime environment
[FATAL] Production startup aborted — missing required configuration:
  • NONPRODUCTION_FAKE_FINANCE_REFUSED:MODULE_MEASURED_BUILD_IDENTITY_REQUIRED
[FATAL] Production startup aborted — missing required configuration:
  • NONPRODUCTION_FAKE_FINANCE_REFUSED:MODULE_MEASURED_BUILD_IDENTITY_REQUIRED
  • HX_FAKE_FINANCIAL_WEBHOOK_SECRET must be absent; financial webhook verification is sealed in PostgreSQL

stderr | backend/tests/unit/config.test.ts > validateConfig > requires financial webhook key custody outside the preview runtime environment
[FATAL] Production startup aborted — missing required configuration:
  • NONPRODUCTION_FAKE_FINANCE_REFUSED:MODULE_MEASURED_BUILD_IDENTITY_REQUIRED
[FATAL] Production startup aborted — missing required configuration:
  • NONPRODUCTION_FAKE_FINANCE_REFUSED:MODULE_MEASURED_BUILD_IDENTITY_REQUIRED
  • HX_FAKE_FINANCIAL_WEBHOOK_SECRET must be absent; financial webhook verification is sealed in PostgreSQL

stderr | backend/tests/unit/config.test.ts > validateConfig > rejects caller-shaped staging identity before Railway enrollment can grant authority
[FATAL] Production startup aborted — missing required configuration:
  • NONPRODUCTION_FAKE_FINANCE_REFUSED:MODULE_MEASURED_BUILD_IDENTITY_REQUIRED

stderr | backend/tests/unit/config.test.ts > validateConfig > rejects caller-shaped preview identity before Railway enrollment can grant authority
[FATAL] Production startup aborted — missing required configuration:
  • NONPRODUCTION_FAKE_FINANCE_REFUSED:MODULE_MEASURED_BUILD_IDENTITY_REQUIRED

stderr | backend/tests/unit/config.test.ts > validateConfig > isolates ambient CI revisions but never promotes a caller-shaped Railway identity
[FATAL] Production startup aborted — missing required configuration:
  • NONPRODUCTION_FAKE_FINANCE_REFUSED:MODULE_MEASURED_BUILD_IDENTITY_REQUIRED

stderr | backend/tests/unit/config.test.ts > validateConfig > fails deployed synthetic startup without an exact release manifest
[FATAL] Production startup aborted — missing required configuration:
  • NONPRODUCTION_FAKE_FINANCE_REFUSED:MODULE_MEASURED_BUILD_IDENTITY_REQUIRED
  • deployed synthetic nonproduction requires HX_RELEASE_MANIFEST_JSON
  • exact release manifest environment does not match HX_ENVIRONMENT
  • exact release manifest must bind the signed Charter and capability policy

stderr | backend/tests/unit/config.test.ts > validateConfig > rejects NODE_ENV=staging even with otherwise exact synthetic evidence
[FATAL] Production startup aborted — missing required configuration:
  • NODE_ENV must be production for deployed synthetic nonproduction
  • NONPRODUCTION_FAKE_FINANCE_REFUSED:MODULE_MEASURED_BUILD_IDENTITY_REQUIRED

stderr | backend/tests/unit/config.test.ts > validateConfig > does not treat HX_ENVIRONMENT=production as the synthetic staging branch
[FATAL] Production startup aborted — missing required configuration:
  • FIREBASE_PROJECT_ID is required
  • FIREBASE_PRIVATE_KEY is required
  • FIREBASE_CLIENT_EMAIL is required
  • STRIPE_SECRET_KEY is required (not placeholder)
  • STRIPE_WEBHOOK_SECRET is required (not placeholder)
  • STRIPE_CONNECT_WEBHOOK_SECRET is required (not placeholder)
  • UPSTASH_REDIS_REST_URL and UPSTASH_REDIS_REST_TOKEN must be configured together when using the legacy REST alternate

stderr | backend/tests/unit/config.test.ts > validateConfig > rejects any live money or identity credential in deployed synthetic nonproduction
[FATAL] Production startup aborted — missing required configuration:
  • NONPRODUCTION_FAKE_FINANCE_REFUSED:MODULE_MEASURED_BUILD_IDENTITY_REQUIRED
  • STRIPE_SECRET_KEY must be absent in deployed synthetic nonproduction
  • STRIPE_SECRET_KEY contains a live processor credential and must be absent
  • FIREBASE_PROJECT_ID must be absent in deployed synthetic nonproduction

stderr | backend/tests/unit/config.test.ts > validateConfig > rejects deployed synthetic live-provider variable OPENAI_API_KEY
[FATAL] Production startup aborted — missing required configuration:
  • NONPRODUCTION_FAKE_FINANCE_REFUSED:MODULE_MEASURED_BUILD_IDENTITY_REQUIRED
  • OPENAI_API_KEY must be absent in deployed synthetic nonproduction

stderr | backend/tests/unit/config.test.ts > validateConfig > rejects deployed synthetic live-provider variable GOOGLE_MAPS_API_KEY
[FATAL] Production startup aborted — missing required configuration:
  • NONPRODUCTION_FAKE_FINANCE_REFUSED:MODULE_MEASURED_BUILD_IDENTITY_REQUIRED
  • GOOGLE_MAPS_API_KEY must be absent in deployed synthetic nonproduction

stderr | backend/tests/unit/config.test.ts > validateConfig > rejects deployed synthetic live-provider variable GOOGLE_CLOUD_VISION_API_KEY
[FATAL] Production startup aborted — missing required configuration:
  • NONPRODUCTION_FAKE_FINANCE_REFUSED:MODULE_MEASURED_BUILD_IDENTITY_REQUIRED
  • GOOGLE_CLOUD_VISION_API_KEY must be absent in deployed synthetic nonproduction

stderr | backend/tests/unit/config.test.ts > validateConfig > rejects deployed synthetic live-provider variable AWS_REGION
[FATAL] Production startup aborted — missing required configuration:
  • NONPRODUCTION_FAKE_FINANCE_REFUSED:MODULE_MEASURED_BUILD_IDENTITY_REQUIRED
  • AWS_REGION must be absent in deployed synthetic nonproduction

stderr | backend/tests/unit/config.test.ts > validateConfig > rejects deployed synthetic live-provider variable R2_ACCESS_KEY_ID
[FATAL] Production startup aborted — missing required configuration:
  • NONPRODUCTION_FAKE_FINANCE_REFUSED:MODULE_MEASURED_BUILD_IDENTITY_REQUIRED
  • R2_ACCESS_KEY_ID must be absent in deployed synthetic nonproduction

stderr | backend/tests/unit/config.test.ts > validateConfig > rejects deployed synthetic live-provider variable TWILIO_AUTH_TOKEN
[FATAL] Production startup aborted — missing required configuration:
  • NONPRODUCTION_FAKE_FINANCE_REFUSED:MODULE_MEASURED_BUILD_IDENTITY_REQUIRED
  • TWILIO_AUTH_TOKEN must be absent in deployed synthetic nonproduction

stderr | backend/tests/unit/config.test.ts > validateConfig > rejects deployed synthetic live-provider variable SENDGRID_API_KEY
[FATAL] Production startup aborted — missing required configuration:
  • NONPRODUCTION_FAKE_FINANCE_REFUSED:MODULE_MEASURED_BUILD_IDENTITY_REQUIRED
  • SENDGRID_API_KEY must be absent in deployed synthetic nonproduction

stderr | backend/tests/unit/config.test.ts > validateConfig > rejects deployed synthetic live-provider variable CHECKR_WEBHOOK_SECRET
[FATAL] Production startup aborted — missing required configuration:
  • NONPRODUCTION_FAKE_FINANCE_REFUSED:MODULE_MEASURED_BUILD_IDENTITY_REQUIRED
  • CHECKR_WEBHOOK_SECRET must be absent in deployed synthetic nonproduction

stderr | backend/tests/unit/config.test.ts > validateConfig > rejects deployed synthetic live-provider variable SENTRY_DSN
[FATAL] Production startup aborted — missing required configuration:
  • NONPRODUCTION_FAKE_FINANCE_REFUSED:MODULE_MEASURED_BUILD_IDENTITY_REQUIRED
  • SENTRY_DSN must be absent in deployed synthetic nonproduction

stderr | backend/tests/unit/config.test.ts > validateConfig > requires exact deterministic modes and isolated Railway bucket authority
[FATAL] Production startup aborted — missing required configuration:
  • NONPRODUCTION_FAKE_FINANCE_REFUSED:MODULE_MEASURED_BUILD_IDENTITY_REQUIRED
  • HX_AI_PROVIDER_MODE must be deterministic
  • S3_ENDPOINT must be the isolated Railway bucket origin https://storage.railway.app

stderr | backend/tests/unit/config.test.ts > validateConfig > requires a named UUID completion-delivery sink actor in deployed synthetic nonproduction
[FATAL] Production startup aborted — missing required configuration:
  • NONPRODUCTION_FAKE_FINANCE_REFUSED:MODULE_MEASURED_BUILD_IDENTITY_REQUIRED
  • HX_COMPLETION_DELIVERY_SINK_ACTOR_ID must identify the named synthetic completion-delivery service actor

stderr | backend/tests/unit/config.test.ts > validateConfig > rejects loopback infrastructure and a web/API public-origin mismatch
[FATAL] Production startup aborted — missing required configuration:
  • NONPRODUCTION_FAKE_FINANCE_REFUSED:MODULE_MEASURED_BUILD_IDENTITY_REQUIRED
  • DATABASE_URL may not use loopback in deployed synthetic nonproduction
  • DATABASE_URL must use isolated Railway private networking
  • ALLOWED_ORIGINS must equal the exact nonproduction web origin
  • HX_NONPROD_API_ORIGIN must match the Railway API public domain

 ✓ |isolated| backend/tests/unit/config.test.ts (97 tests) 631ms
 ✓ |isolated| backend/tests/unit/attack-bizarre-cultural.test.ts (34 tests) 72ms
 ✓ |isolated| backend/tests/unit/expertise-supply.test.ts (63 tests) 105ms
 ✓ |isolated| backend/tests/unit/low-coverage-routers-batch.test.ts (64 tests) 90ms
 ✓ |isolated| backend/tests/unit/payment-worker.test.ts (37 tests) 75ms
 ✓ |isolated| backend/tests/unit/engine-automation-service-edges.test.ts (68 tests) 88ms
 ✓ |isolated| backend/tests/unit/nonproduction-financial-bootstrap-readiness.test.ts (99 tests) 536ms
 ✓ |isolated| backend/tests/unit/attack-xp-economy.test.ts (40 tests) 56ms
 ✓ |isolated| backend/tests/unit/universal-v1-occurrence-read-model.test.ts (21 tests) 109ms
 ✓ |isolated| backend/tests/unit/content-moderation-service.test.ts (71 tests) 73ms
 ✓ |isolated| backend/tests/unit/stripe-payment-services-batch.test.ts (63 tests) 63ms
 ✓ |isolated| backend/tests/unit/notification-channel-workers.test.ts (28 tests) 79ms
 ✓ |isolated| backend/tests/unit/attack-queue.test.ts (25 tests) 81ms
 ✓ |isolated| backend/tests/unit/task-router.test.ts (209 tests) 268ms
 ✓ |isolated| backend/tests/unit/stripeConnect-router.test.ts (84 tests) 96ms
[20:14:49.030] [32mINFO[39m: [36mRequired engine migration verified[39m
    module: "worker"
    status: "applied"
    migration: "20260710_engine_automation_contracts"
    sourcePath: "/migration.sql"
    sha256: "17db4fd369edb9244b9f91d9aeed145c3d04ad8ba6e95d06247f07a63527d11a"
[20:14:49.030] [32mINFO[39m: [36mLegacy exact-location encryption backfill verified[39m
    module: "worker"
    backfilledLocationCount: 0
[20:14:49.078] [32mINFO[39m: [36mRequired engine migration verified[39m
    module: "worker"
    status: "applied"
    migration: "first"
    sourcePath: "/first.sql"
    sha256: "3f1959475de137bdc056c645ab3127cc18fa2358f801e35cbb41079bf7714a4a"
[20:14:49.078] [32mINFO[39m: [36mRequired engine migration verified[39m
    module: "worker"
    status: "applied"
    migration: "second"
    sourcePath: "/second.sql"
    sha256: "95f51d861a33f5549eec73986d97cc04cd7312775d45034b96bc982bf14d6c8c"
[20:14:49.079] [32mINFO[39m: [36mLegacy exact-location encryption backfill verified[39m
    module: "worker"
    backfilledLocationCount: 0
[20:14:49.136] [41mFATAL[49m: [36mRequired engine migration failed[39m
    module: "worker"
    err: {
      "type": "Error",
      "message": "begin failed",
      "stack":
          Error: begin failed
              at C:/Users/Manfish/Documents/Codex/2026-09-04/let/work/backend-validation-checkout/backend/tests/unit/engine-automation-migration.test.ts:1036:33
              at file:///C:/Users/Manfish/Documents/Codex/2026-09-04/let/work/backend-validation-checkout/node_modules/@vitest/runner/dist/chunk-artifact.js:302:11
              at file:///C:/Users/Manfish/Documents/Codex/2026-09-04/let/work/backend-validation-checkout/node_modules/@vitest/runner/dist/chunk-artifact.js:1903:26
              at file:///C:/Users/Manfish/Documents/Codex/2026-09-04/let/work/backend-validation-checkout/node_modules/@vitest/runner/dist/chunk-artifact.js:2326:20
              at new Promise (<anonymous>)
              at runWithCancel (file:///C:/Users/Manfish/Documents/Codex/2026-09-04/let/work/backend-validation-checkout/node_modules/@vitest/runner/dist/chunk-artifact.js:2323:10)
              at file:///C:/Users/Manfish/Documents/Codex/2026-09-04/let/work/backend-validation-checkout/node_modules/@vitest/runner/dist/chunk-artifact.js:2305:20
              at new Promise (<anonymous>)
              at runWithTimeout (file:///C:/Users/Manfish/Documents/Codex/2026-09-04/let/work/backend-validation-checkout/node_modules/@vitest/runner/dist/chunk-artifact.js:2272:10)
              at file:///C:/Users/Manfish/Documents/Codex/2026-09-04/let/work/backend-validation-checkout/node_modules/@vitest/runner/dist/chunk-artifact.js:2955:64
    }
 ✓ |isolated| backend/tests/unit/engine-automation-migration.test.ts (33 tests) 419ms
 ✓ |isolated| backend/tests/unit/release-manifest.test.ts (17 tests) 371ms
 ✓ |isolated| backend/tests/unit/attack-admin.test.ts (23 tests) 720ms
     ✓ 4a SAFE — admin.setUserBan is terminally held before sanction or audit writes  682ms
 ✓ |isolated| backend/tests/unit/attack-db-integrity.test.ts (21 tests) 59ms
 ✓ |isolated| backend/tests/unit/task-safety-incidents-router.test.ts (37 tests) 68ms
 ✓ |isolated| backend/tests/unit/attack-pricing.test.ts (44 tests) 42ms
 ✓ |isolated| backend/tests/unit/universal-v1-task-draft-ingress.test.ts (37 tests) 113ms
 ✓ |isolated| backend/tests/unit/attack-volume-timing.test.ts (17 tests) 87ms
 ✓ |isolated| backend/tests/unit/attack-financial.test.ts (26 tests) 27ms
 ✓ |isolated| backend/tests/unit/notification-service-extra.test.ts (24 tests) 77ms
 ✓ |isolated| backend/tests/unit/attack-proof-system.test.ts (21 tests) 157ms
 ✓ |isolated| backend/tests/unit/attack-webhook.test.ts (23 tests) 50ms
 ✓ |isolated| backend/tests/unit/XPService-extra.test.ts (50 tests) 51ms
 ✓ |isolated| backend/tests/unit/chargeback-service.test.ts (22 tests) 29ms
 ✓ |isolated| backend/tests/unit/attack-gdpr.test.ts (27 tests) 38ms
 ✓ |isolated| backend/tests/unit/edge-case-simulation.test.ts (44 tests) 60ms
 ✓ |isolated| backend/tests/unit/runtime-database-data-plane.test.ts (35 tests) 576ms
     ✓ routes the installed database facade through the sealed attestation transaction  413ms
stdout | backend/tests/unit/attack-messaging.test.ts > RED-TEAM SUMMARY > documents all 15 attack verdicts

=== RED-TEAM MESSAGING SUMMARY ===
🟢 [A-01] SAFE    Read others messages
        participant check at MessagingService.ts:119
🟢 [A-02] SAFE    Sender ID spoofing
        senderId from ctx.user.id; no body field in schema
🟢 [A-03] SAFE    Message unrelated task
        FORBIDDEN guard at MessagingService.ts:244
🟢 [A-04] SAFE    Post-completion harassment
        READ_ONLY_STATES guard at MessagingService.ts:224
✅ [A-05] FIXED   XSS payload in content
        unsafe markup/schemes are born flagged and never delivered
🟢 [A-06] SAFE    SQL injection in search
        all queries parameterized; no free-text search endpoint
✅ [A-07] FIXED   Scope creep via messaging
        explicit scope-expansion phrases are born flagged and never delivered
✅ [A-08] FIXED   Arbitrary photo URL injection
        strict receipt-only input; canonical URL derived after transactional receipt consumption
✅ [A-09] FIXED   Message flood
        30/min sender+task service bucket is shared by text/photo sends
✅ [A-10] FIXED   SSE connection flood
        addConnection() capped at MAX_CONNECTIONS_PER_USER=5; /realtime/stream rate-limited (v2.9.6)
🟢 [A-11] SAFE    Backdated message timestamp
        created_at not in input schema; DB default NOW()
🟢 [A-12] SAFE    Message deletion/edit
        no delete/edit endpoint; immutability by absence
🟢 [A-13] SAFE    Read receipt manipulation
        receiver_id check at service + SQL WHERE level (double enforcement)
✅ [A-14] FIXED   SSE channel hijacking
        personal-room ownership enforced; task-room subscription disabled
✅ [A-15] FIXED   Stale SSE after completion
        task-scoped subscriptions cannot be created; personal stream is not task-scoped

EXPLOITS (0): none — all patched
FIXED    (7): A-05, A-07, A-08, A-09, A-10, A-14, A-15
GAPS     (0): 
SAFE     (8): A-01, A-02, A-03, A-04, A-06, A-11, A-12, A-13

 ✓ |isolated| backend/tests/unit/attack-messaging.test.ts (33 tests) 43ms
 ✓ |isolated| backend/tests/unit/escrow-action-worker.test.ts (27 tests) 52ms
stdout | backend/tests/unit/attack-sql-injection.test.ts > Summary: SQL injection attack surface assessment > produces a complete findings matrix

=== SQL INJECTION RED-TEAM RESULTS ===
[SAFE                  ] 1 — sortBy injection (browseTasks)
                         File: taskDiscovery.ts:75 + TaskDiscoveryService.ts:302
                         z.enum + switch() maps to hardcoded SQL fragment
[SAFE                  ] 2 — sortDirection injection (getFeed)
                         File: taskDiscovery.ts:134
                         No sortDirection field; switch() on enum only
[SAFE                  ] 3 — filter field injection
                         File: admin.ts:56, TaskDiscoveryService.ts:288
                         All filter values use $N parameterized queries
[FIXED                 ] 4 — LIKE wildcard injection
                         File: admin.ts:50
                         % and _ escaped before parameter binding
[SAFE                  ] 5 — limit injection
                         File: taskDiscovery.ts:70, admin.ts:38
                         z.number().int().max(100) rejects strings and large values
[FIXED                 ] 6 — offset injection / overflow
                         File: taskDiscoveryFeedRoutes.ts, admin.ts
                         all router offsets capped at 500
[SAFE                  ] 7 — array parameter injection
                         File: taskDiscovery.ts:140
                         skills array passed as JS value; not used in dynamic SQL construction
[SAFE                  ] 8 — JSONB path injection
                         File: TaskDiscoveryService.ts:918
                         No user-supplied JSONB path operators found; filters stored as parameterized JSONB
[SAFE                  ] 9 — unbounded admin list
                         File: admin.ts:38, betaDashboard.ts:343
                         max(100) enforced; sortBy in betaDashboard silently ignored (dead feature, not injection)
[FIXED                 ] 10 — browseTasks location leak
                         File: taskDiscoveryFeedRoutes.ts
                         poster_id and stored location stripped; rough_location only
[FIXED                 ] 11 — deep pagination DoS
                         File: all routers
                         global maximum offset of 500
[FIXED                 ] 12 — error message disclosure
                         File: trpc.ts
                         shared formatter replaces internal messages and strips stacks
[FIXED                 ] 13 — timing oracle via LIKE
                         File: admin.ts + migration
                         escaped contains search backed by two pg_trgm indexes
[FIXED                 ] WorkerSkillService userId binding
                         File: WorkerSkillService.ts
                         userId is a $1 bind placeholder
[SAFE                  ] Interval injection (admin revenue)
                         File: admin.ts:255,288,303
                         z.number().int().min(1).max(365) + PostgreSQL INTERVAL rejects non-integer

 ✓ |isolated| backend/tests/unit/attack-sql-injection.test.ts (52 tests) 40ms
 ✓ |isolated| backend/tests/unit/stripe-event-worker.test.ts (45 tests) 100ms
 ✓ |isolated| backend/tests/unit/messaging-router.test.ts (69 tests) 76ms
stderr | backend/tests/unit/task-discovery.test.ts > TaskDiscoveryService > browsePublicFeed > returns error on DB failure
[TaskDiscoveryService] DB error: Error: DB error
    at C:/Users/Manfish/Documents/Codex/2026-09-04/let/work/backend-validation-checkout/backend/tests/unit/task-discovery.test.ts:208:68
    at file:///C:/Users/Manfish/Documents/Codex/2026-09-04/let/work/backend-validation-checkout/node_modules/@vitest/runner/dist/chunk-artifact.js:302:11
    at file:///C:/Users/Manfish/Documents/Codex/2026-09-04/let/work/backend-validation-checkout/node_modules/@vitest/runner/dist/chunk-artifact.js:1903:26
    at file:///C:/Users/Manfish/Documents/Codex/2026-09-04/let/work/backend-validation-checkout/node_modules/@vitest/runner/dist/chunk-artifact.js:2326:20
    at new Promise (<anonymous>)
    at runWithCancel (file:///C:/Users/Manfish/Documents/Codex/2026-09-04/let/work/backend-validation-checkout/node_modules/@vitest/runner/dist/chunk-artifact.js:2323:10)
    at file:///C:/Users/Manfish/Documents/Codex/2026-09-04/let/work/backend-validation-checkout/node_modules/@vitest/runner/dist/chunk-artifact.js:2305:20
    at new Promise (<anonymous>)
    at runWithTimeout (file:///C:/Users/Manfish/Documents/Codex/2026-09-04/let/work/backend-validation-checkout/node_modules/@vitest/runner/dist/chunk-artifact.js:2272:10)
    at file:///C:/Users/Manfish/Documents/Codex/2026-09-04/let/work/backend-validation-checkout/node_modules/@vitest/runner/dist/chunk-artifact.js:2955:64

stderr | backend/tests/unit/task-discovery.test.ts > TaskDiscoveryService > calculateMatchingScore > returns error on DB failure
[TaskDiscoveryService] DB error: Error: DB error
    at C:/Users/Manfish/Documents/Codex/2026-09-04/let/work/backend-validation-checkout/backend/tests/unit/task-discovery.test.ts:320:68
    at file:///C:/Users/Manfish/Documents/Codex/2026-09-04/let/work/backend-validation-checkout/node_modules/@vitest/runner/dist/chunk-artifact.js:302:11
    at file:///C:/Users/Manfish/Documents/Codex/2026-09-04/let/work/backend-validation-checkout/node_modules/@vitest/runner/dist/chunk-artifact.js:1903:26
    at file:///C:/Users/Manfish/Documents/Codex/2026-09-04/let/work/backend-validation-checkout/node_modules/@vitest/runner/dist/chunk-artifact.js:2326:20
    at new Promise (<anonymous>)
    at runWithCancel (file:///C:/Users/Manfish/Documents/Codex/2026-09-04/let/work/backend-validation-checkout/node_modules/@vitest/runner/dist/chunk-artifact.js:2323:10)
    at file:///C:/Users/Manfish/Documents/Codex/2026-09-04/let/work/backend-validation-checkout/node_modules/@vitest/runner/dist/chunk-artifact.js:2305:20
    at new Promise (<anonymous>)
    at runWithTimeout (file:///C:/Users/Manfish/Documents/Codex/2026-09-04/let/work/backend-validation-checkout/node_modules/@vitest/runner/dist/chunk-artifact.js:2272:10)
    at file:///C:/Users/Manfish/Documents/Codex/2026-09-04/let/work/backend-validation-checkout/node_modules/@vitest/runner/dist/chunk-artifact.js:2955:64

stderr | backend/tests/unit/task-discovery.test.ts > TaskDiscoveryService > calculateFeedScores > returns error on DB failure
[TaskDiscoveryService] DB error: Error: DB error
    at C:/Users/Manfish/Documents/Codex/2026-09-04/let/work/backend-validation-checkout/backend/tests/unit/task-discovery.test.ts:409:68
    at file:///C:/Users/Manfish/Documents/Codex/2026-09-04/let/work/backend-validation-checkout/node_modules/@vitest/runner/dist/chunk-artifact.js:302:11
    at file:///C:/Users/Manfish/Documents/Codex/2026-09-04/let/work/backend-validation-checkout/node_modules/@vitest/runner/dist/chunk-artifact.js:1903:26
    at file:///C:/Users/Manfish/Documents/Codex/2026-09-04/let/work/backend-validation-checkout/node_modules/@vitest/runner/dist/chunk-artifact.js:2326:20
    at new Promise (<anonymous>)
    at runWithCancel (file:///C:/Users/Manfish/Documents/Codex/2026-09-04/let/work/backend-validation-checkout/node_modules/@vitest/runner/dist/chunk-artifact.js:2323:10)
    at file:///C:/Users/Manfish/Documents/Codex/2026-09-04/let/work/backend-validation-checkout/node_modules/@vitest/runner/dist/chunk-artifact.js:2305:20
    at new Promise (<anonymous>)
    at runWithTimeout (file:///C:/Users/Manfish/Documents/Codex/2026-09-04/let/work/backend-validation-checkout/node_modules/@vitest/runner/dist/chunk-artifact.js:2272:10)
    at file:///C:/Users/Manfish/Documents/Codex/2026-09-04/let/work/backend-validation-checkout/node_modules/@vitest/runner/dist/chunk-artifact.js:2955:64

stderr | backend/tests/unit/task-discovery.test.ts > TaskDiscoveryService > getFeed > returns error on DB failure during feed SELECT
[TaskDiscoveryService] DB error: Error: DB error
    at C:/Users/Manfish/Documents/Codex/2026-09-04/let/work/backend-validation-checkout/backend/tests/unit/task-discovery.test.ts:515:68
    at file:///C:/Users/Manfish/Documents/Codex/2026-09-04/let/work/backend-validation-checkout/node_modules/@vitest/runner/dist/chunk-artifact.js:302:11
    at file:///C:/Users/Manfish/Documents/Codex/2026-09-04/let/work/backend-validation-checkout/node_modules/@vitest/runner/dist/chunk-artifact.js:1903:26
    at file:///C:/Users/Manfish/Documents/Codex/2026-09-04/let/work/backend-validation-checkout/node_modules/@vitest/runner/dist/chunk-artifact.js:2326:20
    at new Promise (<anonymous>)
    at runWithCancel (file:///C:/Users/Manfish/Documents/Codex/2026-09-04/let/work/backend-validation-checkout/node_modules/@vitest/runner/dist/chunk-artifact.js:2323:10)
    at file:///C:/Users/Manfish/Documents/Codex/2026-09-04/let/work/backend-validation-checkout/node_modules/@vitest/runner/dist/chunk-artifact.js:2305:20
    at new Promise (<anonymous>)
    at runWithTimeout (file:///C:/Users/Manfish/Documents/Codex/2026-09-04/let/work/backend-validation-checkout/node_modules/@vitest/runner/dist/chunk-artifact.js:2272:10)
    at file:///C:/Users/Manfish/Documents/Codex/2026-09-04/let/work/backend-validation-checkout/node_modules/@vitest/runner/dist/chunk-artifact.js:2955:64

stderr | backend/tests/unit/task-discovery.test.ts > TaskDiscoveryService > search > returns error on DB failure
[TaskDiscoveryService] DB error: Error: DB error
    at C:/Users/Manfish/Documents/Codex/2026-09-04/let/work/backend-validation-checkout/backend/tests/unit/task-discovery.test.ts:624:68
    at file:///C:/Users/Manfish/Documents/Codex/2026-09-04/let/work/backend-validation-checkout/node_modules/@vitest/runner/dist/chunk-artifact.js:302:11
    at file:///C:/Users/Manfish/Documents/Codex/2026-09-04/let/work/backend-validation-checkout/node_modules/@vitest/runner/dist/chunk-artifact.js:1903:26
    at file:///C:/Users/Manfish/Documents/Codex/2026-09-04/let/work/backend-validation-checkout/node_modules/@vitest/runner/dist/chunk-artifact.js:2326:20
    at new Promise (<anonymous>)
    at runWithCancel (file:///C:/Users/Manfish/Documents/Codex/2026-09-04/let/work/backend-validation-checkout/node_modules/@vitest/runner/dist/chunk-artifact.js:2323:10)
    at file:///C:/Users/Manfish/Documents/Codex/2026-09-04/let/work/backend-validation-checkout/node_modules/@vitest/runner/dist/chunk-artifact.js:2305:20
    at new Promise (<anonymous>)
    at runWithTimeout (file:///C:/Users/Manfish/Documents/Codex/2026-09-04/let/work/backend-validation-checkout/node_modules/@vitest/runner/dist/chunk-artifact.js:2272:10)
    at file:///C:/Users/Manfish/Documents/Codex/2026-09-04/let/work/backend-validation-checkout/node_modules/@vitest/runner/dist/chunk-artifact.js:2955:64

stderr | backend/tests/unit/task-discovery.test.ts > TaskDiscoveryService > getExplanation > returns error on DB failure
[TaskDiscoveryService] DB error: Error: DB error
    at C:/Users/Manfish/Documents/Codex/2026-09-04/let/work/backend-validation-checkout/backend/tests/unit/task-discovery.test.ts:715:68
    at file:///C:/Users/Manfish/Documents/Codex/2026-09-04/let/work/backend-validation-checkout/node_modules/@vitest/runner/dist/chunk-artifact.js:302:11
    at file:///C:/Users/Manfish/Documents/Codex/2026-09-04/let/work/backend-validation-checkout/node_modules/@vitest/runner/dist/chunk-artifact.js:1903:26
    at file:///C:/Users/Manfish/Documents/Codex/2026-09-04/let/work/backend-validation-checkout/node_modules/@vitest/runner/dist/chunk-artifact.js:2326:20
    at new Promise (<anonymous>)
    at runWithCancel (file:///C:/Users/Manfish/Documents/Codex/2026-09-04/let/work/backend-validation-checkout/node_modules/@vitest/runner/dist/chunk-artifact.js:2323:10)
    at file:///C:/Users/Manfish/Documents/Codex/2026-09-04/let/work/backend-validation-checkout/node_modules/@vitest/runner/dist/chunk-artifact.js:2305:20
    at new Promise (<anonymous>)
    at runWithTimeout (file:///C:/Users/Manfish/Documents/Codex/2026-09-04/let/work/backend-validation-checkout/node_modules/@vitest/runner/dist/chunk-artifact.js:2272:10)
    at file:///C:/Users/Manfish/Documents/Codex/2026-09-04/let/work/backend-validation-checkout/node_modules/@vitest/runner/dist/chunk-artifact.js:2955:64

stderr | backend/tests/unit/task-discovery.test.ts > TaskDiscoveryService > saveSearch > returns error on DB failure
[TaskDiscoveryService] DB error: Error: DB error
    at C:/Users/Manfish/Documents/Codex/2026-09-04/let/work/backend-validation-checkout/backend/tests/unit/task-discovery.test.ts:827:68
    at file:///C:/Users/Manfish/Documents/Codex/2026-09-04/let/work/backend-validation-checkout/node_modules/@vitest/runner/dist/chunk-artifact.js:302:11
    at file:///C:/Users/Manfish/Documents/Codex/2026-09-04/let/work/backend-validation-checkout/node_modules/@vitest/runner/dist/chunk-artifact.js:1903:26
    at file:///C:/Users/Manfish/Documents/Codex/2026-09-04/let/work/backend-validation-checkout/node_modules/@vitest/runner/dist/chunk-artifact.js:2326:20
    at new Promise (<anonymous>)
    at runWithCancel (file:///C:/Users/Manfish/Documents/Codex/2026-09-04/let/work/backend-validation-checkout/node_modules/@vitest/runner/dist/chunk-artifact.js:2323:10)
    at file:///C:/Users/Manfish/Documents/Codex/2026-09-04/let/work/backend-validation-checkout/node_modules/@vitest/runner/dist/chunk-artifact.js:2305:20
    at new Promise (<anonymous>)
    at runWithTimeout (file:///C:/Users/Manfish/Documents/Codex/2026-09-04/let/work/backend-validation-checkout/node_modules/@vitest/runner/dist/chunk-artifact.js:2272:10)
    at file:///C:/Users/Manfish/Documents/Codex/2026-09-04/let/work/backend-validation-checkout/node_modules/@vitest/runner/dist/chunk-artifact.js:2955:64

stderr | backend/tests/unit/task-discovery.test.ts > TaskDiscoveryService > getSavedSearches > returns error on DB failure
[TaskDiscoveryService] DB error: Error: DB error
    at C:/Users/Manfish/Documents/Codex/2026-09-04/let/work/backend-validation-checkout/backend/tests/unit/task-discovery.test.ts:876:68
    at file:///C:/Users/Manfish/Documents/Codex/2026-09-04/let/work/backend-validation-checkout/node_modules/@vitest/runner/dist/chunk-artifact.js:302:11
    at file:///C:/Users/Manfish/Documents/Codex/2026-09-04/let/work/backend-validation-checkout/node_modules/@vitest/runner/dist/chunk-artifact.js:1903:26
    at file:///C:/Users/Manfish/Documents/Codex/2026-09-04/let/work/backend-validation-checkout/node_modules/@vitest/runner/dist/chunk-artifact.js:2326:20
    at new Promise (<anonymous>)
    at runWithCancel (file:///C:/Users/Manfish/Documents/Codex/2026-09-04/let/work/backend-validation-checkout/node_modules/@vitest/runner/dist/chunk-artifact.js:2323:10)
    at file:///C:/Users/Manfish/Documents/Codex/2026-09-04/let/work/backend-validation-checkout/node_modules/@vitest/runner/dist/chunk-artifact.js:2305:20
    at new Promise (<anonymous>)
    at runWithTimeout (file:///C:/Users/Manfish/Documents/Codex/2026-09-04/let/work/backend-validation-checkout/node_modules/@vitest/runner/dist/chunk-artifact.js:2272:10)
    at file:///C:/Users/Manfish/Documents/Codex/2026-09-04/let/work/backend-validation-checkout/node_modules/@vitest/runner/dist/chunk-artifact.js:2955:64

stderr | backend/tests/unit/task-discovery.test.ts > TaskDiscoveryService > deleteSavedSearch > returns error on DB failure
[TaskDiscoveryService] DB error: Error: DB error
    at C:/Users/Manfish/Documents/Codex/2026-09-04/let/work/backend-validation-checkout/backend/tests/unit/task-discovery.test.ts:911:68
    at file:///C:/Users/Manfish/Documents/Codex/2026-09-04/let/work/backend-validation-checkout/node_modules/@vitest/runner/dist/chunk-artifact.js:302:11
    at file:///C:/Users/Manfish/Documents/Codex/2026-09-04/let/work/backend-validation-checkout/node_modules/@vitest/runner/dist/chunk-artifact.js:1903:26
    at file:///C:/Users/Manfish/Documents/Codex/2026-09-04/let/work/backend-validation-checkout/node_modules/@vitest/runner/dist/chunk-artifact.js:2326:20
    at new Promise (<anonymous>)
    at runWithCancel (file:///C:/Users/Manfish/Documents/Codex/2026-09-04/let/work/backend-validation-checkout/node_modules/@vitest/runner/dist/chunk-artifact.js:2323:10)
    at file:///C:/Users/Manfish/Documents/Codex/2026-09-04/let/work/backend-validation-checkout/node_modules/@vitest/runner/dist/chunk-artifact.js:2305:20
    at new Promise (<anonymous>)
    at runWithTimeout (file:///C:/Users/Manfish/Documents/Codex/2026-09-04/let/work/backend-validation-checkout/node_modules/@vitest/runner/dist/chunk-artifact.js:2272:10)
    at file:///C:/Users/Manfish/Documents/Codex/2026-09-04/let/work/backend-validation-checkout/node_modules/@vitest/runner/dist/chunk-artifact.js:2955:64

stderr | backend/tests/unit/task-discovery.test.ts > TaskDiscoveryService > executeSavedSearch > returns error on DB failure
[TaskDiscoveryService] DB error: Error: DB error
    at C:/Users/Manfish/Documents/Codex/2026-09-04/let/work/backend-validation-checkout/backend/tests/unit/task-discovery.test.ts:962:68
    at file:///C:/Users/Manfish/Documents/Codex/2026-09-04/let/work/backend-validation-checkout/node_modules/@vitest/runner/dist/chunk-artifact.js:302:11
    at file:///C:/Users/Manfish/Documents/Codex/2026-09-04/let/work/backend-validation-checkout/node_modules/@vitest/runner/dist/chunk-artifact.js:1903:26
    at file:///C:/Users/Manfish/Documents/Codex/2026-09-04/let/work/backend-validation-checkout/node_modules/@vitest/runner/dist/chunk-artifact.js:2326:20
    at new Promise (<anonymous>)
    at runWithCancel (file:///C:/Users/Manfish/Documents/Codex/2026-09-04/let/work/backend-validation-checkout/node_modules/@vitest/runner/dist/chunk-artifact.js:2323:10)
    at file:///C:/Users/Manfish/Documents/Codex/2026-09-04/let/work/backend-validation-checkout/node_modules/@vitest/runner/dist/chunk-artifact.js:2305:20
    at new Promise (<anonymous>)
    at runWithTimeout (file:///C:/Users/Manfish/Documents/Codex/2026-09-04/let/work/backend-validation-checkout/node_modules/@vitest/runner/dist/chunk-artifact.js:2272:10)
    at file:///C:/Users/Manfish/Documents/Codex/2026-09-04/let/work/backend-validation-checkout/node_modules/@vitest/runner/dist/chunk-artifact.js:2955:64

 ✓ |isolated| backend/tests/unit/task-discovery.test.ts (39 tests) 62ms
 ✓ |isolated| backend/tests/unit/runtime-database-authority.test.ts (21 tests) 99ms
stdout | backend/tests/unit/attack-evasion.test.ts > Section 1 — Unicode & Encoding Attacks > ATK-01: accented e in "happy ènding massage" (U+00E8) — should be hard_block
ATK-01 result: hard_block 85 [ 'hard_block_pattern' ]

stdout | backend/tests/unit/attack-evasion.test.ts > Section 1 — Unicode & Encoding Attacks > ATK-02: Cyrillic small i (U+0456) in "no questіons asked" — should be hard_block
ATK-02 result: hard_block 85 [ 'hard_block_pattern', 'coded_phrase_first_occurrence' ]

stdout | backend/tests/unit/attack-evasion.test.ts > Section 1 — Unicode & Encoding Attacks > ATK-03: Cyrillic і (U+0456) in "adult entertaіnment" — should be hard_block
ATK-03 result: hard_block 85 [ 'hard_block_pattern' ]

stdout | backend/tests/unit/attack-evasion.test.ts > Section 1 — Unicode & Encoding Attacks > ATK-04: zero-width non-joiner (U+200C) between letters of "discreet" — should be soft_flag or hard_block
ATK-04 result: hard_block 85 [ 'hard_block_pattern', 'coded_phrase_first_occurrence' ]

stdout | backend/tests/unit/attack-evasion.test.ts > Section 1 — Unicode & Encoding Attacks > ATK-05: non-breaking space (U+00A0) in "no questions asked" — should be hard_block
ATK-05 result: hard_block 85 [ 'hard_block_pattern', 'coded_phrase_first_occurrence' ]

stdout | backend/tests/unit/attack-evasion.test.ts > Section 1 — Unicode & Encoding Attacks > ATK-06: underscore separator "happy_ending massage" — should be hard_block
ATK-06 result: hard_block 85 [ 'hard_block_pattern' ]

stdout | backend/tests/unit/attack-evasion.test.ts > Section 1 — Unicode & Encoding Attacks > ATK-07: hyphen separator "happy-ending massage" — should be hard_block
ATK-07 result: hard_block 85 [ 'hard_block_pattern' ]

stdout | backend/tests/unit/attack-evasion.test.ts > Section 1 — Unicode & Encoding Attacks > ATK-08: letter-spaced "h a p p y e n d i n g massage" — should be hard_block
ATK-08 result: hard_block 85 [ 'hard_block_pattern' ]

stdout | backend/tests/unit/attack-evasion.test.ts > Section 2 — Synonym Substitution Attacks > ATK-09: "intimate massage, very private" — does "intimate" trigger anything?
ATK-09 result: soft_flag 35 [ 'physical_contact_ambiguous' ]

stdout | backend/tests/unit/attack-evasion.test.ts > Section 2 — Synonym Substitution Attacks > ATK-10: "sensual massage, discreet service" — sensual + discreet combo
ATK-10 result: hard_block 85 [ 'hard_block_pattern' ]

stdout | backend/tests/unit/attack-evasion.test.ts > Section 2 — Synonym Substitution Attacks > ATK-11: "adult fun gig, no queries asked" — synonym variant is blocked
ATK-11 result: hard_block 85 [ 'hard_block_pattern' ]

stdout | backend/tests/unit/attack-evasion.test.ts > Section 2 — Synonym Substitution Attacks > ATK-12: "private escort needed, professional only" — escort without adult qualifier
ATK-12 result: soft_flag 45 [ 'escort_ambiguous' ]

stdout | backend/tests/unit/attack-evasion.test.ts > Section 2 — Synonym Substitution Attacks > ATK-13: "GFE service available" (girlfriend experience industry code) — should be flagged
ATK-13 result: soft_flag 50 [ 'sex_work_coded_language' ]

stdout | backend/tests/unit/attack-evasion.test.ts > Section 2 — Synonym Substitution Attacks > ATK-14: "full service massage, very relaxing" (full service = industry code) — should be flagged
ATK-14 result: soft_flag 50 [ 'physical_contact_ambiguous', 'sex_work_coded_language' ]

stdout | backend/tests/unit/attack-evasion.test.ts > Section 2 — Synonym Substitution Attacks > ATK-15: "b&e needed at neighbor's house" (breaking & entering) — should be flagged
ATK-15 result: hard_block 85 [ 'hard_block_pattern' ]

stdout | backend/tests/unit/attack-evasion.test.ts > Section 3 — Splitting & Fragmentation Attacks > ATK-16: "no questions. just asked to deliver" — fragmented phrase is blocked
ATK-16 result: hard_block 85 [ 'hard_block_pattern', 'coded_phrase_first_occurrence' ]

stdout | backend/tests/unit/attack-evasion.test.ts > Section 3 — Splitting & Fragmentation Attacks > ATK-17: "deliver this package — friend of mine, no need for details" — split/variant
ATK-17 result: hard_block 85 [ 'hard_block_pattern', 'coded_phrase_first_occurrence' ]

stdout | backend/tests/unit/attack-evasion.test.ts > Section 3 — Splitting & Fragmentation Attacks > ATK-18: "cash payment only. no records needed" — cross-sentence split of "cash only no record"
ATK-18 result: soft_flag 45 [ 'unreported_payment' ]

stdout | backend/tests/unit/attack-evasion.test.ts > Section 3 — Splitting & Fragmentation Attacks > ATK-19: "drop it off. address info not needed." — split of "drop it off no details"
ATK-19 result: hard_block 85 [ 'hard_block_pattern' ]

stdout | backend/tests/unit/attack-evasion.test.ts > Section 3 — Splitting & Fragmentation Attacks > ATK-20: multi-sentence "package for a friend. just drop and go, no further details" — fragmented FLAGGED_PATTERN
ATK-20 result: soft_flag 21 [ 'coded_phrase_first_occurrence' ]

stdout | backend/tests/unit/attack-evasion.test.ts > Section 4 — Case & Punctuation Variation Attacks > ATK-21: "NO QUESTIONS ASKED, cash only" — all caps — hard_block?
ATK-21 result: hard_block 85 [ 'hard_block_pattern', 'coded_phrase_first_occurrence' ]

stdout | backend/tests/unit/attack-evasion.test.ts > Section 4 — Case & Punctuation Variation Attacks > ATK-22: "No.Questions.Asked" — period separators
ATK-22 result: hard_block 85 [ 'hard_block_pattern', 'coded_phrase_first_occurrence' ]

stdout | backend/tests/unit/attack-evasion.test.ts > Section 4 — Case & Punctuation Variation Attacks > ATK-23: "no_questions_asked" — underscore separators
ATK-23 result: hard_block 85 [ 'hard_block_pattern', 'coded_phrase_first_occurrence' ]

stdout | backend/tests/unit/attack-evasion.test.ts > Section 4 — Case & Punctuation Variation Attacks > ATK-24: "no-questions-asked" — hyphen separators
ATK-24 result: hard_block 85 [ 'hard_block_pattern', 'coded_phrase_first_occurrence' ]

stdout | backend/tests/unit/attack-evasion.test.ts > Section 4 — Case & Punctuation Variation Attacks > ATK-25: "No Questions Asked!!" — trailing exclamation marks
ATK-25 result: hard_block 85 [ 'hard_block_pattern', 'coded_phrase_first_occurrence' ]

stdout | backend/tests/unit/attack-evasion.test.ts > Section 5 — Legitimate-Sounding Wrappers Around Illegal Content > ATK-26: documentary researcher needing street pharmacology demonstration
ATK-26 result: soft_flag 40 [ 'drug_reference' ]

stdout | backend/tests/unit/attack-evasion.test.ts > Section 5 — Legitimate-Sounding Wrappers Around Illegal Content > ATK-27: "research project: demonstrate lockpicking on my own front door"
ATK-27 result: hard_block 85 [ 'hard_block_pattern' ]

stdout | backend/tests/unit/attack-evasion.test.ts > Section 5 — Legitimate-Sounding Wrappers Around Illegal Content > ATK-28: fiction wrapper around drug sourcing ("writing a novel, need researcher for controlled substances")
ATK-28 result: hard_block 85 [ 'hard_block_pattern' ]

stdout | backend/tests/unit/attack-evasion.test.ts > Section 5 — Legitimate-Sounding Wrappers Around Illegal Content > ATK-29: criminal reconnaissance dressed as security testing is flagged
ATK-29 result: soft_flag 55 [ 'property_entry_reconnaissance' ]

stdout | backend/tests/unit/attack-evasion.test.ts > Section 5 — Legitimate-Sounding Wrappers Around Illegal Content > ATK-30: drug/contraband mule with thin cover story ("personal shopper, cash payment, no need to know what's inside")
ATK-30 result: hard_block 85 [ 'hard_block_pattern' ]

stdout | backend/tests/unit/attack-evasion.test.ts > Section 6 — _normalizeDescription Direct Behavior Audit > NORM-01: accented è (U+00E8) is now transliterated to e via HOMOGLYPH_MAP
NORM-01 normalized: "happy ending massage"

stdout | backend/tests/unit/attack-evasion.test.ts > Section 6 — _normalizeDescription Direct Behavior Audit > NORM-02: Cyrillic і (U+0456) is now transliterated to Latin i via HOMOGLYPH_MAP
NORM-02 normalized: "no questions asked"

stdout | backend/tests/unit/attack-evasion.test.ts > Section 6 — _normalizeDescription Direct Behavior Audit > NORM-03: zero-width non-joiner (U+200C) between letters — replaced with space in v2.8.4
NORM-03 normalized: "discreet delivery"

stdout | backend/tests/unit/attack-evasion.test.ts > Section 6 — _normalizeDescription Direct Behavior Audit > NORM-04: NBSP (U+00A0) is treated as whitespace and collapsed
NORM-04 normalized: "no questions asked"

stdout | backend/tests/unit/attack-evasion.test.ts > Section 6 — _normalizeDescription Direct Behavior Audit > NORM-05: hyphen is now replaced with space, preserving word boundaries
NORM-05 normalized: "no questions asked"

stdout | backend/tests/unit/attack-evasion.test.ts > Section 6 — _normalizeDescription Direct Behavior Audit > NORM-06: period is now replaced with space, preserving word boundaries
NORM-06 normalized: "no questions asked"

stdout | backend/tests/unit/attack-evasion.test.ts > Section 6 — _normalizeDescription Direct Behavior Audit > NORM-07: underscore is now replaced with space (step 3 in pipeline)
NORM-07 normalized: "no questions asked"

 ✓ |isolated| backend/tests/unit/attack-evasion.test.ts (37 tests) 68ms
 ✓ |isolated| backend/tests/unit/universal-v1-estimate-service.test.ts (12 tests) 46ms
stdout | backend/tests/unit/attack-prompt-injection.test.ts > RED-TEAM: Prompt Injection & LLM Manipulation > Attack 3b: PromptInjectionGuard now BLOCKS "IGNORE PREVIOUS INSTRUCTIONS" — score=100 hard_block
[Attack 3b] BLOCKED: PromptInjectionGuard intercepted injection, score=100 hard_block.

stdout | backend/tests/unit/attack-prompt-injection.test.ts > RED-TEAM: Prompt Injection & LLM Manipulation > Attack 10: Roleplay jailbreak — LLM told to roleplay as always-approving evaluator
[Attack 10] SAFE: HARD_BLOCK_PATTERN caught "score...cocaine". Math.max(85, 0) = 85. Hard block stands.

stdout | backend/tests/unit/attack-prompt-injection.test.ts > RED-TEAM: Prompt Injection & LLM Manipulation > Attack 11: LLM returns null — crash or graceful degradation?
[Attack 11] SAFE: null AI response causes exception, caught by try/catch, heuristic fallback used.

stdout | backend/tests/unit/attack-prompt-injection.test.ts > RED-TEAM: Prompt Injection & LLM Manipulation > Attack 12: Extra fields in LLM response (override_compliance, approved) — ignored?
[Attack 12] SAFE: extra fields (override_compliance, approved) are ignored by _aiCheck destructuring.

stdout | backend/tests/unit/attack-prompt-injection.test.ts > RED-TEAM: Prompt Injection & LLM Manipulation > Attack 13: score returned as string "0" — type coercion NaN risk in Math.max
[Attack 13] SAFE: Zod rejected the string score and preserved the heuristic result.

stdout | backend/tests/unit/attack-prompt-injection.test.ts > RED-TEAM: Prompt Injection & LLM Manipulation > Attack 13b: score returned as non-numeric string "abc" — Zod rejects, heuristic fallback preserves soft_flag
[Attack 13b] SAFE (patched): Zod rejects score="abc", heuristic fallback score=35, tier=soft_flag preserved.

stdout | backend/tests/unit/attack-prompt-injection.test.ts > RED-TEAM: Prompt Injection & LLM Manipulation > Attack 14: LLM returns score > 100 (score=150) — Zod rejects, fallback to heuristic-only
[Attack 14] SAFE (patched): Zod rejects score=150, heuristic fallback used. Soft_flag task no longer hard-blocked by out-of-range LLM score.

stdout | backend/tests/unit/attack-prompt-injection.test.ts > RED-TEAM: Prompt Injection & LLM Manipulation > Attack 15: LLM returns truncated/invalid JSON — graceful fallback
[Attack 15] SAFE: truncated JSON throws SyntaxError, caught gracefully, heuristic fallback used.

stdout | backend/tests/unit/attack-prompt-injection.test.ts > RED-TEAM: Prompt Injection & LLM Manipulation > Attack 16: RTL override unicode in description — homoglyph normalization
[Attack 16] SAFE: RTL overrides stripped by _normalizeDescription NFKC pass. Heuristic not confused.

stdout | backend/tests/unit/attack-prompt-injection.test.ts > RED-TEAM: Prompt Injection & LLM Manipulation > SUMMARY: All 17 attack verdicts

========== PROMPT INJECTION ATTACK SUMMARY ==========
SAFE:      19
PARTIAL:   0
VULNERABLE:0

VULNERABLE cases:

PARTIAL cases:
=====================================================


 ✓ |isolated| backend/tests/unit/attack-prompt-injection.test.ts (20 tests) 65ms
 ✓ |isolated| backend/tests/unit/financial-provider-command-recovery-worker.test.ts (25 tests) 146ms
 ✓ |isolated| backend/tests/unit/task-reservation-service.test.ts (35 tests) 69ms
 ✓ |isolated| backend/tests/unit/universal-v1-financial-application-service.test.ts (20 tests) 66ms
 ✓ |isolated| backend/tests/unit/XPTaxService.test.ts (19 tests) 56ms
 ✓ |isolated| backend/tests/unit/service-stripe-connect.test.ts (33 tests) 62ms
stderr | backend/tests/unit/service-biometric.test.ts > BiometricVerificationService.createLivenessSession > returns session ID on success
[vitest] The vi.fn() mock did not use 'function' or 'class' in its implementation, see https://vitest.dev/api/vi#vi-spyon for examples.

 ✓ |isolated| backend/tests/unit/service-biometric.test.ts (42 tests) 48ms
 ✓ |isolated| backend/tests/unit/migration-execution-authority.test.ts (21 tests) 490ms
 ✓ |isolated| backend/tests/unit/subscription-router.test.ts (28 tests) 80ms
 ✓ |isolated| backend/tests/unit/chargeback-service-extra.test.ts (34 tests) 29ms
 ✓ |isolated| backend/tests/unit/trust-tier-service.test.ts (29 tests) 56ms
 ✓ |isolated| backend/tests/unit/outbox-worker.test.ts (24 tests) 40ms
 ✓ |isolated| backend/tests/unit/attack-auth.test.ts (46 tests) 59ms
 ✓ |isolated| backend/tests/unit/dispute-service-branches.test.ts (39 tests) 30ms
 ✓ |isolated| backend/tests/unit/cache-connection-registry.test.ts (48 tests) 107ms
 ✓ |isolated| backend/tests/unit/dispute-service.test.ts (17 tests) 42ms
 ✓ |isolated| backend/tests/unit/messaging-service-extra.test.ts (39 tests) 50ms
 ✓ |isolated| backend/tests/unit/trpc.test.ts (67 tests) 105ms
 ✓ |isolated| backend/tests/unit/universal-v1-task-opportunity-service.test.ts (13 tests) 35ms
 ✓ |isolated| backend/tests/unit/escrow-service-branches.test.ts (22 tests) 36ms
 ✓ |isolated| backend/tests/unit/fraud-detection-service-extra.test.ts (35 tests) 44ms
 ✓ |isolated| backend/tests/unit/attack-false-positives.test.ts (42 tests) 51ms
 ✓ |isolated| backend/tests/unit/recurringTask-router.test.ts (27 tests) 59ms
 ✓ |isolated| backend/tests/unit/attack-notifications.test.ts (19 tests) 504ms
     ✓ registerDeviceToken binds only to ctx.user.id, not a caller-supplied userId  436ms
 ✓ |isolated| backend/tests/unit/attack-schema-migration.test.ts (19 tests) 2201ms
     ✓ ATTACK-18: draftEvalCalls is no longer exported from task router  2165ms
 ✓ |isolated| backend/tests/unit/universal-v1-change-order-repository.test.ts (9 tests) 25ms
[20:15:02.751] [33mWARN[39m: [36mFirebase Admin credentials missing — auth verification disabled[39m
    module: "auth"
 ✓ |isolated| backend/tests/unit/synthetic-finance-router.test.ts (32 tests) 70ms
 ✓ |isolated| backend/tests/unit/worker-health-server.test.ts (14 tests) 335ms
 ✓ |isolated| backend/tests/unit/task-service-branches.test.ts (17 tests) 38ms
 ✓ |isolated| backend/tests/unit/notification-delivery-recovery.test.ts (13 tests) 35ms
 ✓ |isolated| backend/tests/unit/universal-v1-estimate-public-api.test.ts (13 tests) 84ms
 ✓ |isolated| backend/tests/unit/eligibility-resolver.test.ts (63 tests) 43ms
 ✓ |isolated| backend/tests/unit/attack-regression-r4.test.ts (17 tests) 46ms
stderr | backend/tests/unit/feed-query-branches.test.ts > TaskDiscoveryService.browsePublicFeed — sort_by branches > returns DB_ERROR when query throws
[TaskDiscoveryService] DB error: Error: db error
    at C:/Users/Manfish/Documents/Codex/2026-09-04/let/work/backend-validation-checkout/backend/tests/unit/feed-query-branches.test.ts:259:37
    at file:///C:/Users/Manfish/Documents/Codex/2026-09-04/let/work/backend-validation-checkout/node_modules/@vitest/runner/dist/chunk-artifact.js:302:11
    at file:///C:/Users/Manfish/Documents/Codex/2026-09-04/let/work/backend-validation-checkout/node_modules/@vitest/runner/dist/chunk-artifact.js:1903:26
    at file:///C:/Users/Manfish/Documents/Codex/2026-09-04/let/work/backend-validation-checkout/node_modules/@vitest/runner/dist/chunk-artifact.js:2326:20
    at new Promise (<anonymous>)
    at runWithCancel (file:///C:/Users/Manfish/Documents/Codex/2026-09-04/let/work/backend-validation-checkout/node_modules/@vitest/runner/dist/chunk-artifact.js:2323:10)
    at file:///C:/Users/Manfish/Documents/Codex/2026-09-04/let/work/backend-validation-checkout/node_modules/@vitest/runner/dist/chunk-artifact.js:2305:20
    at new Promise (<anonymous>)
    at runWithTimeout (file:///C:/Users/Manfish/Documents/Codex/2026-09-04/let/work/backend-validation-checkout/node_modules/@vitest/runner/dist/chunk-artifact.js:2272:10)
    at file:///C:/Users/Manfish/Documents/Codex/2026-09-04/let/work/backend-validation-checkout/node_modules/@vitest/runner/dist/chunk-artifact.js:2955:64

 ✓ |isolated| backend/tests/unit/feed-query-branches.test.ts (32 tests) 45ms
 ✓ |isolated| backend/tests/unit/FakeFinancialProvider.test.ts (19 tests) 62ms
 ✓ |isolated| backend/tests/unit/engine-automation-container-contract.test.ts (25 tests) 45ms
 ✓ |isolated| backend/tests/unit/router-squad-extra.test.ts (28 tests) 63ms
 ✓ |isolated| backend/tests/unit/export-worker.test.ts (15 tests) 30ms
 ✓ |isolated| backend/tests/unit/durable-fake-financial-command-coordinator.test.ts (13 tests) 50ms
 ✓ |isolated| backend/tests/unit/taskDiscovery-router.test.ts (31 tests) 48ms
 ✓ |isolated| backend/tests/unit/runtime-database-release-authority.test.ts (10 tests) 209ms
 ✓ |isolated| backend/tests/unit/squad-router.test.ts (29 tests) 62ms
 ✓ |isolated| backend/tests/unit/r53-financial-bugs.test.ts (7 tests) 51ms
 ✓ |isolated| backend/tests/unit/auth-middleware.test.ts (18 tests) 543ms
     ✓ isAdminCheck in tRPC grants access when is_admin is true  406ms
 ✓ |isolated| backend/tests/unit/dispute-ai-extra.test.ts (22 tests) 27ms
 ✓ |isolated| backend/tests/unit/reputation-ai.test.ts (26 tests) 45ms
 ✓ |isolated| backend/tests/unit/nonproduction-financial-authorization.test.ts (20 tests) 149ms
 ✓ |isolated| backend/tests/unit/hustler-wallet-service.test.ts (14 tests) 56ms
 ✓ |isolated| backend/tests/unit/change-order-reversal-request.test.ts (72 tests) 135ms
 ✓ |isolated| backend/tests/unit/redis-pubsub-extra.test.ts (17 tests) 41ms
 ✓ |isolated| backend/tests/unit/universal-v1-task-draft-claim.test.ts (13 tests) 31ms
stderr | backend/tests/unit/ai-router-cost.test.ts > callAI — Redis unavailable > denies the call before provider I/O when atomic reservation is unavailable
[AI Router] Spend authority unavailable: Error: Redis connection refused
    at C:/Users/Manfish/Documents/Codex/2026-09-04/let/work/backend-validation-checkout/backend/tests/unit/ai-router-cost.test.ts:320:40
    at file:///C:/Users/Manfish/Documents/Codex/2026-09-04/let/work/backend-validation-checkout/node_modules/@vitest/runner/dist/chunk-artifact.js:302:11
    at file:///C:/Users/Manfish/Documents/Codex/2026-09-04/let/work/backend-validation-checkout/node_modules/@vitest/runner/dist/chunk-artifact.js:1903:26
    at file:///C:/Users/Manfish/Documents/Codex/2026-09-04/let/work/backend-validation-checkout/node_modules/@vitest/runner/dist/chunk-artifact.js:2326:20
    at new Promise (<anonymous>)
    at runWithCancel (file:///C:/Users/Manfish/Documents/Codex/2026-09-04/let/work/backend-validation-checkout/node_modules/@vitest/runner/dist/chunk-artifact.js:2323:10)
    at file:///C:/Users/Manfish/Documents/Codex/2026-09-04/let/work/backend-validation-checkout/node_modules/@vitest/runner/dist/chunk-artifact.js:2305:20
    at new Promise (<anonymous>)
    at runWithTimeout (file:///C:/Users/Manfish/Documents/Codex/2026-09-04/let/work/backend-validation-checkout/node_modules/@vitest/runner/dist/chunk-artifact.js:2272:10)
    at file:///C:/Users/Manfish/Documents/Codex/2026-09-04/let/work/backend-validation-checkout/node_modules/@vitest/runner/dist/chunk-artifact.js:2955:64

 ✓ |isolated| backend/tests/unit/rateLimit.test.ts (30 tests) 60ms
stderr | backend/tests/unit/ai-router-cost.test.ts > callAI — spend authority and idempotency > does not call a fallback after successful provider I/O when audit persistence fails
[AI Router] Spend authority unavailable: Error: Postgres unavailable
    at C:/Users/Manfish/Documents/Codex/2026-09-04/let/work/backend-validation-checkout/backend/tests/unit/ai-router-cost.test.ts:375:33
    at file:///C:/Users/Manfish/Documents/Codex/2026-09-04/let/work/backend-validation-checkout/node_modules/@vitest/runner/dist/chunk-artifact.js:302:11
    at file:///C:/Users/Manfish/Documents/Codex/2026-09-04/let/work/backend-validation-checkout/node_modules/@vitest/runner/dist/chunk-artifact.js:1903:26
    at file:///C:/Users/Manfish/Documents/Codex/2026-09-04/let/work/backend-validation-checkout/node_modules/@vitest/runner/dist/chunk-artifact.js:2326:20
    at new Promise (<anonymous>)
    at runWithCancel (file:///C:/Users/Manfish/Documents/Codex/2026-09-04/let/work/backend-validation-checkout/node_modules/@vitest/runner/dist/chunk-artifact.js:2323:10)
    at file:///C:/Users/Manfish/Documents/Codex/2026-09-04/let/work/backend-validation-checkout/node_modules/@vitest/runner/dist/chunk-artifact.js:2305:20
    at new Promise (<anonymous>)
    at runWithTimeout (file:///C:/Users/Manfish/Documents/Codex/2026-09-04/let/work/backend-validation-checkout/node_modules/@vitest/runner/dist/chunk-artifact.js:2272:10)
    at file:///C:/Users/Manfish/Documents/Codex/2026-09-04/let/work/backend-validation-checkout/node_modules/@vitest/runner/dist/chunk-artifact.js:2955:64

stderr | backend/tests/unit/ai-router-cost.test.ts > callAI — spend authority and idempotency > does not call a fallback when post-provider Redis settlement fails
[AI Router] Spend authority unavailable: Error: Redis unavailable
    at C:/Users/Manfish/Documents/Codex/2026-09-04/let/work/backend-validation-checkout/backend/tests/unit/ai-router-cost.test.ts:386:39
    at file:///C:/Users/Manfish/Documents/Codex/2026-09-04/let/work/backend-validation-checkout/node_modules/@vitest/runner/dist/chunk-artifact.js:302:11
    at file:///C:/Users/Manfish/Documents/Codex/2026-09-04/let/work/backend-validation-checkout/node_modules/@vitest/runner/dist/chunk-artifact.js:1903:26
    at file:///C:/Users/Manfish/Documents/Codex/2026-09-04/let/work/backend-validation-checkout/node_modules/@vitest/runner/dist/chunk-artifact.js:2326:20
    at new Promise (<anonymous>)
    at runWithCancel (file:///C:/Users/Manfish/Documents/Codex/2026-09-04/let/work/backend-validation-checkout/node_modules/@vitest/runner/dist/chunk-artifact.js:2323:10)
    at file:///C:/Users/Manfish/Documents/Codex/2026-09-04/let/work/backend-validation-checkout/node_modules/@vitest/runner/dist/chunk-artifact.js:2305:20
    at new Promise (<anonymous>)
    at runWithTimeout (file:///C:/Users/Manfish/Documents/Codex/2026-09-04/let/work/backend-validation-checkout/node_modules/@vitest/runner/dist/chunk-artifact.js:2272:10)
    at file:///C:/Users/Manfish/Documents/Codex/2026-09-04/let/work/backend-validation-checkout/node_modules/@vitest/runner/dist/chunk-artifact.js:2955:64

 ✓ |isolated| backend/tests/unit/ai-router-cost.test.ts (27 tests) 1163ms
     ✓ throws INTERNAL_SERVER_ERROR when all providers in the chain fail  555ms
 ✓ |isolated| backend/tests/unit/service-matchmaker-ai-extra.test.ts (27 tests) 48ms
 ✓ |isolated| backend/tests/unit/router-betaDashboard-extra.test.ts (31 tests) 39ms
 ✓ |isolated| backend/tests/unit/tipping-service.test.ts (24 tests) 48ms
 ✓ |isolated| backend/tests/unit/ai-client-extra.test.ts (21 tests) 40ms
 ✓ |isolated| backend/tests/unit/infra-db.test.ts (61 tests) 547ms
 ✓ |isolated| backend/tests/unit/service-verification-unlock.test.ts (30 tests) 24ms
 ✓ |isolated| backend/tests/unit/wire-validateconfig.test.ts (13 tests) 242ms
 ✓ |isolated| backend/tests/unit/automation-lifecycle-service.test.ts (22 tests) 36ms
 ✓ |isolated| backend/tests/unit/quote-payment-recovery.test.ts (18 tests) 49ms
 ✓ |isolated| backend/tests/unit/recurring-work-service.test.ts (14 tests) 44ms
 ✓ |isolated| backend/tests/unit/admin-router.test.ts (29 tests) 46ms
 ✓ |isolated| backend/tests/unit/r54-bugs.test.ts (11 tests) 27ms
 ✓ |isolated| backend/tests/unit/stripe-service-backend.test.ts (20 tests) 77ms
 ✓ |isolated| backend/tests/unit/payment-creation-incident-guard.test.ts (13 tests) 2630ms
     ✓ guards every executable processor creation or test-confirmation call in the repository  2372ms
 ✓ |isolated| backend/tests/unit/change-order-resume.test.ts (30 tests) 78ms
 ✓ |isolated| backend/tests/unit/universal-v1-standardized-quote-application.test.ts (11 tests) 23ms
 ✓ |isolated| backend/tests/unit/instant-task-gate.test.ts (39 tests) 48ms
 ✓ |isolated| backend/tests/unit/universal-v1-fulfillment-repository.test.ts (4 tests) 29ms
 ✓ |isolated| backend/tests/unit/PhotoVerificationService.test.ts (20 tests) 29ms
 ✓ |isolated| backend/tests/unit/legacy-migration-checksum-reconciliation.test.ts (19 tests) 74ms
 ✓ |isolated| backend/tests/unit/beta-service-extra.test.ts (24 tests) 19ms
 ✓ |isolated| backend/tests/unit/rating-service.test.ts (28 tests) 31ms
[20:15:14.264] [33mWARN[39m: [36mStripe not configured (placeholder or missing key)[39m
    module: "stripe"
 ✓ |isolated| backend/tests/unit/service-content-moderation-extra.test.ts (13 tests) 18ms
 ✓ |isolated| backend/tests/unit/cache-redis-client.test.ts (46 tests) 53ms
 ✓ |isolated| backend/tests/integration/money-path.test.ts (24 tests) 33ms
[20:15:15.139] [33mWARN[39m: [36mFirebase Admin credentials missing — auth verification disabled[39m
    module: "auth"
 ✓ |isolated| backend/tests/unit/task-external-bridge-router.test.ts (19 tests) 62ms
 ✓ |isolated| backend/tests/unit/redis-command-port.test.ts (20 tests) 80ms
 ✓ |isolated| backend/tests/unit/router-notification-extra.test.ts (28 tests) 47ms
 ✓ |isolated| backend/tests/unit/universal-v1-change-order-recovery.test.ts (9 tests) 34ms
stderr | backend/tests/unit/ai-router-branches.test.ts > callAI — Redis fail-closed (checkBudget catch branch) > blocks the call before provider I/O when reservation throws
[AI Router] Spend authority unavailable: Error: Redis connection refused
    at C:/Users/Manfish/Documents/Codex/2026-09-04/let/work/backend-validation-checkout/backend/tests/unit/ai-router-branches.test.ts:216:40
    at file:///C:/Users/Manfish/Documents/Codex/2026-09-04/let/work/backend-validation-checkout/node_modules/@vitest/runner/dist/chunk-artifact.js:302:11
    at file:///C:/Users/Manfish/Documents/Codex/2026-09-04/let/work/backend-validation-checkout/node_modules/@vitest/runner/dist/chunk-artifact.js:1903:26
    at file:///C:/Users/Manfish/Documents/Codex/2026-09-04/let/work/backend-validation-checkout/node_modules/@vitest/runner/dist/chunk-artifact.js:2326:20
    at new Promise (<anonymous>)
    at runWithCancel (file:///C:/Users/Manfish/Documents/Codex/2026-09-04/let/work/backend-validation-checkout/node_modules/@vitest/runner/dist/chunk-artifact.js:2323:10)
    at file:///C:/Users/Manfish/Documents/Codex/2026-09-04/let/work/backend-validation-checkout/node_modules/@vitest/runner/dist/chunk-artifact.js:2305:20
    at new Promise (<anonymous>)
    at runWithTimeout (file:///C:/Users/Manfish/Documents/Codex/2026-09-04/let/work/backend-validation-checkout/node_modules/@vitest/runner/dist/chunk-artifact.js:2272:10)
    at file:///C:/Users/Manfish/Documents/Codex/2026-09-04/let/work/backend-validation-checkout/node_modules/@vitest/runner/dist/chunk-artifact.js:2955:64

 ✓ |isolated| backend/tests/unit/universal-v1-fake-terminal-lifecycle-intent-migration.test.ts (8 tests) 25ms
 ✓ |isolated| backend/tests/unit/universal-v1-work-order-resume.test.ts (24 tests) 44ms
 ✓ |isolated| backend/tests/unit/synthetic-financial-webhook.test.ts (15 tests) 117ms
 ✓ |isolated| backend/tests/unit/liquidity-cell-service.test.ts (19 tests) 43ms
 ✓ |isolated| backend/tests/unit/ai-router-branches.test.ts (22 tests) 896ms
     ✓ throws HX702 when all providers in chain fail  574ms
 ✓ |isolated| backend/tests/unit/nonproduction-runtime-insert-authority-migration.test.ts (7 tests) 47ms
 ✓ |isolated| backend/tests/unit/universal-v1-work-order-command-ports-migration.test.ts (13 tests) 41ms
 ✓ |isolated| backend/tests/unit/completion-release-worker.test.ts (20 tests) 42ms
 ✓ |isolated| backend/tests/unit/messaging-service.test.ts (37 tests) 30ms
 ✓ |isolated| backend/tests/unit/dispute-ai.test.ts (25 tests) 29ms
 ✓ |isolated| backend/tests/unit/rating-router.test.ts (24 tests) 34ms
 ✓ |isolated| backend/tests/unit/biometric-router.test.ts (14 tests) 46ms
 ✓ |isolated| backend/tests/unit/universal-v1-fake-financial-command-outbox-authority-migration.test.ts (12 tests) 117ms
 ✓ |isolated| backend/tests/unit/scheduled-jobs.test.ts (18 tests) 593ms
     ✓ startWorkers registers scheduled jobs  574ms
 ✓ |isolated| backend/tests/unit/synthetic-financial-worker.test.ts (39 tests) 401ms
     ✓ releases bounded recovery capacity when other workers commit terminal outcomes  339ms
 ✓ |isolated| backend/tests/unit/task-suggestion-ai-service.test.ts (21 tests) 44ms
 ✓ |isolated| backend/tests/unit/router-alpha-telemetry-extra.test.ts (23 tests) 39ms
 ✓ |isolated| backend/tests/unit/universal-v1-estimate-acceptance-materialization-migration.test.ts (10 tests) 21ms
 ✓ |isolated| backend/tests/unit/matchmaker-ai.test.ts (25 tests) 31ms
 ✓ |isolated| backend/tests/unit/validators.test.ts (71 tests) 47ms
 ✓ |isolated| backend/tests/unit/assign-worker-concurrency.test.ts (7 tests) 33ms
 ✓ |isolated| backend/tests/unit/universal-v1-lead-ingress-service.test.ts (16 tests) 111ms
 ✓ |isolated| backend/tests/unit/universal-v1-standardized-quote-readiness-migration.test.ts (12 tests) 31ms
 ✓ |isolated| backend/tests/unit/fraud-detection-service.test.ts (22 tests) 25ms
 ✓ |isolated| backend/tests/unit/recurring-task-regression-r7.test.ts (14 tests) 48ms
 ✓ |isolated| backend/tests/unit/alpha-instrumentation.test.ts (23 tests) 23ms
 ✓ |isolated| backend/tests/unit/stripe-service-coverage.test.ts (26 tests) 71ms
 ✓ |isolated| backend/tests/unit/tax-reporting-service.test.ts (24 tests) 31ms
 ✓ |isolated| backend/tests/unit/capability-router.test.ts (20 tests) 39ms
 ✓ |isolated| backend/tests/unit/universal-v1-work-order-compensation.test.ts (7 tests) 28ms
 ✓ |isolated| backend/tests/unit/realtime-sse.test.ts (14 tests) 74ms
 ✓ |isolated| backend/tests/unit/moderation-branches.test.ts (17 tests) 47ms
 ✓ |isolated| backend/tests/unit/legacy-task-materialization-service-containment.test.ts (10 tests) 24ms
 ✓ |isolated| backend/tests/unit/edge-cache-extra.test.ts (33 tests) 92ms
 ✓ |isolated| backend/tests/unit/fake-financial-durable-recovery.test.ts (35 tests) 119ms
 ✓ |isolated| backend/tests/unit/moderation-router.test.ts (18 tests) 34ms
 ✓ |isolated| backend/tests/unit/TaxReportingService.test.ts (20 tests) 20ms
 ✓ |isolated| backend/tests/unit/router-recurringTask-extra.test.ts (20 tests) 40ms
 ✓ |isolated| backend/tests/unit/ai-client.test.ts (14 tests) 28ms
stderr | backend/tests/unit/intent-parser-service.test.ts > IntentParserService.analyzeIntent > Financial domain > should identify EscrowService and critical tier for escrow description
Knowledge graph query failed, proceeding without context: Error: Database not available
    at C:/Users/Manfish/Documents/Codex/2026-09-04/let/work/backend-validation-checkout/backend/tests/unit/intent-parser-service.test.ts:29:42
    at ManualMockedModule.factory (file:///C:/Users/Manfish/Documents/Codex/2026-09-04/let/work/backend-validation-checkout/node_modules/vitest/dist/chunks/test.DNmyFkvJ.js:3569:78)
    at ManualMockedModule.resolve (file:///C:/Users/Manfish/Documents/Codex/2026-09-04/let/work/backend-validation-checkout/node_modules/@vitest/mocker/dist/chunk-registry.js:161:21)
    at VitestMocker.callFunctionMock (file:///C:/Users/Manfish/Documents/Codex/2026-09-04/let/work/backend-validation-checkout/node_modules/vitest/dist/chunks/startVitestModuleRunner.DB-7oCpn.js:319:32)
    at file:///C:/Users/Manfish/Documents/Codex/2026-09-04/let/work/backend-validation-checkout/node_modules/vitest/dist/chunks/startVitestModuleRunner.DB-7oCpn.js:402:23
    at Traces.$ (file:///C:/Users/Manfish/Documents/Codex/2026-09-04/let/work/backend-validation-checkout/node_modules/vitest/dist/chunks/traces.DT5aQ62U.js:142:27)
    at VitestMocker.requestWithMockedModule (file:///C:/Users/Manfish/Documents/Codex/2026-09-04/let/work/backend-validation-checkout/node_modules/vitest/dist/chunks/startVitestModuleRunner.DB-7oCpn.js:367:21)
    at VitestModuleRunner.cachedRequest (file:///C:/Users/Manfish/Documents/Codex/2026-09-04/let/work/backend-validation-checkout/node_modules/vitest/dist/chunks/startVitestModuleRunner.DB-7oCpn.js:568:31)
    at request (file:///C:/Users/Manfish/Documents/Codex/2026-09-04/let/work/backend-validation-checkout/node_modules/vite/dist/node/module-runner.js:1104:76)
    at processTicksAndRejections (node:internal/process/task_queues:103:5)

stderr | backend/tests/unit/intent-parser-service.test.ts > IntentParserService.analyzeIntent > Financial domain > should identify EscrowService and critical tier for escrow description
AI reasoning failed, using heuristic analysis: Error: No AI providers configured
    at C:/Users/Manfish/Documents/Codex/2026-09-04/let/work/backend-validation-checkout/backend/tests/unit/intent-parser-service.test.ts:41:37
    at ManualMockedModule.factory (file:///C:/Users/Manfish/Documents/Codex/2026-09-04/let/work/backend-validation-checkout/node_modules/vitest/dist/chunks/test.DNmyFkvJ.js:3569:78)
    at ManualMockedModule.resolve (file:///C:/Users/Manfish/Documents/Codex/2026-09-04/let/work/backend-validation-checkout/node_modules/@vitest/mocker/dist/chunk-registry.js:161:21)
    at VitestMocker.callFunctionMock (file:///C:/Users/Manfish/Documents/Codex/2026-09-04/let/work/backend-validation-checkout/node_modules/vitest/dist/chunks/startVitestModuleRunner.DB-7oCpn.js:319:32)
    at file:///C:/Users/Manfish/Documents/Codex/2026-09-04/let/work/backend-validation-checkout/node_modules/vitest/dist/chunks/startVitestModuleRunner.DB-7oCpn.js:402:23
    at Traces.$ (file:///C:/Users/Manfish/Documents/Codex/2026-09-04/let/work/backend-validation-checkout/node_modules/vitest/dist/chunks/traces.DT5aQ62U.js:142:27)
    at VitestMocker.requestWithMockedModule (file:///C:/Users/Manfish/Documents/Codex/2026-09-04/let/work/backend-validation-checkout/node_modules/vitest/dist/chunks/startVitestModuleRunner.DB-7oCpn.js:367:21)
    at VitestModuleRunner.cachedRequest (file:///C:/Users/Manfish/Documents/Codex/2026-09-04/let/work/backend-validation-checkout/node_modules/vitest/dist/chunks/startVitestModuleRunner.DB-7oCpn.js:568:31)
    at request (file:///C:/Users/Manfish/Documents/Codex/2026-09-04/let/work/backend-validation-checkout/node_modules/vite/dist/node/module-runner.js:1104:76)
    at processTicksAndRejections (node:internal/process/task_queues:103:5)

stderr | backend/tests/unit/intent-parser-service.test.ts > IntentParserService.analyzeIntent > Financial domain > should identify StripeService for payment descriptions
Knowledge graph query failed, proceeding without context: Error: Database not available
    at C:/Users/Manfish/Documents/Codex/2026-09-04/let/work/backend-validation-checkout/backend/tests/unit/intent-parser-service.test.ts:29:42
    at ManualMockedModule.factory (file:///C:/Users/Manfish/Documents/Codex/2026-09-04/let/work/backend-validation-checkout/node_modules/vitest/dist/chunks/test.DNmyFkvJ.js:3569:78)
    at ManualMockedModule.resolve (file:///C:/Users/Manfish/Documents/Codex/2026-09-04/let/work/backend-validation-checkout/node_modules/@vitest/mocker/dist/chunk-registry.js:161:21)
    at VitestMocker.callFunctionMock (file:///C:/Users/Manfish/Documents/Codex/2026-09-04/let/work/backend-validation-checkout/node_modules/vitest/dist/chunks/startVitestModuleRunner.DB-7oCpn.js:319:32)
    at file:///C:/Users/Manfish/Documents/Codex/2026-09-04/let/work/backend-validation-checkout/node_modules/vitest/dist/chunks/startVitestModuleRunner.DB-7oCpn.js:402:23
    at Traces.$ (file:///C:/Users/Manfish/Documents/Codex/2026-09-04/let/work/backend-validation-checkout/node_modules/vitest/dist/chunks/traces.DT5aQ62U.js:142:27)
    at VitestMocker.requestWithMockedModule (file:///C:/Users/Manfish/Documents/Codex/2026-09-04/let/work/backend-validation-checkout/node_modules/vitest/dist/chunks/startVitestModuleRunner.DB-7oCpn.js:367:21)
    at VitestModuleRunner.cachedRequest (file:///C:/Users/Manfish/Documents/Codex/2026-09-04/let/work/backend-validation-checkout/node_modules/vitest/dist/chunks/startVitestModuleRunner.DB-7oCpn.js:568:31)
    at request (file:///C:/Users/Manfish/Documents/Codex/2026-09-04/let/work/backend-validation-checkout/node_modules/vite/dist/node/module-runner.js:1104:76)
    at processTicksAndRejections (node:internal/process/task_queues:103:5)

stderr | backend/tests/unit/intent-parser-service.test.ts > IntentParserService.analyzeIntent > Financial domain > should identify StripeService for payment descriptions
AI reasoning failed, using heuristic analysis: Error: No AI providers configured
    at C:/Users/Manfish/Documents/Codex/2026-09-04/let/work/backend-validation-checkout/backend/tests/unit/intent-parser-service.test.ts:41:37
    at ManualMockedModule.factory (file:///C:/Users/Manfish/Documents/Codex/2026-09-04/let/work/backend-validation-checkout/node_modules/vitest/dist/chunks/test.DNmyFkvJ.js:3569:78)
    at ManualMockedModule.resolve (file:///C:/Users/Manfish/Documents/Codex/2026-09-04/let/work/backend-validation-checkout/node_modules/@vitest/mocker/dist/chunk-registry.js:161:21)
    at VitestMocker.callFunctionMock (file:///C:/Users/Manfish/Documents/Codex/2026-09-04/let/work/backend-validation-checkout/node_modules/vitest/dist/chunks/startVitestModuleRunner.DB-7oCpn.js:319:32)
    at file:///C:/Users/Manfish/Documents/Codex/2026-09-04/let/work/backend-validation-checkout/node_modules/vitest/dist/chunks/startVitestModuleRunner.DB-7oCpn.js:402:23
    at Traces.$ (file:///C:/Users/Manfish/Documents/Codex/2026-09-04/let/work/backend-validation-checkout/node_modules/vitest/dist/chunks/traces.DT5aQ62U.js:142:27)
    at VitestMocker.requestWithMockedModule (file:///C:/Users/Manfish/Documents/Codex/2026-09-04/let/work/backend-validation-checkout/node_modules/vitest/dist/chunks/startVitestModuleRunner.DB-7oCpn.js:367:21)
    at VitestModuleRunner.cachedRequest (file:///C:/Users/Manfish/Documents/Codex/2026-09-04/let/work/backend-validation-checkout/node_modules/vitest/dist/chunks/startVitestModuleRunner.DB-7oCpn.js:568:31)
    at request (file:///C:/Users/Manfish/Documents/Codex/2026-09-04/let/work/backend-validation-checkout/node_modules/vite/dist/node/module-runner.js:1104:76)
    at processTicksAndRejections (node:internal/process/task_queues:103:5)

stderr | backend/tests/unit/intent-parser-service.test.ts > IntentParserService.analyzeIntent > Financial domain > should mark refund flow as critical
Knowledge graph query failed, proceeding without context: Error: Database not available
    at C:/Users/Manfish/Documents/Codex/2026-09-04/let/work/backend-validation-checkout/backend/tests/unit/intent-parser-service.test.ts:29:42
    at ManualMockedModule.factory (file:///C:/Users/Manfish/Documents/Codex/2026-09-04/let/work/backend-validation-checkout/node_modules/vitest/dist/chunks/test.DNmyFkvJ.js:3569:78)
    at ManualMockedModule.resolve (file:///C:/Users/Manfish/Documents/Codex/2026-09-04/let/work/backend-validation-checkout/node_modules/@vitest/mocker/dist/chunk-registry.js:161:21)
    at VitestMocker.callFunctionMock (file:///C:/Users/Manfish/Documents/Codex/2026-09-04/let/work/backend-validation-checkout/node_modules/vitest/dist/chunks/startVitestModuleRunner.DB-7oCpn.js:319:32)
    at file:///C:/Users/Manfish/Documents/Codex/2026-09-04/let/work/backend-validation-checkout/node_modules/vitest/dist/chunks/startVitestModuleRunner.DB-7oCpn.js:402:23
    at Traces.$ (file:///C:/Users/Manfish/Documents/Codex/2026-09-04/let/work/backend-validation-checkout/node_modules/vitest/dist/chunks/traces.DT5aQ62U.js:142:27)
    at VitestMocker.requestWithMockedModule (file:///C:/Users/Manfish/Documents/Codex/2026-09-04/let/work/backend-validation-checkout/node_modules/vitest/dist/chunks/startVitestModuleRunner.DB-7oCpn.js:367:21)
    at VitestModuleRunner.cachedRequest (file:///C:/Users/Manfish/Documents/Codex/2026-09-04/let/work/backend-validation-checkout/node_modules/vitest/dist/chunks/startVitestModuleRunner.DB-7oCpn.js:568:31)
    at request (file:///C:/Users/Manfish/Documents/Codex/2026-09-04/let/work/backend-validation-checkout/node_modules/vite/dist/node/module-runner.js:1104:76)
    at processTicksAndRejections (node:internal/process/task_queues:103:5)

stderr | backend/tests/unit/intent-parser-service.test.ts > IntentParserService.analyzeIntent > Financial domain > should mark refund flow as critical
AI reasoning failed, using heuristic analysis: Error: No AI providers configured
    at C:/Users/Manfish/Documents/Codex/2026-09-04/let/work/backend-validation-checkout/backend/tests/unit/intent-parser-service.test.ts:41:37
    at ManualMockedModule.factory (file:///C:/Users/Manfish/Documents/Codex/2026-09-04/let/work/backend-validation-checkout/node_modules/vitest/dist/chunks/test.DNmyFkvJ.js:3569:78)
    at ManualMockedModule.resolve (file:///C:/Users/Manfish/Documents/Codex/2026-09-04/let/work/backend-validation-checkout/node_modules/@vitest/mocker/dist/chunk-registry.js:161:21)
    at VitestMocker.callFunctionMock (file:///C:/Users/Manfish/Documents/Codex/2026-09-04/let/work/backend-validation-checkout/node_modules/vitest/dist/chunks/startVitestModuleRunner.DB-7oCpn.js:319:32)
    at file:///C:/Users/Manfish/Documents/Codex/2026-09-04/let/work/backend-validation-checkout/node_modules/vitest/dist/chunks/startVitestModuleRunner.DB-7oCpn.js:402:23
    at Traces.$ (file:///C:/Users/Manfish/Documents/Codex/2026-09-04/let/work/backend-validation-checkout/node_modules/vitest/dist/chunks/traces.DT5aQ62U.js:142:27)
    at VitestMocker.requestWithMockedModule (file:///C:/Users/Manfish/Documents/Codex/2026-09-04/let/work/backend-validation-checkout/node_modules/vitest/dist/chunks/startVitestModuleRunner.DB-7oCpn.js:367:21)
    at VitestModuleRunner.cachedRequest (file:///C:/Users/Manfish/Documents/Codex/2026-09-04/let/work/backend-validation-checkout/node_modules/vitest/dist/chunks/startVitestModuleRunner.DB-7oCpn.js:568:31)
    at request (file:///C:/Users/Manfish/Documents/Codex/2026-09-04/let/work/backend-validation-checkout/node_modules/vite/dist/node/module-runner.js:1104:76)
    at processTicksAndRejections (node:internal/process/task_queues:103:5)

stderr | backend/tests/unit/intent-parser-service.test.ts > IntentParserService.analyzeIntent > Task domain > should identify TaskService for task creation descriptions
Knowledge graph query failed, proceeding without context: Error: Database not available
    at C:/Users/Manfish/Documents/Codex/2026-09-04/let/work/backend-validation-checkout/backend/tests/unit/intent-parser-service.test.ts:29:42
    at ManualMockedModule.factory (file:///C:/Users/Manfish/Documents/Codex/2026-09-04/let/work/backend-validation-checkout/node_modules/vitest/dist/chunks/test.DNmyFkvJ.js:3569:78)
    at ManualMockedModule.resolve (file:///C:/Users/Manfish/Documents/Codex/2026-09-04/let/work/backend-validation-checkout/node_modules/@vitest/mocker/dist/chunk-registry.js:161:21)
    at VitestMocker.callFunctionMock (file:///C:/Users/Manfish/Documents/Codex/2026-09-04/let/work/backend-validation-checkout/node_modules/vitest/dist/chunks/startVitestModuleRunner.DB-7oCpn.js:319:32)
    at file:///C:/Users/Manfish/Documents/Codex/2026-09-04/let/work/backend-validation-checkout/node_modules/vitest/dist/chunks/startVitestModuleRunner.DB-7oCpn.js:402:23
    at Traces.$ (file:///C:/Users/Manfish/Documents/Codex/2026-09-04/let/work/backend-validation-checkout/node_modules/vitest/dist/chunks/traces.DT5aQ62U.js:142:27)
    at VitestMocker.requestWithMockedModule (file:///C:/Users/Manfish/Documents/Codex/2026-09-04/let/work/backend-validation-checkout/node_modules/vitest/dist/chunks/startVitestModuleRunner.DB-7oCpn.js:367:21)
    at VitestModuleRunner.cachedRequest (file:///C:/Users/Manfish/Documents/Codex/2026-09-04/let/work/backend-validation-checkout/node_modules/vitest/dist/chunks/startVitestModuleRunner.DB-7oCpn.js:568:31)
    at request (file:///C:/Users/Manfish/Documents/Codex/2026-09-04/let/work/backend-validation-checkout/node_modules/vite/dist/node/module-runner.js:1104:76)
    at processTicksAndRejections (node:internal/process/task_queues:103:5)

stderr | backend/tests/unit/intent-parser-service.test.ts > IntentParserService.analyzeIntent > Task domain > should identify TaskService for task creation descriptions
AI reasoning failed, using heuristic analysis: Error: No AI providers configured
    at C:/Users/Manfish/Documents/Codex/2026-09-04/let/work/backend-validation-checkout/backend/tests/unit/intent-parser-service.test.ts:41:37
    at ManualMockedModule.factory (file:///C:/Users/Manfish/Documents/Codex/2026-09-04/let/work/backend-validation-checkout/node_modules/vitest/dist/chunks/test.DNmyFkvJ.js:3569:78)
    at ManualMockedModule.resolve (file:///C:/Users/Manfish/Documents/Codex/2026-09-04/let/work/backend-validation-checkout/node_modules/@vitest/mocker/dist/chunk-registry.js:161:21)
    at VitestMocker.callFunctionMock (file:///C:/Users/Manfish/Documents/Codex/2026-09-04/let/work/backend-validation-checkout/node_modules/vitest/dist/chunks/startVitestModuleRunner.DB-7oCpn.js:319:32)
    at file:///C:/Users/Manfish/Documents/Codex/2026-09-04/let/work/backend-validation-checkout/node_modules/vitest/dist/chunks/startVitestModuleRunner.DB-7oCpn.js:402:23
    at Traces.$ (file:///C:/Users/Manfish/Documents/Codex/2026-09-04/let/work/backend-validation-checkout/node_modules/vitest/dist/chunks/traces.DT5aQ62U.js:142:27)
    at VitestMocker.requestWithMockedModule (file:///C:/Users/Manfish/Documents/Codex/2026-09-04/let/work/backend-validation-checkout/node_modules/vitest/dist/chunks/startVitestModuleRunner.DB-7oCpn.js:367:21)
    at VitestModuleRunner.cachedRequest (file:///C:/Users/Manfish/Documents/Codex/2026-09-04/let/work/backend-validation-checkout/node_modules/vitest/dist/chunks/startVitestModuleRunner.DB-7oCpn.js:568:31)
    at request (file:///C:/Users/Manfish/Documents/Codex/2026-09-04/let/work/backend-validation-checkout/node_modules/vite/dist/node/module-runner.js:1104:76)
    at processTicksAndRejections (node:internal/process/task_queues:103:5)

stderr | backend/tests/unit/intent-parser-service.test.ts > IntentParserService.analyzeIntent > Task domain > should identify ProofService for proof submission descriptions
Knowledge graph query failed, proceeding without context: Error: Database not available
    at C:/Users/Manfish/Documents/Codex/2026-09-04/let/work/backend-validation-checkout/backend/tests/unit/intent-parser-service.test.ts:29:42
    at ManualMockedModule.factory (file:///C:/Users/Manfish/Documents/Codex/2026-09-04/let/work/backend-validation-checkout/node_modules/vitest/dist/chunks/test.DNmyFkvJ.js:3569:78)
    at ManualMockedModule.resolve (file:///C:/Users/Manfish/Documents/Codex/2026-09-04/let/work/backend-validation-checkout/node_modules/@vitest/mocker/dist/chunk-registry.js:161:21)
    at VitestMocker.callFunctionMock (file:///C:/Users/Manfish/Documents/Codex/2026-09-04/let/work/backend-validation-checkout/node_modules/vitest/dist/chunks/startVitestModuleRunner.DB-7oCpn.js:319:32)
    at file:///C:/Users/Manfish/Documents/Codex/2026-09-04/let/work/backend-validation-checkout/node_modules/vitest/dist/chunks/startVitestModuleRunner.DB-7oCpn.js:402:23
    at Traces.$ (file:///C:/Users/Manfish/Documents/Codex/2026-09-04/let/work/backend-validation-checkout/node_modules/vitest/dist/chunks/traces.DT5aQ62U.js:142:27)
    at VitestMocker.requestWithMockedModule (file:///C:/Users/Manfish/Documents/Codex/2026-09-04/let/work/backend-validation-checkout/node_modules/vitest/dist/chunks/startVitestModuleRunner.DB-7oCpn.js:367:21)
    at VitestModuleRunner.cachedRequest (file:///C:/Users/Manfish/Documents/Codex/2026-09-04/let/work/backend-validation-checkout/node_modules/vitest/dist/chunks/startVitestModuleRunner.DB-7oCpn.js:568:31)
    at request (file:///C:/Users/Manfish/Documents/Codex/2026-09-04/let/work/backend-validation-checkout/node_modules/vite/dist/node/module-runner.js:1104:76)
    at processTicksAndRejections (node:internal/process/task_queues:103:5)

stderr | backend/tests/unit/intent-parser-service.test.ts > IntentParserService.analyzeIntent > Task domain > should identify ProofService for proof submission descriptions
AI reasoning failed, using heuristic analysis: Error: No AI providers configured
    at C:/Users/Manfish/Documents/Codex/2026-09-04/let/work/backend-validation-checkout/backend/tests/unit/intent-parser-service.test.ts:41:37
    at ManualMockedModule.factory (file:///C:/Users/Manfish/Documents/Codex/2026-09-04/let/work/backend-validation-checkout/node_modules/vitest/dist/chunks/test.DNmyFkvJ.js:3569:78)
    at ManualMockedModule.resolve (file:///C:/Users/Manfish/Documents/Codex/2026-09-04/let/work/backend-validation-checkout/node_modules/@vitest/mocker/dist/chunk-registry.js:161:21)
    at VitestMocker.callFunctionMock (file:///C:/Users/Manfish/Documents/Codex/2026-09-04/let/work/backend-validation-checkout/node_modules/vitest/dist/chunks/startVitestModuleRunner.DB-7oCpn.js:319:32)
    at file:///C:/Users/Manfish/Documents/Codex/2026-09-04/let/work/backend-validation-checkout/node_modules/vitest/dist/chunks/startVitestModuleRunner.DB-7oCpn.js:402:23
    at Traces.$ (file:///C:/Users/Manfish/Documents/Codex/2026-09-04/let/work/backend-validation-checkout/node_modules/vitest/dist/chunks/traces.DT5aQ62U.js:142:27)
    at VitestMocker.requestWithMockedModule (file:///C:/Users/Manfish/Documents/Codex/2026-09-04/let/work/backend-validation-checkout/node_modules/vitest/dist/chunks/startVitestModuleRunner.DB-7oCpn.js:367:21)
    at VitestModuleRunner.cachedRequest (file:///C:/Users/Manfish/Documents/Codex/2026-09-04/let/work/backend-validation-checkout/node_modules/vitest/dist/chunks/startVitestModuleRunner.DB-7oCpn.js:568:31)
    at request (file:///C:/Users/Manfish/Documents/Codex/2026-09-04/let/work/backend-validation-checkout/node_modules/vite/dist/node/module-runner.js:1104:76)
    at processTicksAndRejections (node:internal/process/task_queues:103:5)

stderr | backend/tests/unit/intent-parser-service.test.ts > IntentParserService.analyzeIntent > Tier classification > should classify migration descriptions as architectural
Knowledge graph query failed, proceeding without context: Error: Database not available
    at C:/Users/Manfish/Documents/Codex/2026-09-04/let/work/backend-validation-checkout/backend/tests/unit/intent-parser-service.test.ts:29:42
    at ManualMockedModule.factory (file:///C:/Users/Manfish/Documents/Codex/2026-09-04/let/work/backend-validation-checkout/node_modules/vitest/dist/chunks/test.DNmyFkvJ.js:3569:78)
    at ManualMockedModule.resolve (file:///C:/Users/Manfish/Documents/Codex/2026-09-04/let/work/backend-validation-checkout/node_modules/@vitest/mocker/dist/chunk-registry.js:161:21)
    at VitestMocker.callFunctionMock (file:///C:/Users/Manfish/Documents/Codex/2026-09-04/let/work/backend-validation-checkout/node_modules/vitest/dist/chunks/startVitestModuleRunner.DB-7oCpn.js:319:32)
    at file:///C:/Users/Manfish/Documents/Codex/2026-09-04/let/work/backend-validation-checkout/node_modules/vitest/dist/chunks/startVitestModuleRunner.DB-7oCpn.js:402:23
    at Traces.$ (file:///C:/Users/Manfish/Documents/Codex/2026-09-04/let/work/backend-validation-checkout/node_modules/vitest/dist/chunks/traces.DT5aQ62U.js:142:27)
    at VitestMocker.requestWithMockedModule (file:///C:/Users/Manfish/Documents/Codex/2026-09-04/let/work/backend-validation-checkout/node_modules/vitest/dist/chunks/startVitestModuleRunner.DB-7oCpn.js:367:21)
    at VitestModuleRunner.cachedRequest (file:///C:/Users/Manfish/Documents/Codex/2026-09-04/let/work/backend-validation-checkout/node_modules/vitest/dist/chunks/startVitestModuleRunner.DB-7oCpn.js:568:31)
    at request (file:///C:/Users/Manfish/Documents/Codex/2026-09-04/let/work/backend-validation-checkout/node_modules/vite/dist/node/module-runner.js:1104:76)
    at processTicksAndRejections (node:internal/process/task_queues:103:5)

stderr | backend/tests/unit/intent-parser-service.test.ts > IntentParserService.analyzeIntent > Tier classification > should classify migration descriptions as architectural
AI reasoning failed, using heuristic analysis: Error: No AI providers configured
    at C:/Users/Manfish/Documents/Codex/2026-09-04/let/work/backend-validation-checkout/backend/tests/unit/intent-parser-service.test.ts:41:37
    at ManualMockedModule.factory (file:///C:/Users/Manfish/Documents/Codex/2026-09-04/let/work/backend-validation-checkout/node_modules/vitest/dist/chunks/test.DNmyFkvJ.js:3569:78)
    at ManualMockedModule.resolve (file:///C:/Users/Manfish/Documents/Codex/2026-09-04/let/work/backend-validation-checkout/node_modules/@vitest/mocker/dist/chunk-registry.js:161:21)
    at VitestMocker.callFunctionMock (file:///C:/Users/Manfish/Documents/Codex/2026-09-04/let/work/backend-validation-checkout/node_modules/vitest/dist/chunks/startVitestModuleRunner.DB-7oCpn.js:319:32)
    at file:///C:/Users/Manfish/Documents/Codex/2026-09-04/let/work/backend-validation-checkout/node_modules/vitest/dist/chunks/startVitestModuleRunner.DB-7oCpn.js:402:23
    at Traces.$ (file:///C:/Users/Manfish/Documents/Codex/2026-09-04/let/work/backend-validation-checkout/node_modules/vitest/dist/chunks/traces.DT5aQ62U.js:142:27)
    at VitestMocker.requestWithMockedModule (file:///C:/Users/Manfish/Documents/Codex/2026-09-04/let/work/backend-validation-checkout/node_modules/vitest/dist/chunks/startVitestModuleRunner.DB-7oCpn.js:367:21)
    at VitestModuleRunner.cachedRequest (file:///C:/Users/Manfish/Documents/Codex/2026-09-04/let/work/backend-validation-checkout/node_modules/vitest/dist/chunks/startVitestModuleRunner.DB-7oCpn.js:568:31)
    at request (file:///C:/Users/Manfish/Documents/Codex/2026-09-04/let/work/backend-validation-checkout/node_modules/vite/dist/node/module-runner.js:1104:76)
    at processTicksAndRejections (node:internal/process/task_queues:103:5)

stderr | backend/tests/unit/intent-parser-service.test.ts > IntentParserService.analyzeIntent > Tier classification > should classify schema changes as architectural
Knowledge graph query failed, proceeding without context: Error: Database not available
    at C:/Users/Manfish/Documents/Codex/2026-09-04/let/work/backend-validation-checkout/backend/tests/unit/intent-parser-service.test.ts:29:42
    at ManualMockedModule.factory (file:///C:/Users/Manfish/Documents/Codex/2026-09-04/let/work/backend-validation-checkout/node_modules/vitest/dist/chunks/test.DNmyFkvJ.js:3569:78)
    at ManualMockedModule.resolve (file:///C:/Users/Manfish/Documents/Codex/2026-09-04/let/work/backend-validation-checkout/node_modules/@vitest/mocker/dist/chunk-registry.js:161:21)
    at VitestMocker.callFunctionMock (file:///C:/Users/Manfish/Documents/Codex/2026-09-04/let/work/backend-validation-checkout/node_modules/vitest/dist/chunks/startVitestModuleRunner.DB-7oCpn.js:319:32)
    at file:///C:/Users/Manfish/Documents/Codex/2026-09-04/let/work/backend-validation-checkout/node_modules/vitest/dist/chunks/startVitestModuleRunner.DB-7oCpn.js:402:23
    at Traces.$ (file:///C:/Users/Manfish/Documents/Codex/2026-09-04/let/work/backend-validation-checkout/node_modules/vitest/dist/chunks/traces.DT5aQ62U.js:142:27)
    at VitestMocker.requestWithMockedModule (file:///C:/Users/Manfish/Documents/Codex/2026-09-04/let/work/backend-validation-checkout/node_modules/vitest/dist/chunks/startVitestModuleRunner.DB-7oCpn.js:367:21)
    at VitestModuleRunner.cachedRequest (file:///C:/Users/Manfish/Documents/Codex/2026-09-04/let/work/backend-validation-checkout/node_modules/vitest/dist/chunks/startVitestModuleRunner.DB-7oCpn.js:568:31)
    at request (file:///C:/Users/Manfish/Documents/Codex/2026-09-04/let/work/backend-validation-checkout/node_modules/vite/dist/node/module-runner.js:1104:76)
    at processTicksAndRejections (node:internal/process/task_queues:103:5)

stderr | backend/tests/unit/intent-parser-service.test.ts > IntentParserService.analyzeIntent > Tier classification > should classify schema changes as architectural
AI reasoning failed, using heuristic analysis: Error: No AI providers configured
    at C:/Users/Manfish/Documents/Codex/2026-09-04/let/work/backend-validation-checkout/backend/tests/unit/intent-parser-service.test.ts:41:37
    at ManualMockedModule.factory (file:///C:/Users/Manfish/Documents/Codex/2026-09-04/let/work/backend-validation-checkout/node_modules/vitest/dist/chunks/test.DNmyFkvJ.js:3569:78)
    at ManualMockedModule.resolve (file:///C:/Users/Manfish/Documents/Codex/2026-09-04/let/work/backend-validation-checkout/node_modules/@vitest/mocker/dist/chunk-registry.js:161:21)
    at VitestMocker.callFunctionMock (file:///C:/Users/Manfish/Documents/Codex/2026-09-04/let/work/backend-validation-checkout/node_modules/vitest/dist/chunks/startVitestModuleRunner.DB-7oCpn.js:319:32)
    at file:///C:/Users/Manfish/Documents/Codex/2026-09-04/let/work/backend-validation-checkout/node_modules/vitest/dist/chunks/startVitestModuleRunner.DB-7oCpn.js:402:23
    at Traces.$ (file:///C:/Users/Manfish/Documents/Codex/2026-09-04/let/work/backend-validation-checkout/node_modules/vitest/dist/chunks/traces.DT5aQ62U.js:142:27)
    at VitestMocker.requestWithMockedModule (file:///C:/Users/Manfish/Documents/Codex/2026-09-04/let/work/backend-validation-checkout/node_modules/vitest/dist/chunks/startVitestModuleRunner.DB-7oCpn.js:367:21)
    at VitestModuleRunner.cachedRequest (file:///C:/Users/Manfish/Documents/Codex/2026-09-04/let/work/backend-validation-checkout/node_modules/vitest/dist/chunks/startVitestModuleRunner.DB-7oCpn.js:568:31)
    at request (file:///C:/Users/Manfish/Documents/Codex/2026-09-04/let/work/backend-validation-checkout/node_modules/vite/dist/node/module-runner.js:1104:76)
    at processTicksAndRejections (node:internal/process/task_queues:103:5)

stderr | backend/tests/unit/intent-parser-service.test.ts > IntentParserService.analyzeIntent > Tier classification > should classify doc-only changes as trivial
Knowledge graph query failed, proceeding without context: Error: Database not available
    at C:/Users/Manfish/Documents/Codex/2026-09-04/let/work/backend-validation-checkout/backend/tests/unit/intent-parser-service.test.ts:29:42
    at ManualMockedModule.factory (file:///C:/Users/Manfish/Documents/Codex/2026-09-04/let/work/backend-validation-checkout/node_modules/vitest/dist/chunks/test.DNmyFkvJ.js:3569:78)
    at ManualMockedModule.resolve (file:///C:/Users/Manfish/Documents/Codex/2026-09-04/let/work/backend-validation-checkout/node_modules/@vitest/mocker/dist/chunk-registry.js:161:21)
    at VitestMocker.callFunctionMock (file:///C:/Users/Manfish/Documents/Codex/2026-09-04/let/work/backend-validation-checkout/node_modules/vitest/dist/chunks/startVitestModuleRunner.DB-7oCpn.js:319:32)
    at file:///C:/Users/Manfish/Documents/Codex/2026-09-04/let/work/backend-validation-checkout/node_modules/vitest/dist/chunks/startVitestModuleRunner.DB-7oCpn.js:402:23
    at Traces.$ (file:///C:/Users/Manfish/Documents/Codex/2026-09-04/let/work/backend-validation-checkout/node_modules/vitest/dist/chunks/traces.DT5aQ62U.js:142:27)
    at VitestMocker.requestWithMockedModule (file:///C:/Users/Manfish/Documents/Codex/2026-09-04/let/work/backend-validation-checkout/node_modules/vitest/dist/chunks/startVitestModuleRunner.DB-7oCpn.js:367:21)
    at VitestModuleRunner.cachedRequest (file:///C:/Users/Manfish/Documents/Codex/2026-09-04/let/work/backend-validation-checkout/node_modules/vitest/dist/chunks/startVitestModuleRunner.DB-7oCpn.js:568:31)
    at request (file:///C:/Users/Manfish/Documents/Codex/2026-09-04/let/work/backend-validation-checkout/node_modules/vite/dist/node/module-runner.js:1104:76)
    at processTicksAndRejections (node:internal/process/task_queues:103:5)

stderr | backend/tests/unit/intent-parser-service.test.ts > IntentParserService.analyzeIntent > Tier classification > should classify doc-only changes as trivial
AI reasoning failed, using heuristic analysis: Error: No AI providers configured
    at C:/Users/Manfish/Documents/Codex/2026-09-04/let/work/backend-validation-checkout/backend/tests/unit/intent-parser-service.test.ts:41:37
    at ManualMockedModule.factory (file:///C:/Users/Manfish/Documents/Codex/2026-09-04/let/work/backend-validation-checkout/node_modules/vitest/dist/chunks/test.DNmyFkvJ.js:3569:78)
    at ManualMockedModule.resolve (file:///C:/Users/Manfish/Documents/Codex/2026-09-04/let/work/backend-validation-checkout/node_modules/@vitest/mocker/dist/chunk-registry.js:161:21)
    at VitestMocker.callFunctionMock (file:///C:/Users/Manfish/Documents/Codex/2026-09-04/let/work/backend-validation-checkout/node_modules/vitest/dist/chunks/startVitestModuleRunner.DB-7oCpn.js:319:32)
    at file:///C:/Users/Manfish/Documents/Codex/2026-09-04/let/work/backend-validation-checkout/node_modules/vitest/dist/chunks/startVitestModuleRunner.DB-7oCpn.js:402:23
    at Traces.$ (file:///C:/Users/Manfish/Documents/Codex/2026-09-04/let/work/backend-validation-checkout/node_modules/vitest/dist/chunks/traces.DT5aQ62U.js:142:27)
    at VitestMocker.requestWithMockedModule (file:///C:/Users/Manfish/Documents/Codex/2026-09-04/let/work/backend-validation-checkout/node_modules/vitest/dist/chunks/startVitestModuleRunner.DB-7oCpn.js:367:21)
    at VitestModuleRunner.cachedRequest (file:///C:/Users/Manfish/Documents/Codex/2026-09-04/let/work/backend-validation-checkout/node_modules/vitest/dist/chunks/startVitestModuleRunner.DB-7oCpn.js:568:31)
    at request (file:///C:/Users/Manfish/Documents/Codex/2026-09-04/let/work/backend-validation-checkout/node_modules/vite/dist/node/module-runner.js:1104:76)
    at processTicksAndRejections (node:internal/process/task_queues:103:5)

stderr | backend/tests/unit/intent-parser-service.test.ts > IntentParserService.analyzeIntent > Tier classification > should classify docs changes as trivial
Knowledge graph query failed, proceeding without context: Error: Database not available
    at C:/Users/Manfish/Documents/Codex/2026-09-04/let/work/backend-validation-checkout/backend/tests/unit/intent-parser-service.test.ts:29:42
    at ManualMockedModule.factory (file:///C:/Users/Manfish/Documents/Codex/2026-09-04/let/work/backend-validation-checkout/node_modules/vitest/dist/chunks/test.DNmyFkvJ.js:3569:78)
    at ManualMockedModule.resolve (file:///C:/Users/Manfish/Documents/Codex/2026-09-04/let/work/backend-validation-checkout/node_modules/@vitest/mocker/dist/chunk-registry.js:161:21)
    at VitestMocker.callFunctionMock (file:///C:/Users/Manfish/Documents/Codex/2026-09-04/let/work/backend-validation-checkout/node_modules/vitest/dist/chunks/startVitestModuleRunner.DB-7oCpn.js:319:32)
    at file:///C:/Users/Manfish/Documents/Codex/2026-09-04/let/work/backend-validation-checkout/node_modules/vitest/dist/chunks/startVitestModuleRunner.DB-7oCpn.js:402:23
    at Traces.$ (file:///C:/Users/Manfish/Documents/Codex/2026-09-04/let/work/backend-validation-checkout/node_modules/vitest/dist/chunks/traces.DT5aQ62U.js:142:27)
    at VitestMocker.requestWithMockedModule (file:///C:/Users/Manfish/Documents/Codex/2026-09-04/let/work/backend-validation-checkout/node_modules/vitest/dist/chunks/startVitestModuleRunner.DB-7oCpn.js:367:21)
    at VitestModuleRunner.cachedRequest (file:///C:/Users/Manfish/Documents/Codex/2026-09-04/let/work/backend-validation-checkout/node_modules/vitest/dist/chunks/startVitestModuleRunner.DB-7oCpn.js:568:31)
    at request (file:///C:/Users/Manfish/Documents/Codex/2026-09-04/let/work/backend-validation-checkout/node_modules/vite/dist/node/module-runner.js:1104:76)
    at processTicksAndRejections (node:internal/process/task_queues:103:5)

stderr | backend/tests/unit/intent-parser-service.test.ts > IntentParserService.analyzeIntent > Tier classification > should classify docs changes as trivial
AI reasoning failed, using heuristic analysis: Error: No AI providers configured
    at C:/Users/Manfish/Documents/Codex/2026-09-04/let/work/backend-validation-checkout/backend/tests/unit/intent-parser-service.test.ts:41:37
    at ManualMockedModule.factory (file:///C:/Users/Manfish/Documents/Codex/2026-09-04/let/work/backend-validation-checkout/node_modules/vitest/dist/chunks/test.DNmyFkvJ.js:3569:78)
    at ManualMockedModule.resolve (file:///C:/Users/Manfish/Documents/Codex/2026-09-04/let/work/backend-validation-checkout/node_modules/@vitest/mocker/dist/chunk-registry.js:161:21)
    at VitestMocker.callFunctionMock (file:///C:/Users/Manfish/Documents/Codex/2026-09-04/let/work/backend-validation-checkout/node_modules/vitest/dist/chunks/startVitestModuleRunner.DB-7oCpn.js:319:32)
    at file:///C:/Users/Manfish/Documents/Codex/2026-09-04/let/work/backend-validation-checkout/node_modules/vitest/dist/chunks/startVitestModuleRunner.DB-7oCpn.js:402:23
    at Traces.$ (file:///C:/Users/Manfish/Documents/Codex/2026-09-04/let/work/backend-validation-checkout/node_modules/vitest/dist/chunks/traces.DT5aQ62U.js:142:27)
    at VitestMocker.requestWithMockedModule (file:///C:/Users/Manfish/Documents/Codex/2026-09-04/let/work/backend-validation-checkout/node_modules/vitest/dist/chunks/startVitestModuleRunner.DB-7oCpn.js:367:21)
    at VitestModuleRunner.cachedRequest (file:///C:/Users/Manfish/Documents/Codex/2026-09-04/let/work/backend-validation-checkout/node_modules/vitest/dist/chunks/startVitestModuleRunner.DB-7oCpn.js:568:31)
    at request (file:///C:/Users/Manfish/Documents/Codex/2026-09-04/let/work/backend-validation-checkout/node_modules/vite/dist/node/module-runner.js:1104:76)
    at processTicksAndRejections (node:internal/process/task_queues:103:5)

stderr | backend/tests/unit/intent-parser-service.test.ts > IntentParserService.analyzeIntent > Empty and edge cases > should handle empty description
Knowledge graph query failed, proceeding without context: Error: Database not available
    at C:/Users/Manfish/Documents/Codex/2026-09-04/let/work/backend-validation-checkout/backend/tests/unit/intent-parser-service.test.ts:29:42
    at ManualMockedModule.factory (file:///C:/Users/Manfish/Documents/Codex/2026-09-04/let/work/backend-validation-checkout/node_modules/vitest/dist/chunks/test.DNmyFkvJ.js:3569:78)
    at ManualMockedModule.resolve (file:///C:/Users/Manfish/Documents/Codex/2026-09-04/let/work/backend-validation-checkout/node_modules/@vitest/mocker/dist/chunk-registry.js:161:21)
    at VitestMocker.callFunctionMock (file:///C:/Users/Manfish/Documents/Codex/2026-09-04/let/work/backend-validation-checkout/node_modules/vitest/dist/chunks/startVitestModuleRunner.DB-7oCpn.js:319:32)
    at file:///C:/Users/Manfish/Documents/Codex/2026-09-04/let/work/backend-validation-checkout/node_modules/vitest/dist/chunks/startVitestModuleRunner.DB-7oCpn.js:402:23
    at Traces.$ (file:///C:/Users/Manfish/Documents/Codex/2026-09-04/let/work/backend-validation-checkout/node_modules/vitest/dist/chunks/traces.DT5aQ62U.js:142:27)
    at VitestMocker.requestWithMockedModule (file:///C:/Users/Manfish/Documents/Codex/2026-09-04/let/work/backend-validation-checkout/node_modules/vitest/dist/chunks/startVitestModuleRunner.DB-7oCpn.js:367:21)
    at VitestModuleRunner.cachedRequest (file:///C:/Users/Manfish/Documents/Codex/2026-09-04/let/work/backend-validation-checkout/node_modules/vitest/dist/chunks/startVitestModuleRunner.DB-7oCpn.js:568:31)
    at request (file:///C:/Users/Manfish/Documents/Codex/2026-09-04/let/work/backend-validation-checkout/node_modules/vite/dist/node/module-runner.js:1104:76)
    at processTicksAndRejections (node:internal/process/task_queues:103:5)

stderr | backend/tests/unit/intent-parser-service.test.ts > IntentParserService.analyzeIntent > Empty and edge cases > should handle empty description
AI reasoning failed, using heuristic analysis: Error: No AI providers configured
    at C:/Users/Manfish/Documents/Codex/2026-09-04/let/work/backend-validation-checkout/backend/tests/unit/intent-parser-service.test.ts:41:37
    at ManualMockedModule.factory (file:///C:/Users/Manfish/Documents/Codex/2026-09-04/let/work/backend-validation-checkout/node_modules/vitest/dist/chunks/test.DNmyFkvJ.js:3569:78)
    at ManualMockedModule.resolve (file:///C:/Users/Manfish/Documents/Codex/2026-09-04/let/work/backend-validation-checkout/node_modules/@vitest/mocker/dist/chunk-registry.js:161:21)
    at VitestMocker.callFunctionMock (file:///C:/Users/Manfish/Documents/Codex/2026-09-04/let/work/backend-validation-checkout/node_modules/vitest/dist/chunks/startVitestModuleRunner.DB-7oCpn.js:319:32)
    at file:///C:/Users/Manfish/Documents/Codex/2026-09-04/let/work/backend-validation-checkout/node_modules/vitest/dist/chunks/startVitestModuleRunner.DB-7oCpn.js:402:23
    at Traces.$ (file:///C:/Users/Manfish/Documents/Codex/2026-09-04/let/work/backend-validation-checkout/node_modules/vitest/dist/chunks/traces.DT5aQ62U.js:142:27)
    at VitestMocker.requestWithMockedModule (file:///C:/Users/Manfish/Documents/Codex/2026-09-04/let/work/backend-validation-checkout/node_modules/vitest/dist/chunks/startVitestModuleRunner.DB-7oCpn.js:367:21)
    at VitestModuleRunner.cachedRequest (file:///C:/Users/Manfish/Documents/Codex/2026-09-04/let/work/backend-validation-checkout/node_modules/vitest/dist/chunks/startVitestModuleRunner.DB-7oCpn.js:568:31)
    at request (file:///C:/Users/Manfish/Documents/Codex/2026-09-04/let/work/backend-validation-checkout/node_modules/vite/dist/node/module-runner.js:1104:76)
    at processTicksAndRejections (node:internal/process/task_queues:103:5)

stderr | backend/tests/unit/intent-parser-service.test.ts > IntentParserService.analyzeIntent > Empty and edge cases > should handle null-ish description gracefully
Knowledge graph query failed, proceeding without context: Error: Database not available
    at C:/Users/Manfish/Documents/Codex/2026-09-04/let/work/backend-validation-checkout/backend/tests/unit/intent-parser-service.test.ts:29:42
    at ManualMockedModule.factory (file:///C:/Users/Manfish/Documents/Codex/2026-09-04/let/work/backend-validation-checkout/node_modules/vitest/dist/chunks/test.DNmyFkvJ.js:3569:78)
    at ManualMockedModule.resolve (file:///C:/Users/Manfish/Documents/Codex/2026-09-04/let/work/backend-validation-checkout/node_modules/@vitest/mocker/dist/chunk-registry.js:161:21)
    at VitestMocker.callFunctionMock (file:///C:/Users/Manfish/Documents/Codex/2026-09-04/let/work/backend-validation-checkout/node_modules/vitest/dist/chunks/startVitestModuleRunner.DB-7oCpn.js:319:32)
    at file:///C:/Users/Manfish/Documents/Codex/2026-09-04/let/work/backend-validation-checkout/node_modules/vitest/dist/chunks/startVitestModuleRunner.DB-7oCpn.js:402:23
    at Traces.$ (file:///C:/Users/Manfish/Documents/Codex/2026-09-04/let/work/backend-validation-checkout/node_modules/vitest/dist/chunks/traces.DT5aQ62U.js:142:27)
    at VitestMocker.requestWithMockedModule (file:///C:/Users/Manfish/Documents/Codex/2026-09-04/let/work/backend-validation-checkout/node_modules/vitest/dist/chunks/startVitestModuleRunner.DB-7oCpn.js:367:21)
    at VitestModuleRunner.cachedRequest (file:///C:/Users/Manfish/Documents/Codex/2026-09-04/let/work/backend-validation-checkout/node_modules/vitest/dist/chunks/startVitestModuleRunner.DB-7oCpn.js:568:31)
    at request (file:///C:/Users/Manfish/Documents/Codex/2026-09-04/let/work/backend-validation-checkout/node_modules/vite/dist/node/module-runner.js:1104:76)
    at processTicksAndRejections (node:internal/process/task_queues:103:5)

stderr | backend/tests/unit/intent-parser-service.test.ts > IntentParserService.analyzeIntent > Empty and edge cases > should handle null-ish description gracefully
AI reasoning failed, using heuristic analysis: Error: No AI providers configured
    at C:/Users/Manfish/Documents/Codex/2026-09-04/let/work/backend-validation-checkout/backend/tests/unit/intent-parser-service.test.ts:41:37
    at ManualMockedModule.factory (file:///C:/Users/Manfish/Documents/Codex/2026-09-04/let/work/backend-validation-checkout/node_modules/vitest/dist/chunks/test.DNmyFkvJ.js:3569:78)
    at ManualMockedModule.resolve (file:///C:/Users/Manfish/Documents/Codex/2026-09-04/let/work/backend-validation-checkout/node_modules/@vitest/mocker/dist/chunk-registry.js:161:21)
    at VitestMocker.callFunctionMock (file:///C:/Users/Manfish/Documents/Codex/2026-09-04/let/work/backend-validation-checkout/node_modules/vitest/dist/chunks/startVitestModuleRunner.DB-7oCpn.js:319:32)
    at file:///C:/Users/Manfish/Documents/Codex/2026-09-04/let/work/backend-validation-checkout/node_modules/vitest/dist/chunks/startVitestModuleRunner.DB-7oCpn.js:402:23
    at Traces.$ (file:///C:/Users/Manfish/Documents/Codex/2026-09-04/let/work/backend-validation-checkout/node_modules/vitest/dist/chunks/traces.DT5aQ62U.js:142:27)
    at VitestMocker.requestWithMockedModule (file:///C:/Users/Manfish/Documents/Codex/2026-09-04/let/work/backend-validation-checkout/node_modules/vitest/dist/chunks/startVitestModuleRunner.DB-7oCpn.js:367:21)
    at VitestModuleRunner.cachedRequest (file:///C:/Users/Manfish/Documents/Codex/2026-09-04/let/work/backend-validation-checkout/node_modules/vitest/dist/chunks/startVitestModuleRunner.DB-7oCpn.js:568:31)
    at request (file:///C:/Users/Manfish/Documents/Codex/2026-09-04/let/work/backend-validation-checkout/node_modules/vite/dist/node/module-runner.js:1104:76)
    at processTicksAndRejections (node:internal/process/task_queues:103:5)

stderr | backend/tests/unit/intent-parser-service.test.ts > IntentParserService.analyzeIntent > Multiple domains > should identify multiple services when description spans domains
Knowledge graph query failed, proceeding without context: Error: Database not available
    at C:/Users/Manfish/Documents/Codex/2026-09-04/let/work/backend-validation-checkout/backend/tests/unit/intent-parser-service.test.ts:29:42
    at ManualMockedModule.factory (file:///C:/Users/Manfish/Documents/Codex/2026-09-04/let/work/backend-validation-checkout/node_modules/vitest/dist/chunks/test.DNmyFkvJ.js:3569:78)
    at ManualMockedModule.resolve (file:///C:/Users/Manfish/Documents/Codex/2026-09-04/let/work/backend-validation-checkout/node_modules/@vitest/mocker/dist/chunk-registry.js:161:21)
    at VitestMocker.callFunctionMock (file:///C:/Users/Manfish/Documents/Codex/2026-09-04/let/work/backend-validation-checkout/node_modules/vitest/dist/chunks/startVitestModuleRunner.DB-7oCpn.js:319:32)
    at file:///C:/Users/Manfish/Documents/Codex/2026-09-04/let/work/backend-validation-checkout/node_modules/vitest/dist/chunks/startVitestModuleRunner.DB-7oCpn.js:402:23
    at Traces.$ (file:///C:/Users/Manfish/Documents/Codex/2026-09-04/let/work/backend-validation-checkout/node_modules/vitest/dist/chunks/traces.DT5aQ62U.js:142:27)
    at VitestMocker.requestWithMockedModule (file:///C:/Users/Manfish/Documents/Codex/2026-09-04/let/work/backend-validation-checkout/node_modules/vitest/dist/chunks/startVitestModuleRunner.DB-7oCpn.js:367:21)
    at VitestModuleRunner.cachedRequest (file:///C:/Users/Manfish/Documents/Codex/2026-09-04/let/work/backend-validation-checkout/node_modules/vitest/dist/chunks/startVitestModuleRunner.DB-7oCpn.js:568:31)
    at request (file:///C:/Users/Manfish/Documents/Codex/2026-09-04/let/work/backend-validation-checkout/node_modules/vite/dist/node/module-runner.js:1104:76)
    at processTicksAndRejections (node:internal/process/task_queues:103:5)

stderr | backend/tests/unit/intent-parser-service.test.ts > IntentParserService.analyzeIntent > Multiple domains > should identify multiple services when description spans domains
AI reasoning failed, using heuristic analysis: Error: No AI providers configured
    at C:/Users/Manfish/Documents/Codex/2026-09-04/let/work/backend-validation-checkout/backend/tests/unit/intent-parser-service.test.ts:41:37
    at ManualMockedModule.factory (file:///C:/Users/Manfish/Documents/Codex/2026-09-04/let/work/backend-validation-checkout/node_modules/vitest/dist/chunks/test.DNmyFkvJ.js:3569:78)
    at ManualMockedModule.resolve (file:///C:/Users/Manfish/Documents/Codex/2026-09-04/let/work/backend-validation-checkout/node_modules/@vitest/mocker/dist/chunk-registry.js:161:21)
    at VitestMocker.callFunctionMock (file:///C:/Users/Manfish/Documents/Codex/2026-09-04/let/work/backend-validation-checkout/node_modules/vitest/dist/chunks/startVitestModuleRunner.DB-7oCpn.js:319:32)
    at file:///C:/Users/Manfish/Documents/Codex/2026-09-04/let/work/backend-validation-checkout/node_modules/vitest/dist/chunks/startVitestModuleRunner.DB-7oCpn.js:402:23
    at Traces.$ (file:///C:/Users/Manfish/Documents/Codex/2026-09-04/let/work/backend-validation-checkout/node_modules/vitest/dist/chunks/traces.DT5aQ62U.js:142:27)
    at VitestMocker.requestWithMockedModule (file:///C:/Users/Manfish/Documents/Codex/2026-09-04/let/work/backend-validation-checkout/node_modules/vitest/dist/chunks/startVitestModuleRunner.DB-7oCpn.js:367:21)
    at VitestModuleRunner.cachedRequest (file:///C:/Users/Manfish/Documents/Codex/2026-09-04/let/work/backend-validation-checkout/node_modules/vitest/dist/chunks/startVitestModuleRunner.DB-7oCpn.js:568:31)
    at request (file:///C:/Users/Manfish/Documents/Codex/2026-09-04/let/work/backend-validation-checkout/node_modules/vite/dist/node/module-runner.js:1104:76)
    at processTicksAndRejections (node:internal/process/task_queues:103:5)

stderr | backend/tests/unit/intent-parser-service.test.ts > IntentParserService.analyzeIntent > Test file suggestions > should map EscrowService to correct test file
Knowledge graph query failed, proceeding without context: Error: Database not available
    at C:/Users/Manfish/Documents/Codex/2026-09-04/let/work/backend-validation-checkout/backend/tests/unit/intent-parser-service.test.ts:29:42
    at ManualMockedModule.factory (file:///C:/Users/Manfish/Documents/Codex/2026-09-04/let/work/backend-validation-checkout/node_modules/vitest/dist/chunks/test.DNmyFkvJ.js:3569:78)
    at ManualMockedModule.resolve (file:///C:/Users/Manfish/Documents/Codex/2026-09-04/let/work/backend-validation-checkout/node_modules/@vitest/mocker/dist/chunk-registry.js:161:21)
    at VitestMocker.callFunctionMock (file:///C:/Users/Manfish/Documents/Codex/2026-09-04/let/work/backend-validation-checkout/node_modules/vitest/dist/chunks/startVitestModuleRunner.DB-7oCpn.js:319:32)
    at file:///C:/Users/Manfish/Documents/Codex/2026-09-04/let/work/backend-validation-checkout/node_modules/vitest/dist/chunks/startVitestModuleRunner.DB-7oCpn.js:402:23
    at Traces.$ (file:///C:/Users/Manfish/Documents/Codex/2026-09-04/let/work/backend-validation-checkout/node_modules/vitest/dist/chunks/traces.DT5aQ62U.js:142:27)
    at VitestMocker.requestWithMockedModule (file:///C:/Users/Manfish/Documents/Codex/2026-09-04/let/work/backend-validation-checkout/node_modules/vitest/dist/chunks/startVitestModuleRunner.DB-7oCpn.js:367:21)
    at VitestModuleRunner.cachedRequest (file:///C:/Users/Manfish/Documents/Codex/2026-09-04/let/work/backend-validation-checkout/node_modules/vitest/dist/chunks/startVitestModuleRunner.DB-7oCpn.js:568:31)
    at request (file:///C:/Users/Manfish/Documents/Codex/2026-09-04/let/work/backend-validation-checkout/node_modules/vite/dist/node/module-runner.js:1104:76)
    at processTicksAndRejections (node:internal/process/task_queues:103:5)

stderr | backend/tests/unit/intent-parser-service.test.ts > IntentParserService.analyzeIntent > Test file suggestions > should map EscrowService to correct test file
AI reasoning failed, using heuristic analysis: Error: No AI providers configured
    at C:/Users/Manfish/Documents/Codex/2026-09-04/let/work/backend-validation-checkout/backend/tests/unit/intent-parser-service.test.ts:41:37
    at ManualMockedModule.factory (file:///C:/Users/Manfish/Documents/Codex/2026-09-04/let/work/backend-validation-checkout/node_modules/vitest/dist/chunks/test.DNmyFkvJ.js:3569:78)
    at ManualMockedModule.resolve (file:///C:/Users/Manfish/Documents/Codex/2026-09-04/let/work/backend-validation-checkout/node_modules/@vitest/mocker/dist/chunk-registry.js:161:21)
    at VitestMocker.callFunctionMock (file:///C:/Users/Manfish/Documents/Codex/2026-09-04/let/work/backend-validation-checkout/node_modules/vitest/dist/chunks/startVitestModuleRunner.DB-7oCpn.js:319:32)
    at file:///C:/Users/Manfish/Documents/Codex/2026-09-04/let/work/backend-validation-checkout/node_modules/vitest/dist/chunks/startVitestModuleRunner.DB-7oCpn.js:402:23
    at Traces.$ (file:///C:/Users/Manfish/Documents/Codex/2026-09-04/let/work/backend-validation-checkout/node_modules/vitest/dist/chunks/traces.DT5aQ62U.js:142:27)
    at VitestMocker.requestWithMockedModule (file:///C:/Users/Manfish/Documents/Codex/2026-09-04/let/work/backend-validation-checkout/node_modules/vitest/dist/chunks/startVitestModuleRunner.DB-7oCpn.js:367:21)
    at VitestModuleRunner.cachedRequest (file:///C:/Users/Manfish/Documents/Codex/2026-09-04/let/work/backend-validation-checkout/node_modules/vitest/dist/chunks/startVitestModuleRunner.DB-7oCpn.js:568:31)
    at request (file:///C:/Users/Manfish/Documents/Codex/2026-09-04/let/work/backend-validation-checkout/node_modules/vite/dist/node/module-runner.js:1104:76)
    at processTicksAndRejections (node:internal/process/task_queues:103:5)

stderr | backend/tests/unit/intent-parser-service.test.ts > IntentParserService.analyzeIntent > Test file suggestions > should map TaskService to correct test file
Knowledge graph query failed, proceeding without context: Error: Database not available
    at C:/Users/Manfish/Documents/Codex/2026-09-04/let/work/backend-validation-checkout/backend/tests/unit/intent-parser-service.test.ts:29:42
    at ManualMockedModule.factory (file:///C:/Users/Manfish/Documents/Codex/2026-09-04/let/work/backend-validation-checkout/node_modules/vitest/dist/chunks/test.DNmyFkvJ.js:3569:78)
    at ManualMockedModule.resolve (file:///C:/Users/Manfish/Documents/Codex/2026-09-04/let/work/backend-validation-checkout/node_modules/@vitest/mocker/dist/chunk-registry.js:161:21)
    at VitestMocker.callFunctionMock (file:///C:/Users/Manfish/Documents/Codex/2026-09-04/let/work/backend-validation-checkout/node_modules/vitest/dist/chunks/startVitestModuleRunner.DB-7oCpn.js:319:32)
    at file:///C:/Users/Manfish/Documents/Codex/2026-09-04/let/work/backend-validation-checkout/node_modules/vitest/dist/chunks/startVitestModuleRunner.DB-7oCpn.js:402:23
    at Traces.$ (file:///C:/Users/Manfish/Documents/Codex/2026-09-04/let/work/backend-validation-checkout/node_modules/vitest/dist/chunks/traces.DT5aQ62U.js:142:27)
    at VitestMocker.requestWithMockedModule (file:///C:/Users/Manfish/Documents/Codex/2026-09-04/let/work/backend-validation-checkout/node_modules/vitest/dist/chunks/startVitestModuleRunner.DB-7oCpn.js:367:21)
    at VitestModuleRunner.cachedRequest (file:///C:/Users/Manfish/Documents/Codex/2026-09-04/let/work/backend-validation-checkout/node_modules/vitest/dist/chunks/startVitestModuleRunner.DB-7oCpn.js:568:31)
    at request (file:///C:/Users/Manfish/Documents/Codex/2026-09-04/let/work/backend-validation-checkout/node_modules/vite/dist/node/module-runner.js:1104:76)
    at processTicksAndRejections (node:internal/process/task_queues:103:5)

stderr | backend/tests/unit/intent-parser-service.test.ts > IntentParserService.analyzeIntent > Test file suggestions > should map TaskService to correct test file
AI reasoning failed, using heuristic analysis: Error: No AI providers configured
    at C:/Users/Manfish/Documents/Codex/2026-09-04/let/work/backend-validation-checkout/backend/tests/unit/intent-parser-service.test.ts:41:37
    at ManualMockedModule.factory (file:///C:/Users/Manfish/Documents/Codex/2026-09-04/let/work/backend-validation-checkout/node_modules/vitest/dist/chunks/test.DNmyFkvJ.js:3569:78)
    at ManualMockedModule.resolve (file:///C:/Users/Manfish/Documents/Codex/2026-09-04/let/work/backend-validation-checkout/node_modules/@vitest/mocker/dist/chunk-registry.js:161:21)
    at VitestMocker.callFunctionMock (file:///C:/Users/Manfish/Documents/Codex/2026-09-04/let/work/backend-validation-checkout/node_modules/vitest/dist/chunks/startVitestModuleRunner.DB-7oCpn.js:319:32)
    at file:///C:/Users/Manfish/Documents/Codex/2026-09-04/let/work/backend-validation-checkout/node_modules/vitest/dist/chunks/startVitestModuleRunner.DB-7oCpn.js:402:23
    at Traces.$ (file:///C:/Users/Manfish/Documents/Codex/2026-09-04/let/work/backend-validation-checkout/node_modules/vitest/dist/chunks/traces.DT5aQ62U.js:142:27)
    at VitestMocker.requestWithMockedModule (file:///C:/Users/Manfish/Documents/Codex/2026-09-04/let/work/backend-validation-checkout/node_modules/vitest/dist/chunks/startVitestModuleRunner.DB-7oCpn.js:367:21)
    at VitestModuleRunner.cachedRequest (file:///C:/Users/Manfish/Documents/Codex/2026-09-04/let/work/backend-validation-checkout/node_modules/vitest/dist/chunks/startVitestModuleRunner.DB-7oCpn.js:568:31)
    at request (file:///C:/Users/Manfish/Documents/Codex/2026-09-04/let/work/backend-validation-checkout/node_modules/vite/dist/node/module-runner.js:1104:76)
    at processTicksAndRejections (node:internal/process/task_queues:103:5)

 ✓ |isolated| backend/tests/unit/intent-parser-service.test.ts (38 tests) 37ms
 ✓ |isolated| backend/tests/unit/stripe-connect-branches.test.ts (21 tests) 50ms
 ✓ |isolated| backend/tests/unit/outbound-communication-service.test.ts (12 tests) 139ms
 ✓ |isolated| backend/tests/unit/dispute-regression-r7.test.ts (9 tests) 25ms
 ✓ |isolated| backend/tests/unit/repositories-user.test.ts (30 tests) 37ms
 ✓ |isolated| backend/tests/unit/tracking-regression-r7.test.ts (22 tests) 35ms
 ✓ |isolated| backend/tests/unit/payment-underwriting-authority-v7-rejection-contract.test.ts (4 tests) 17ms
 ✓ |isolated| backend/tests/unit/onboarding-ai-service.test.ts (16 tests) 41ms
 ✓ |isolated| backend/tests/unit/private-media-delivery.test.ts (13 tests) 35ms
 ✓ |isolated| backend/tests/unit/universal-v1-fake-provider-account-repository.test.ts (7 tests) 27ms
 ✓ |isolated| backend/tests/unit/messaging-security.test.ts (16 tests) 31ms
 ✓ |isolated| backend/tests/unit/nonproduction-fake-financial-execution.test.ts (8 tests) 200ms
 ✓ |isolated| backend/tests/unit/service-business-execution-service.test.ts (7 tests) 41ms
 ✓ |isolated| backend/tests/unit/fake-financial-recovery-evidence.test.ts (23 tests) 70ms
 ✓ |isolated| backend/tests/unit/sealed-change-order-recovery-worker.test.ts (21 tests) 40ms
 ✓ |isolated| backend/tests/unit/instant-notification-worker.test.ts (9 tests) 27ms
 ✓ |isolated| backend/tests/unit/fraud-router.test.ts (18 tests) 36ms
 ✓ |isolated| backend/tests/unit/task-complete-outbox.test.ts (8 tests) 588ms
     ✓ escrow.completion_release_requested is HMAC-signed by the outbox dispatcher  559ms
 ✓ |isolated| backend/tests/unit/router-health-extra.test.ts (16 tests) 28ms
 ✓ |isolated| backend/tests/unit/auth-dual-cache-security.test.ts (11 tests) 50ms
 ✓ |isolated| backend/tests/unit/admin-branches.test.ts (16 tests) 36ms
 ✓ |isolated| backend/tests/unit/dispute-router.test.ts (17 tests) 36ms
 ✓ |isolated| backend/tests/unit/media-upload-finalization.test.ts (8 tests) 35ms
 ✓ |isolated| backend/tests/unit/financial-provider-command-journal.test.ts (8 tests) 27ms
 ✓ |isolated| backend/tests/unit/analytics-router.test.ts (17 tests) 34ms
 ✓ |isolated| backend/tests/unit/ComplianceGuardianService.test.ts (27 tests) 42ms
 ✓ |isolated| backend/tests/unit/dynamic-pricing-service.test.ts (18 tests) 23ms
 ✓ |isolated| backend/tests/unit/operator-authority-service.test.ts (12 tests) 22ms
 ✓ |isolated| backend/tests/unit/connection-registry.test.ts (25 tests) 25ms
 ✓ |isolated| backend/tests/unit/notification-delivery-state.test.ts (19 tests) 25ms
 ✓ |isolated| backend/tests/unit/universal-v1-lifecycle-contract-migration.test.ts (9 tests) 22ms
 ✓ |isolated| backend/tests/unit/recurring-task-service.test.ts (23 tests) 24ms
 ✓ |isolated| backend/tests/unit/geofence-service.test.ts (16 tests) 23ms
 ✓ |isolated| backend/tests/unit/repositories-escrow.test.ts (31 tests) 35ms
 ✓ |isolated| backend/tests/unit/worker-change-order-adjustment.test.ts (7 tests) 46ms
 ✓ |isolated| backend/tests/unit/prepared-financial-command-migration.test.ts (7 tests) 18ms
 ✓ |isolated| backend/tests/unit/realtime-dispatcher.test.ts (16 tests) 31ms
 ✓ |isolated| backend/tests/unit/ai-response-schemas.test.ts (37 tests) 23ms
 ✓ |isolated| backend/tests/unit/gdpr-service.test.ts (17 tests) 17ms
 ✓ |isolated| backend/tests/unit/plan-service.test.ts (25 tests) 19ms
 ✓ |isolated| backend/tests/unit/flags-service.test.ts (20 tests) 27ms
 ✓ |isolated| backend/tests/unit/universal-v1-task-draft-public-port-migration.test.ts (4 tests) 15ms
 ✓ |isolated| backend/tests/unit/web-leads-router.test.ts (15 tests) 96ms
 ✓ |isolated| backend/tests/unit/legacy-fake-financial-expiry-compensation.test.ts (7 tests) 33ms
 ✓ |isolated| backend/tests/unit/repositories-task.test.ts (26 tests) 45ms
 ✓ |isolated| backend/tests/unit/classify-pr-changes.test.ts (38 tests) 28ms
 ✓ |isolated| backend/tests/unit/background-check-service.test.ts (21 tests) 34ms
 ✓ |isolated| backend/tests/unit/r53-bugs.test.ts (7 tests) 22ms
 ✓ |isolated| backend/tests/unit/fake-financial-admitted-execution.test.ts (18 tests) 71ms
 ✓ |isolated| backend/tests/unit/EscrowService.test.ts (12 tests) 27ms
 ✓ |isolated| backend/tests/unit/change-order-recovery-compensation.test.ts (36 tests) 73ms
 ✓ |isolated| backend/tests/unit/tax-forms-persistence.test.ts (10 tests) 28ms
 ✓ |isolated| backend/tests/unit/fake-financial-projection-contract.test.ts (30 tests) 91ms
 ✓ |isolated| backend/tests/unit/universal-v1-financial-security-expiry-migration.test.ts (7 tests) 14ms
 ✓ |isolated| backend/tests/unit/incidents-router.test.ts (18 tests) 40ms
 ✓ |isolated| backend/tests/unit/middleware-ai-guard-extra.test.ts (17 tests) 20ms
 ✓ |isolated| backend/tests/unit/universal-v1-provider-estimate-invitation-migration.test.ts (12 tests) 185ms
 ✓ |isolated| backend/tests/unit/migration-safety-analyzer.test.ts (27 tests) 22ms
[20:15:36.895] [33mWARN[39m: [36mFirebase Admin credentials missing — auth verification disabled[39m
    module: "auth"
 ✓ |isolated| backend/tests/unit/universal-v1-fulfillment-application.test.ts (7 tests) 32ms
 ✓ |isolated| backend/tests/unit/capability-profile-service.test.ts (14 tests) 33ms
 ✓ |isolated| backend/tests/unit/change-order-history.test.ts (20 tests) 71ms
 ✓ |isolated| backend/tests/unit/provider-event-replay-worker.test.ts (8 tests) 105ms
 ✓ |isolated| backend/tests/unit/nonproduction-database-target.test.ts (12 tests) 34ms
 ✓ |isolated| backend/tests/unit/task-location-service.test.ts (17 tests) 27ms
 ✓ |isolated| backend/tests/unit/insurance-verification-service.test.ts (19 tests) 50ms
 ✓ |isolated| backend/tests/unit/tipping-router.test.ts (19 tests) 30ms
 ✓ |isolated| backend/tests/unit/provider-event-inbox.test.ts (6 tests) 31ms
 ✓ |isolated| backend/tests/unit/financial-predecessor.test.ts (32 tests) 72ms
 ✓ |isolated| backend/tests/unit/beta-service.test.ts (21 tests) 49ms
 ✓ |isolated| backend/tests/unit/universal-v1-execution-repository.test.ts (5 tests) 26ms
 ✓ |isolated| backend/tests/unit/controlled-test-offer-review-service.test.ts (10 tests) 35ms
 ✓ |isolated| backend/tests/unit/universal-v1-actor-attestation-application.test.ts (4 tests) 25ms
 ✓ |isolated| backend/tests/unit/change-order-recovery-observation.test.ts (34 tests) 76ms
 ✓ |isolated| backend/tests/unit/stripe-quote-payment-recovery.test.ts (15 tests) 18ms
 ✓ |isolated| backend/tests/unit/shared-postgres-test-fixture.test.ts (8 tests) 25ms
 ✓ |isolated| backend/tests/unit/automation-router.test.ts (29 tests) 49ms
 ✓ |isolated| backend/tests/unit/stripe-webhook-branches.test.ts (7 tests) 15ms
 ✓ |isolated| backend/tests/unit/upload-branches.test.ts (11 tests) 23ms
 ✓ |isolated| backend/tests/unit/referral-router.test.ts (12 tests) 25ms
 ✓ |isolated| backend/tests/unit/operations-exception-service.test.ts (5 tests) 16ms
 ✓ |isolated| backend/tests/unit/universal-v1-work-order-application.test.ts (6 tests) 25ms
 ✓ |isolated| backend/tests/unit/outbox-helpers.test.ts (15 tests) 21ms
 ✓ |isolated| backend/tests/unit/XPService.test.ts (7 tests) 10ms
 ✓ |isolated| backend/tests/unit/circuit-breaker.test.ts (18 tests) 32ms
 ✓ |isolated| backend/tests/unit/gdpr-router.test.ts (15 tests) 31ms
 ✓ |isolated| backend/tests/unit/xpTax-router.test.ts (16 tests) 48ms
 ✓ |isolated| backend/tests/unit/movement-tracking-service.test.ts (13 tests) 17ms
 ✓ |isolated| backend/tests/unit/change-order-commands.test.ts (17 tests) 51ms
 ✓ |isolated| backend/tests/unit/ai-guard.test.ts (33 tests) 28ms
 ✓ |isolated| backend/tests/unit/universal-v1-ops-case-service.test.ts (6 tests) 24ms
 ✓ |isolated| backend/tests/unit/redis-pubsub.test.ts (17 tests) 19ms
 ✓ |isolated| backend/tests/unit/universal-v1-work-order-repository-contract.test.ts (5 tests) 19ms
 ✓ |isolated| backend/tests/unit/worker-standing-appeal-service.test.ts (8 tests) 29ms
 ✓ |isolated| backend/tests/unit/universal-v1-dispute-recovery-migration.test.ts (10 tests) 24ms
 ✓ |isolated| backend/tests/unit/universal-v1-actor-assertion-issuer.test.ts (8 tests) 21ms
 ✓ |isolated| backend/tests/unit/change-order-recovery-terminals.test.ts (23 tests) 59ms
 ✓ |isolated| backend/tests/unit/operations-router-authority.test.ts (10 tests) 37ms
 ✓ |isolated| backend/tests/unit/betaDashboard-router.test.ts (8 tests) 18ms
 ✓ |isolated| backend/tests/unit/challenges-router.test.ts (8 tests) 26ms
 ✓ |isolated| backend/tests/unit/matchmaker-router.test.ts (10 tests) 24ms
 ✓ |isolated| backend/tests/unit/recommendation-service.test.ts (8 tests) 43ms
 ✓ |isolated| backend/tests/unit/license-verification-service.test.ts (17 tests) 21ms
 ✓ |isolated| backend/tests/unit/service-business-router.test.ts (5 tests) 29ms
 ✓ |isolated| backend/tests/unit/notification-router.test.ts (9 tests) 19ms
 ✓ |isolated| backend/tests/unit/fraud-detection-worker.test.ts (9 tests) 20ms
 ✓ |isolated| backend/tests/unit/runtime-database-pg-adapter.test.ts (5 tests) 21ms
 ✓ |isolated| backend/tests/unit/worker-registration.test.ts (6 tests) 21ms
 ✓ |isolated| backend/tests/unit/ScoperAI-v27.test.ts (10 tests) 39ms
 ✓ |isolated| backend/tests/unit/task-clarification-service.test.ts (5 tests) 18ms
 ✓ |isolated| backend/tests/unit/fake-financial-outbox-publisher.test.ts (21 tests) 36ms
 ✓ |isolated| backend/tests/unit/cache-redis-codec.test.ts (21 tests) 23ms
 ✓ |isolated| backend/tests/unit/universal-v1-fake-financial-lifecycle-bridge-migration.test.ts (8 tests) 25ms
 ✓ |isolated| backend/tests/unit/rate-limiting-coverage.test.ts (10 tests) 13ms
 ✓ |isolated| backend/tests/unit/badge-service.test.ts (15 tests) 15ms
 ✓ |isolated| backend/tests/unit/ui-router.test.ts (14 tests) 29ms
 ✓ |isolated| backend/tests/unit/worker-change-order-materialization.test.ts (20 tests) 47ms
 ✓ |isolated| backend/tests/unit/router-subscription-extra.test.ts (9 tests) 41ms
 ✓ |isolated| backend/tests/unit/financial-request-progress.test.ts (33 tests) 115ms
 ✓ |isolated| backend/tests/unit/datadog-monitoring.test.ts (23 tests) 19ms
 ✓ |isolated| backend/tests/unit/streak-service.test.ts (14 tests) 19ms
 ✓ |isolated| backend/tests/unit/ComplianceGuardianService-v28.test.ts (9 tests) 39ms
 ✓ |isolated| backend/tests/unit/fake-financial-admitted-request.test.ts (31 tests) 74ms
[20:15:47.713] [33mWARN[39m: [36mFirebase Admin credentials missing — auth verification disabled[39m
    module: "auth"
 ✓ |isolated| backend/tests/unit/universal-v1-actor-attester-service.test.ts (7 tests) 82ms
 ✓ |isolated| backend/tests/unit/universal-v1-task-opportunities-migration.test.ts (9 tests) 17ms
 ✓ |isolated| backend/tests/unit/provider-event-processing.test.ts (5 tests) 24ms
 ✓ |isolated| backend/tests/unit/upload-router.test.ts (14 tests) 33ms
 ✓ |isolated| backend/tests/unit/skills-router.test.ts (15 tests) 67ms
[20:15:49.203] [33mWARN[39m: [36mFirebase Admin credentials missing — auth verification disabled[39m
    module: "auth"
 ✓ |isolated| backend/tests/integration/routers/escrow-router.test.ts (17 tests) 16ms
 ✓ |isolated| backend/tests/unit/push-worker.test.ts (9 tests) 42ms
 ✓ |isolated| backend/tests/unit/work-order-history.test.ts (15 tests) 116ms
 ✓ |isolated| backend/tests/unit/fix-y1-messaging-sse-bugs.test.ts (7 tests) 19ms
 ✓ |isolated| backend/tests/unit/sealed-synthetic-financial-webhook.test.ts (29 tests) 63ms
 ✓ |isolated| backend/tests/unit/business-execution-service.test.ts (6 tests) 19ms
 ✓ |isolated| backend/tests/unit/stage1-legacy-authority-containment-migration.test.ts (5 tests) 18ms
 ✓ |isolated| backend/tests/unit/pricing-router.test.ts (9 tests) 27ms
 ✓ |isolated| backend/tests/unit/task-scope-service.test.ts (8 tests) 22ms
 ✓ |isolated| backend/tests/unit/pending-payment-cancellation-service.test.ts (10 tests) 27ms
 ✓ |isolated| backend/tests/integration/stripe-escrow-e2e.test.ts (5 tests) 14ms
 ✓ |isolated| backend/tests/unit/universal-v1-financial-request-service.test.ts (16 tests) 56ms
 ✓ |isolated| backend/tests/unit/web-ops-edges.test.ts (10 tests) 45ms
 ✓ |isolated| backend/tests/unit/stripe-service-branches.test.ts (14 tests) 31ms
 ✓ |isolated| backend/tests/unit/worker-runtime-shutdown.test.ts (7 tests) 45ms
 ✓ |isolated| backend/tests/unit/worker-screening-rights-service.test.ts (7 tests) 19ms
 ✓ |isolated| backend/tests/unit/pii-scrubber.test.ts (30 tests) 25ms
 ✓ |isolated| backend/tests/unit/ai-observability-service.test.ts (9 tests) 51ms
 ✓ |isolated| backend/tests/unit/fix-y1-sse-connection-limit.test.ts (7 tests) 58ms
 ✓ |isolated| backend/tests/unit/local-certification-payout-provider.test.ts (5 tests) 16ms
 ✓ |isolated| backend/tests/unit/trust-service.test.ts (17 tests) 24ms
 ✓ |isolated| backend/tests/unit/live-router.test.ts (8 tests) 20ms
 ✓ |isolated| backend/tests/unit/expertiseSupply-router.test.ts (8 tests) 18ms
 ✓ |isolated| backend/tests/unit/r2-storage.test.ts (17 tests) 18ms
 ✓ |isolated| backend/tests/unit/business-operations-service.test.ts (8 tests) 18ms
 ✓ |isolated| backend/tests/unit/universal-v1-actor-attester-client.test.ts (8 tests) 192ms
 ✓ |isolated| backend/tests/unit/universal-v1-work-order-command-authority-v2-migration.test.ts (7 tests) 15ms
 ✓ |isolated| backend/tests/unit/fake-financial-durable-request.test.ts (42 tests) 32ms
 ✓ |isolated| backend/tests/unit/prompt-injection-guard.test.ts (21 tests) 31ms
 ✓ |isolated| backend/tests/unit/insurance-router.test.ts (10 tests) 23ms
 ✓ |isolated| backend/tests/unit/universal-v1-change-order-execution-migrations.test.ts (4 tests) 19ms
 ✓ |isolated| backend/tests/unit/universal-v1-completion-delivery-repository.test.ts (5 tests) 18ms
 ✓ |isolated| backend/tests/unit/web-action-links-authority.test.ts (9 tests) 28ms
 ✓ |isolated| backend/tests/unit/universal-v1-change-order-application.test.ts (13 tests) 42ms
 ✓ |isolated| backend/tests/unit/task-safety-checkin-service.test.ts (7 tests) 19ms
 ✓ |isolated| backend/tests/unit/notification-delivery-contract.test.ts (7 tests) 16ms
 ✓ |isolated| backend/tests/unit/alphaTelemetry-router.test.ts (7 tests) 29ms
 ✓ |isolated| backend/tests/unit/authenticated-financial-preparation.test.ts (18 tests) 60ms
 ✓ |isolated| backend/tests/unit/change-order-materialization.test.ts (8 tests) 51ms
 ✓ |isolated| backend/tests/unit/business-workspace-service.test.ts (9 tests) 20ms
 ✓ |isolated| backend/tests/unit/ai-agent-judge-audit-convergence-migration.test.ts (3 tests) 12ms
[20:15:56.556] [33mWARN[39m: [36mFirebase Admin credentials missing — auth verification disabled[39m
    module: "auth"
 ✓ |isolated| backend/tests/unit/admin-capability-procedures.test.ts (21 tests) 30ms
 ✓ |isolated| backend/tests/unit/ai-job-service.test.ts (17 tests) 20ms
 ✓ |isolated| backend/tests/unit/controlled-test-liquidity-service.test.ts (4 tests) 17ms
 ✓ |isolated| backend/tests/unit/major-action-telemetry-contract-migration.test.ts (7 tests) 14ms
 ✓ |isolated| backend/tests/unit/incidents-router-branches.test.ts (12 tests) 29ms
 ✓ |isolated| backend/tests/unit/knowledge-graph-service.test.ts (11 tests) 39ms
 ✓ |isolated| backend/tests/unit/smart-pricing-service.test.ts (10 tests) 24ms
 ✓ |isolated| backend/tests/unit/attack-template-boundary.test.ts (16 tests) 26ms
 ✓ |isolated| backend/tests/unit/capability-router-eligibility.test.ts (6 tests) 10ms
 ✓ |isolated| backend/tests/unit/local-certification-payment-provider.test.ts (7 tests) 47ms
 ✓ |isolated| backend/tests/unit/trpc-context-edges.test.ts (6 tests) 48ms
[20:15:58.722] [33mWARN[39m: [36mFirebase Admin credentials missing — auth verification disabled[39m
    module: "auth"
 ✓ |isolated| backend/tests/unit/universal-v1-task-opportunities-router.test.ts (7 tests) 35ms
 ✓ |isolated| backend/tests/unit/notification-policy.test.ts (19 tests) 71ms
 ✓ |isolated| backend/tests/unit/business-execution-router.test.ts (5 tests) 26ms
 ✓ |isolated| backend/tests/unit/universal-v1-task-draft-parser.test.ts (19 tests) 28ms
 ✓ |isolated| backend/tests/unit/ai-router.test.ts (9 tests) 28ms
 ✓ |isolated| backend/tests/unit/metrics.test.ts (16 tests) 21ms
 ✓ |isolated| backend/tests/unit/stripe-service.test.ts (9 tests) 27ms
 ✓ |isolated| backend/tests/unit/financial-provider-command-recovery-migration.test.ts (10 tests) 23ms
 ✓ |isolated| backend/tests/unit/greptile-pr-review.test.ts (15 tests) 14ms
stderr | backend/tests/unit/ai-rate-limit.test.ts > checkRateLimit — failure fallback > returns allowed=false when the ratelimit throws (fail-closed)
[RateLimit] Failed: Error: Redis unavailable
    at C:/Users/Manfish/Documents/Codex/2026-09-04/let/work/backend-validation-checkout/backend/tests/unit/ai-rate-limit.test.ts:111:32
    at file:///C:/Users/Manfish/Documents/Codex/2026-09-04/let/work/backend-validation-checkout/node_modules/@vitest/runner/dist/chunk-artifact.js:302:11
    at file:///C:/Users/Manfish/Documents/Codex/2026-09-04/let/work/backend-validation-checkout/node_modules/@vitest/runner/dist/chunk-artifact.js:1903:26
    at file:///C:/Users/Manfish/Documents/Codex/2026-09-04/let/work/backend-validation-checkout/node_modules/@vitest/runner/dist/chunk-artifact.js:2326:20
    at new Promise (<anonymous>)
    at runWithCancel (file:///C:/Users/Manfish/Documents/Codex/2026-09-04/let/work/backend-validation-checkout/node_modules/@vitest/runner/dist/chunk-artifact.js:2323:10)
    at file:///C:/Users/Manfish/Documents/Codex/2026-09-04/let/work/backend-validation-checkout/node_modules/@vitest/runner/dist/chunk-artifact.js:2305:20
    at new Promise (<anonymous>)
    at runWithTimeout (file:///C:/Users/Manfish/Documents/Codex/2026-09-04/let/work/backend-validation-checkout/node_modules/@vitest/runner/dist/chunk-artifact.js:2272:10)
    at file:///C:/Users/Manfish/Documents/Codex/2026-09-04/let/work/backend-validation-checkout/node_modules/@vitest/runner/dist/chunk-artifact.js:2955:64

 ✓ |isolated| backend/tests/unit/ai-rate-limit.test.ts (12 tests) 31ms
 ✓ |isolated| backend/tests/unit/local-certification-screening-provider.test.ts (5 tests) 21ms
 ✓ |isolated| backend/tests/unit/business-operations-router.test.ts (6 tests) 35ms
 ✓ |isolated| backend/tests/unit/universal-v1-double-entry-ledger-migration.test.ts (6 tests) 21ms
 ✓ |isolated| backend/tests/unit/reputation-router.test.ts (8 tests) 25ms
 ✓ |isolated| backend/tests/unit/canonical-user-email-identity-migration.test.ts (2 tests) 17ms
 ✓ |isolated| backend/tests/unit/universal-v1-work-order-task-state-containment-migration.test.ts (8 tests) 18ms
 ✓ |isolated| backend/tests/unit/universal-v1-execution-application.test.ts (15 tests) 29ms
 ✓ |isolated| backend/tests/unit/universal-v1-relationship-origin-migration.test.ts (6 tests) 16ms
 ✓ |isolated| backend/tests/unit/region-policy-service.test.ts (13 tests) 27ms
 ✓ |isolated| backend/tests/unit/provider-observation-normalization.test.ts (3 tests) 20ms
 ✓ |isolated| backend/tests/unit/TaskTemplateRegistry.test.ts (28 tests) 22ms
 ✓ |isolated| backend/tests/unit/offline-action-reconciliation-service.test.ts (13 tests) 25ms
 ✓ |isolated| backend/tests/unit/engine-automation-properties.test.ts (8 tests) 195ms
 ✓ |isolated| backend/tests/unit/worker-offer-decision-policy.test.ts (12 tests) 19ms
 ✓ |isolated| backend/tests/unit/tracking-router.test.ts (9 tests) 29ms
 ✓ |isolated| backend/tests/unit/incident-diagnosis-service.test.ts (9 tests) 23ms
 ✓ |isolated| backend/tests/unit/universal-v1-dispute-recovery-service.test.ts (7 tests) 23ms
 ✓ |isolated| backend/tests/unit/completion-delivery-webhook.test.ts (5 tests) 69ms
 ✓ |isolated| backend/tests/unit/install-runtime-database.test.ts (10 tests) 37ms
 ✓ |isolated| backend/tests/unit/controlled-test-provider-capability-service.test.ts (8 tests) 25ms
 ✓ |isolated| backend/tests/unit/anomaly-detection-service.test.ts (18 tests) 20ms
 ✓ |isolated| backend/tests/unit/instant-router.test.ts (7 tests) 22ms
 ✓ |isolated| backend/tests/unit/universal-v1-completion-notice-dispatch-migration.test.ts (4 tests) 21ms
 ✓ |isolated| backend/tests/unit/ai-user-budget.test.ts (13 tests) 32ms
 ✓ |isolated| backend/tests/unit/actor-attester-startup.test.ts (14 tests) 36ms
 ✓ |isolated| backend/tests/unit/fake-financial-publisher-runtime.test.ts (12 tests) 23ms
 ✓ |isolated| backend/tests/unit/business-recurring-service.test.ts (3 tests) 19ms
 ✓ |isolated| backend/tests/unit/heatmap-service.test.ts (9 tests) 21ms
 ✓ |isolated| backend/tests/integration/routers/task-router.test.ts (10 tests) 13ms
 ✓ |isolated| backend/tests/unit/dispatch-expiry-worker.test.ts (9 tests) 21ms
 ✓ |isolated| backend/tests/unit/jury-router.test.ts (10 tests) 26ms
 ✓ |isolated| backend/tests/unit/security.test.ts (19 tests) 14ms
 ✓ |isolated| backend/tests/unit/liquidity-cell-policy.test.ts (6 tests) 12ms
 ✓ |isolated| backend/tests/unit/money.test.ts (14 tests) 1631ms
       ✓ fee + insurance + net === gross for EVERY cent value 1..20000 (exhaustive)  1583ms
 ✓ |isolated| backend/tests/unit/hard-assignment-incident-guard.test.ts (4 tests) 32ms
 ✓ |isolated| backend/tests/unit/db-transaction-runner.test.ts (8 tests) 23ms
 ✓ |isolated| backend/tests/unit/hustler-wallet-contract-migration.test.ts (7 tests) 10ms
 ✓ |isolated| backend/tests/unit/revenue-service.test.ts (8 tests) 12ms
 ✓ |isolated| backend/tests/unit/degradation-contracts.test.ts (70 tests) 24ms
 ✓ |isolated| backend/tests/unit/quote-payment-recovery-router.test.ts (11 tests) 25ms
 ✓ |isolated| backend/tests/unit/stripe-processing-fee.test.ts (8 tests) 32ms
 ✓ |isolated| backend/tests/unit/degradation-observer.test.ts (16 tests) 22ms
 ✓ |isolated| backend/tests/unit/realtime-worker-cross-instance.test.ts (1 test) 22ms
 ✓ |isolated| backend/tests/unit/change-order-recovery-claims.test.ts (24 tests) 40ms
 ✓ |isolated| backend/tests/unit/biometric-analyzer-worker.test.ts (5 tests) 20ms
 ✓ |isolated| backend/tests/unit/subscription-branches.test.ts (6 tests) 22ms
 ✓ |isolated| backend/tests/unit/payout-event-worker.test.ts (6 tests) 18ms
 ✓ |isolated| backend/tests/unit/flags-router.test.ts (6 tests) 28ms
 ✓ |isolated| backend/tests/unit/server-lifecycle-shutdown.test.ts (7 tests) 70ms
 ✓ |isolated| backend/tests/unit/task-counter-offer-router.test.ts (5 tests) 22ms
 ✓ |isolated| backend/tests/unit/external-task-bridge-policy.test.ts (7 tests) 48ms
 ✓ |isolated| backend/tests/unit/task-progress-read-edges.test.ts (7 tests) 24ms
 ✓ |isolated| backend/tests/unit/proof-verification-signal-contract.test.ts (5 tests) 17ms
 ✓ |isolated| backend/tests/unit/fake-financial-live-database-capability.test.ts (11 tests) 42ms
 ✓ |isolated| backend/tests/unit/marketplace-reputation-service.test.ts (4 tests) 14ms
 ✓ |isolated| backend/tests/unit/synthetic-financial-command-authority.test.ts (6 tests) 13ms
 ✓ |isolated| backend/tests/unit/actor-attester-server.test.ts (6 tests) 384ms
 ✓ |isolated| backend/tests/unit/universal-v1-standardized-quote-static-authority.test.ts (7 tests) 15ms
 ✓ |isolated| backend/tests/unit/ai-proposal-service.test.ts (10 tests) 13ms
 ✓ |isolated| backend/tests/unit/ai-spend-attempt-ledger.test.ts (6 tests) 17ms
 ✓ |isolated| backend/tests/unit/universal-v1-fake-financial-application-factory.test.ts (3 tests) 17ms
 ✓ |isolated| backend/tests/unit/state-machine-consistency.test.ts (26 tests) 19ms
 ✓ |isolated| backend/tests/unit/constants.test.ts (19 tests) 21ms
 ✓ |isolated| backend/tests/unit/universal-v1-ops-cases-migration.test.ts (7 tests) 11ms
 ✓ |isolated| backend/tests/unit/queue-runtime-shutdown.test.ts (3 tests) 64ms
 ✓ |isolated| backend/tests/unit/universal-v1-change-order-contracts.test.ts (5 tests) 47ms
 ✓ |isolated| backend/tests/unit/shutdown.test.ts (12 tests) 20ms
 ✓ |isolated| backend/tests/unit/completion-retention-service.test.ts (4 tests) 13ms
 ✓ |isolated| backend/tests/unit/local-certification-identity-provider.test.ts (4 tests) 19ms
 ✓ |isolated| backend/tests/unit/escrow-release-reconciliation-service.test.ts (4 tests) 21ms
 ✓ |isolated| backend/tests/unit/hustler-identity-link-service.test.ts (10 tests) 21ms
 ✓ |isolated| backend/tests/unit/task-safety-location-service.test.ts (3 tests) 22ms
 ✓ |isolated| backend/tests/unit/intent-router.test.ts (7 tests) 27ms
 ✓ |isolated| backend/tests/unit/business-workspace-router.test.ts (7 tests) 25ms
 ✓ |isolated| backend/tests/unit/worker-screening-rights-policy.test.ts (5 tests) 15ms
 ✓ |isolated| backend/tests/unit/service-business-assignment-migration.test.ts (6 tests) 18ms
 ✓ |isolated| backend/tests/unit/geofence-router.test.ts (5 tests) 26ms
 ✓ |isolated| backend/tests/unit/universal-v1-standardized-quote-repository-retry.test.ts (6 tests) 18ms
 ✓ |isolated| backend/tests/unit/recommendation-contract-migration.test.ts (6 tests) 11ms
 ✓ |isolated| backend/tests/unit/url-safety.test.ts (24 tests) 15ms
 ✓ |isolated| backend/tests/unit/universal-v1-change-order-three-phase-migration.test.ts (5 tests) 15ms
 ✓ |isolated| backend/tests/unit/business-notification-digest.test.ts (4 tests) 16ms
 ✓ |isolated| backend/tests/unit/tutorial-router.test.ts (7 tests) 24ms
 ✓ |isolated| backend/tests/unit/ScoperAI-template.test.ts (11 tests) 18ms
 ✓ |isolated| backend/tests/unit/server-boot.test.ts (6 tests) 42ms
 ✓ |isolated| backend/tests/unit/stripe-webhook-destinations.test.ts (6 tests) 11ms
 ✓ |isolated| backend/tests/unit/subscription-cancellation-recovery-migration.test.ts (3 tests) 12ms
 ✓ |isolated| backend/tests/unit/task-clarification-router.test.ts (4 tests) 26ms
 ✓ |isolated| backend/tests/unit/encrypted-session.test.ts (14 tests) 24ms
 ✓ |isolated| backend/tests/unit/synthetic-financial-command-schemas.test.ts (22 tests) 22ms
 ✓ |isolated| backend/tests/unit/batching-router.test.ts (5 tests) 29ms
 ✓ |isolated| backend/tests/unit/private-identity-verification-service.test.ts (4 tests) 13ms
 ✓ |isolated| backend/tests/unit/task-location-crypto.test.ts (7 tests) 21ms
 ✓ |isolated| backend/tests/unit/major-action-telemetry-service.test.ts (5 tests) 32ms
 ✓ |isolated| backend/tests/unit/kyc-payout-gate.test.ts (12 tests) 11ms
 ✓ |isolated| backend/tests/unit/provider-event-processing-migration.test.ts (4 tests) 12ms
[20:16:17.100] [33mWARN[39m: [36mFirebase Admin credentials missing — auth verification disabled[39m
    module: "auth"
 ✓ |isolated| backend/tests/unit/engine-automation-contracts-schema.test.ts (6 tests) 13ms
 ✓ |isolated| backend/tests/unit/hustler-wallet-provider.test.ts (4 tests) 37ms
 ✓ |isolated| backend/tests/unit/controlled-test-duration-evidence-service.test.ts (6 tests) 14ms
 ✓ |isolated| backend/tests/unit/ai-decision-service.test.ts (10 tests) 11ms
 ✓ |isolated| backend/tests/unit/errors.test.ts (43 tests) 19ms
 ✓ |isolated| backend/tests/unit/server-startup-migration-authority.test.ts (7 tests) 26ms
 ✓ |isolated| backend/tests/unit/batchQuest-router.test.ts (6 tests) 24ms
 ✓ |isolated| backend/tests/unit/build-identity.test.ts (5 tests) 74ms
 ✓ |isolated| backend/tests/unit/task-lifecycle-notifications.test.ts (8 tests) 23ms
 ✓ |isolated| backend/tests/integration/routers/squad-procedures.test.ts (18 tests) 12ms
 ✓ |isolated| backend/tests/unit/redis-provider-boundary.test.ts (6 tests) 216ms
 ✓ |isolated| backend/tests/unit/bipa-consent.test.ts (6 tests) 19ms
 ✓ |isolated| backend/tests/unit/task-create-transaction-atomicity.test.ts (1 test) 14ms
 ✓ |isolated| backend/tests/unit/heatmap-router.test.ts (7 tests) 31ms
 ✓ |isolated| backend/tests/unit/controlled-test-retake-acceptance-repair.test.ts (2 tests) 17ms
 ✓ |isolated| backend/tests/unit/prepared-financial-command-authority.test.ts (4 tests) 19ms
 ✓ |isolated| backend/tests/unit/fake-financial-scenario-policy.test.ts (3 tests) 15ms
 ✓ |isolated| backend/tests/unit/universal-v1-task-draft-route-context-migration.test.ts (5 tests) 24ms
 ✓ |isolated| backend/tests/unit/ComplianceGuardianService-v27.test.ts (10 tests) 22ms
 ✓ |isolated| backend/tests/unit/universal-v1-dispute-read-model.test.ts (8 tests) 21ms
 ✓ |isolated| backend/tests/unit/legacy-task-materialization-guard.test.ts (4 tests) 14ms
 ✓ |isolated| backend/tests/unit/engine-migration-manifest.test.ts (5 tests) 2027ms
     ✓ binds the exact constitutional baseline bytes into the artifact digest  1451ms
     ✓ fails closed when the constitutional baseline is absent  485ms
 ✓ |isolated| backend/tests/unit/ai-observability-contract-migration.test.ts (4 tests) 8ms
 ✓ |isolated| backend/tests/unit/ProofService-criteria.test.ts (11 tests) 9ms
 ✓ |isolated| backend/tests/unit/universal-v1-occurrence-access-audit-migration.test.ts (4 tests) 11ms
 ✓ |isolated| backend/tests/unit/TaskRiskClassifier-v28.test.ts (6 tests) 10ms
 ✓ |isolated| backend/tests/unit/web-legacy-ops-authority-contract.test.ts (5 tests) 19ms
 ✓ |isolated| backend/tests/unit/ai-event-service.test.ts (7 tests) 12ms
 ✓ |isolated| backend/tests/unit/task-retention-router.test.ts (5 tests) 25ms
 ✓ |isolated| backend/tests/integration/routers/user-router.test.ts (5 tests) 13ms
 ✓ |isolated| backend/tests/unit/business-operations-policy.test.ts (7 tests) 10ms
 ✓ |isolated| backend/tests/unit/financial-provider-command-journal-migration.test.ts (5 tests) 13ms
 ✓ |isolated| backend/tests/unit/disputeAI-branches.test.ts (6 tests) 16ms
 ✓ |isolated| backend/tests/unit/runtime-database-startup-config.test.ts (10 tests) 20ms
 ✓ |isolated| backend/tests/unit/hustler-wallet-router.test.ts (4 tests) 18ms
 ✓ |isolated| backend/tests/unit/legacy-escrow-insert-containment-migration.test.ts (5 tests) 12ms
 ✓ |isolated| backend/tests/unit/deployed-synthetic-operator-token.test.ts (3 tests) 9ms
 ✓ |isolated| backend/tests/unit/schema-convergence-repair-migration.test.ts (6 tests) 8ms
 ✓ |isolated| backend/tests/unit/error-code-registry.test.ts (37 tests) 55ms
 ✓ |isolated| backend/tests/unit/region-policy-legal-approval-migration.test.ts (6 tests) 12ms
 ✓ |isolated| backend/tests/unit/universal-v1-bearer-verifier.test.ts (7 tests) 19ms
 ✓ |isolated| backend/tests/unit/media-sanitization.test.ts (7 tests) 42ms
 ✓ |isolated| backend/tests/unit/recurring-work-migration.test.ts (6 tests) 15ms
 ✓ |isolated| backend/tests/unit/provider-event-inbox-migration.test.ts (4 tests) 18ms
 ✓ |isolated| backend/tests/unit/redis-runtime-shutdown.test.ts (3 tests) 46ms
 ✓ |isolated| backend/tests/unit/capability-worker-standing-routes.test.ts (3 tests) 23ms
 ✓ |isolated| backend/tests/unit/quote-payment-underwriting-containment-v7-rejection-contract.test.ts (4 tests) 11ms
 ✓ |isolated| backend/tests/unit/nonproduction-doc-index-authority.test.ts (10 tests) 20ms
 ✓ |isolated| backend/tests/unit/task-offline-sync-router.test.ts (10 tests) 41ms
 ✓ |isolated| backend/tests/unit/stripe-payment-intent-cancellation-service.test.ts (5 tests) 14ms
 ✓ |isolated| backend/tests/unit/http-metrics.test.ts (8 tests) 16ms
 ✓ |isolated| backend/tests/unit/sensitive-media-ingestion-shutdown.test.ts (4 tests) 13ms
 ✓ |isolated| backend/tests/unit/business-recurring-router.test.ts (3 tests) 30ms
 ✓ |isolated| backend/tests/unit/private-identity-verification-migration.test.ts (5 tests) 12ms
 ✓ |isolated| backend/tests/unit/operator-authority-contract-migration.test.ts (5 tests) 8ms
 ✓ |isolated| backend/tests/unit/operations-exception-contract-migration.test.ts (4 tests) 7ms
 ✓ |isolated| backend/tests/unit/hustler-wallet-growth-data.test.ts (3 tests) 14ms
 ✓ |isolated| backend/tests/unit/fake-financial-durable-recovery-runtime.test.ts (4 tests) 26ms
 ✓ |isolated| backend/tests/unit/local-certification-token.test.ts (5 tests) 18ms
 ✓ |isolated| backend/tests/unit/worker-counter-offer-policy.test.ts (5 tests) 11ms
 ✓ |isolated| backend/tests/unit/unattended-completion-sweep.test.ts (3 tests) 20ms
 ✓ |isolated| backend/tests/unit/task-discovery-unit-economics.test.ts (2 tests) 15ms
 ✓ |isolated| backend/tests/unit/task-payout-destination-service.test.ts (4 tests) 15ms
 ✓ |isolated| backend/tests/unit/task-geofence-event-contract-migration.test.ts (4 tests) 11ms
 ✓ |isolated| backend/tests/unit/marketplace-reputation-router.test.ts (3 tests) 17ms
 ✓ |isolated| backend/tests/unit/marketplace-reputation-policy.test.ts (4 tests) 11ms
 ✓ |isolated| backend/tests/unit/stripe-event-dispatcher.test.ts (8 tests) 14ms
 ✓ |isolated| backend/tests/unit/controlled-test-provider-capability-migration.test.ts (2 tests) 8ms
 ✓ |isolated| backend/tests/unit/server-rest-auth.test.ts (4 tests) 13ms
 ✓ |isolated| backend/tests/unit/task-safety-state-integrity-migration.test.ts (4 tests) 7ms
 ✓ |isolated| backend/tests/unit/deployed-synthetic-provider-policy.test.ts (2 tests) 10ms
 ✓ |isolated| backend/tests/unit/assignment-router.test.ts (3 tests) 17ms
 ✓ |isolated| backend/tests/unit/env-validator.test.ts (4 tests) 33ms
 ✓ |isolated| backend/tests/unit/web-ops-engine-tasks.test.ts (3 tests) 14ms
 ✓ |isolated| backend/tests/unit/local-test-proof-media-route.test.ts (3 tests) 47ms
 ✓ |isolated| backend/tests/unit/business-operations-migration.test.ts (5 tests) 9ms
 ✓ |isolated| backend/tests/integration/routers/recurring-task-router.test.ts (19 tests) 12ms
 ✓ |isolated| backend/tests/unit/task-quote-shortlist-migration.test.ts (4 tests) 7ms
 ✓ |isolated| backend/tests/unit/region-policy-migration.test.ts (4 tests) 8ms
 ✓ |isolated| backend/tests/unit/universal-v1-completion-delivery-contracts.test.ts (2 tests) 30ms
 ✓ |isolated| backend/tests/unit/server-startup-runtime-database.test.ts (4 tests) 13ms
 ✓ |isolated| backend/tests/unit/firebase-branches.test.ts (4 tests) 24ms
 ✓ |isolated| backend/tests/unit/task-safety-resolution-integrity-migration.test.ts (3 tests) 7ms
 ✓ |isolated| backend/tests/unit/universal-v1-reconciliation-alias-repair-migration.test.ts (3 tests) 8ms
 ✓ |isolated| backend/tests/unit/business-workspace-policy.test.ts (5 tests) 8ms
 ✓ |isolated| backend/tests/unit/offline-action-sync-contract-migration.test.ts (3 tests) 9ms
 ✓ |isolated| backend/tests/unit/task-eligibility-policy.test.ts (3 tests) 15ms
 ✓ |isolated| backend/tests/unit/universal-v1-completion-delivery-migration.test.ts (3 tests) 7ms
 ✓ |isolated| backend/tests/unit/worker-standing-decision-service.test.ts (2 tests) 14ms
 ✓ |isolated| backend/tests/unit/business-workspace-migration.test.ts (5 tests) 8ms
 ✓ |isolated| backend/tests/unit/controlled-test-liquidity-migration.test.ts (5 tests) 7ms
 ✓ |isolated| backend/tests/unit/unit-economics-guardrails-migration.test.ts (4 tests) 7ms
 ✓ |isolated| backend/tests/unit/ai-spend-attempt-ledger-migration.test.ts (4 tests) 10ms
 ✓ |isolated| backend/tests/unit/universal-v1-actor-attestation-release-authority.test.ts (3 tests) 13ms
[20:16:32.505] [33mWARN[39m: [36mFirebase Admin credentials missing — auth verification disabled[39m
    module: "auth"
 ✓ |isolated| backend/tests/unit/server-admin-routes.test.ts (2 tests) 43ms
 ✓ |isolated| backend/tests/unit/fake-financial-settlement-completion-migration.test.ts (3 tests) 11ms
 ✓ |isolated| backend/tests/unit/escrow-release-reconciliation-worker.test.ts (3 tests) 12ms
[20:16:33.194] [33mWARN[39m: [36mFirebase Admin credentials missing — auth verification disabled[39m
    module: "auth"
 ✓ |isolated| backend/tests/unit/server-health-environment.test.ts (2 tests) 9ms
 ✓ |isolated| backend/tests/unit/recurring-template-policy.test.ts (11 tests) 14ms
 ✓ |isolated| backend/tests/unit/dispute-release-authority-contract.test.ts (3 tests) 9ms
 ✓ |isolated| backend/tests/unit/dispatch-expiry-payment-cancel-worker.test.ts (2 tests) 19ms
 ✓ |isolated| backend/tests/unit/business-execution-migration.test.ts (4 tests) 8ms
 ✓ |isolated| backend/tests/unit/user-realtime-contract.test.ts (3 tests) 11ms
 ✓ |isolated| backend/tests/unit/disposable-load-test-policy.test.ts (6 tests) 11ms
 ✓ |isolated| backend/tests/unit/local-certification-payment-migration.test.ts (4 tests) 7ms
 ✓ |isolated| backend/tests/unit/deploy-workflow-contract.test.ts (3 tests) 7ms
 ✓ |isolated| backend/tests/unit/tier0-browse-only-contract-migration.test.ts (4 tests) 16ms
 ✓ |isolated| backend/tests/unit/build-now-spend-promotion-guardrails-migration.test.ts (3 tests) 8ms
 ✓ |isolated| backend/tests/unit/offline-action-reconciliation-migration.test.ts (3 tests) 14ms
 ✓ |isolated| backend/tests/unit/worker-counter-offer-contract-migration.test.ts (3 tests) 7ms
 ✓ |isolated| backend/tests/unit/health-endpoints.test.ts (4 tests) 56ms
 ✓ |isolated| backend/tests/unit/task-safety-case-access-integrity-migration.test.ts (3 tests) 11ms
 ✓ |isolated| backend/tests/unit/local-certification-screening-migration.test.ts (4 tests) 10ms
 ✓ |isolated| backend/tests/unit/hustler-identity-link-contract.test.ts (3 tests) 10ms
 ✓ |isolated| backend/tests/unit/operator-identity-assurance.test.ts (6 tests) 10ms
 ✓ |isolated| backend/tests/unit/task-clarification-policy.test.ts (5 tests) 13ms
 ✓ |isolated| backend/tests/unit/quote-payment-recovery-migration.test.ts (1 test) 9ms
 ✓ |isolated| backend/tests/unit/completion-retention-migration.test.ts (3 tests) 10ms
 ✓ |isolated| backend/tests/unit/task-version.test.ts (19 tests) 14ms
 ✓ |isolated| backend/tests/unit/task-clarification-migration.test.ts (3 tests) 7ms
 ✓ |isolated| backend/tests/unit/service-incident-diagnosis.test.ts (2 tests) 10ms
 ✓ |isolated| backend/tests/unit/business-recurring-migration.test.ts (4 tests) 11ms
 ✓ |isolated| backend/tests/unit/featured-router.test.ts (5 tests) 25ms
[sentry] Sentry DSN not configured — error tracking disabled
 ✓ |isolated| backend/tests/unit/sentry-branches.test.ts (4 tests) 38ms
 ✓ |isolated| backend/tests/unit/TaskRiskClassifier-template.test.ts (5 tests) 8ms
 ✓ |isolated| backend/tests/unit/sentry.test.ts (4 tests) 34ms
 ✓ |isolated| backend/tests/unit/stripe-webhook-topology.test.ts (4 tests) 12ms
 ✓ |isolated| backend/tests/unit/TaskTemplateRegistry-manifest.test.ts (6 tests) 12ms
 ✓ |isolated| backend/tests/unit/liquidity-expansion-contract-migration.test.ts (2 tests) 9ms
 ✓ |isolated| backend/tests/unit/local-certification-payout-migration.test.ts (3 tests) 8ms
 ✓ |isolated| backend/tests/unit/pending-payment-cancellation-properties.test.ts (2 tests) 65ms
 ✓ |isolated| backend/tests/unit/engine-automation-differential.test.ts (9 tests) 13ms
 ✓ |isolated| backend/tests/unit/outbox-worker-lock.test.ts (2 tests) 6ms
 ✓ |isolated| backend/tests/unit/task-matching-state-contract-migration.test.ts (2 tests) 8ms
 ✓ |isolated| backend/tests/unit/hustler-trust-progression-migration.test.ts (3 tests) 7ms
 ✓ |isolated| backend/tests/unit/marketplace-reputation-migration.test.ts (2 tests) 9ms
 ✓ |isolated| backend/tests/unit/compliance-guardian-persistence-migration.test.ts (2 tests) 9ms
 ✓ |isolated| backend/tests/unit/worker-standing-appeals-migration.test.ts (3 tests) 14ms
 ✓ |isolated| backend/tests/unit/nonproduction-railway-target.test.ts (2 tests) 9ms
 ✓ |isolated| backend/tests/unit/region-policy-price-book-alignment.test.ts (3 tests) 10ms
 ✓ |isolated| backend/tests/unit/universal-v1-work-order-migration.test.ts (2 tests) 9ms
 ✓ |isolated| backend/tests/unit/recommendation-policy.test.ts (3 tests) 28ms
 ✓ |isolated| backend/tests/unit/migration-v2-7.test.ts (6 tests) 10ms
 ✓ |isolated| backend/tests/unit/requestId.test.ts (3 tests) 52ms
 ✓ |isolated| backend/tests/unit/controlled-test-offer-review-migration.test.ts (2 tests) 10ms
 ✓ |isolated| backend/tests/unit/controlled-test-duration-evidence-migration.test.ts (2 tests) 7ms
 ✓ |isolated| backend/tests/unit/ensure-user.test.ts (1 test) 13ms
 ✓ |isolated| backend/tests/unit/runtime-database-pg-private-contract.test.ts (1 test) 9ms
 ✓ |isolated| backend/tests/unit/web-post-task-containment.test.ts (2 tests) 16ms
 ✓ |isolated| backend/tests/unit/external-ai-provider-authority.test.ts (1 test) 9ms
 ✓ |isolated| backend/tests/unit/universal-v1-actor-attestation-runtime-boundary.test.ts (4 tests) 10ms
 ✓ |isolated| backend/tests/unit/task-template-policy-migration.test.ts (3 tests) 9ms
 ✓ |isolated| backend/tests/unit/paid-promotion-ranking-independence.test.ts (6 tests) 8ms
 ✓ |isolated| backend/tests/unit/release-authority-keys.test.ts (2 tests) 10ms
 ✓ |isolated| backend/tests/unit/task-router-common.test.ts (2 tests) 30ms
 ✓ |isolated| backend/tests/unit/controlled-test-liquidity-lifecycle-repair.test.ts (1 test) 6ms
 ✓ |isolated| backend/tests/unit/recurring-payment-dispatch-gate-migration.test.ts (2 tests) 7ms
 ✓ |isolated| backend/tests/unit/quote-payment-recovery-provider-resolver.test.ts (6 tests) 12ms
 ✓ |isolated| backend/tests/unit/controlled-test-liquidity-marker-repair.test.ts (2 tests) 9ms
 ✓ |isolated| backend/tests/unit/featured-branches.test.ts (1 test) 5ms
 ✓ |isolated| backend/tests/unit/escrow-common.test.ts (1 test) 8ms
 ✓ |isolated| backend/tests/unit/logger.test.ts (8 tests) 8ms
 ✓ |isolated| backend/tests/unit/ai-operation-identity.test.ts (2 tests) 32ms
[20:16:45.600] [33mWARN[39m: [36mFirebase Admin credentials missing — auth verification disabled[39m
    module: "auth"
[20:17:04.110] [32mINFO[39m: [36mUniversal V1 TaskDraft mutation persisted[39m
    router: "web.taskDrafts"
    draftId: "0c0c623d-3251-4d25-9eca-f9f88b7a7443"
    action: "create"
    version: 1
    outcome: "ESTIMATE_REQUIRED"
    replayed: false
[20:17:04.138] [32mINFO[39m: [36mUniversal V1 TaskDraft mutation persisted[39m
    router: "web.taskDrafts"
    draftId: "0c0c623d-3251-4d25-9eca-f9f88b7a7443"
    action: "link_contact"
    version: 2
    outcome: "ESTIMATE_REQUIRED"
    replayed: false
[20:17:20.295] [32mINFO[39m: [36mUniversal V1 TaskDraft mutation persisted[39m
    router: "web.taskDrafts"
    draftId: "b6d315e5-2ff0-4a86-a7e0-0a2ceed34e8b"
    action: "create"
    version: 1
    outcome: "ESTIMATE_REQUIRED"
    replayed: false
[20:17:20.321] [32mINFO[39m: [36mUniversal V1 TaskDraft mutation persisted[39m
    router: "web.taskDrafts"
    draftId: "b6d315e5-2ff0-4a86-a7e0-0a2ceed34e8b"
    action: "link_contact"
    version: 2
    outcome: "ESTIMATE_REQUIRED"
    replayed: false
[20:17:37.439] [32mINFO[39m: [36mUniversal V1 TaskDraft mutation persisted[39m
    router: "web.taskDrafts"
    draftId: "56e74389-4aa5-4684-83db-930be1a4dd44"
    action: "create"
    version: 1
    outcome: "ESTIMATE_REQUIRED"
    replayed: false
[20:17:37.461] [32mINFO[39m: [36mUniversal V1 TaskDraft mutation persisted[39m
    router: "web.taskDrafts"
    draftId: "56e74389-4aa5-4684-83db-930be1a4dd44"
    action: "link_contact"
    version: 2
    outcome: "ESTIMATE_REQUIRED"
    replayed: false
[20:17:51.031] [32mINFO[39m: [36mUniversal V1 TaskDraft mutation persisted[39m
    router: "web.taskDrafts"
    draftId: "2b17d2ea-1e1c-4cfa-80b1-f6c0d1741952"
    action: "create"
    version: 1
    outcome: "ESTIMATE_REQUIRED"
    replayed: false
[20:17:51.070] [32mINFO[39m: [36mUniversal V1 TaskDraft mutation persisted[39m
    router: "web.taskDrafts"
    draftId: "2b17d2ea-1e1c-4cfa-80b1-f6c0d1741952"
    action: "link_contact"
    version: 2
    outcome: "ESTIMATE_REQUIRED"
    replayed: false
[20:17:51.976] [32mINFO[39m: [36mUniversal V1 TaskDraft mutation persisted[39m
    router: "web.taskDrafts"
    draftId: "736b4c5c-0f89-40f6-9b42-f9d473e6c7ee"
    action: "create"
    version: 1
    outcome: "ESTIMATE_REQUIRED"
    replayed: false
[20:17:51.996] [32mINFO[39m: [36mUniversal V1 TaskDraft mutation persisted[39m
    router: "web.taskDrafts"
    draftId: "736b4c5c-0f89-40f6-9b42-f9d473e6c7ee"
    action: "link_contact"
    version: 2
    outcome: "ESTIMATE_REQUIRED"
    replayed: false
[20:17:59.346] [32mINFO[39m: [36mUniversal V1 TaskDraft mutation persisted[39m
    router: "web.taskDrafts"
    draftId: "22743a72-d34c-48af-9742-f77baf19e9d6"
    action: "create"
    version: 1
    outcome: "ESTIMATE_REQUIRED"
    replayed: false
[20:17:59.367] [32mINFO[39m: [36mUniversal V1 TaskDraft mutation persisted[39m
    router: "web.taskDrafts"
    draftId: "22743a72-d34c-48af-9742-f77baf19e9d6"
    action: "link_contact"
    version: 2
    outcome: "ESTIMATE_REQUIRED"
    replayed: false
[20:18:06.795] [32mINFO[39m: [36mUniversal V1 TaskDraft mutation persisted[39m
    router: "web.taskDrafts"
    draftId: "d3b6c4f9-cb8d-47ff-b1ef-8e6c6a08a397"
    action: "create"
    version: 1
    outcome: "ESTIMATE_REQUIRED"
    replayed: false
[20:18:06.815] [32mINFO[39m: [36mUniversal V1 TaskDraft mutation persisted[39m
    router: "web.taskDrafts"
    draftId: "d3b6c4f9-cb8d-47ff-b1ef-8e6c6a08a397"
    action: "link_contact"
    version: 2
    outcome: "ESTIMATE_REQUIRED"
    replayed: false
[20:18:12.836] [32mINFO[39m: [36mUniversal V1 TaskDraft mutation persisted[39m
    router: "web.taskDrafts"
    draftId: "cf43df30-a0a0-482e-bc67-a5978f2606bf"
    action: "create"
    version: 1
    outcome: "ESTIMATE_REQUIRED"
    replayed: false
[20:18:12.857] [32mINFO[39m: [36mUniversal V1 TaskDraft mutation persisted[39m
    router: "web.taskDrafts"
    draftId: "cf43df30-a0a0-482e-bc67-a5978f2606bf"
    action: "link_contact"
    version: 2
    outcome: "ESTIMATE_REQUIRED"
    replayed: false
[20:18:18.216] [32mINFO[39m: [36mUniversal V1 TaskDraft mutation persisted[39m
    router: "web.taskDrafts"
    draftId: "0d33788f-2179-4219-a2dc-c442eab8e1d3"
    action: "create"
    version: 1
    outcome: "ESTIMATE_REQUIRED"
    replayed: false
[20:18:18.236] [32mINFO[39m: [36mUniversal V1 TaskDraft mutation persisted[39m
    router: "web.taskDrafts"
    draftId: "0d33788f-2179-4219-a2dc-c442eab8e1d3"
    action: "link_contact"
    version: 2
    outcome: "ESTIMATE_REQUIRED"
    replayed: false
[20:18:28.676] [32mINFO[39m: [36mUniversal V1 TaskDraft mutation persisted[39m
    router: "web.taskDrafts"
    draftId: "946c3f1e-10c7-487d-b00d-8e666d398f7c"
    action: "create"
    version: 1
    outcome: "ESTIMATE_REQUIRED"
    replayed: false
[20:18:28.700] [32mINFO[39m: [36mUniversal V1 TaskDraft mutation persisted[39m
    router: "web.taskDrafts"
    draftId: "946c3f1e-10c7-487d-b00d-8e666d398f7c"
    action: "link_contact"
    version: 2
    outcome: "ESTIMATE_REQUIRED"
    replayed: false
[20:18:38.945] [32mINFO[39m: [36mUniversal V1 TaskDraft mutation persisted[39m
    router: "web.taskDrafts"
    draftId: "f9b7f6e4-57f6-4ae1-a8db-dedb785006db"
    action: "create"
    version: 1
    outcome: "ESTIMATE_REQUIRED"
    replayed: false
[20:18:38.965] [32mINFO[39m: [36mUniversal V1 TaskDraft mutation persisted[39m
    router: "web.taskDrafts"
    draftId: "f9b7f6e4-57f6-4ae1-a8db-dedb785006db"
    action: "link_contact"
    version: 2
    outcome: "ESTIMATE_REQUIRED"
    replayed: false
[20:18:39.744] [32mINFO[39m: [36mUniversal V1 TaskDraft mutation persisted[39m
    router: "web.taskDrafts"
    draftId: "86056cae-0cb0-475a-86e5-889281d38748"
    action: "create"
    version: 1
    outcome: "ESTIMATE_REQUIRED"
    replayed: false
[20:18:39.764] [32mINFO[39m: [36mUniversal V1 TaskDraft mutation persisted[39m
    router: "web.taskDrafts"
    draftId: "86056cae-0cb0-475a-86e5-889281d38748"
    action: "link_contact"
    version: 2
    outcome: "ESTIMATE_REQUIRED"
    replayed: false
[20:18:40.589] [32mINFO[39m: [36mUniversal V1 TaskDraft mutation persisted[39m
    router: "web.taskDrafts"
    draftId: "37cb7b3e-93f2-4e0b-9de4-1eb5abd45f6f"
    action: "create"
    version: 1
    outcome: "ESTIMATE_REQUIRED"
    replayed: false
[20:18:40.609] [32mINFO[39m: [36mUniversal V1 TaskDraft mutation persisted[39m
    router: "web.taskDrafts"
    draftId: "37cb7b3e-93f2-4e0b-9de4-1eb5abd45f6f"
    action: "link_contact"
    version: 2
    outcome: "ESTIMATE_REQUIRED"
    replayed: false
[20:18:41.326] [32mINFO[39m: [36mUniversal V1 TaskDraft mutation persisted[39m
    router: "web.taskDrafts"
    draftId: "ab710e86-09ec-4084-b9b6-a794b510545f"
    action: "create"
    version: 1
    outcome: "ESTIMATE_REQUIRED"
    replayed: false
[20:18:41.349] [32mINFO[39m: [36mUniversal V1 TaskDraft mutation persisted[39m
    router: "web.taskDrafts"
    draftId: "ab710e86-09ec-4084-b9b6-a794b510545f"
    action: "link_contact"
    version: 2
    outcome: "ESTIMATE_REQUIRED"
    replayed: false
[20:18:41.961] [32mINFO[39m: [36mUniversal V1 TaskDraft mutation persisted[39m
    router: "web.taskDrafts"
    draftId: "4a6011bb-e72b-4dca-938d-6e17316647d3"
    action: "create"
    version: 1
    outcome: "ESTIMATE_REQUIRED"
    replayed: false
[20:18:41.982] [32mINFO[39m: [36mUniversal V1 TaskDraft mutation persisted[39m
    router: "web.taskDrafts"
    draftId: "4a6011bb-e72b-4dca-938d-6e17316647d3"
    action: "link_contact"
    version: 2
    outcome: "ESTIMATE_REQUIRED"
    replayed: false
[20:18:42.053] [32mINFO[39m: [36mUniversal V1 TaskDraft mutation persisted[39m
    router: "web.taskDrafts"
    draftId: "6c232f18-5cd5-4702-be62-6857d4daaa9c"
    action: "create"
    version: 1
    outcome: "ESTIMATE_REQUIRED"
    replayed: false
[20:18:42.072] [32mINFO[39m: [36mUniversal V1 TaskDraft mutation persisted[39m
    router: "web.taskDrafts"
    draftId: "6c232f18-5cd5-4702-be62-6857d4daaa9c"
    action: "link_contact"
    version: 2
    outcome: "ESTIMATE_REQUIRED"
    replayed: false
[20:18:42.719] [32mINFO[39m: [36mUniversal V1 TaskDraft mutation persisted[39m
    router: "web.taskDrafts"
    draftId: "56a6489f-2ba6-4884-a75a-efbf921972ee"
    action: "create"
    version: 1
    outcome: "ESTIMATE_REQUIRED"
    replayed: false
[20:18:42.738] [32mINFO[39m: [36mUniversal V1 TaskDraft mutation persisted[39m
    router: "web.taskDrafts"
    draftId: "56a6489f-2ba6-4884-a75a-efbf921972ee"
    action: "link_contact"
    version: 2
    outcome: "ESTIMATE_REQUIRED"
    replayed: false
[20:18:43.579] [32mINFO[39m: [36mUniversal V1 TaskDraft mutation persisted[39m
    router: "web.taskDrafts"
    draftId: "bd6a10a2-3a26-4bb2-aa47-9735f56cc25f"
    action: "create"
    version: 1
    outcome: "ESTIMATE_REQUIRED"
    replayed: false
[20:18:43.598] [32mINFO[39m: [36mUniversal V1 TaskDraft mutation persisted[39m
    router: "web.taskDrafts"
    draftId: "bd6a10a2-3a26-4bb2-aa47-9735f56cc25f"
    action: "link_contact"
    version: 2
    outcome: "ESTIMATE_REQUIRED"
    replayed: false
[20:18:44.252] [32mINFO[39m: [36mUniversal V1 TaskDraft mutation persisted[39m
    router: "web.taskDrafts"
    draftId: "c956eaa8-ee42-4f43-85ce-9b786af530a2"
    action: "create"
    version: 1
    outcome: "ESTIMATE_REQUIRED"
    replayed: false
[20:18:44.270] [32mINFO[39m: [36mUniversal V1 TaskDraft mutation persisted[39m
    router: "web.taskDrafts"
    draftId: "c956eaa8-ee42-4f43-85ce-9b786af530a2"
    action: "link_contact"
    version: 2
    outcome: "ESTIMATE_REQUIRED"
    replayed: false
[20:18:44.916] [32mINFO[39m: [36mUniversal V1 TaskDraft mutation persisted[39m
    router: "web.taskDrafts"
    draftId: "503a1c77-01d9-4482-a838-c87dd344f3d8"
    action: "create"
    version: 1
    outcome: "ESTIMATE_REQUIRED"
    replayed: false
[20:18:44.938] [32mINFO[39m: [36mUniversal V1 TaskDraft mutation persisted[39m
    router: "web.taskDrafts"
    draftId: "503a1c77-01d9-4482-a838-c87dd344f3d8"
    action: "link_contact"
    version: 2
    outcome: "ESTIMATE_REQUIRED"
    replayed: false
[20:18:45.189] [32mINFO[39m: [36mUniversal V1 TaskDraft mutation persisted[39m
    router: "web.taskDrafts"
    draftId: "c08a324d-3f8a-4536-8cbd-78e6d790fd63"
    action: "create"
    version: 1
    outcome: "ESTIMATE_REQUIRED"
    replayed: false
[20:18:45.208] [32mINFO[39m: [36mUniversal V1 TaskDraft mutation persisted[39m
    router: "web.taskDrafts"
    draftId: "c08a324d-3f8a-4536-8cbd-78e6d790fd63"
    action: "link_contact"
    version: 2
    outcome: "ESTIMATE_REQUIRED"
    replayed: false
[20:18:45.825] [32mINFO[39m: [36mUniversal V1 TaskDraft mutation persisted[39m
    router: "web.taskDrafts"
    draftId: "816a829b-eb79-4ae1-a665-d664039beb32"
    action: "create"
    version: 1
    outcome: "ESTIMATE_REQUIRED"
    replayed: false
[20:18:45.844] [32mINFO[39m: [36mUniversal V1 TaskDraft mutation persisted[39m
    router: "web.taskDrafts"
    draftId: "816a829b-eb79-4ae1-a665-d664039beb32"
    action: "link_contact"
    version: 2
    outcome: "ESTIMATE_REQUIRED"
    replayed: false
[20:18:46.093] [32mINFO[39m: [36mUniversal V1 TaskDraft mutation persisted[39m
    router: "web.taskDrafts"
    draftId: "50fcfec2-ece3-41bd-861c-001bb5ba3c94"
    action: "create"
    version: 1
    outcome: "ESTIMATE_REQUIRED"
    replayed: false
[20:18:46.114] [32mINFO[39m: [36mUniversal V1 TaskDraft mutation persisted[39m
    router: "web.taskDrafts"
    draftId: "50fcfec2-ece3-41bd-861c-001bb5ba3c94"
    action: "link_contact"
    version: 2
    outcome: "ESTIMATE_REQUIRED"
    replayed: false
[20:18:46.726] [32mINFO[39m: [36mUniversal V1 TaskDraft mutation persisted[39m
    router: "web.taskDrafts"
    draftId: "fb97b8de-5499-4b07-9cfe-3731d9b7faa9"
    action: "create"
    version: 1
    outcome: "ESTIMATE_REQUIRED"
    replayed: false
[20:18:46.746] [32mINFO[39m: [36mUniversal V1 TaskDraft mutation persisted[39m
    router: "web.taskDrafts"
    draftId: "fb97b8de-5499-4b07-9cfe-3731d9b7faa9"
    action: "link_contact"
    version: 2
    outcome: "ESTIMATE_REQUIRED"
    replayed: false
[20:18:47.023] [32mINFO[39m: [36mUniversal V1 TaskDraft mutation persisted[39m
    router: "web.taskDrafts"
    draftId: "5cf0f8aa-5d00-42b4-a4c6-f575204a9a1f"
    action: "create"
    version: 1
    outcome: "ESTIMATE_REQUIRED"
    replayed: false
[20:18:47.044] [32mINFO[39m: [36mUniversal V1 TaskDraft mutation persisted[39m
    router: "web.taskDrafts"
    draftId: "5cf0f8aa-5d00-42b4-a4c6-f575204a9a1f"
    action: "link_contact"
    version: 2
    outcome: "ESTIMATE_REQUIRED"
    replayed: false
[20:18:48.903] [32mINFO[39m: [36mUniversal V1 TaskDraft mutation persisted[39m
    router: "web.taskDrafts"
    draftId: "23bbdde6-47cd-4985-84b1-39369828af52"
    action: "create"
    version: 1
    outcome: "ESTIMATE_REQUIRED"
    replayed: false
[20:18:48.923] [32mINFO[39m: [36mUniversal V1 TaskDraft mutation persisted[39m
    router: "web.taskDrafts"
    draftId: "23bbdde6-47cd-4985-84b1-39369828af52"
    action: "link_contact"
    version: 2
    outcome: "ESTIMATE_REQUIRED"
    replayed: false
[20:18:49.185] [32mINFO[39m: [36mUniversal V1 TaskDraft mutation persisted[39m
    router: "web.taskDrafts"
    draftId: "bcce477b-9bfa-45b9-a5d0-8726d098538f"
    action: "create"
    version: 1
    outcome: "ESTIMATE_REQUIRED"
    replayed: false
[20:18:49.204] [32mINFO[39m: [36mUniversal V1 TaskDraft mutation persisted[39m
    router: "web.taskDrafts"
    draftId: "bcce477b-9bfa-45b9-a5d0-8726d098538f"
    action: "link_contact"
    version: 2
    outcome: "ESTIMATE_REQUIRED"
    replayed: false
[20:18:50.264] [32mINFO[39m: [36mUniversal V1 TaskDraft mutation persisted[39m
    router: "web.taskDrafts"
    draftId: "3895e046-cd93-4450-900b-926adcae86ff"
    action: "create"
    version: 1
    outcome: "ESTIMATE_REQUIRED"
    replayed: false
[20:18:50.290] [32mINFO[39m: [36mUniversal V1 TaskDraft mutation persisted[39m
    router: "web.taskDrafts"
    draftId: "3895e046-cd93-4450-900b-926adcae86ff"
    action: "link_contact"
    version: 2
    outcome: "ESTIMATE_REQUIRED"
    replayed: false
[20:18:51.225] [32mINFO[39m: [36mUniversal V1 TaskDraft mutation persisted[39m
    router: "web.taskDrafts"
    draftId: "455a8975-6876-4dec-bf43-5e6c099c5a9b"
    action: "create"
    version: 1
    outcome: "ESTIMATE_REQUIRED"
    replayed: false
[20:18:51.244] [32mINFO[39m: [36mUniversal V1 TaskDraft mutation persisted[39m
    router: "web.taskDrafts"
    draftId: "455a8975-6876-4dec-bf43-5e6c099c5a9b"
    action: "link_contact"
    version: 2
    outcome: "ESTIMATE_REQUIRED"
    replayed: false
[20:18:51.871] [32mINFO[39m: [36mUniversal V1 TaskDraft mutation persisted[39m
    router: "web.taskDrafts"
    draftId: "aa30546f-375b-4a3d-984b-4a590648aeb6"
    action: "create"
    version: 1
    outcome: "ESTIMATE_REQUIRED"
    replayed: false
[20:18:51.896] [32mINFO[39m: [36mUniversal V1 TaskDraft mutation persisted[39m
    router: "web.taskDrafts"
    draftId: "aa30546f-375b-4a3d-984b-4a590648aeb6"
    action: "link_contact"
    version: 2
    outcome: "ESTIMATE_REQUIRED"
    replayed: false
[20:18:52.713] [32mINFO[39m: [36mUniversal V1 TaskDraft mutation persisted[39m
    router: "web.taskDrafts"
    draftId: "5d556021-744a-458a-89ff-85d0255d20bc"
    action: "create"
    version: 1
    outcome: "ESTIMATE_REQUIRED"
    replayed: false
[20:18:52.738] [32mINFO[39m: [36mUniversal V1 TaskDraft mutation persisted[39m
    router: "web.taskDrafts"
    draftId: "5d556021-744a-458a-89ff-85d0255d20bc"
    action: "link_contact"
    version: 2
    outcome: "ESTIMATE_REQUIRED"
    replayed: false
[20:18:53.434] [32mINFO[39m: [36mUniversal V1 TaskDraft mutation persisted[39m
    router: "web.taskDrafts"
    draftId: "ad0667a3-d39d-4523-812f-675ff3aca87c"
    action: "create"
    version: 1
    outcome: "ESTIMATE_REQUIRED"
    replayed: false
[20:18:53.453] [32mINFO[39m: [36mUniversal V1 TaskDraft mutation persisted[39m
    router: "web.taskDrafts"
    draftId: "ad0667a3-d39d-4523-812f-675ff3aca87c"
    action: "link_contact"
    version: 2
    outcome: "ESTIMATE_REQUIRED"
    replayed: false
[20:18:54.106] [32mINFO[39m: [36mUniversal V1 TaskDraft mutation persisted[39m
    router: "web.taskDrafts"
    draftId: "5b8c7e4e-cbc6-4691-a3cd-97a2cfa74b64"
    action: "create"
    version: 1
    outcome: "ESTIMATE_REQUIRED"
    replayed: false
[20:18:54.130] [32mINFO[39m: [36mUniversal V1 TaskDraft mutation persisted[39m
    router: "web.taskDrafts"
    draftId: "5b8c7e4e-cbc6-4691-a3cd-97a2cfa74b64"
    action: "link_contact"
    version: 2
    outcome: "ESTIMATE_REQUIRED"
    replayed: false
[20:18:54.962] [32mINFO[39m: [36mUniversal V1 TaskDraft mutation persisted[39m
    router: "web.taskDrafts"
    draftId: "cbc02745-4b46-4477-b3a8-7a55ed3323d3"
    action: "create"
    version: 1
    outcome: "ESTIMATE_REQUIRED"
    replayed: false
[20:18:54.980] [32mINFO[39m: [36mUniversal V1 TaskDraft mutation persisted[39m
    router: "web.taskDrafts"
    draftId: "cbc02745-4b46-4477-b3a8-7a55ed3323d3"
    action: "link_contact"
    version: 2
    outcome: "ESTIMATE_REQUIRED"
    replayed: false
[20:18:55.594] [32mINFO[39m: [36mUniversal V1 TaskDraft mutation persisted[39m
    router: "web.taskDrafts"
    draftId: "b53e8f7c-bbcb-4a9e-bb57-471c2ff322ab"
    action: "create"
    version: 1
    outcome: "ESTIMATE_REQUIRED"
    replayed: false
[20:18:55.614] [32mINFO[39m: [36mUniversal V1 TaskDraft mutation persisted[39m
    router: "web.taskDrafts"
    draftId: "b53e8f7c-bbcb-4a9e-bb57-471c2ff322ab"
    action: "link_contact"
    version: 2
    outcome: "ESTIMATE_REQUIRED"
    replayed: false
[20:18:56.326] [32mINFO[39m: [36mUniversal V1 TaskDraft mutation persisted[39m
    router: "web.taskDrafts"
    draftId: "50e3a5e9-0902-49e8-841b-9bf32867025b"
    action: "create"
    version: 1
    outcome: "ESTIMATE_REQUIRED"
    replayed: false
[20:18:56.348] [32mINFO[39m: [36mUniversal V1 TaskDraft mutation persisted[39m
    router: "web.taskDrafts"
    draftId: "50e3a5e9-0902-49e8-841b-9bf32867025b"
    action: "link_contact"
    version: 2
    outcome: "ESTIMATE_REQUIRED"
    replayed: false
[20:18:57.167] [32mINFO[39m: [36mUniversal V1 TaskDraft mutation persisted[39m
    router: "web.taskDrafts"
    draftId: "13770e2c-cbdf-4f4e-a149-2a622b390fab"
    action: "create"
    version: 1
    outcome: "ESTIMATE_REQUIRED"
    replayed: false
[20:18:57.187] [32mINFO[39m: [36mUniversal V1 TaskDraft mutation persisted[39m
    router: "web.taskDrafts"
    draftId: "13770e2c-cbdf-4f4e-a149-2a622b390fab"
    action: "link_contact"
    version: 2
    outcome: "ESTIMATE_REQUIRED"
    replayed: false
[20:18:57.807] [32mINFO[39m: [36mUniversal V1 TaskDraft mutation persisted[39m
    router: "web.taskDrafts"
    draftId: "858cd877-7b5e-4534-b787-b42d0a37533f"
    action: "create"
    version: 1
    outcome: "ESTIMATE_REQUIRED"
    replayed: false
[20:18:57.826] [32mINFO[39m: [36mUniversal V1 TaskDraft mutation persisted[39m
    router: "web.taskDrafts"
    draftId: "858cd877-7b5e-4534-b787-b42d0a37533f"
    action: "link_contact"
    version: 2
    outcome: "ESTIMATE_REQUIRED"
    replayed: false
[20:18:58.793] [32mINFO[39m: [36mUniversal V1 TaskDraft mutation persisted[39m
    router: "web.taskDrafts"
    draftId: "d97edcf5-9cf9-47f1-909d-6449115a2dc1"
    action: "create"
    version: 1
    outcome: "ESTIMATE_REQUIRED"
    replayed: false
[20:18:58.814] [32mINFO[39m: [36mUniversal V1 TaskDraft mutation persisted[39m
    router: "web.taskDrafts"
    draftId: "d97edcf5-9cf9-47f1-909d-6449115a2dc1"
    action: "link_contact"
    version: 2
    outcome: "ESTIMATE_REQUIRED"
    replayed: false
[20:18:59.415] [32mINFO[39m: [36mUniversal V1 TaskDraft mutation persisted[39m
    router: "web.taskDrafts"
    draftId: "96211707-4a0c-46db-b282-f307a3553fa5"
    action: "create"
    version: 1
    outcome: "ESTIMATE_REQUIRED"
    replayed: false
[20:18:59.434] [32mINFO[39m: [36mUniversal V1 TaskDraft mutation persisted[39m
    router: "web.taskDrafts"
    draftId: "96211707-4a0c-46db-b282-f307a3553fa5"
    action: "link_contact"
    version: 2
    outcome: "ESTIMATE_REQUIRED"
    replayed: false
[20:19:00.118] [32mINFO[39m: [36mUniversal V1 TaskDraft mutation persisted[39m
    router: "web.taskDrafts"
    draftId: "7a212c51-e2e5-41e6-9579-d5a6fa848ec4"
    action: "create"
    version: 1
    outcome: "ESTIMATE_REQUIRED"
    replayed: false
[20:19:00.138] [32mINFO[39m: [36mUniversal V1 TaskDraft mutation persisted[39m
    router: "web.taskDrafts"
    draftId: "7a212c51-e2e5-41e6-9579-d5a6fa848ec4"
    action: "link_contact"
    version: 2
    outcome: "ESTIMATE_REQUIRED"
    replayed: false
[20:19:00.739] [32mINFO[39m: [36mUniversal V1 TaskDraft mutation persisted[39m
    router: "web.taskDrafts"
    draftId: "8a591f2b-147b-4afe-b14a-b8e6129ed251"
    action: "create"
    version: 1
    outcome: "ESTIMATE_REQUIRED"
    replayed: false
[20:19:00.757] [32mINFO[39m: [36mUniversal V1 TaskDraft mutation persisted[39m
    router: "web.taskDrafts"
    draftId: "8a591f2b-147b-4afe-b14a-b8e6129ed251"
    action: "link_contact"
    version: 2
    outcome: "ESTIMATE_REQUIRED"
    replayed: false
[20:24:01.405] [32mINFO[39m: [36mUniversal V1 TaskDraft mutation persisted[39m
    router: "web.taskDrafts"
    draftId: "ccfe0855-c0ad-4812-9452-1f89d30d9e8e"
    action: "create"
    version: 1
    outcome: "ESTIMATE_REQUIRED"
    replayed: false
[20:24:01.435] [32mINFO[39m: [36mUniversal V1 TaskDraft mutation persisted[39m
    router: "web.taskDrafts"
    draftId: "ccfe0855-c0ad-4812-9452-1f89d30d9e8e"
    action: "link_contact"
    version: 2
    outcome: "ESTIMATE_REQUIRED"
    replayed: false
[20:24:02.592] [32mINFO[39m: [36mUniversal V1 TaskDraft mutation persisted[39m
    router: "web.taskDrafts"
    draftId: "4a0df4b3-cc53-4f6e-ae1b-258d9a18d570"
    action: "create"
    version: 1
    outcome: "ESTIMATE_REQUIRED"
    replayed: false
[20:24:02.627] [32mINFO[39m: [36mUniversal V1 TaskDraft mutation persisted[39m
    router: "web.taskDrafts"
    draftId: "4a0df4b3-cc53-4f6e-ae1b-258d9a18d570"
    action: "link_contact"
    version: 2
    outcome: "ESTIMATE_REQUIRED"
    replayed: false
[20:24:03.591] [32mINFO[39m: [36mUniversal V1 TaskDraft mutation persisted[39m
    router: "web.taskDrafts"
    draftId: "50a8afdd-4360-4e2c-b7c4-682a5bf8f4bd"
    action: "create"
    version: 1
    outcome: "ESTIMATE_REQUIRED"
    replayed: false
[20:24:03.614] [32mINFO[39m: [36mUniversal V1 TaskDraft mutation persisted[39m
    router: "web.taskDrafts"
    draftId: "50a8afdd-4360-4e2c-b7c4-682a5bf8f4bd"
    action: "link_contact"
    version: 2
    outcome: "ESTIMATE_REQUIRED"
    replayed: false
[20:24:04.310] [32mINFO[39m: [36mUniversal V1 TaskDraft mutation persisted[39m
    router: "web.taskDrafts"
    draftId: "16d9cead-aa9f-4a80-9294-a21b6600ea0e"
    action: "create"
    version: 1
    outcome: "ESTIMATE_REQUIRED"
    replayed: false
[20:24:04.335] [32mINFO[39m: [36mUniversal V1 TaskDraft mutation persisted[39m
    router: "web.taskDrafts"
    draftId: "16d9cead-aa9f-4a80-9294-a21b6600ea0e"
    action: "link_contact"
    version: 2
    outcome: "ESTIMATE_REQUIRED"
    replayed: false
[20:24:04.978] [32mINFO[39m: [36mUniversal V1 TaskDraft mutation persisted[39m
    router: "web.taskDrafts"
    draftId: "3fba38ea-3738-4183-aab8-72c6e2961209"
    action: "create"
    version: 1
    outcome: "ESTIMATE_REQUIRED"
    replayed: false
[20:24:05.001] [32mINFO[39m: [36mUniversal V1 TaskDraft mutation persisted[39m
    router: "web.taskDrafts"
    draftId: "3fba38ea-3738-4183-aab8-72c6e2961209"
    action: "link_contact"
    version: 2
    outcome: "ESTIMATE_REQUIRED"
    replayed: false
[20:24:05.714] [32mINFO[39m: [36mUniversal V1 TaskDraft mutation persisted[39m
    router: "web.taskDrafts"
    draftId: "3a8120a8-8a09-4ecb-b2ce-12ba0e449431"
    action: "create"
    version: 1
    outcome: "ESTIMATE_REQUIRED"
    replayed: false
[20:24:05.736] [32mINFO[39m: [36mUniversal V1 TaskDraft mutation persisted[39m
    router: "web.taskDrafts"
    draftId: "3a8120a8-8a09-4ecb-b2ce-12ba0e449431"
    action: "link_contact"
    version: 2
    outcome: "ESTIMATE_REQUIRED"
    replayed: false
[20:24:06.343] [32mINFO[39m: [36mUniversal V1 TaskDraft mutation persisted[39m
    router: "web.taskDrafts"
    draftId: "f05dca04-2cc7-4625-8649-c609eaba3b4f"
    action: "create"
    version: 1
    outcome: "ESTIMATE_REQUIRED"
    replayed: false
[20:24:06.365] [32mINFO[39m: [36mUniversal V1 TaskDraft mutation persisted[39m
    router: "web.taskDrafts"
    draftId: "f05dca04-2cc7-4625-8649-c609eaba3b4f"
    action: "link_contact"
    version: 2
    outcome: "ESTIMATE_REQUIRED"
    replayed: false
[20:24:07.351] [32mINFO[39m: [36mUniversal V1 TaskDraft mutation persisted[39m
    router: "web.taskDrafts"
    draftId: "ffbcfbec-5d51-43d4-9674-1a80991c1fb4"
    action: "create"
    version: 1
    outcome: "ESTIMATE_REQUIRED"
    replayed: false
[20:24:07.373] [32mINFO[39m: [36mUniversal V1 TaskDraft mutation persisted[39m
    router: "web.taskDrafts"
    draftId: "ffbcfbec-5d51-43d4-9674-1a80991c1fb4"
    action: "link_contact"
    version: 2
    outcome: "ESTIMATE_REQUIRED"
    replayed: false
[20:24:08.344] [32mINFO[39m: [36mUniversal V1 TaskDraft mutation persisted[39m
    router: "web.taskDrafts"
    draftId: "48d5b94a-7dd3-4985-9518-f645b74cf7ac"
    action: "create"
    version: 1
    outcome: "ESTIMATE_REQUIRED"
    replayed: false
[20:24:08.363] [32mINFO[39m: [36mUniversal V1 TaskDraft mutation persisted[39m
    router: "web.taskDrafts"
    draftId: "48d5b94a-7dd3-4985-9518-f645b74cf7ac"
    action: "link_contact"
    version: 2
    outcome: "ESTIMATE_REQUIRED"
    replayed: false
[20:24:09.335] [32mINFO[39m: [36mUniversal V1 TaskDraft mutation persisted[39m
    router: "web.taskDrafts"
    draftId: "8e72e845-5643-4d6e-ae33-8be9a60de06e"
    action: "create"
    version: 1
    outcome: "ESTIMATE_REQUIRED"
    replayed: false
[20:24:09.355] [32mINFO[39m: [36mUniversal V1 TaskDraft mutation persisted[39m
    router: "web.taskDrafts"
    draftId: "8e72e845-5643-4d6e-ae33-8be9a60de06e"
    action: "link_contact"
    version: 2
    outcome: "ESTIMATE_REQUIRED"
    replayed: false
[20:24:10.233] [32mINFO[39m: [36mUniversal V1 TaskDraft mutation persisted[39m
    router: "web.taskDrafts"
    draftId: "b3309a69-476e-49ae-8ae9-818b40594874"
    action: "create"
    version: 1
    outcome: "ESTIMATE_REQUIRED"
    replayed: false
[20:24:10.255] [32mINFO[39m: [36mUniversal V1 TaskDraft mutation persisted[39m
    router: "web.taskDrafts"
    draftId: "b3309a69-476e-49ae-8ae9-818b40594874"
    action: "link_contact"
    version: 2
    outcome: "ESTIMATE_REQUIRED"
    replayed: false
[20:24:11.166] [32mINFO[39m: [36mUniversal V1 TaskDraft mutation persisted[39m
    router: "web.taskDrafts"
    draftId: "4e87a5ba-d1f5-45fe-bafe-1b85c8e5d7d4"
    action: "create"
    version: 1
    outcome: "ESTIMATE_REQUIRED"
    replayed: false
[20:24:11.187] [32mINFO[39m: [36mUniversal V1 TaskDraft mutation persisted[39m
    router: "web.taskDrafts"
    draftId: "4e87a5ba-d1f5-45fe-bafe-1b85c8e5d7d4"
    action: "link_contact"
    version: 2
    outcome: "ESTIMATE_REQUIRED"
    replayed: false
[20:24:12.058] [32mINFO[39m: [36mUniversal V1 TaskDraft mutation persisted[39m
    router: "web.taskDrafts"
    draftId: "202b22ed-2b9e-450c-a2ba-07118efeba66"
    action: "create"
    version: 1
    outcome: "ESTIMATE_REQUIRED"
    replayed: false
[20:24:12.082] [32mINFO[39m: [36mUniversal V1 TaskDraft mutation persisted[39m
    router: "web.taskDrafts"
    draftId: "202b22ed-2b9e-450c-a2ba-07118efeba66"
    action: "link_contact"
    version: 2
    outcome: "ESTIMATE_REQUIRED"
    replayed: false
[20:24:12.921] [32mINFO[39m: [36mUniversal V1 TaskDraft mutation persisted[39m
    router: "web.taskDrafts"
    draftId: "44dffce4-b2b4-4d7b-80bd-5ef0ab698e86"
    action: "create"
    version: 1
    outcome: "ESTIMATE_REQUIRED"
    replayed: false
[20:24:12.941] [32mINFO[39m: [36mUniversal V1 TaskDraft mutation persisted[39m
    router: "web.taskDrafts"
    draftId: "44dffce4-b2b4-4d7b-80bd-5ef0ab698e86"
    action: "link_contact"
    version: 2
    outcome: "ESTIMATE_REQUIRED"
    replayed: false
[20:24:13.788] [32mINFO[39m: [36mUniversal V1 TaskDraft mutation persisted[39m
    router: "web.taskDrafts"
    draftId: "1535d982-5d89-46e5-8cff-18791531d4f1"
    action: "create"
    version: 1
    outcome: "ESTIMATE_REQUIRED"
    replayed: false
[20:24:13.809] [32mINFO[39m: [36mUniversal V1 TaskDraft mutation persisted[39m
    router: "web.taskDrafts"
    draftId: "1535d982-5d89-46e5-8cff-18791531d4f1"
    action: "link_contact"
    version: 2
    outcome: "ESTIMATE_REQUIRED"
    replayed: false
[20:24:19.852] [32mINFO[39m: [36mUniversal V1 TaskDraft mutation persisted[39m
    router: "web.taskDrafts"
    draftId: "2145aa9a-4cf8-41f4-9274-523b63419c43"
    action: "create"
    version: 1
    outcome: "ESTIMATE_REQUIRED"
    replayed: false
[20:24:19.872] [32mINFO[39m: [36mUniversal V1 TaskDraft mutation persisted[39m
    router: "web.taskDrafts"
    draftId: "2145aa9a-4cf8-41f4-9274-523b63419c43"
    action: "link_contact"
    version: 2
    outcome: "ESTIMATE_REQUIRED"
    replayed: false
[20:24:30.708] [32mINFO[39m: [36mUniversal V1 TaskDraft mutation persisted[39m
    router: "web.taskDrafts"
    draftId: "b1e328ef-acd3-4101-a27b-63dbc6966e77"
    action: "create"
    version: 1
    outcome: "ESTIMATE_REQUIRED"
    replayed: false
[20:24:30.728] [32mINFO[39m: [36mUniversal V1 TaskDraft mutation persisted[39m
    router: "web.taskDrafts"
    draftId: "b1e328ef-acd3-4101-a27b-63dbc6966e77"
    action: "link_contact"
    version: 2
    outcome: "ESTIMATE_REQUIRED"
    replayed: false
[20:24:37.060] [32mINFO[39m: [36mUniversal V1 TaskDraft mutation persisted[39m
    router: "web.taskDrafts"
    draftId: "786d1dc0-1c91-45f4-a887-630285cf7b0b"
    action: "create"
    version: 1
    outcome: "ESTIMATE_REQUIRED"
    replayed: false
[20:24:37.080] [32mINFO[39m: [36mUniversal V1 TaskDraft mutation persisted[39m
    router: "web.taskDrafts"
    draftId: "786d1dc0-1c91-45f4-a887-630285cf7b0b"
    action: "link_contact"
    version: 2
    outcome: "ESTIMATE_REQUIRED"
    replayed: false
[20:24:48.156] [32mINFO[39m: [36mUniversal V1 TaskDraft mutation persisted[39m
    router: "web.taskDrafts"
    draftId: "c25c07dc-12b3-4f09-ba96-c8783efac8e2"
    action: "create"
    version: 1
    outcome: "ESTIMATE_REQUIRED"
    replayed: false
[20:24:48.191] [32mINFO[39m: [36mUniversal V1 TaskDraft mutation persisted[39m
    router: "web.taskDrafts"
    draftId: "c25c07dc-12b3-4f09-ba96-c8783efac8e2"
    action: "link_contact"
    version: 2
    outcome: "ESTIMATE_REQUIRED"
    replayed: false
[20:25:00.318] [32mINFO[39m: [36mUniversal V1 TaskDraft mutation persisted[39m
    router: "web.taskDrafts"
    draftId: "c082ac08-bb2f-4b55-a30d-0b9337d5c98b"
    action: "create"
    version: 1
    outcome: "ESTIMATE_REQUIRED"
    replayed: false
[20:25:00.337] [32mINFO[39m: [36mUniversal V1 TaskDraft mutation persisted[39m
    router: "web.taskDrafts"
    draftId: "c082ac08-bb2f-4b55-a30d-0b9337d5c98b"
    action: "link_contact"
    version: 2
    outcome: "ESTIMATE_REQUIRED"
    replayed: false
[20:25:06.306] [32mINFO[39m: [36mUniversal V1 TaskDraft mutation persisted[39m
    router: "web.taskDrafts"
    draftId: "e7045d96-117e-4a59-a1d8-977ac4f68815"
    action: "create"
    version: 1
    outcome: "ESTIMATE_REQUIRED"
    replayed: false
[20:25:06.326] [32mINFO[39m: [36mUniversal V1 TaskDraft mutation persisted[39m
    router: "web.taskDrafts"
    draftId: "e7045d96-117e-4a59-a1d8-977ac4f68815"
    action: "link_contact"
    version: 2
    outcome: "ESTIMATE_REQUIRED"
    replayed: false
[20:25:12.284] [32mINFO[39m: [36mUniversal V1 TaskDraft mutation persisted[39m
    router: "web.taskDrafts"
    draftId: "cd9809c6-612a-4a98-a6bf-828b0a03ffc2"
    action: "create"
    version: 1
    outcome: "ESTIMATE_REQUIRED"
    replayed: false
[20:25:12.304] [32mINFO[39m: [36mUniversal V1 TaskDraft mutation persisted[39m
    router: "web.taskDrafts"
    draftId: "cd9809c6-612a-4a98-a6bf-828b0a03ffc2"
    action: "link_contact"
    version: 2
    outcome: "ESTIMATE_REQUIRED"
    replayed: false
[20:25:18.273] [32mINFO[39m: [36mUniversal V1 TaskDraft mutation persisted[39m
    router: "web.taskDrafts"
    draftId: "8f676eac-8001-4713-a23d-a31af136e4c4"
    action: "create"
    version: 1
    outcome: "ESTIMATE_REQUIRED"
    replayed: false
[20:25:18.303] [32mINFO[39m: [36mUniversal V1 TaskDraft mutation persisted[39m
    router: "web.taskDrafts"
    draftId: "8f676eac-8001-4713-a23d-a31af136e4c4"
    action: "link_contact"
    version: 2
    outcome: "ESTIMATE_REQUIRED"
    replayed: false
[20:25:24.255] [32mINFO[39m: [36mUniversal V1 TaskDraft mutation persisted[39m
    router: "web.taskDrafts"
    draftId: "0ffe024f-8bc4-4007-bd16-576aabd53e29"
    action: "create"
    version: 1
    outcome: "ESTIMATE_REQUIRED"
    replayed: false
[20:25:24.283] [32mINFO[39m: [36mUniversal V1 TaskDraft mutation persisted[39m
    router: "web.taskDrafts"
    draftId: "0ffe024f-8bc4-4007-bd16-576aabd53e29"
    action: "link_contact"
    version: 2
    outcome: "ESTIMATE_REQUIRED"
    replayed: false
[20:25:30.376] [32mINFO[39m: [36mUniversal V1 TaskDraft mutation persisted[39m
    router: "web.taskDrafts"
    draftId: "7fcfcc19-0ece-4ea7-9cb9-8ba72309f8ca"
    action: "create"
    version: 1
    outcome: "ESTIMATE_REQUIRED"
    replayed: false
[20:25:30.397] [32mINFO[39m: [36mUniversal V1 TaskDraft mutation persisted[39m
    router: "web.taskDrafts"
    draftId: "7fcfcc19-0ece-4ea7-9cb9-8ba72309f8ca"
    action: "link_contact"
    version: 2
    outcome: "ESTIMATE_REQUIRED"
    replayed: false
[20:25:36.460] [32mINFO[39m: [36mUniversal V1 TaskDraft mutation persisted[39m
    router: "web.taskDrafts"
    draftId: "4572fa17-a5a0-450c-b181-ebfff2e87685"
    action: "create"
    version: 1
    outcome: "ESTIMATE_REQUIRED"
    replayed: false
[20:25:36.480] [32mINFO[39m: [36mUniversal V1 TaskDraft mutation persisted[39m
    router: "web.taskDrafts"
    draftId: "4572fa17-a5a0-450c-b181-ebfff2e87685"
    action: "link_contact"
    version: 2
    outcome: "ESTIMATE_REQUIRED"
    replayed: false
[20:25:42.542] [32mINFO[39m: [36mUniversal V1 TaskDraft mutation persisted[39m
    router: "web.taskDrafts"
    draftId: "edee856c-fdf6-49ca-a66f-3845d28866b4"
    action: "create"
    version: 1
    outcome: "ESTIMATE_REQUIRED"
    replayed: false
[20:25:42.562] [32mINFO[39m: [36mUniversal V1 TaskDraft mutation persisted[39m
    router: "web.taskDrafts"
    draftId: "edee856c-fdf6-49ca-a66f-3845d28866b4"
    action: "link_contact"
    version: 2
    outcome: "ESTIMATE_REQUIRED"
    replayed: false
[20:25:48.713] [32mINFO[39m: [36mUniversal V1 TaskDraft mutation persisted[39m
    router: "web.taskDrafts"
    draftId: "ac959be5-86a5-4f98-b385-3d405b9d244d"
    action: "create"
    version: 1
    outcome: "ESTIMATE_REQUIRED"
    replayed: false
[20:25:48.734] [32mINFO[39m: [36mUniversal V1 TaskDraft mutation persisted[39m
    router: "web.taskDrafts"
    draftId: "ac959be5-86a5-4f98-b385-3d405b9d244d"
    action: "link_contact"
    version: 2
    outcome: "ESTIMATE_REQUIRED"
    replayed: false
[20:25:55.171] [32mINFO[39m: [36mUniversal V1 TaskDraft mutation persisted[39m
    router: "web.taskDrafts"
    draftId: "440d1e43-8d8c-4d25-9674-edb8b97aaf27"
    action: "create"
    version: 1
    outcome: "ESTIMATE_REQUIRED"
    replayed: false
[20:25:55.220] [32mINFO[39m: [36mUniversal V1 TaskDraft mutation persisted[39m
    router: "web.taskDrafts"
    draftId: "440d1e43-8d8c-4d25-9674-edb8b97aaf27"
    action: "link_contact"
    version: 2
    outcome: "ESTIMATE_REQUIRED"
    replayed: false
[20:26:01.379] [32mINFO[39m: [36mUniversal V1 TaskDraft mutation persisted[39m
    router: "web.taskDrafts"
    draftId: "40be8bfa-2a9f-4bcb-ac45-847afe6e2a89"
    action: "create"
    version: 1
    outcome: "ESTIMATE_REQUIRED"
    replayed: false
[20:26:01.410] [32mINFO[39m: [36mUniversal V1 TaskDraft mutation persisted[39m
    router: "web.taskDrafts"
    draftId: "40be8bfa-2a9f-4bcb-ac45-847afe6e2a89"
    action: "link_contact"
    version: 2
    outcome: "ESTIMATE_REQUIRED"
    replayed: false
[20:26:12.410] [32mINFO[39m: [36mUniversal V1 TaskDraft mutation persisted[39m
    router: "web.taskDrafts"
    draftId: "d21aaa5e-7718-480c-bdee-dae66fe142d5"
    action: "create"
    version: 1
    outcome: "ESTIMATE_REQUIRED"
    replayed: false
[20:26:12.435] [32mINFO[39m: [36mUniversal V1 TaskDraft mutation persisted[39m
    router: "web.taskDrafts"
    draftId: "d21aaa5e-7718-480c-bdee-dae66fe142d5"
    action: "link_contact"
    version: 2
    outcome: "ESTIMATE_REQUIRED"
    replayed: false
[20:26:23.632] [32mINFO[39m: [36mUniversal V1 TaskDraft mutation persisted[39m
    router: "web.taskDrafts"
    draftId: "a9877a7c-6f49-4ad2-8cae-78e43ca82c7b"
    action: "create"
    version: 1
    outcome: "ESTIMATE_REQUIRED"
    replayed: false
[20:26:23.660] [32mINFO[39m: [36mUniversal V1 TaskDraft mutation persisted[39m
    router: "web.taskDrafts"
    draftId: "a9877a7c-6f49-4ad2-8cae-78e43ca82c7b"
    action: "link_contact"
    version: 2
    outcome: "ESTIMATE_REQUIRED"
    replayed: false
[20:26:29.760] [32mINFO[39m: [36mUniversal V1 TaskDraft mutation persisted[39m
    router: "web.taskDrafts"
    draftId: "ece25e75-8334-4c96-828c-6936e0aaa093"
    action: "create"
    version: 1
    outcome: "ESTIMATE_REQUIRED"
    replayed: false
[20:26:29.783] [32mINFO[39m: [36mUniversal V1 TaskDraft mutation persisted[39m
    router: "web.taskDrafts"
    draftId: "ece25e75-8334-4c96-828c-6936e0aaa093"
    action: "link_contact"
    version: 2
    outcome: "ESTIMATE_REQUIRED"
    replayed: false
[20:26:39.136] [32mINFO[39m: [36mUniversal V1 TaskDraft mutation persisted[39m
    router: "web.taskDrafts"
    draftId: "865473e7-1277-4c4e-ae81-383549014a3f"
    action: "create"
    version: 1
    outcome: "ESTIMATE_REQUIRED"
    replayed: false
[20:26:39.157] [32mINFO[39m: [36mUniversal V1 TaskDraft mutation persisted[39m
    router: "web.taskDrafts"
    draftId: "865473e7-1277-4c4e-ae81-383549014a3f"
    action: "link_contact"
    version: 2
    outcome: "ESTIMATE_REQUIRED"
    replayed: false
[20:26:48.569] [32mINFO[39m: [36mUniversal V1 TaskDraft mutation persisted[39m
    router: "web.taskDrafts"
    draftId: "ffa57f1d-6b67-4dd8-b09f-6efbfb631586"
    action: "create"
    version: 1
    outcome: "ESTIMATE_REQUIRED"
    replayed: false
[20:26:48.590] [32mINFO[39m: [36mUniversal V1 TaskDraft mutation persisted[39m
    router: "web.taskDrafts"
    draftId: "ffa57f1d-6b67-4dd8-b09f-6efbfb631586"
    action: "link_contact"
    version: 2
    outcome: "ESTIMATE_REQUIRED"
    replayed: false
[20:27:00.073] [32mINFO[39m: [36mUniversal V1 TaskDraft mutation persisted[39m
    router: "web.taskDrafts"
    draftId: "2427af9b-5be4-4369-812c-d5431b3a756b"
    action: "create"
    version: 1
    outcome: "ESTIMATE_REQUIRED"
    replayed: false
[20:27:00.096] [32mINFO[39m: [36mUniversal V1 TaskDraft mutation persisted[39m
    router: "web.taskDrafts"
    draftId: "2427af9b-5be4-4369-812c-d5431b3a756b"
    action: "link_contact"
    version: 2
    outcome: "ESTIMATE_REQUIRED"
    replayed: false
[20:27:06.072] [32mINFO[39m: [36mUniversal V1 TaskDraft mutation persisted[39m
    router: "web.taskDrafts"
    draftId: "f53b483d-632d-4692-9b9e-fe96c240583b"
    action: "create"
    version: 1
    outcome: "ESTIMATE_REQUIRED"
    replayed: false
[20:27:06.095] [32mINFO[39m: [36mUniversal V1 TaskDraft mutation persisted[39m
    router: "web.taskDrafts"
    draftId: "f53b483d-632d-4692-9b9e-fe96c240583b"
    action: "link_contact"
    version: 2
    outcome: "ESTIMATE_REQUIRED"
    replayed: false
[20:27:11.996] [32mINFO[39m: [36mUniversal V1 TaskDraft mutation persisted[39m
    router: "web.taskDrafts"
    draftId: "98440ed0-8be2-4a35-aa8d-07d604dc51f4"
    action: "create"
    version: 1
    outcome: "ESTIMATE_REQUIRED"
    replayed: false
[20:27:12.017] [32mINFO[39m: [36mUniversal V1 TaskDraft mutation persisted[39m
    router: "web.taskDrafts"
    draftId: "98440ed0-8be2-4a35-aa8d-07d604dc51f4"
    action: "link_contact"
    version: 2
    outcome: "ESTIMATE_REQUIRED"
    replayed: false
[20:27:17.914] [32mINFO[39m: [36mUniversal V1 TaskDraft mutation persisted[39m
    router: "web.taskDrafts"
    draftId: "19dfdd26-e634-43ba-a808-4a451181af70"
    action: "create"
    version: 1
    outcome: "ESTIMATE_REQUIRED"
    replayed: false
[20:27:17.940] [32mINFO[39m: [36mUniversal V1 TaskDraft mutation persisted[39m
    router: "web.taskDrafts"
    draftId: "19dfdd26-e634-43ba-a808-4a451181af70"
    action: "link_contact"
    version: 2
    outcome: "ESTIMATE_REQUIRED"
    replayed: false
[20:27:23.984] [32mINFO[39m: [36mUniversal V1 TaskDraft mutation persisted[39m
    router: "web.taskDrafts"
    draftId: "05956758-5ff2-4c8a-9b8d-aabe117dd9d4"
    action: "create"
    version: 1
    outcome: "ESTIMATE_REQUIRED"
    replayed: false
[20:27:24.006] [32mINFO[39m: [36mUniversal V1 TaskDraft mutation persisted[39m
    router: "web.taskDrafts"
    draftId: "05956758-5ff2-4c8a-9b8d-aabe117dd9d4"
    action: "link_contact"
    version: 2
    outcome: "ESTIMATE_REQUIRED"
    replayed: false
[20:27:30.143] [32mINFO[39m: [36mUniversal V1 TaskDraft mutation persisted[39m
    router: "web.taskDrafts"
    draftId: "68561f3a-aae2-481a-a838-33ac52c8bf94"
    action: "create"
    version: 1
    outcome: "ESTIMATE_REQUIRED"
    replayed: false
[20:27:30.165] [32mINFO[39m: [36mUniversal V1 TaskDraft mutation persisted[39m
    router: "web.taskDrafts"
    draftId: "68561f3a-aae2-481a-a838-33ac52c8bf94"
    action: "link_contact"
    version: 2
    outcome: "ESTIMATE_REQUIRED"
    replayed: false
[20:27:36.032] [32mINFO[39m: [36mUniversal V1 TaskDraft mutation persisted[39m
    router: "web.taskDrafts"
    draftId: "96da7693-b79e-4349-95d4-5385e2747bf8"
    action: "create"
    version: 1
    outcome: "ESTIMATE_REQUIRED"
    replayed: false
[20:27:36.056] [32mINFO[39m: [36mUniversal V1 TaskDraft mutation persisted[39m
    router: "web.taskDrafts"
    draftId: "96da7693-b79e-4349-95d4-5385e2747bf8"
    action: "link_contact"
    version: 2
    outcome: "ESTIMATE_REQUIRED"
    replayed: false
[20:27:41.949] [32mINFO[39m: [36mUniversal V1 TaskDraft mutation persisted[39m
    router: "web.taskDrafts"
    draftId: "fb6502ca-0a5a-4b7d-9a89-8d9ad42924a1"
    action: "create"
    version: 1
    outcome: "ESTIMATE_REQUIRED"
    replayed: false
[20:27:41.971] [32mINFO[39m: [36mUniversal V1 TaskDraft mutation persisted[39m
    router: "web.taskDrafts"
    draftId: "fb6502ca-0a5a-4b7d-9a89-8d9ad42924a1"
    action: "link_contact"
    version: 2
    outcome: "ESTIMATE_REQUIRED"
    replayed: false
[20:27:47.893] [32mINFO[39m: [36mUniversal V1 TaskDraft mutation persisted[39m
    router: "web.taskDrafts"
    draftId: "15bbb2b3-cb5a-46c3-8cdf-6a56ce511987"
    action: "create"
    version: 1
    outcome: "ESTIMATE_REQUIRED"
    replayed: false
[20:27:47.918] [32mINFO[39m: [36mUniversal V1 TaskDraft mutation persisted[39m
    router: "web.taskDrafts"
    draftId: "15bbb2b3-cb5a-46c3-8cdf-6a56ce511987"
    action: "link_contact"
    version: 2
    outcome: "ESTIMATE_REQUIRED"
    replayed: false
[20:27:55.177] [32mINFO[39m: [36mUniversal V1 TaskDraft mutation persisted[39m
    router: "web.taskDrafts"
    draftId: "2e9f39a4-43b1-424e-a1b1-26b4550f055f"
    action: "create"
    version: 1
    outcome: "ESTIMATE_REQUIRED"
    replayed: false
[20:27:55.199] [32mINFO[39m: [36mUniversal V1 TaskDraft mutation persisted[39m
    router: "web.taskDrafts"
    draftId: "2e9f39a4-43b1-424e-a1b1-26b4550f055f"
    action: "link_contact"
    version: 2
    outcome: "ESTIMATE_REQUIRED"
    replayed: false
[20:28:06.091] [32mINFO[39m: [36mUniversal V1 TaskDraft mutation persisted[39m
    router: "web.taskDrafts"
    draftId: "8054675d-4486-457d-9b03-b6f2d5dc823a"
    action: "create"
    version: 1
    outcome: "ESTIMATE_REQUIRED"
    replayed: false
[20:28:06.114] [32mINFO[39m: [36mUniversal V1 TaskDraft mutation persisted[39m
    router: "web.taskDrafts"
    draftId: "8054675d-4486-457d-9b03-b6f2d5dc823a"
    action: "link_contact"
    version: 2
    outcome: "ESTIMATE_REQUIRED"
    replayed: false
[20:28:11.938] [32mINFO[39m: [36mUniversal V1 TaskDraft mutation persisted[39m
    router: "web.taskDrafts"
    draftId: "800c53ba-9f1b-44d4-9b9c-8b973c3f11f3"
    action: "create"
    version: 1
    outcome: "ESTIMATE_REQUIRED"
    replayed: false
[20:28:11.964] [32mINFO[39m: [36mUniversal V1 TaskDraft mutation persisted[39m
    router: "web.taskDrafts"
    draftId: "800c53ba-9f1b-44d4-9b9c-8b973c3f11f3"
    action: "link_contact"
    version: 2
    outcome: "ESTIMATE_REQUIRED"
    replayed: false
[20:28:17.873] [32mINFO[39m: [36mUniversal V1 TaskDraft mutation persisted[39m
    router: "web.taskDrafts"
    draftId: "dc70beae-a0ad-42e5-864b-67fe6c2f6c7d"
    action: "create"
    version: 1
    outcome: "ESTIMATE_REQUIRED"
    replayed: false
[20:28:17.894] [32mINFO[39m: [36mUniversal V1 TaskDraft mutation persisted[39m
    router: "web.taskDrafts"
    draftId: "dc70beae-a0ad-42e5-864b-67fe6c2f6c7d"
    action: "link_contact"
    version: 2
    outcome: "ESTIMATE_REQUIRED"
    replayed: false
[20:28:24.145] [32mINFO[39m: [36mUniversal V1 TaskDraft mutation persisted[39m
    router: "web.taskDrafts"
    draftId: "a180de64-f271-4ee3-966a-b83982963f31"
    action: "create"
    version: 1
    outcome: "ESTIMATE_REQUIRED"
    replayed: false
[20:28:24.165] [32mINFO[39m: [36mUniversal V1 TaskDraft mutation persisted[39m
    router: "web.taskDrafts"
    draftId: "a180de64-f271-4ee3-966a-b83982963f31"
    action: "link_contact"
    version: 2
    outcome: "ESTIMATE_REQUIRED"
    replayed: false
[20:28:30.167] [32mINFO[39m: [36mUniversal V1 TaskDraft mutation persisted[39m
    router: "web.taskDrafts"
    draftId: "3a6d5e40-9a20-456c-8e3e-c13c3ca888f4"
    action: "create"
    version: 1
    outcome: "ESTIMATE_REQUIRED"
    replayed: false
[20:28:30.189] [32mINFO[39m: [36mUniversal V1 TaskDraft mutation persisted[39m
    router: "web.taskDrafts"
    draftId: "3a6d5e40-9a20-456c-8e3e-c13c3ca888f4"
    action: "link_contact"
    version: 2
    outcome: "ESTIMATE_REQUIRED"
    replayed: false
[20:28:36.086] [32mINFO[39m: [36mUniversal V1 TaskDraft mutation persisted[39m
    router: "web.taskDrafts"
    draftId: "ce46b669-7202-4c84-8ed1-aac094aabb03"
    action: "create"
    version: 1
    outcome: "ESTIMATE_REQUIRED"
    replayed: false
[20:28:36.107] [32mINFO[39m: [36mUniversal V1 TaskDraft mutation persisted[39m
    router: "web.taskDrafts"
    draftId: "ce46b669-7202-4c84-8ed1-aac094aabb03"
    action: "link_contact"
    version: 2
    outcome: "ESTIMATE_REQUIRED"
    replayed: false
[20:28:42.010] [32mINFO[39m: [36mUniversal V1 TaskDraft mutation persisted[39m
    router: "web.taskDrafts"
    draftId: "2b107071-b1fe-4d8f-abfb-92beba3de88d"
    action: "create"
    version: 1
    outcome: "ESTIMATE_REQUIRED"
    replayed: false
[20:28:42.033] [32mINFO[39m: [36mUniversal V1 TaskDraft mutation persisted[39m
    router: "web.taskDrafts"
    draftId: "2b107071-b1fe-4d8f-abfb-92beba3de88d"
    action: "link_contact"
    version: 2
    outcome: "ESTIMATE_REQUIRED"
    replayed: false
[20:28:48.152] [32mINFO[39m: [36mUniversal V1 TaskDraft mutation persisted[39m
    router: "web.taskDrafts"
    draftId: "17001801-593c-4029-a703-95a2e25fe607"
    action: "create"
    version: 1
    outcome: "ESTIMATE_REQUIRED"
    replayed: false
[20:28:48.182] [32mINFO[39m: [36mUniversal V1 TaskDraft mutation persisted[39m
    router: "web.taskDrafts"
    draftId: "17001801-593c-4029-a703-95a2e25fe607"
    action: "link_contact"
    version: 2
    outcome: "ESTIMATE_REQUIRED"
    replayed: false
[20:28:54.753] [32mINFO[39m: [36mUniversal V1 TaskDraft mutation persisted[39m
    router: "web.taskDrafts"
    draftId: "631c45a7-1ca6-4016-9d6c-6cc33af5ab25"
    action: "create"
    version: 1
    outcome: "ESTIMATE_REQUIRED"
    replayed: false
[20:28:54.779] [32mINFO[39m: [36mUniversal V1 TaskDraft mutation persisted[39m
    router: "web.taskDrafts"
    draftId: "631c45a7-1ca6-4016-9d6c-6cc33af5ab25"
    action: "link_contact"
    version: 2
    outcome: "ESTIMATE_REQUIRED"
    replayed: false
[20:29:05.782] [32mINFO[39m: [36mUniversal V1 TaskDraft mutation persisted[39m
    router: "web.taskDrafts"
    draftId: "2603f021-9a1e-499c-8b6c-0aba043cfa95"
    action: "create"
    version: 1
    outcome: "ESTIMATE_REQUIRED"
    replayed: false
[20:29:05.806] [32mINFO[39m: [36mUniversal V1 TaskDraft mutation persisted[39m
    router: "web.taskDrafts"
    draftId: "2603f021-9a1e-499c-8b6c-0aba043cfa95"
    action: "link_contact"
    version: 2
    outcome: "ESTIMATE_REQUIRED"
    replayed: false
[20:29:16.773] [32mINFO[39m: [36mUniversal V1 TaskDraft mutation persisted[39m
    router: "web.taskDrafts"
    draftId: "1d7f5ef8-ad98-49b6-905c-655fbc044ac3"
    action: "create"
    version: 1
    outcome: "ESTIMATE_REQUIRED"
    replayed: false
[20:29:16.793] [32mINFO[39m: [36mUniversal V1 TaskDraft mutation persisted[39m
    router: "web.taskDrafts"
    draftId: "1d7f5ef8-ad98-49b6-905c-655fbc044ac3"
    action: "link_contact"
    version: 2
    outcome: "ESTIMATE_REQUIRED"
    replayed: false
[20:29:22.768] [32mINFO[39m: [36mUniversal V1 TaskDraft mutation persisted[39m
    router: "web.taskDrafts"
    draftId: "0b70409e-cb20-4ed2-98d1-7e8250361774"
    action: "create"
    version: 1
    outcome: "ESTIMATE_REQUIRED"
    replayed: false
[20:29:22.788] [32mINFO[39m: [36mUniversal V1 TaskDraft mutation persisted[39m
    router: "web.taskDrafts"
    draftId: "0b70409e-cb20-4ed2-98d1-7e8250361774"
    action: "link_contact"
    version: 2
    outcome: "ESTIMATE_REQUIRED"
    replayed: false
[20:29:29.080] [32mINFO[39m: [36mUniversal V1 TaskDraft mutation persisted[39m
    router: "web.taskDrafts"
    draftId: "bcbb2fa3-065d-4c2a-8b4b-537bae028404"
    action: "create"
    version: 1
    outcome: "ESTIMATE_REQUIRED"
    replayed: false
[20:29:29.101] [32mINFO[39m: [36mUniversal V1 TaskDraft mutation persisted[39m
    router: "web.taskDrafts"
    draftId: "bcbb2fa3-065d-4c2a-8b4b-537bae028404"
    action: "link_contact"
    version: 2
    outcome: "ESTIMATE_REQUIRED"
    replayed: false
[20:29:35.058] [32mINFO[39m: [36mUniversal V1 TaskDraft mutation persisted[39m
    router: "web.taskDrafts"
    draftId: "99ef698d-571c-480a-8f71-2499088caf9d"
    action: "create"
    version: 1
    outcome: "ESTIMATE_REQUIRED"
    replayed: false
[20:29:35.080] [32mINFO[39m: [36mUniversal V1 TaskDraft mutation persisted[39m
    router: "web.taskDrafts"
    draftId: "99ef698d-571c-480a-8f71-2499088caf9d"
    action: "link_contact"
    version: 2
    outcome: "ESTIMATE_REQUIRED"
    replayed: false
[20:29:40.887] [32mINFO[39m: [36mUniversal V1 TaskDraft mutation persisted[39m
    router: "web.taskDrafts"
    draftId: "683b3c72-ef1c-41d2-8ffb-5a5c7d50151f"
    action: "create"
    version: 1
    outcome: "ESTIMATE_REQUIRED"
    replayed: false
[20:29:40.907] [32mINFO[39m: [36mUniversal V1 TaskDraft mutation persisted[39m
    router: "web.taskDrafts"
    draftId: "683b3c72-ef1c-41d2-8ffb-5a5c7d50151f"
    action: "link_contact"
    version: 2
    outcome: "ESTIMATE_REQUIRED"
    replayed: false
[20:29:46.782] [32mINFO[39m: [36mUniversal V1 TaskDraft mutation persisted[39m
    router: "web.taskDrafts"
    draftId: "4b7aa11a-d6d7-461e-9045-baadf797a81e"
    action: "create"
    version: 1
    outcome: "ESTIMATE_REQUIRED"
    replayed: false
[20:29:46.803] [32mINFO[39m: [36mUniversal V1 TaskDraft mutation persisted[39m
    router: "web.taskDrafts"
    draftId: "4b7aa11a-d6d7-461e-9045-baadf797a81e"
    action: "link_contact"
    version: 2
    outcome: "ESTIMATE_REQUIRED"
    replayed: false
[20:29:52.780] [32mINFO[39m: [36mUniversal V1 TaskDraft mutation persisted[39m
    router: "web.taskDrafts"
    draftId: "46d08152-9d0b-4305-b762-4c765962aa57"
    action: "create"
    version: 1
    outcome: "ESTIMATE_REQUIRED"
    replayed: false
[20:29:52.801] [32mINFO[39m: [36mUniversal V1 TaskDraft mutation persisted[39m
    router: "web.taskDrafts"
    draftId: "46d08152-9d0b-4305-b762-4c765962aa57"
    action: "link_contact"
    version: 2
    outcome: "ESTIMATE_REQUIRED"
    replayed: false
[20:29:59.094] [32mINFO[39m: [36mUniversal V1 TaskDraft mutation persisted[39m
    router: "web.taskDrafts"
    draftId: "98add89e-724e-4910-b72a-8f31905755d7"
    action: "create"
    version: 1
    outcome: "ESTIMATE_REQUIRED"
    replayed: false
[20:29:59.114] [32mINFO[39m: [36mUniversal V1 TaskDraft mutation persisted[39m
    router: "web.taskDrafts"
    draftId: "98add89e-724e-4910-b72a-8f31905755d7"
    action: "link_contact"
    version: 2
    outcome: "ESTIMATE_REQUIRED"
    replayed: false
[20:30:04.911] [32mINFO[39m: [36mUniversal V1 TaskDraft mutation persisted[39m
    router: "web.taskDrafts"
    draftId: "d440d026-9077-4781-a2ee-abf262cd8e1b"
    action: "create"
    version: 1
    outcome: "ESTIMATE_REQUIRED"
    replayed: false
[20:30:04.932] [32mINFO[39m: [36mUniversal V1 TaskDraft mutation persisted[39m
    router: "web.taskDrafts"
    draftId: "d440d026-9077-4781-a2ee-abf262cd8e1b"
    action: "link_contact"
    version: 2
    outcome: "ESTIMATE_REQUIRED"
    replayed: false
[20:30:10.840] [32mINFO[39m: [36mUniversal V1 TaskDraft mutation persisted[39m
    router: "web.taskDrafts"
    draftId: "60bdfaf5-e10d-472c-a322-8ac7c38dd9bb"
    action: "create"
    version: 1
    outcome: "ESTIMATE_REQUIRED"
    replayed: false
[20:30:10.871] [32mINFO[39m: [36mUniversal V1 TaskDraft mutation persisted[39m
    router: "web.taskDrafts"
    draftId: "60bdfaf5-e10d-472c-a322-8ac7c38dd9bb"
    action: "link_contact"
    version: 2
    outcome: "ESTIMATE_REQUIRED"
    replayed: false
[20:30:21.767] [32mINFO[39m: [36mUniversal V1 TaskDraft mutation persisted[39m
    router: "web.taskDrafts"
    draftId: "81120c8e-d7ed-4985-ac2c-e05297fa4ccf"
    action: "create"
    version: 1
    outcome: "ESTIMATE_REQUIRED"
    replayed: false
[20:30:21.787] [32mINFO[39m: [36mUniversal V1 TaskDraft mutation persisted[39m
    router: "web.taskDrafts"
    draftId: "81120c8e-d7ed-4985-ac2c-e05297fa4ccf"
    action: "link_contact"
    version: 2
    outcome: "ESTIMATE_REQUIRED"
    replayed: false
[20:30:32.618] [32mINFO[39m: [36mUniversal V1 TaskDraft mutation persisted[39m
    router: "web.taskDrafts"
    draftId: "5103894a-b317-4b56-aeb6-6ff80a43f469"
    action: "create"
    version: 1
    outcome: "ESTIMATE_REQUIRED"
    replayed: false
[20:30:32.639] [32mINFO[39m: [36mUniversal V1 TaskDraft mutation persisted[39m
    router: "web.taskDrafts"
    draftId: "5103894a-b317-4b56-aeb6-6ff80a43f469"
    action: "link_contact"
    version: 2
    outcome: "ESTIMATE_REQUIRED"
    replayed: false
[20:30:43.517] [32mINFO[39m: [36mUniversal V1 TaskDraft mutation persisted[39m
    router: "web.taskDrafts"
    draftId: "a22ba916-895f-4331-be0f-5bb317cb4858"
    action: "create"
    version: 1
    outcome: "ESTIMATE_REQUIRED"
    replayed: false
[20:30:43.539] [32mINFO[39m: [36mUniversal V1 TaskDraft mutation persisted[39m
    router: "web.taskDrafts"
    draftId: "a22ba916-895f-4331-be0f-5bb317cb4858"
    action: "link_contact"
    version: 2
    outcome: "ESTIMATE_REQUIRED"
    replayed: false
[20:30:54.444] [32mINFO[39m: [36mUniversal V1 TaskDraft mutation persisted[39m
    router: "web.taskDrafts"
    draftId: "4bf39e29-6720-4a58-92f5-68309a08a1eb"
    action: "create"
    version: 1
    outcome: "ESTIMATE_REQUIRED"
    replayed: false
[20:30:54.493] [32mINFO[39m: [36mUniversal V1 TaskDraft mutation persisted[39m
    router: "web.taskDrafts"
    draftId: "4bf39e29-6720-4a58-92f5-68309a08a1eb"
    action: "link_contact"
    version: 2
    outcome: "ESTIMATE_REQUIRED"
    replayed: false
[20:31:05.923] [32mINFO[39m: [36mUniversal V1 TaskDraft mutation persisted[39m
    router: "web.taskDrafts"
    draftId: "4069abce-0ebd-4c31-879f-9d54e41b94ef"
    action: "create"
    version: 1
    outcome: "ESTIMATE_REQUIRED"
    replayed: false
[20:31:05.945] [32mINFO[39m: [36mUniversal V1 TaskDraft mutation persisted[39m
    router: "web.taskDrafts"
    draftId: "4069abce-0ebd-4c31-879f-9d54e41b94ef"
    action: "link_contact"
    version: 2
    outcome: "ESTIMATE_REQUIRED"
    replayed: false
[20:31:13.441] [32mINFO[39m: [36mUniversal V1 TaskDraft mutation persisted[39m
    router: "web.taskDrafts"
    draftId: "12b75cc7-c4ac-44b7-8f71-86b939b7f71b"
    action: "create"
    version: 1
    outcome: "ESTIMATE_REQUIRED"
    replayed: false
[20:31:13.469] [32mINFO[39m: [36mUniversal V1 TaskDraft mutation persisted[39m
    router: "web.taskDrafts"
    draftId: "12b75cc7-c4ac-44b7-8f71-86b939b7f71b"
    action: "link_contact"
    version: 2
    outcome: "ESTIMATE_REQUIRED"
    replayed: false
[20:31:19.354] [32mINFO[39m: [36mUniversal V1 TaskDraft mutation persisted[39m
    router: "web.taskDrafts"
    draftId: "f2949a08-685e-4e25-b3ae-3ac56caaeb01"
    action: "create"
    version: 1
    outcome: "ESTIMATE_REQUIRED"
    replayed: false
[20:31:19.375] [32mINFO[39m: [36mUniversal V1 TaskDraft mutation persisted[39m
    router: "web.taskDrafts"
    draftId: "f2949a08-685e-4e25-b3ae-3ac56caaeb01"
    action: "link_contact"
    version: 2
    outcome: "ESTIMATE_REQUIRED"
    replayed: false
[20:31:25.234] [32mINFO[39m: [36mUniversal V1 TaskDraft mutation persisted[39m
    router: "web.taskDrafts"
    draftId: "345a2721-128c-40da-83a9-eeac11a1fe8a"
    action: "create"
    version: 1
    outcome: "ESTIMATE_REQUIRED"
    replayed: false
[20:31:25.255] [32mINFO[39m: [36mUniversal V1 TaskDraft mutation persisted[39m
    router: "web.taskDrafts"
    draftId: "345a2721-128c-40da-83a9-eeac11a1fe8a"
    action: "link_contact"
    version: 2
    outcome: "ESTIMATE_REQUIRED"
    replayed: false
[20:31:36.151] [32mINFO[39m: [36mUniversal V1 TaskDraft mutation persisted[39m
    router: "web.taskDrafts"
    draftId: "8188b11a-f183-480c-ad88-b888412b45a9"
    action: "create"
    version: 1
    outcome: "ESTIMATE_REQUIRED"
    replayed: false
[20:31:36.172] [32mINFO[39m: [36mUniversal V1 TaskDraft mutation persisted[39m
    router: "web.taskDrafts"
    draftId: "8188b11a-f183-480c-ad88-b888412b45a9"
    action: "link_contact"
    version: 2
    outcome: "ESTIMATE_REQUIRED"
    replayed: false
[20:31:36.790] [32mINFO[39m: [36mUniversal V1 TaskDraft mutation persisted[39m
    router: "web.taskDrafts"
    draftId: "29a8a2a0-7395-47a1-8140-e858b4f9a08f"
    action: "create"
    version: 1
    outcome: "ESTIMATE_REQUIRED"
    replayed: false
[20:31:36.810] [32mINFO[39m: [36mUniversal V1 TaskDraft mutation persisted[39m
    router: "web.taskDrafts"
    draftId: "29a8a2a0-7395-47a1-8140-e858b4f9a08f"
    action: "link_contact"
    version: 2
    outcome: "ESTIMATE_REQUIRED"
    replayed: false
[20:31:42.195] [32mINFO[39m: [36mUniversal V1 TaskDraft mutation persisted[39m
    router: "web.taskDrafts"
    draftId: "87c8a69e-dbff-44f7-a750-68d571d98935"
    action: "create"
    version: 1
    outcome: "ESTIMATE_REQUIRED"
    replayed: false
[20:31:42.216] [32mINFO[39m: [36mUniversal V1 TaskDraft mutation persisted[39m
    router: "web.taskDrafts"
    draftId: "87c8a69e-dbff-44f7-a750-68d571d98935"
    action: "link_contact"
    version: 2
    outcome: "ESTIMATE_REQUIRED"
    replayed: false
[20:31:49.722] [32mINFO[39m: [36mUniversal V1 TaskDraft mutation persisted[39m
    router: "web.taskDrafts"
    draftId: "a016bec7-d2dd-4f19-bb1e-69b195d1b8d7"
    action: "create"
    version: 1
    outcome: "ESTIMATE_REQUIRED"
    replayed: false
[20:31:49.742] [32mINFO[39m: [36mUniversal V1 TaskDraft mutation persisted[39m
    router: "web.taskDrafts"
    draftId: "a016bec7-d2dd-4f19-bb1e-69b195d1b8d7"
    action: "link_contact"
    version: 2
    outcome: "ESTIMATE_REQUIRED"
    replayed: false
[20:31:56.073] [32mINFO[39m: [36mUniversal V1 TaskDraft mutation persisted[39m
    router: "web.taskDrafts"
    draftId: "f69e6316-87bf-4701-a484-20a974d043f4"
    action: "create"
    version: 1
    outcome: "ESTIMATE_REQUIRED"
    replayed: false
[20:31:56.096] [32mINFO[39m: [36mUniversal V1 TaskDraft mutation persisted[39m
    router: "web.taskDrafts"
    draftId: "f69e6316-87bf-4701-a484-20a974d043f4"
    action: "link_contact"
    version: 2
    outcome: "ESTIMATE_REQUIRED"
    replayed: false
[20:32:02.003] [32mINFO[39m: [36mUniversal V1 TaskDraft mutation persisted[39m
    router: "web.taskDrafts"
    draftId: "b668e36b-5e1b-471e-8cbf-32febd3ea2b1"
    action: "create"
    version: 1
    outcome: "ESTIMATE_REQUIRED"
    replayed: false
[20:32:02.027] [32mINFO[39m: [36mUniversal V1 TaskDraft mutation persisted[39m
    router: "web.taskDrafts"
    draftId: "b668e36b-5e1b-471e-8cbf-32febd3ea2b1"
    action: "link_contact"
    version: 2
    outcome: "ESTIMATE_REQUIRED"
    replayed: false
[20:32:07.945] [32mINFO[39m: [36mUniversal V1 TaskDraft mutation persisted[39m
    router: "web.taskDrafts"
    draftId: "dc2831fa-bd11-490f-9859-0475396fe82f"
    action: "create"
    version: 1
    outcome: "ESTIMATE_REQUIRED"
    replayed: false
[20:32:07.967] [32mINFO[39m: [36mUniversal V1 TaskDraft mutation persisted[39m
    router: "web.taskDrafts"
    draftId: "dc2831fa-bd11-490f-9859-0475396fe82f"
    action: "link_contact"
    version: 2
    outcome: "ESTIMATE_REQUIRED"
    replayed: false
[20:32:08.895] [32mINFO[39m: [36mUniversal V1 TaskDraft mutation persisted[39m
    router: "web.taskDrafts"
    draftId: "47decde2-16de-4bf7-ad3d-843f045be931"
    action: "create"
    version: 1
    outcome: "ESTIMATE_REQUIRED"
    replayed: false
[20:32:08.917] [32mINFO[39m: [36mUniversal V1 TaskDraft mutation persisted[39m
    router: "web.taskDrafts"
    draftId: "47decde2-16de-4bf7-ad3d-843f045be931"
    action: "link_contact"
    version: 2
    outcome: "ESTIMATE_REQUIRED"
    replayed: false
[20:32:14.730] [32mINFO[39m: [36mUniversal V1 TaskDraft mutation persisted[39m
    router: "web.taskDrafts"
    draftId: "381498a4-384d-4029-aea6-bcd55cfe1db8"
    action: "create"
    version: 1
    outcome: "ESTIMATE_REQUIRED"
    replayed: false
[20:32:14.750] [32mINFO[39m: [36mUniversal V1 TaskDraft mutation persisted[39m
    router: "web.taskDrafts"
    draftId: "381498a4-384d-4029-aea6-bcd55cfe1db8"
    action: "link_contact"
    version: 2
    outcome: "ESTIMATE_REQUIRED"
    replayed: false
[20:32:15.568] [32mINFO[39m: [36mUniversal V1 TaskDraft mutation persisted[39m
    router: "web.taskDrafts"
    draftId: "b8b347c5-26f6-4f8f-a247-8dbfad437781"
    action: "create"
    version: 1
    outcome: "ESTIMATE_REQUIRED"
    replayed: false
[20:32:15.588] [32mINFO[39m: [36mUniversal V1 TaskDraft mutation persisted[39m
    router: "web.taskDrafts"
    draftId: "b8b347c5-26f6-4f8f-a247-8dbfad437781"
    action: "link_contact"
    version: 2
    outcome: "ESTIMATE_REQUIRED"
    replayed: false
[20:32:21.411] [32mINFO[39m: [36mUniversal V1 TaskDraft mutation persisted[39m
    router: "web.taskDrafts"
    draftId: "424901ae-6658-41ee-8330-aa5de132213e"
    action: "create"
    version: 1
    outcome: "ESTIMATE_REQUIRED"
    replayed: false
[20:32:21.432] [32mINFO[39m: [36mUniversal V1 TaskDraft mutation persisted[39m
    router: "web.taskDrafts"
    draftId: "424901ae-6658-41ee-8330-aa5de132213e"
    action: "link_contact"
    version: 2
    outcome: "ESTIMATE_REQUIRED"
    replayed: false
[20:32:27.412] [32mINFO[39m: [36mUniversal V1 TaskDraft mutation persisted[39m
    router: "web.taskDrafts"
    draftId: "e6c7e03c-a0ff-45df-bc6c-0c1fbb62e227"
    action: "create"
    version: 1
    outcome: "ESTIMATE_REQUIRED"
    replayed: false
[20:32:27.432] [32mINFO[39m: [36mUniversal V1 TaskDraft mutation persisted[39m
    router: "web.taskDrafts"
    draftId: "e6c7e03c-a0ff-45df-bc6c-0c1fbb62e227"
    action: "link_contact"
    version: 2
    outcome: "ESTIMATE_REQUIRED"
    replayed: false
[20:32:38.521] [32mINFO[39m: [36mUniversal V1 TaskDraft mutation persisted[39m
    router: "web.taskDrafts"
    draftId: "d4d82eda-f0f5-4364-be4d-02b95045f82f"
    action: "create"
    version: 1
    outcome: "ESTIMATE_REQUIRED"
    replayed: false
[20:32:38.552] [32mINFO[39m: [36mUniversal V1 TaskDraft mutation persisted[39m
    router: "web.taskDrafts"
    draftId: "d4d82eda-f0f5-4364-be4d-02b95045f82f"
    action: "link_contact"
    version: 2
    outcome: "ESTIMATE_REQUIRED"
    replayed: false
[20:32:39.662] [32mINFO[39m: [36mUniversal V1 TaskDraft mutation persisted[39m
    router: "web.taskDrafts"
    draftId: "d930e104-5b9c-43b3-bf93-298746376489"
    action: "create"
    version: 1
    outcome: "ESTIMATE_REQUIRED"
    replayed: false
[20:32:39.686] [32mINFO[39m: [36mUniversal V1 TaskDraft mutation persisted[39m
    router: "web.taskDrafts"
    draftId: "d930e104-5b9c-43b3-bf93-298746376489"
    action: "link_contact"
    version: 2
    outcome: "ESTIMATE_REQUIRED"
    replayed: false
[20:32:41.031] [32mINFO[39m: [36mUniversal V1 TaskDraft mutation persisted[39m
    router: "web.taskDrafts"
    draftId: "80901e65-8aa6-454a-b4c0-6d3fd428358d"
    action: "create"
    version: 1
    outcome: "ESTIMATE_REQUIRED"
    replayed: false
[20:32:41.056] [32mINFO[39m: [36mUniversal V1 TaskDraft mutation persisted[39m
    router: "web.taskDrafts"
    draftId: "80901e65-8aa6-454a-b4c0-6d3fd428358d"
    action: "link_contact"
    version: 2
    outcome: "ESTIMATE_REQUIRED"
    replayed: false
[20:32:42.069] [32mINFO[39m: [36mUniversal V1 TaskDraft mutation persisted[39m
    router: "web.taskDrafts"
    draftId: "da85302d-8932-4c83-9729-75418008a31d"
    action: "create"
    version: 1
    outcome: "ESTIMATE_REQUIRED"
    replayed: false
[20:32:42.089] [32mINFO[39m: [36mUniversal V1 TaskDraft mutation persisted[39m
    router: "web.taskDrafts"
    draftId: "da85302d-8932-4c83-9729-75418008a31d"
    action: "link_contact"
    version: 2
    outcome: "ESTIMATE_REQUIRED"
    replayed: false
[20:32:44.827] [32mINFO[39m: [36mUniversal V1 TaskDraft mutation persisted[39m
    router: "web.taskDrafts"
    draftId: "a791fc27-17cf-45fc-8b4b-adf88f01919b"
    action: "create"
    version: 1
    outcome: "ESTIMATE_REQUIRED"
    replayed: false
[20:32:44.857] [32mINFO[39m: [36mUniversal V1 TaskDraft mutation persisted[39m
    router: "web.taskDrafts"
    draftId: "a791fc27-17cf-45fc-8b4b-adf88f01919b"
    action: "link_contact"
    version: 2
    outcome: "ESTIMATE_REQUIRED"
    replayed: false
[20:32:45.918] [32mINFO[39m: [36mUniversal V1 TaskDraft mutation persisted[39m
    router: "web.taskDrafts"
    draftId: "ede9a719-1f53-458a-8f93-7d62865da46a"
    action: "create"
    version: 1
    outcome: "ESTIMATE_REQUIRED"
    replayed: false
[20:32:45.938] [32mINFO[39m: [36mUniversal V1 TaskDraft mutation persisted[39m
    router: "web.taskDrafts"
    draftId: "ede9a719-1f53-458a-8f93-7d62865da46a"
    action: "link_contact"
    version: 2
    outcome: "ESTIMATE_REQUIRED"
    replayed: false
[20:32:55.811] [32mINFO[39m: [36mUniversal V1 TaskDraft mutation persisted[39m
    router: "web.taskDrafts"
    draftId: "56c82ab9-d639-4073-b8b1-c515e5459a2d"
    action: "create"
    version: 1
    outcome: "ESTIMATE_REQUIRED"
    replayed: false
[20:32:55.831] [32mINFO[39m: [36mUniversal V1 TaskDraft mutation persisted[39m
    router: "web.taskDrafts"
    draftId: "56c82ab9-d639-4073-b8b1-c515e5459a2d"
    action: "link_contact"
    version: 2
    outcome: "ESTIMATE_REQUIRED"
    replayed: false
[20:32:58.536] [32mINFO[39m: [36mUniversal V1 TaskDraft mutation persisted[39m
    router: "web.taskDrafts"
    draftId: "db82bc20-c953-4606-a671-0afe62b09d89"
    action: "create"
    version: 1
    outcome: "ESTIMATE_REQUIRED"
    replayed: false
[20:32:58.557] [32mINFO[39m: [36mUniversal V1 TaskDraft mutation persisted[39m
    router: "web.taskDrafts"
    draftId: "db82bc20-c953-4606-a671-0afe62b09d89"
    action: "link_contact"
    version: 2
    outcome: "ESTIMATE_REQUIRED"
    replayed: false
[20:33:02.355] [32mINFO[39m: [36mUniversal V1 TaskDraft mutation persisted[39m
    router: "web.taskDrafts"
    draftId: "f9e13ab3-ec07-41a9-a08d-2afa036f1a42"
    action: "create"
    version: 1
    outcome: "ESTIMATE_REQUIRED"
    replayed: false
[20:33:02.376] [32mINFO[39m: [36mUniversal V1 TaskDraft mutation persisted[39m
    router: "web.taskDrafts"
    draftId: "f9e13ab3-ec07-41a9-a08d-2afa036f1a42"
    action: "link_contact"
    version: 2
    outcome: "ESTIMATE_REQUIRED"
    replayed: false
[20:33:07.785] [32mINFO[39m: [36mUniversal V1 TaskDraft mutation persisted[39m
    router: "web.taskDrafts"
    draftId: "5dd6f0ff-b76e-45f8-beb1-9f262b52d6db"
    action: "create"
    version: 1
    outcome: "ESTIMATE_REQUIRED"
    replayed: false
[20:33:07.816] [32mINFO[39m: [36mUniversal V1 TaskDraft mutation persisted[39m
    router: "web.taskDrafts"
    draftId: "5dd6f0ff-b76e-45f8-beb1-9f262b52d6db"
    action: "link_contact"
    version: 2
    outcome: "ESTIMATE_REQUIRED"
    replayed: false
[20:33:13.357] [32mINFO[39m: [36mUniversal V1 TaskDraft mutation persisted[39m
    router: "web.taskDrafts"
    draftId: "4923408d-8604-4b46-a59d-a3c8e59c1156"
    action: "create"
    version: 1
    outcome: "ESTIMATE_REQUIRED"
    replayed: false
[20:33:13.376] [32mINFO[39m: [36mUniversal V1 TaskDraft mutation persisted[39m
    router: "web.taskDrafts"
    draftId: "4923408d-8604-4b46-a59d-a3c8e59c1156"
    action: "link_contact"
    version: 2
    outcome: "ESTIMATE_REQUIRED"
    replayed: false
[20:33:16.939] [32mINFO[39m: [36mUniversal V1 TaskDraft mutation persisted[39m
    router: "web.taskDrafts"
    draftId: "cc57d7f5-cda9-487b-9d57-7571551aae80"
    action: "create"
    version: 1
    outcome: "ESTIMATE_REQUIRED"
    replayed: false
[20:33:16.960] [32mINFO[39m: [36mUniversal V1 TaskDraft mutation persisted[39m
    router: "web.taskDrafts"
    draftId: "cc57d7f5-cda9-487b-9d57-7571551aae80"
    action: "link_contact"
    version: 2
    outcome: "ESTIMATE_REQUIRED"
    replayed: false
[20:33:20.207] [32mINFO[39m: [36mUniversal V1 TaskDraft mutation persisted[39m
    router: "web.taskDrafts"
    draftId: "f327d37b-760e-491e-8be8-9a1ca1c0f6b9"
    action: "create"
    version: 1
    outcome: "ESTIMATE_REQUIRED"
    replayed: false
[20:33:20.234] [32mINFO[39m: [36mUniversal V1 TaskDraft mutation persisted[39m
    router: "web.taskDrafts"
    draftId: "f327d37b-760e-491e-8be8-9a1ca1c0f6b9"
    action: "link_contact"
    version: 2
    outcome: "ESTIMATE_REQUIRED"
    replayed: false
[20:33:23.392] [32mINFO[39m: [36mUniversal V1 TaskDraft mutation persisted[39m
    router: "web.taskDrafts"
    draftId: "26ea3fba-344b-4a75-950e-01e51414dcc3"
    action: "create"
    version: 1
    outcome: "ESTIMATE_REQUIRED"
    replayed: false
[20:33:23.413] [32mINFO[39m: [36mUniversal V1 TaskDraft mutation persisted[39m
    router: "web.taskDrafts"
    draftId: "26ea3fba-344b-4a75-950e-01e51414dcc3"
    action: "link_contact"
    version: 2
    outcome: "ESTIMATE_REQUIRED"
    replayed: false
[20:33:26.548] [32mINFO[39m: [36mUniversal V1 TaskDraft mutation persisted[39m
    router: "web.taskDrafts"
    draftId: "456fb8bc-897d-418f-9a2f-b16431a19c41"
    action: "create"
    version: 1
    outcome: "ESTIMATE_REQUIRED"
    replayed: false
[20:33:26.573] [32mINFO[39m: [36mUniversal V1 TaskDraft mutation persisted[39m
    router: "web.taskDrafts"
    draftId: "456fb8bc-897d-418f-9a2f-b16431a19c41"
    action: "link_contact"
    version: 2
    outcome: "ESTIMATE_REQUIRED"
    replayed: false
[20:33:29.724] [32mINFO[39m: [36mUniversal V1 TaskDraft mutation persisted[39m
    router: "web.taskDrafts"
    draftId: "7343de19-a095-4415-9c18-b56379a1afc9"
    action: "create"
    version: 1
    outcome: "ESTIMATE_REQUIRED"
    replayed: false
[20:33:29.751] [32mINFO[39m: [36mUniversal V1 TaskDraft mutation persisted[39m
    router: "web.taskDrafts"
    draftId: "7343de19-a095-4415-9c18-b56379a1afc9"
    action: "link_contact"
    version: 2
    outcome: "ESTIMATE_REQUIRED"
    replayed: false
[20:33:29.935] [32mINFO[39m: [36mUniversal V1 TaskDraft mutation persisted[39m
    router: "web.taskDrafts"
    draftId: "12aced6a-f0b2-4316-b50d-bb607a0c9622"
    action: "create"
    version: 1
    outcome: "ESTIMATE_REQUIRED"
    replayed: false
[20:33:29.961] [32mINFO[39m: [36mUniversal V1 TaskDraft mutation persisted[39m
    router: "web.taskDrafts"
    draftId: "12aced6a-f0b2-4316-b50d-bb607a0c9622"
    action: "link_contact"
    version: 2
    outcome: "ESTIMATE_REQUIRED"
    replayed: false
[20:33:30.138] [32mINFO[39m: [36mUniversal V1 TaskDraft mutation persisted[39m
    router: "web.taskDrafts"
    draftId: "09875d2b-3846-4a19-9a01-394b88a6b642"
    action: "create"
    version: 1
    outcome: "ESTIMATE_REQUIRED"
    replayed: false
[20:33:30.170] [32mINFO[39m: [36mUniversal V1 TaskDraft mutation persisted[39m
    router: "web.taskDrafts"
    draftId: "09875d2b-3846-4a19-9a01-394b88a6b642"
    action: "link_contact"
    version: 2
    outcome: "ESTIMATE_REQUIRED"
    replayed: false
[20:33:30.337] [32mINFO[39m: [36mUniversal V1 TaskDraft mutation persisted[39m
    router: "web.taskDrafts"
    draftId: "f0f2e928-0809-4f24-8b39-531e2291f842"
    action: "create"
    version: 1
    outcome: "ESTIMATE_REQUIRED"
    replayed: false
[20:33:30.361] [32mINFO[39m: [36mUniversal V1 TaskDraft mutation persisted[39m
    router: "web.taskDrafts"
    draftId: "f0f2e928-0809-4f24-8b39-531e2291f842"
    action: "link_contact"
    version: 2
    outcome: "ESTIMATE_REQUIRED"
    replayed: false
[20:33:30.600] [32mINFO[39m: [36mUniversal V1 TaskDraft mutation persisted[39m
    router: "web.taskDrafts"
    draftId: "96146801-687e-4e38-9652-78730f68a908"
    action: "create"
    version: 1
    outcome: "ESTIMATE_REQUIRED"
    replayed: false
[20:33:30.629] [32mINFO[39m: [36mUniversal V1 TaskDraft mutation persisted[39m
    router: "web.taskDrafts"
    draftId: "96146801-687e-4e38-9652-78730f68a908"
    action: "link_contact"
    version: 2
    outcome: "ESTIMATE_REQUIRED"
    replayed: false
[20:33:33.849] [32mINFO[39m: [36mUniversal V1 TaskDraft mutation persisted[39m
    router: "web.taskDrafts"
    draftId: "86b3e643-249a-4248-bf74-3d6a1b5693b0"
    action: "create"
    version: 1
    outcome: "ESTIMATE_REQUIRED"
    replayed: false
[20:33:33.877] [32mINFO[39m: [36mUniversal V1 TaskDraft mutation persisted[39m
    router: "web.taskDrafts"
    draftId: "86b3e643-249a-4248-bf74-3d6a1b5693b0"
    action: "link_contact"
    version: 2
    outcome: "ESTIMATE_REQUIRED"
    replayed: false
[20:33:38.663] [32mINFO[39m: [36mUniversal V1 TaskDraft mutation persisted[39m
    router: "web.taskDrafts"
    draftId: "0f7c1c44-4cac-49bd-93dd-11f4164c49fd"
    action: "create"
    version: 1
    outcome: "ESTIMATE_REQUIRED"
    replayed: false
[20:33:38.688] [32mINFO[39m: [36mUniversal V1 TaskDraft mutation persisted[39m
    router: "web.taskDrafts"
    draftId: "0f7c1c44-4cac-49bd-93dd-11f4164c49fd"
    action: "link_contact"
    version: 2
    outcome: "ESTIMATE_REQUIRED"
    replayed: false
[20:33:41.820] [32mINFO[39m: [36mUniversal V1 TaskDraft mutation persisted[39m
    router: "web.taskDrafts"
    draftId: "344eb982-e454-422b-98c4-e45b0c124be9"
    action: "create"
    version: 1
    outcome: "ESTIMATE_REQUIRED"
    replayed: false
[20:33:41.839] [32mINFO[39m: [36mUniversal V1 TaskDraft mutation persisted[39m
    router: "web.taskDrafts"
    draftId: "344eb982-e454-422b-98c4-e45b0c124be9"
    action: "link_contact"
    version: 2
    outcome: "ESTIMATE_REQUIRED"
    replayed: false
[20:33:41.924] [32mINFO[39m: [36mUniversal V1 TaskDraft mutation persisted[39m
    router: "web.taskDrafts"
    draftId: "b1c60dd4-5caa-453e-b7ac-e2c13e9ed20c"
    action: "create"
    version: 1
    outcome: "ESTIMATE_REQUIRED"
    replayed: false
[20:33:41.953] [32mINFO[39m: [36mUniversal V1 TaskDraft mutation persisted[39m
    router: "web.taskDrafts"
    draftId: "b1c60dd4-5caa-453e-b7ac-e2c13e9ed20c"
    action: "link_contact"
    version: 2
    outcome: "ESTIMATE_REQUIRED"
    replayed: false
[20:33:42.014] [32mINFO[39m: [36mUniversal V1 TaskDraft mutation persisted[39m
    router: "web.taskDrafts"
    draftId: "39f9fba5-6490-4e8f-8d7f-40a3cbd49f93"
    action: "create"
    version: 1
    outcome: "ESTIMATE_REQUIRED"
    replayed: false
[20:33:42.033] [32mINFO[39m: [36mUniversal V1 TaskDraft mutation persisted[39m
    router: "web.taskDrafts"
    draftId: "39f9fba5-6490-4e8f-8d7f-40a3cbd49f93"
    action: "link_contact"
    version: 2
    outcome: "ESTIMATE_REQUIRED"
    replayed: false
[20:33:42.184] [32mINFO[39m: [36mUniversal V1 TaskDraft mutation persisted[39m
    router: "web.taskDrafts"
    draftId: "12b0ac47-1aef-4b6d-85e9-8f925dd2fcd9"
    action: "create"
    version: 1
    outcome: "ESTIMATE_REQUIRED"
    replayed: false
[20:33:42.220] [32mINFO[39m: [36mUniversal V1 TaskDraft mutation persisted[39m
    router: "web.taskDrafts"
    draftId: "12b0ac47-1aef-4b6d-85e9-8f925dd2fcd9"
    action: "link_contact"
    version: 2
    outcome: "ESTIMATE_REQUIRED"
    replayed: false
[20:33:42.609] [32mINFO[39m: [36mUniversal V1 TaskDraft mutation persisted[39m
    router: "web.taskDrafts"
    draftId: "ead38f71-6683-4f55-81b6-f1dd0d60b272"
    action: "create"
    version: 1
    outcome: "ESTIMATE_REQUIRED"
    replayed: false
[20:33:42.633] [32mINFO[39m: [36mUniversal V1 TaskDraft mutation persisted[39m
    router: "web.taskDrafts"
    draftId: "ead38f71-6683-4f55-81b6-f1dd0d60b272"
    action: "link_contact"
    version: 2
    outcome: "ESTIMATE_REQUIRED"
    replayed: false
[20:33:42.679] [32mINFO[39m: [36mUniversal V1 TaskDraft mutation persisted[39m
    router: "web.taskDrafts"
    draftId: "962a6a00-46f9-4a9a-a47a-842b60341a1f"
    action: "create"
    version: 1
    outcome: "ESTIMATE_REQUIRED"
    replayed: false
[20:33:42.704] [32mINFO[39m: [36mUniversal V1 TaskDraft mutation persisted[39m
    router: "web.taskDrafts"
    draftId: "962a6a00-46f9-4a9a-a47a-842b60341a1f"
    action: "link_contact"
    version: 2
    outcome: "ESTIMATE_REQUIRED"
    replayed: false
[20:33:42.775] [32mINFO[39m: [36mUniversal V1 TaskDraft mutation persisted[39m
    router: "web.taskDrafts"
    draftId: "e5e2225a-18b1-474c-afc9-8560592b3bb5"
    action: "create"
    version: 1
    outcome: "ESTIMATE_REQUIRED"
    replayed: false
[20:33:42.796] [32mINFO[39m: [36mUniversal V1 TaskDraft mutation persisted[39m
    router: "web.taskDrafts"
    draftId: "e5e2225a-18b1-474c-afc9-8560592b3bb5"
    action: "link_contact"
    version: 2
    outcome: "ESTIMATE_REQUIRED"
    replayed: false
[20:33:42.868] [32mINFO[39m: [36mUniversal V1 TaskDraft mutation persisted[39m
    router: "web.taskDrafts"
    draftId: "c58da4ad-0974-450a-a637-ebd0ae676d5f"
    action: "create"
    version: 1
    outcome: "ESTIMATE_REQUIRED"
    replayed: false
[20:33:42.890] [32mINFO[39m: [36mUniversal V1 TaskDraft mutation persisted[39m
    router: "web.taskDrafts"
    draftId: "c58da4ad-0974-450a-a637-ebd0ae676d5f"
    action: "link_contact"
    version: 2
    outcome: "ESTIMATE_REQUIRED"
    replayed: false
[20:33:42.937] [32mINFO[39m: [36mUniversal V1 TaskDraft mutation persisted[39m
    router: "web.taskDrafts"
    draftId: "6bc27bea-716a-4ed2-823f-a09b9becf3ca"
    action: "create"
    version: 1
    outcome: "ESTIMATE_REQUIRED"
    replayed: false
[20:33:42.972] [32mINFO[39m: [36mUniversal V1 TaskDraft mutation persisted[39m
    router: "web.taskDrafts"
    draftId: "6bc27bea-716a-4ed2-823f-a09b9becf3ca"
    action: "link_contact"
    version: 2
    outcome: "ESTIMATE_REQUIRED"
    replayed: false
[20:33:43.070] [32mINFO[39m: [36mUniversal V1 TaskDraft mutation persisted[39m
    router: "web.taskDrafts"
    draftId: "1725e7c8-b44a-409e-b5ab-73884190e85d"
    action: "create"
    version: 1
    outcome: "ESTIMATE_REQUIRED"
    replayed: false
[20:33:43.091] [32mINFO[39m: [36mUniversal V1 TaskDraft mutation persisted[39m
    router: "web.taskDrafts"
    draftId: "1725e7c8-b44a-409e-b5ab-73884190e85d"
    action: "link_contact"
    version: 2
    outcome: "ESTIMATE_REQUIRED"
    replayed: false
[20:33:43.199] [32mINFO[39m: [36mUniversal V1 TaskDraft mutation persisted[39m
    router: "web.taskDrafts"
    draftId: "9e271a18-4261-4e23-9160-a8c29822c6fd"
    action: "create"
    version: 1
    outcome: "ESTIMATE_REQUIRED"
    replayed: false
[20:33:43.226] [32mINFO[39m: [36mUniversal V1 TaskDraft mutation persisted[39m
    router: "web.taskDrafts"
    draftId: "9e271a18-4261-4e23-9160-a8c29822c6fd"
    action: "link_contact"
    version: 2
    outcome: "ESTIMATE_REQUIRED"
    replayed: false
[20:33:43.308] [32mINFO[39m: [36mUniversal V1 TaskDraft mutation persisted[39m
    router: "web.taskDrafts"
    draftId: "aa7ac63d-f06b-4120-91e5-2c3255133655"
    action: "create"
    version: 1
    outcome: "ESTIMATE_REQUIRED"
    replayed: false
[20:33:43.329] [32mINFO[39m: [36mUniversal V1 TaskDraft mutation persisted[39m
    router: "web.taskDrafts"
    draftId: "aa7ac63d-f06b-4120-91e5-2c3255133655"
    action: "link_contact"
    version: 2
    outcome: "ESTIMATE_REQUIRED"
    replayed: false
[20:33:43.437] [32mINFO[39m: [36mUniversal V1 TaskDraft mutation persisted[39m
    router: "web.taskDrafts"
    draftId: "27f742ee-eb21-4042-980c-78548c5cd0c5"
    action: "create"
    version: 1
    outcome: "ESTIMATE_REQUIRED"
    replayed: false
[20:33:43.458] [32mINFO[39m: [36mUniversal V1 TaskDraft mutation persisted[39m
    router: "web.taskDrafts"
    draftId: "27f742ee-eb21-4042-980c-78548c5cd0c5"
    action: "link_contact"
    version: 2
    outcome: "ESTIMATE_REQUIRED"
    replayed: false
[20:33:48.028] [32mINFO[39m: [36mUniversal V1 TaskDraft mutation persisted[39m
    router: "web.taskDrafts"
    draftId: "15388b2c-30f0-4574-b9d6-1ac1f3a8ecf3"
    action: "create"
    version: 1
    outcome: "ESTIMATE_REQUIRED"
    replayed: false
[20:33:48.056] [32mINFO[39m: [36mUniversal V1 TaskDraft mutation persisted[39m
    router: "web.taskDrafts"
    draftId: "15388b2c-30f0-4574-b9d6-1ac1f3a8ecf3"
    action: "link_contact"
    version: 2
    outcome: "ESTIMATE_REQUIRED"
    replayed: false
[20:33:52.135] [32mINFO[39m: [36mUniversal V1 TaskDraft mutation persisted[39m
    router: "web.taskDrafts"
    draftId: "2719114d-38ff-4d08-97d3-a48a0e3613ca"
    action: "create"
    version: 1
    outcome: "ESTIMATE_REQUIRED"
    replayed: false
[20:33:52.158] [32mINFO[39m: [36mUniversal V1 TaskDraft mutation persisted[39m
    router: "web.taskDrafts"
    draftId: "2719114d-38ff-4d08-97d3-a48a0e3613ca"
    action: "link_contact"
    version: 2
    outcome: "ESTIMATE_REQUIRED"
    replayed: false
[20:33:58.358] [32mINFO[39m: [36mUniversal V1 TaskDraft mutation persisted[39m
    router: "web.taskDrafts"
    draftId: "46a6a52f-82d4-423c-b2f9-75b3117fb3c7"
    action: "create"
    version: 1
    outcome: "ESTIMATE_REQUIRED"
    replayed: false
[20:33:58.382] [32mINFO[39m: [36mUniversal V1 TaskDraft mutation persisted[39m
    router: "web.taskDrafts"
    draftId: "46a6a52f-82d4-423c-b2f9-75b3117fb3c7"
    action: "link_contact"
    version: 2
    outcome: "ESTIMATE_REQUIRED"
    replayed: false
[20:34:04.314] [32mINFO[39m: [36mUniversal V1 TaskDraft mutation persisted[39m
    router: "web.taskDrafts"
    draftId: "0a93f8f3-0d22-42be-9604-713c8aef9c9a"
    action: "create"
    version: 1
    outcome: "ESTIMATE_REQUIRED"
    replayed: false
[20:34:04.337] [32mINFO[39m: [36mUniversal V1 TaskDraft mutation persisted[39m
    router: "web.taskDrafts"
    draftId: "0a93f8f3-0d22-42be-9604-713c8aef9c9a"
    action: "link_contact"
    version: 2
    outcome: "ESTIMATE_REQUIRED"
    replayed: false
[20:34:10.268] [32mINFO[39m: [36mUniversal V1 TaskDraft mutation persisted[39m
    router: "web.taskDrafts"
    draftId: "37c0914e-8159-4080-bad6-3df2110bdc81"
    action: "create"
    version: 1
    outcome: "ESTIMATE_REQUIRED"
    replayed: false
[20:34:10.290] [32mINFO[39m: [36mUniversal V1 TaskDraft mutation persisted[39m
    router: "web.taskDrafts"
    draftId: "37c0914e-8159-4080-bad6-3df2110bdc81"
    action: "link_contact"
    version: 2
    outcome: "ESTIMATE_REQUIRED"
    replayed: false
[20:34:16.202] [32mINFO[39m: [36mUniversal V1 TaskDraft mutation persisted[39m
    router: "web.taskDrafts"
    draftId: "27363583-aee6-475e-abd6-ca0e1b1f1116"
    action: "create"
    version: 1
    outcome: "ESTIMATE_REQUIRED"
    replayed: false
[20:34:16.225] [32mINFO[39m: [36mUniversal V1 TaskDraft mutation persisted[39m
    router: "web.taskDrafts"
    draftId: "27363583-aee6-475e-abd6-ca0e1b1f1116"
    action: "link_contact"
    version: 2
    outcome: "ESTIMATE_REQUIRED"
    replayed: false
[20:34:22.156] [32mINFO[39m: [36mUniversal V1 TaskDraft mutation persisted[39m
    router: "web.taskDrafts"
    draftId: "565c0bff-6d5e-4187-9001-51d477a052ba"
    action: "create"
    version: 1
    outcome: "ESTIMATE_REQUIRED"
    replayed: false
[20:34:22.176] [32mINFO[39m: [36mUniversal V1 TaskDraft mutation persisted[39m
    router: "web.taskDrafts"
    draftId: "565c0bff-6d5e-4187-9001-51d477a052ba"
    action: "link_contact"
    version: 2
    outcome: "ESTIMATE_REQUIRED"
    replayed: false
[20:34:27.971] [32mINFO[39m: [36mUniversal V1 TaskDraft mutation persisted[39m
    router: "web.taskDrafts"
    draftId: "9aa408bf-d247-487d-9703-78f9380d4083"
    action: "create"
    version: 1
    outcome: "ESTIMATE_REQUIRED"
    replayed: false
[20:34:27.993] [32mINFO[39m: [36mUniversal V1 TaskDraft mutation persisted[39m
    router: "web.taskDrafts"
    draftId: "9aa408bf-d247-487d-9703-78f9380d4083"
    action: "link_contact"
    version: 2
    outcome: "ESTIMATE_REQUIRED"
    replayed: false
[20:34:33.816] [32mINFO[39m: [36mUniversal V1 TaskDraft mutation persisted[39m
    router: "web.taskDrafts"
    draftId: "0ef7f741-498c-4569-9ee5-08a65c3a0d05"
    action: "create"
    version: 1
    outcome: "ESTIMATE_REQUIRED"
    replayed: false
[20:34:33.838] [32mINFO[39m: [36mUniversal V1 TaskDraft mutation persisted[39m
    router: "web.taskDrafts"
    draftId: "0ef7f741-498c-4569-9ee5-08a65c3a0d05"
    action: "link_contact"
    version: 2
    outcome: "ESTIMATE_REQUIRED"
    replayed: false
[20:34:39.714] [32mINFO[39m: [36mUniversal V1 TaskDraft mutation persisted[39m
    router: "web.taskDrafts"
    draftId: "91f6449d-9b59-4fd3-8dff-50e0dda80fe8"
    action: "create"
    version: 1
    outcome: "ESTIMATE_REQUIRED"
    replayed: false
[20:34:39.735] [32mINFO[39m: [36mUniversal V1 TaskDraft mutation persisted[39m
    router: "web.taskDrafts"
    draftId: "91f6449d-9b59-4fd3-8dff-50e0dda80fe8"
    action: "link_contact"
    version: 2
    outcome: "ESTIMATE_REQUIRED"
    replayed: false
 ✓ |database-serial| backend/tests/system/universal-v1-v13-role-catalog.pg.test.ts (174 tests) 1079709ms
     ✓ scheduled sealed recovery completes AMENDMENT through the poller and real Redis after reconstruction  16280ms
     ✓ scheduled sealed recovery completes REVERSAL through the poller and real Redis after reconstruction  17152ms
     ✓ scheduled sealed recovery completes NO_EFFECT through the poller and real Redis after reconstruction  11964ms
     ✓ rechecks key expiry after an inbox lock wait  1083ms
     ✓ submits PREPARE, AUTHORIZE and SECURE through restricted API/worker ports: normal  8326ms
     ✓ submits PREPARE, AUTHORIZE and SECURE through restricted API/worker ports: compensation  7443ms
     ✓ submits PREPARE, AUTHORIZE and SECURE through restricted API/worker ports: lost_before_admission  6050ms
     ✓ submits PREPARE, AUTHORIZE and SECURE through restricted API/worker ports: lost_after_outcome  5382ms
     ✓ submits PREPARE, AUTHORIZE and SECURE through restricted API/worker ports: lost_after_admission  10453ms
     ✓ submits PREPARE, AUTHORIZE and SECURE through restricted API/worker ports: retained_after_admission  10271ms
     ✓ change order commands accept public provider proposals and independent approvals without financial effects  804ms
     ✓ change order commands replay with fresh timestamps and reject conflicting payloads  836ms
     ✓ change order commands atomically reject scope-only proposals and keep money fields empty  742ms
     ✓ change order commands refuse raw DML and foreign actors before domain writes  732ms
     ✓ change order commands keep SQL Unicode length validation aligned with the signed public schema  661ms
     ✓ change order commands prevent new memberships from appearing before command commit  862ms
     ✓ change order commands recheck actor revocation after assertion issuance without creating a proposal  675ms
     ✓ change order materialization denies delegated preparation without exact authority: revoked_membership  929ms
     ✓ change order materialization denies delegated preparation without exact authority: foreign_actor  910ms
     ✓ change order materialization denies delegated preparation without exact authority: altered_operation  923ms
     ✓ change order materialization denies delegated preparation without exact authority: non_adjustment  2168ms
     ✓ change order materialization preserves exact delegate authority through ADJUST and progress: active  2040ms
     ✓ change order materialization preserves exact delegate authority through ADJUST and progress: revoked_before_execution  1473ms
     ✓ change order materialization preserves exact delegate authority through ADJUST and progress: progress_revocation_race  1406ms
     ✓ authenticated change order materialization commits SCOPE_ONLY through the API without financial authorization  859ms
     ✓ authenticated change order materialization prepares and finalizes an exact delegated ADJUST through API commit  1363ms
     ✓ public change order resume commits and replays scope-only through the authenticated router  840ms
     ✓ public change order resume completes delegated ADJUST: normal  1627ms
     ✓ public change order resume completes delegated ADJUST: lost_final_commit  1320ms
     ✓ public change order resume completes delegated ADJUST: old_phase_time  301229ms
     ✓ public change order resume completes delegated ADJUST: lost_prepare_commit  2242ms
     ✓ public change order resume completes delegated ADJUST: future_client_time  1385ms
     ✓ public change order resume completes delegated ADJUST: lost_request_commit  1369ms
     ✓ adjustment execution revalidates current authority: success  1010ms
     ✓ adjustment execution revalidates current authority: customer_revoked  997ms
     ✓ adjustment execution revalidates current authority: provider_revoked  988ms
     ✓ adjustment execution revalidates current authority: provider_trust_hold  895ms
     ✓ adjustment execution revalidates current authority: replay_after_revocation  934ms
     ✓ adjustment execution refuses domain lock contention and retries after release: proposal  895ms
     ✓ adjustment execution refuses domain lock contention and retries after release: fulfillment  863ms
     ✓ adjustment execution refuses domain lock contention and retries after release: provider_row  868ms
     ✓ worker adjustment preparation closes the Phase A crash gap without a new human assertion  6062ms
     ✓ worker adjustment preparation preserves an API REQUESTED identity after revocation and lease expiry  10856ms
     ✓ worker adjustment preparation reaches requested execution and one amendment through existing sealed commands  6353ms
     ✓ worker adjustment preparation reacquires a lease on the same target after PREPARED commit  11078ms
     ✓ worker adjustment preparation cannot bypass expired lease using retained API provenance  12178ms
     ✓ worker adjustment preparation recovers the exact SUCCESS API PREPARED request  5989ms
     ✓ worker adjustment preparation recovers the exact DECLINE API PREPARED request  5977ms
     ✓ worker adjustment preparation recovers the exact TIMEOUT API PREPARED request  5985ms
     ✓ worker adjustment preparation recovers the exact RETRY API PREPARED request  5988ms
     ✓ worker adjustment preparation recovers the exact OMITTED API PREPARED request  6119ms
     ✓ worker adjustment preparation rejects a provider trust hold before PREPARED and before REQUESTED  6085ms
     ✓ worker adjustment preparation try-locks the original financial predecessor  6080ms
     ✓ worker adjustment preparation cannot request after a committed cancellation  6166ms
     ✓ worker adjustment preparation denies API execution and every runtime direct provenance write  6298ms
     ✓ worker adjustment preparation adapter resumes lost actual PREPARED COMMIT acknowledgement  6371ms
     ✓ worker adjustment preparation adapter resumes lost actual REQUESTED COMMIT acknowledgement  11011ms
     ✓ worker adjustment preparation rolls back REQUESTED when lease expires during exact-request persistence  11236ms
     ✓ worker change order reversal prepares without participant reauthorization  6133ms
     ✓ worker reversal adapter resumes lost PREPARED acknowledgement through real Redis delivery  9380ms
     ✓ worker reversal adapter resumes lost REQUESTED acknowledgement through real Redis delivery  9430ms
     ✓ worker change order reversal commits request and admitted effect after origin lease expiry  11501ms
     ✓ worker change order reversal denies API preparation and request including replay  6002ms
     ✓ worker change order reversal rejects substituted request and exact preparation conflicts  5923ms
     ✓ worker change order reversal rolls back preparation and refuses participant adoption after restoration  5919ms
     ✓ worker change order reversal refuses privileged domain corruption at request and first execution  6064ms
     ✓ worker change order reversal refuses preparation and request lock inversion  6165ms
     ✓ worker change order compensation creates one immutable winner after customer revocation  5886ms
     ✓ worker change order compensation refuses active authority, temporary holds and mismatched bindings  5921ms
     ✓ worker change order compensation locks authority and rolls back winner with its origin  5934ms
     ✓ worker change order compensation fences new membership insertion until commit  7288ms
     ✓ worker change order materialization replays one amendment after lease expiry and actor revocation  10910ms
     ✓ worker change order materialization refuses a compensation winner  5857ms
     ✓ worker change order materialization denies nonworker roles and mismatched lease evidence  5926ms
     ✓ worker change order materialization preserves admitted API history without adopting its origin  6280ms
     ✓ worker change order materialization requires current customer authority for a new effect  6019ms
     ✓ worker change order materialization requires current provider authority for a new effect  5919ms
     ✓ worker change order materialization try-locks mutable authority and the admitted adjustment  5923ms
     ✓ worker change order materialization wins once against concurrent compensation and preserves private origin  6076ms
     ✓ worker change order materialization loses to committed compensation after a real target wait  6661ms
     ✓ worker change order materialization typed adapter recovers a lost actual COMMIT acknowledgement  11031ms
     ✓ worker change order materialization rolls back all domain writes if its lease expires while persisting origin  10997ms
     ✓ worker change order materialization refuses corrupted immutable scope on historical replay  5993ms
     ✓ worker change order terminal fences a concurrent new request after cancellation commits  6313ms
     ✓ worker change order terminal prevents a new ADJUST from a stale REPEATABLE READ snapshot  5978ms
     ✓ worker change order terminal prevents a new ADJUST from a stale SERIALIZABLE snapshot  5831ms
     ✓ worker change order terminal serializes first admission: terminal_first  5892ms
     ✓ worker change order terminal serializes first admission: admission_first  5993ms
     ✓ worker change order terminal requires an admitted nonretryable no-effect outcome: confirmed_decline  6317ms
     ✓ worker change order terminal requires an admitted nonretryable no-effect outcome: unknown  5819ms
     ✓ worker change order terminal rejects wrong bindings and busy domain and financial locks  5931ms
     ✓ worker change order terminal rolls back when the lease expires during a target wait  10918ms
     ✓ worker change order terminal rolls back when the lease expires during a persistence wait  10857ms
     ✓ worker change order terminal records materialized once and replays after lease expiry  10892ms
     ✓ worker change order terminal records compensated once and replays after lease expiry  10932ms
     ✓ worker change order terminal records no_effect once and replays after lease expiry  11482ms
     ✓ worker change order compensation preserves an amendment winner and suppresses terminal lease observation  7515ms
     ✓ worker change order compensation preserves legacy winner without inventing worker origin  5912ms
     ✓ worker change order compensation refuses downstream financial lock inversion  5875ms
     ✓ worker change order compensation rolls back both facts when lease expires during persistence  10925ms
     ✓ worker change order compensation records revoked delegate identity through the typed port  6045ms
     ✓ worker change order recovery observes exact adjustment and amendment progression  7523ms
     ✓ worker change order recovery observes only its exact active lease and current release  6348ms
     ✓ worker change order recovery observes revoked customer through a scoped lease port  5929ms
     ✓ worker change order recovery claims an immutable witness after customer revocation without an actor assertion  5942ms
     ✓ worker change order recovery skips a busy proposal and claims unrelated work  6792ms
     ✓ worker change order recovery skips a busy witness and claims unrelated work  6674ms
     ✓ worker change order recovery enforces roles, bounds, current target and rollback  6006ms
     ✓ worker change order recovery serializes competing workers and preserves immutable expired leases  11045ms
     ✓ change order history exposes an exact authenticated builder for the committed Phase A  1204ms
     ✓ change order history preserves the original witness and reads committed progress after provider revocation  1359ms
     ✓ change order history conceals another actor and refuses an altered original version  1046ms
     ✓ change order history replays a completed amendment after later provider restriction  2759ms
     ✓ change order history holds customer read authority across a financial lock wait  1093ms
     ✓ public change order resume retains an immutable compensation claim and requests only its reversal  9890ms
     ✓ adjustment execution serializes concurrent workers into one immutable effect  2728ms
     ✓ materializes signed money-valued authorization resolution while preserving pending raw bytes and fixed provider expiry  3818ms
     ✓ serializes concurrent resolved authorization materialization and preserves replay after a later signed conflict  5418ms
     ✓ rejects substituted resolved bridge provenance and one-microsecond lifecycle time drift in PostgreSQL  5586ms
     ✓ recovers a signed authorization through the normal worker implementation after protected API requests  3582ms
     ✓ resolves an admitted pending operation through committed signed evidence without rewriting its raw event or dispatch  3242ms
     ✓ ignores unrelated signed versions/value references while selecting the exact dispatched result  3208ms
     ✓ holds conflicting authenticated terminal state without committing a terminal outcome  3152ms
     ✓ holds conflicting authenticated terminal provider_time without committing a terminal outcome  3168ms
     ✓ rolls back tentative terminal outcomes and exactly replays after a discarded COMMIT acknowledgement  3249ms
     ✓ serializes concurrent restricted-worker resolution into one immutable terminal outcome  4819ms
     ✓ keeps an admitted command pending when legacy caller-VERIFIED receipts have no independent verification  3166ms
     ✓ preserves exact authenticated unbound preparation replay after real estimate acceptance binds the draft  472ms
     ✓ work order history reads the exact committed Phase A through the restricted API login  517ms
     ✓ certifies the exact full catalog through the real migrationRole login  560ms
     ✓ certifies the exact full catalog through the real apiRole login  475ms
     ✓ certifies the exact full catalog through the real workerRole login  465ms
     ✓ certifies the exact full catalog through the real attesterRole login  558ms
     ✓ runs bounded multiquery attestation through the real api data plane with a stable read-only snapshot  738ms
     ✓ runs bounded multiquery attestation through the real attester data plane with a stable read-only snapshot  758ms
     ✓ preserves committed predecessor source identity under fresh read authority after target rollover  58280ms
[20:34:48.519] [33mWARN[39m: [36mFirebase Admin credentials missing — auth verification disabled[39m
    module: "auth"
[20:34:50.075] [32mINFO[39m: [36mUniversal V1 TaskDraft mutation persisted[39m
    router: "web.taskDrafts"
    draftId: "f9a70b41-e20d-4e7d-a25e-144a3e3adf7c"
    action: "create"
    version: 1
    outcome: "ESTIMATE_REQUIRED"
    replayed: false
[20:34:50.107] [32mINFO[39m: [36mUniversal V1 TaskDraft mutation persisted[39m
    router: "web.taskDrafts"
    draftId: "f9a70b41-e20d-4e7d-a25e-144a3e3adf7c"
    action: "link_contact"
    version: 2
    outcome: "ESTIMATE_REQUIRED"
    replayed: false
[20:34:50.209] [32mINFO[39m: [36mUniversal V1 TaskDraft mutation persisted[39m
    router: "web.taskDrafts"
    draftId: "cbc2cd77-ed92-4eb2-8abc-d2c7fea1a60d"
    action: "create"
    version: 1
    outcome: "ESTIMATE_REQUIRED"
    replayed: false
[20:34:50.234] [32mINFO[39m: [36mUniversal V1 TaskDraft mutation persisted[39m
    router: "web.taskDrafts"
    draftId: "cbc2cd77-ed92-4eb2-8abc-d2c7fea1a60d"
    action: "link_contact"
    version: 2
    outcome: "ESTIMATE_REQUIRED"
    replayed: false
[20:34:50.347] [32mINFO[39m: [36mUniversal V1 TaskDraft mutation persisted[39m
    router: "web.taskDrafts"
    draftId: "09fdc4e7-e850-48b7-9884-3285ef9b7b54"
    action: "create"
    version: 1
    outcome: "ESTIMATE_REQUIRED"
    replayed: false
[20:34:50.373] [32mINFO[39m: [36mUniversal V1 TaskDraft mutation persisted[39m
    router: "web.taskDrafts"
    draftId: "09fdc4e7-e850-48b7-9884-3285ef9b7b54"
    action: "link_contact"
    version: 2
    outcome: "ESTIMATE_REQUIRED"
    replayed: false
[20:34:50.450] [32mINFO[39m: [36mUniversal V1 TaskDraft mutation persisted[39m
    router: "web.taskDrafts"
    draftId: "3c2b4320-1f22-41f1-a381-552543519301"
    action: "create"
    version: 1
    outcome: "ESTIMATE_REQUIRED"
    replayed: false
[20:34:50.471] [32mINFO[39m: [36mUniversal V1 TaskDraft mutation persisted[39m
    router: "web.taskDrafts"
    draftId: "3c2b4320-1f22-41f1-a381-552543519301"
    action: "link_contact"
    version: 2
    outcome: "ESTIMATE_REQUIRED"
    replayed: false
[20:34:50.557] [32mINFO[39m: [36mUniversal V1 TaskDraft mutation persisted[39m
    router: "web.taskDrafts"
    draftId: "71354c1e-7913-4574-8127-2ba8dac75119"
    action: "create"
    version: 1
    outcome: "ESTIMATE_REQUIRED"
    replayed: false
[20:34:50.581] [32mINFO[39m: [36mUniversal V1 TaskDraft mutation persisted[39m
    router: "web.taskDrafts"
    draftId: "71354c1e-7913-4574-8127-2ba8dac75119"
    action: "link_contact"
    version: 2
    outcome: "ESTIMATE_REQUIRED"
    replayed: false
[20:34:50.704] [32mINFO[39m: [36mUniversal V1 TaskDraft mutation persisted[39m
    router: "web.taskDrafts"
    draftId: "45f43002-64e3-4024-a399-9b41de9f86ac"
    action: "create"
    version: 1
    outcome: "ESTIMATE_REQUIRED"
    replayed: false
[20:34:50.728] [32mINFO[39m: [36mUniversal V1 TaskDraft mutation persisted[39m
    router: "web.taskDrafts"
    draftId: "45f43002-64e3-4024-a399-9b41de9f86ac"
    action: "link_contact"
    version: 2
    outcome: "ESTIMATE_REQUIRED"
    replayed: false
[20:34:50.887] [32mINFO[39m: [36mUniversal V1 TaskDraft mutation persisted[39m
    router: "web.taskDrafts"
    draftId: "03771d32-1583-4062-8987-cae630a9e954"
    action: "create"
    version: 1
    outcome: "ESTIMATE_REQUIRED"
    replayed: false
[20:34:50.908] [32mINFO[39m: [36mUniversal V1 TaskDraft mutation persisted[39m
    router: "web.taskDrafts"
    draftId: "03771d32-1583-4062-8987-cae630a9e954"
    action: "link_contact"
    version: 2
    outcome: "ESTIMATE_REQUIRED"
    replayed: false
[20:34:51.056] [32mINFO[39m: [36mUniversal V1 TaskDraft mutation persisted[39m
    router: "web.taskDrafts"
    draftId: "072307e3-b18a-423f-bce3-9fafe1a09732"
    action: "create"
    version: 1
    outcome: "ESTIMATE_REQUIRED"
    replayed: false
[20:34:51.083] [32mINFO[39m: [36mUniversal V1 TaskDraft mutation persisted[39m
    router: "web.taskDrafts"
    draftId: "072307e3-b18a-423f-bce3-9fafe1a09732"
    action: "link_contact"
    version: 2
    outcome: "ESTIMATE_REQUIRED"
    replayed: false
[20:34:51.210] [32mINFO[39m: [36mUniversal V1 TaskDraft mutation persisted[39m
    router: "web.taskDrafts"
    draftId: "1ccf43b3-19ed-479c-a6e2-999643b87e80"
    action: "create"
    version: 1
    outcome: "ESTIMATE_REQUIRED"
    replayed: false
[20:34:51.233] [32mINFO[39m: [36mUniversal V1 TaskDraft mutation persisted[39m
    router: "web.taskDrafts"
    draftId: "1ccf43b3-19ed-479c-a6e2-999643b87e80"
    action: "link_contact"
    version: 2
    outcome: "ESTIMATE_REQUIRED"
    replayed: false
[20:34:51.368] [32mINFO[39m: [36mUniversal V1 TaskDraft mutation persisted[39m
    router: "web.taskDrafts"
    draftId: "aeb76aa5-cf50-4580-93d5-af7ffaf26212"
    action: "create"
    version: 1
    outcome: "ESTIMATE_REQUIRED"
    replayed: false
[20:34:51.392] [32mINFO[39m: [36mUniversal V1 TaskDraft mutation persisted[39m
    router: "web.taskDrafts"
    draftId: "aeb76aa5-cf50-4580-93d5-af7ffaf26212"
    action: "link_contact"
    version: 2
    outcome: "ESTIMATE_REQUIRED"
    replayed: false
[20:34:51.507] [32mINFO[39m: [36mUniversal V1 TaskDraft mutation persisted[39m
    router: "web.taskDrafts"
    draftId: "ca06096e-505c-4928-9a44-05d2bddbb0bb"
    action: "create"
    version: 1
    outcome: "ESTIMATE_REQUIRED"
    replayed: false
[20:34:51.531] [32mINFO[39m: [36mUniversal V1 TaskDraft mutation persisted[39m
    router: "web.taskDrafts"
    draftId: "ca06096e-505c-4928-9a44-05d2bddbb0bb"
    action: "link_contact"
    version: 2
    outcome: "ESTIMATE_REQUIRED"
    replayed: false
[20:34:51.705] [32mINFO[39m: [36mUniversal V1 TaskDraft mutation persisted[39m
    router: "web.taskDrafts"
    draftId: "b006211a-2851-410d-9b2e-80ec6fd33a59"
    action: "create"
    version: 1
    outcome: "ESTIMATE_REQUIRED"
    replayed: false
[20:34:51.734] [32mINFO[39m: [36mUniversal V1 TaskDraft mutation persisted[39m
    router: "web.taskDrafts"
    draftId: "b006211a-2851-410d-9b2e-80ec6fd33a59"
    action: "link_contact"
    version: 2
    outcome: "ESTIMATE_REQUIRED"
    replayed: false
[20:34:51.846] [32mINFO[39m: [36mUniversal V1 TaskDraft mutation persisted[39m
    router: "web.taskDrafts"
    draftId: "b0d28b07-8f16-4a3a-8239-bbd563fff4db"
    action: "create"
    version: 1
    outcome: "ESTIMATE_REQUIRED"
    replayed: false
[20:34:51.871] [32mINFO[39m: [36mUniversal V1 TaskDraft mutation persisted[39m
    router: "web.taskDrafts"
    draftId: "b0d28b07-8f16-4a3a-8239-bbd563fff4db"
    action: "link_contact"
    version: 2
    outcome: "ESTIMATE_REQUIRED"
    replayed: false
[20:34:51.987] [32mINFO[39m: [36mUniversal V1 TaskDraft mutation persisted[39m
    router: "web.taskDrafts"
    draftId: "7da768bd-fd82-4347-be7d-e0578d470a4d"
    action: "create"
    version: 1
    outcome: "ESTIMATE_REQUIRED"
    replayed: false
[20:34:52.013] [32mINFO[39m: [36mUniversal V1 TaskDraft mutation persisted[39m
    router: "web.taskDrafts"
    draftId: "7da768bd-fd82-4347-be7d-e0578d470a4d"
    action: "link_contact"
    version: 2
    outcome: "ESTIMATE_REQUIRED"
    replayed: false
[20:34:52.118] [32mINFO[39m: [36mUniversal V1 TaskDraft mutation persisted[39m
    router: "web.taskDrafts"
    draftId: "81189878-cf15-47b7-8a1e-6f66989cbfd2"
    action: "create"
    version: 1
    outcome: "ESTIMATE_REQUIRED"
    replayed: false
[20:34:52.141] [32mINFO[39m: [36mUniversal V1 TaskDraft mutation persisted[39m
    router: "web.taskDrafts"
    draftId: "81189878-cf15-47b7-8a1e-6f66989cbfd2"
    action: "link_contact"
    version: 2
    outcome: "ESTIMATE_REQUIRED"
    replayed: false
[20:34:52.225] [32mINFO[39m: [36mUniversal V1 TaskDraft mutation persisted[39m
    router: "web.taskDrafts"
    draftId: "ad90c817-5ce8-4b14-b23e-28203759eee4"
    action: "create"
    version: 1
    outcome: "ESTIMATE_REQUIRED"
    replayed: false
[20:34:52.252] [32mINFO[39m: [36mUniversal V1 TaskDraft mutation persisted[39m
    router: "web.taskDrafts"
    draftId: "ad90c817-5ce8-4b14-b23e-28203759eee4"
    action: "link_contact"
    version: 2
    outcome: "ESTIMATE_REQUIRED"
    replayed: false
[20:34:52.986] [32mINFO[39m: [36mUniversal V1 TaskDraft mutation persisted[39m
    router: "web.taskDrafts"
    draftId: "57290d14-93e2-41a0-a268-652a4f1aa488"
    action: "create"
    version: 1
    outcome: "ESTIMATE_REQUIRED"
    replayed: false
[20:34:53.017] [32mINFO[39m: [36mUniversal V1 TaskDraft mutation persisted[39m
    router: "web.taskDrafts"
    draftId: "57290d14-93e2-41a0-a268-652a4f1aa488"
    action: "link_contact"
    version: 2
    outcome: "ESTIMATE_REQUIRED"
    replayed: false
[20:34:53.427] [32mINFO[39m: [36mUniversal V1 TaskDraft mutation persisted[39m
    router: "web.taskDrafts"
    draftId: "30e1e501-5589-4c81-ad0b-8adae9b07eb4"
    action: "create"
    version: 1
    outcome: "ESTIMATE_REQUIRED"
    replayed: false
[20:34:53.452] [32mINFO[39m: [36mUniversal V1 TaskDraft mutation persisted[39m
    router: "web.taskDrafts"
    draftId: "30e1e501-5589-4c81-ad0b-8adae9b07eb4"
    action: "link_contact"
    version: 2
    outcome: "ESTIMATE_REQUIRED"
    replayed: false
[20:34:55.254] [32mINFO[39m: [36mUniversal V1 TaskDraft mutation persisted[39m
    router: "web.taskDrafts"
    draftId: "a859c272-4e5f-4f80-b88b-84ad59287fe3"
    action: "create"
    version: 1
    outcome: "ESTIMATE_REQUIRED"
    replayed: false
[20:34:55.277] [32mINFO[39m: [36mUniversal V1 TaskDraft mutation persisted[39m
    router: "web.taskDrafts"
    draftId: "a859c272-4e5f-4f80-b88b-84ad59287fe3"
    action: "link_contact"
    version: 2
    outcome: "ESTIMATE_REQUIRED"
    replayed: false
[20:34:57.648] [32mINFO[39m: [36mUniversal V1 TaskDraft mutation persisted[39m
    router: "web.taskDrafts"
    draftId: "ff5fda18-6f94-4e7f-aaa5-3be78dd091fa"
    action: "create"
    version: 1
    outcome: "ESTIMATE_REQUIRED"
    replayed: false
[20:34:57.671] [32mINFO[39m: [36mUniversal V1 TaskDraft mutation persisted[39m
    router: "web.taskDrafts"
    draftId: "ff5fda18-6f94-4e7f-aaa5-3be78dd091fa"
    action: "link_contact"
    version: 2
    outcome: "ESTIMATE_REQUIRED"
    replayed: false
[20:34:57.866] [32mINFO[39m: [36mUniversal V1 TaskDraft mutation persisted[39m
    router: "web.taskDrafts"
    draftId: "5116e6b6-966f-4ed9-993a-f474c45900e7"
    action: "create"
    version: 1
    outcome: "ESTIMATE_REQUIRED"
    replayed: false
[20:34:57.887] [32mINFO[39m: [36mUniversal V1 TaskDraft mutation persisted[39m
    router: "web.taskDrafts"
    draftId: "5116e6b6-966f-4ed9-993a-f474c45900e7"
    action: "link_contact"
    version: 2
    outcome: "ESTIMATE_REQUIRED"
    replayed: false
[20:34:58.059] [32mINFO[39m: [36mUniversal V1 TaskDraft mutation persisted[39m
    router: "web.taskDrafts"
    draftId: "77fd2e3d-0891-496a-b29e-8e58dd7b682b"
    action: "create"
    version: 1
    outcome: "ESTIMATE_REQUIRED"
    replayed: false
[20:34:58.081] [32mINFO[39m: [36mUniversal V1 TaskDraft mutation persisted[39m
    router: "web.taskDrafts"
    draftId: "77fd2e3d-0891-496a-b29e-8e58dd7b682b"
    action: "link_contact"
    version: 2
    outcome: "ESTIMATE_REQUIRED"
    replayed: false
[20:34:59.167] [32mINFO[39m: [36mUniversal V1 TaskDraft mutation persisted[39m
    router: "web.taskDrafts"
    draftId: "4f472a9b-be9c-45c0-aca6-d86ada012021"
    action: "create"
    version: 1
    outcome: "ESTIMATE_REQUIRED"
    replayed: false
[20:34:59.189] [32mINFO[39m: [36mUniversal V1 TaskDraft mutation persisted[39m
    router: "web.taskDrafts"
    draftId: "4f472a9b-be9c-45c0-aca6-d86ada012021"
    action: "link_contact"
    version: 2
    outcome: "ESTIMATE_REQUIRED"
    replayed: false
[20:34:59.809] [32mINFO[39m: [36mUniversal V1 TaskDraft mutation persisted[39m
    router: "web.taskDrafts"
    draftId: "b6d1952c-619d-4ee6-811d-8b007c8915fc"
    action: "create"
    version: 1
    outcome: "ESTIMATE_REQUIRED"
    replayed: false
[20:34:59.832] [32mINFO[39m: [36mUniversal V1 TaskDraft mutation persisted[39m
    router: "web.taskDrafts"
    draftId: "b6d1952c-619d-4ee6-811d-8b007c8915fc"
    action: "link_contact"
    version: 2
    outcome: "ESTIMATE_REQUIRED"
    replayed: false
[20:35:00.534] [32mINFO[39m: [36mUniversal V1 TaskDraft mutation persisted[39m
    router: "web.taskDrafts"
    draftId: "b8c7a564-0eb5-41c8-81e7-b72e258c3ca0"
    action: "create"
    version: 1
    outcome: "ESTIMATE_REQUIRED"
    replayed: false
[20:35:00.559] [32mINFO[39m: [36mUniversal V1 TaskDraft mutation persisted[39m
    router: "web.taskDrafts"
    draftId: "b8c7a564-0eb5-41c8-81e7-b72e258c3ca0"
    action: "link_contact"
    version: 2
    outcome: "ESTIMATE_REQUIRED"
    replayed: false
[20:35:01.233] [32mINFO[39m: [36mUniversal V1 TaskDraft mutation persisted[39m
    router: "web.taskDrafts"
    draftId: "3849e6a6-2079-4de9-9e87-6888f38cc504"
    action: "create"
    version: 1
    outcome: "ESTIMATE_REQUIRED"
    replayed: false
[20:35:01.254] [32mINFO[39m: [36mUniversal V1 TaskDraft mutation persisted[39m
    router: "web.taskDrafts"
    draftId: "3849e6a6-2079-4de9-9e87-6888f38cc504"
    action: "link_contact"
    version: 2
    outcome: "ESTIMATE_REQUIRED"
    replayed: false
[20:35:01.919] [32mINFO[39m: [36mUniversal V1 TaskDraft mutation persisted[39m
    router: "web.taskDrafts"
    draftId: "469156d8-9410-42ae-997b-b0d411484e98"
    action: "create"
    version: 1
    outcome: "ESTIMATE_REQUIRED"
    replayed: false
[20:35:01.940] [32mINFO[39m: [36mUniversal V1 TaskDraft mutation persisted[39m
    router: "web.taskDrafts"
    draftId: "469156d8-9410-42ae-997b-b0d411484e98"
    action: "link_contact"
    version: 2
    outcome: "ESTIMATE_REQUIRED"
    replayed: false
[20:35:02.180] [32mINFO[39m: [36mUniversal V1 TaskDraft mutation persisted[39m
    router: "web.taskDrafts"
    draftId: "e2aa507c-9a28-4d62-ba4a-8c16184a4951"
    action: "create"
    version: 1
    outcome: "ESTIMATE_REQUIRED"
    replayed: false
[20:35:02.201] [32mINFO[39m: [36mUniversal V1 TaskDraft mutation persisted[39m
    router: "web.taskDrafts"
    draftId: "e2aa507c-9a28-4d62-ba4a-8c16184a4951"
    action: "link_contact"
    version: 2
    outcome: "ESTIMATE_REQUIRED"
    replayed: false
[20:35:02.519] [32mINFO[39m: [36mUniversal V1 TaskDraft mutation persisted[39m
    router: "web.taskDrafts"
    draftId: "cedd8bfe-d87d-4e91-9fe5-5a70c2a4308d"
    action: "create"
    version: 1
    outcome: "ESTIMATE_REQUIRED"
    replayed: false
[20:35:02.545] [32mINFO[39m: [36mUniversal V1 TaskDraft mutation persisted[39m
    router: "web.taskDrafts"
    draftId: "cedd8bfe-d87d-4e91-9fe5-5a70c2a4308d"
    action: "link_contact"
    version: 2
    outcome: "ESTIMATE_REQUIRED"
    replayed: false
[20:35:02.781] [32mINFO[39m: [36mUniversal V1 TaskDraft mutation persisted[39m
    router: "web.taskDrafts"
    draftId: "3452292a-714e-40a6-8e9f-db34d22e25ae"
    action: "create"
    version: 1
    outcome: "ESTIMATE_REQUIRED"
    replayed: false
[20:35:02.802] [32mINFO[39m: [36mUniversal V1 TaskDraft mutation persisted[39m
    router: "web.taskDrafts"
    draftId: "3452292a-714e-40a6-8e9f-db34d22e25ae"
    action: "link_contact"
    version: 2
    outcome: "ESTIMATE_REQUIRED"
    replayed: false
[20:35:02.940] [32mINFO[39m: [36mUniversal V1 TaskDraft mutation persisted[39m
    router: "web.taskDrafts"
    draftId: "b41916d2-d642-46a4-b0ef-a063da3273d7"
    action: "create"
    version: 1
    outcome: "ESTIMATE_REQUIRED"
    replayed: false
[20:35:02.961] [32mINFO[39m: [36mUniversal V1 TaskDraft mutation persisted[39m
    router: "web.taskDrafts"
    draftId: "b41916d2-d642-46a4-b0ef-a063da3273d7"
    action: "link_contact"
    version: 2
    outcome: "ESTIMATE_REQUIRED"
    replayed: false
[20:35:03.099] [32mINFO[39m: [36mUniversal V1 TaskDraft mutation persisted[39m
    router: "web.taskDrafts"
    draftId: "8e6ef735-ea9a-44f6-8427-d03be0212d30"
    action: "create"
    version: 1
    outcome: "ESTIMATE_REQUIRED"
    replayed: false
[20:35:03.121] [32mINFO[39m: [36mUniversal V1 TaskDraft mutation persisted[39m
    router: "web.taskDrafts"
    draftId: "8e6ef735-ea9a-44f6-8427-d03be0212d30"
    action: "link_contact"
    version: 2
    outcome: "ESTIMATE_REQUIRED"
    replayed: false
[20:35:03.321] [32mINFO[39m: [36mUniversal V1 TaskDraft mutation persisted[39m
    router: "web.taskDrafts"
    draftId: "16a9829f-893c-4c42-94c2-e723461a36c7"
    action: "create"
    version: 1
    outcome: "ESTIMATE_REQUIRED"
    replayed: false
[20:35:03.352] [32mINFO[39m: [36mUniversal V1 TaskDraft mutation persisted[39m
    router: "web.taskDrafts"
    draftId: "16a9829f-893c-4c42-94c2-e723461a36c7"
    action: "link_contact"
    version: 2
    outcome: "ESTIMATE_REQUIRED"
    replayed: false
[20:35:03.564] [32mINFO[39m: [36mUniversal V1 TaskDraft mutation persisted[39m
    router: "web.taskDrafts"
    draftId: "72ff6d08-20fc-4bc9-b9c3-1c2630dd536f"
    action: "create"
    version: 1
    outcome: "ESTIMATE_REQUIRED"
    replayed: false
[20:35:03.585] [32mINFO[39m: [36mUniversal V1 TaskDraft mutation persisted[39m
    router: "web.taskDrafts"
    draftId: "72ff6d08-20fc-4bc9-b9c3-1c2630dd536f"
    action: "link_contact"
    version: 2
    outcome: "ESTIMATE_REQUIRED"
    replayed: false
[20:35:03.900] [32mINFO[39m: [36mUniversal V1 TaskDraft mutation persisted[39m
    router: "web.taskDrafts"
    draftId: "72a4d676-e004-48a0-88c4-02e13b392a52"
    action: "create"
    version: 1
    outcome: "ESTIMATE_REQUIRED"
    replayed: false
[20:35:03.921] [32mINFO[39m: [36mUniversal V1 TaskDraft mutation persisted[39m
    router: "web.taskDrafts"
    draftId: "72a4d676-e004-48a0-88c4-02e13b392a52"
    action: "link_contact"
    version: 2
    outcome: "ESTIMATE_REQUIRED"
    replayed: false
[20:35:04.129] [32mINFO[39m: [36mUniversal V1 TaskDraft mutation persisted[39m
    router: "web.taskDrafts"
    draftId: "1a07348b-1d4f-49bd-bfd5-6f74f3ec910d"
    action: "create"
    version: 1
    outcome: "ESTIMATE_REQUIRED"
    replayed: false
[20:35:04.157] [32mINFO[39m: [36mUniversal V1 TaskDraft mutation persisted[39m
    router: "web.taskDrafts"
    draftId: "1a07348b-1d4f-49bd-bfd5-6f74f3ec910d"
    action: "link_contact"
    version: 2
    outcome: "ESTIMATE_REQUIRED"
    replayed: false
[20:35:04.372] [32mINFO[39m: [36mUniversal V1 TaskDraft mutation persisted[39m
    router: "web.taskDrafts"
    draftId: "14dcf027-296e-4b22-a3b5-f257ee080b21"
    action: "create"
    version: 1
    outcome: "ESTIMATE_REQUIRED"
    replayed: false
[20:35:04.397] [32mINFO[39m: [36mUniversal V1 TaskDraft mutation persisted[39m
    router: "web.taskDrafts"
    draftId: "14dcf027-296e-4b22-a3b5-f257ee080b21"
    action: "link_contact"
    version: 2
    outcome: "ESTIMATE_REQUIRED"
    replayed: false
 ❯ |database-serial| backend/tests/system/universal-v1-estimate-materialization.pg.test.ts (34 tests | 13 failed) 14783ms
     ✓ denies direct deterministic invitation insertion and rolls back its quote shell 196ms
     ✓ denies a inactive named operator without leaving an orphan quote or invitation 147ms
     ✓ denies a minor named operator without leaving an orphan quote or invitation 106ms
     ✓ denies a banned named operator without leaving an orphan quote or invitation 99ms
     ✓ denies a capability-less named operator without leaving an orphan quote or invitation 133ms
     ✓ allows an organization OWNER to submit commercial estimate pricing 187ms
     ✓ allows an organization ADMIN to submit commercial estimate pricing 162ms
     ✓ denies organization DISPATCHER commercial estimate pricing 159ms
     ✓ denies organization CREW commercial estimate pricing 158ms
     ✓ denies organization VIEWER commercial estimate pricing 156ms
     ✓ serializes two named operators racing for one eligibility into one invitation and quote 171ms
     ✓ observes operator-capability revocation committed ahead of the shared eligibility lock 138ms
     ✓ observes provider-membership revocation committed ahead of the shared eligibility lock 148ms
     ✓ observes organization revocation committed ahead of the shared eligibility lock 131ms
     ✓ observes credential revocation committed ahead of the shared eligibility lock 125ms
     ✓ materializes one yard-work Task with exact replay, strict authority, and no money or assignment  682ms
     ✓ requires an exact current government-backed trade qualification before a plumbing estimate  520ms
     ✓ rejects an expired invitation before submission and again before customer acceptance  4206ms
     ✓ rolls acceptance back when a submitted trade credential is revoked or expires  418ms
     ✓ copies locked trade eligibility and refuses an active trust hold before interest  1756ms
     × materializes one fake-secured unassigned Work Order, replays exactly, and rejects changed-context reuse 721ms
     × preserves committed fake-finance evidence when terminal Work Order insertion fails 709ms
     × uses only the exact compensation claim when eligibility changes after SECURE 687ms
     × voids the exact fake security event when legacy task state changes after SECURE 261ms
     × freezes the legacy task lifecycle projection after exact Work Order binding 335ms
     × rejects Work Order materialization after provider authority is revoked with zero financial effects 266ms
     ✓ rolls every materialization write back when the final immutable fact violates a database constraint  311ms
     × materializes and replays one dual-approved scope-only change on the exact execution chain 229ms
     × commits, fake-authorizes, materializes, and exactly replays one price-and-scope change 243ms
     × recovers every price-change crash boundary and terminally seals revoked authority 233ms
     × serializes one organization account across owner/admin actors and rejects forged or out-of-order authority 100ms
     × delivers one completion notice through the real worker and loopback SMTP sink 224ms
     × continues an unassigned Work Order through evidence, completion, fake capture, 'settlement and reconciliation' 240ms
     × continues an unassigned Work Order through evidence, completion, fake capture, 'full refund and closed reconciliation' 268ms
[20:35:05.921] [33mWARN[39m: [36mFirebase Admin credentials missing — auth verification disabled[39m
    module: "auth"
 ❯ |database-serial| backend/tests/system/universal-v1-work-order-command-ports-v1.pg.test.ts (15 tests | 15 skipped) 29385ms
     ↓ fresh-installs exact engine ordinal 146, fake-finance v1-v12, and the bootstrap seal
     ↓ fails closed for absent, wrong-database, uppercase, and duplicate current target authority
     ↓ runs the bounded fake-only worker port with zero effects and immutable audit
     ↓ provisions exact NOLOGIN owners and least-privilege runtime and telemetry ACLs
     ↓ proves the separately seeded fake-finance v1-v11 chain without API finance grants
     ↓ allows attestation only through the attester and consumes it inside the human port
     ↓ rejects duplicate active canonical subjects before assertion consumption or domain writes
     ↓ requires writable SERIALIZABLE admission and exact millisecond timestamps before any write
     ↓ fails live readback for rogue LOGIN, membership, schema, relation, and grant-option authority
     ↓ runs exact-role interest, hold, full fake v1-v11 materialization, replay, and conflict
     ↓ rejects a real non-SUCCEEDED SECURE provider chain with zero Work Order effects
     ↓ claims and replays one exact fake VOID after post-SECURE eligibility revocation
     ↓ serializes a concurrent provider-capability revoke and leaves zero command writes
     ↓ activates a post-provision target through the sealed migrator port and rejects an old-tip assertion
     ↓ serializes the first runtime snapshot with target activation in both lock schedules
[20:35:37.148] [33mWARN[39m: [36mFirebase Admin credentials missing — auth verification disabled[39m
    module: "auth"
[20:35:55.420] [32mINFO[39m: [36mUniversal V1 TaskDraft mutation persisted[39m
    router: "web.taskDrafts"
    draftId: "8e9ca24b-a2b6-4142-9bcd-395e8be5a774"
    action: "create"
    version: 1
    outcome: "ESTIMATE_REQUIRED"
    replayed: false
[20:35:55.453] [32mINFO[39m: [36mUniversal V1 TaskDraft mutation persisted[39m
    router: "web.taskDrafts"
    draftId: "8e9ca24b-a2b6-4142-9bcd-395e8be5a774"
    action: "link_contact"
    version: 2
    outcome: "ESTIMATE_REQUIRED"
    replayed: false
[20:35:55.882] [32mINFO[39m: [36mUniversal V1 TaskDraft mutation persisted[39m
    router: "web.taskDrafts"
    draftId: "f8e7859e-2ac2-424e-ae1b-bac7e9fd6dd7"
    action: "create"
    version: 1
    outcome: "ESTIMATE_REQUIRED"
    replayed: false
[20:35:55.917] [32mINFO[39m: [36mUniversal V1 TaskDraft mutation persisted[39m
    router: "web.taskDrafts"
    draftId: "f8e7859e-2ac2-424e-ae1b-bac7e9fd6dd7"
    action: "link_contact"
    version: 2
    outcome: "ESTIMATE_REQUIRED"
    replayed: false
[20:35:56.255] [32mINFO[39m: [36mUniversal V1 TaskDraft mutation persisted[39m
    router: "web.taskDrafts"
    draftId: "c595a30c-eaa8-43fb-a5f8-3e9252fbdb60"
    action: "create"
    version: 1
    outcome: "ESTIMATE_REQUIRED"
    replayed: false
[20:35:56.285] [32mINFO[39m: [36mUniversal V1 TaskDraft mutation persisted[39m
    router: "web.taskDrafts"
    draftId: "c595a30c-eaa8-43fb-a5f8-3e9252fbdb60"
    action: "link_contact"
    version: 2
    outcome: "ESTIMATE_REQUIRED"
    replayed: false
[20:35:56.528] [32mINFO[39m: [36mUniversal V1 TaskDraft mutation persisted[39m
    router: "web.taskDrafts"
    draftId: "02e2d300-786b-4d12-9269-71925e30c062"
    action: "create"
    version: 1
    outcome: "ESTIMATE_REQUIRED"
    replayed: false
[20:35:56.556] [32mINFO[39m: [36mUniversal V1 TaskDraft mutation persisted[39m
    router: "web.taskDrafts"
    draftId: "02e2d300-786b-4d12-9269-71925e30c062"
    action: "link_contact"
    version: 2
    outcome: "ESTIMATE_REQUIRED"
    replayed: false
[20:35:56.793] [32mINFO[39m: [36mUniversal V1 TaskDraft mutation persisted[39m
    router: "web.taskDrafts"
    draftId: "5bd5b854-77e0-4da4-8bc9-50ab4d54e1fe"
    action: "create"
    version: 1
    outcome: "ESTIMATE_REQUIRED"
    replayed: false
[20:35:56.823] [32mINFO[39m: [36mUniversal V1 TaskDraft mutation persisted[39m
    router: "web.taskDrafts"
    draftId: "5bd5b854-77e0-4da4-8bc9-50ab4d54e1fe"
    action: "link_contact"
    version: 2
    outcome: "ESTIMATE_REQUIRED"
    replayed: false
[20:35:56.963] [32mINFO[39m: [36mUniversal V1 TaskDraft mutation persisted[39m
    router: "web.taskDrafts"
    draftId: "559899a1-0a8c-4b50-8b3a-37ff39e5b572"
    action: "create"
    version: 1
    outcome: "ESTIMATE_REQUIRED"
    replayed: false
[20:35:56.990] [32mINFO[39m: [36mUniversal V1 TaskDraft mutation persisted[39m
    router: "web.taskDrafts"
    draftId: "559899a1-0a8c-4b50-8b3a-37ff39e5b572"
    action: "link_contact"
    version: 2
    outcome: "ESTIMATE_REQUIRED"
    replayed: false
[20:35:57.149] [32mINFO[39m: [36mUniversal V1 TaskDraft mutation persisted[39m
    router: "web.taskDrafts"
    draftId: "74038d57-ee0d-433a-8e8c-3a5e4dcc0180"
    action: "create"
    version: 1
    outcome: "ESTIMATE_REQUIRED"
    replayed: false
[20:35:57.179] [32mINFO[39m: [36mUniversal V1 TaskDraft mutation persisted[39m
    router: "web.taskDrafts"
    draftId: "74038d57-ee0d-433a-8e8c-3a5e4dcc0180"
    action: "link_contact"
    version: 2
    outcome: "ESTIMATE_REQUIRED"
    replayed: false
[20:35:57.388] [32mINFO[39m: [36mUniversal V1 TaskDraft mutation persisted[39m
    router: "web.taskDrafts"
    draftId: "5506aa31-829e-4026-86c3-f78cb6279618"
    action: "create"
    version: 1
    outcome: "ESTIMATE_REQUIRED"
    replayed: false
[20:35:57.418] [32mINFO[39m: [36mUniversal V1 TaskDraft mutation persisted[39m
    router: "web.taskDrafts"
    draftId: "5506aa31-829e-4026-86c3-f78cb6279618"
    action: "link_contact"
    version: 2
    outcome: "ESTIMATE_REQUIRED"
    replayed: false
[20:35:57.612] [32mINFO[39m: [36mUniversal V1 TaskDraft mutation persisted[39m
    router: "web.taskDrafts"
    draftId: "87cc8d53-b21f-4c65-8147-bf89355b8004"
    action: "create"
    version: 1
    outcome: "ESTIMATE_REQUIRED"
    replayed: false
[20:35:57.647] [32mINFO[39m: [36mUniversal V1 TaskDraft mutation persisted[39m
    router: "web.taskDrafts"
    draftId: "87cc8d53-b21f-4c65-8147-bf89355b8004"
    action: "link_contact"
    version: 2
    outcome: "ESTIMATE_REQUIRED"
    replayed: false
[20:35:57.853] [32mINFO[39m: [36mUniversal V1 TaskDraft mutation persisted[39m
    router: "web.taskDrafts"
    draftId: "c79318f8-07c1-4e74-82b9-e427eb9473f1"
    action: "create"
    version: 1
    outcome: "ESTIMATE_REQUIRED"
    replayed: false
[20:35:57.896] [32mINFO[39m: [36mUniversal V1 TaskDraft mutation persisted[39m
    router: "web.taskDrafts"
    draftId: "c79318f8-07c1-4e74-82b9-e427eb9473f1"
    action: "link_contact"
    version: 2
    outcome: "ESTIMATE_REQUIRED"
    replayed: false
[20:35:58.096] [32mINFO[39m: [36mUniversal V1 TaskDraft mutation persisted[39m
    router: "web.taskDrafts"
    draftId: "34b6d072-0e65-4f61-9220-fc1edec66904"
    action: "create"
    version: 1
    outcome: "ESTIMATE_REQUIRED"
    replayed: false
[20:35:58.135] [32mINFO[39m: [36mUniversal V1 TaskDraft mutation persisted[39m
    router: "web.taskDrafts"
    draftId: "34b6d072-0e65-4f61-9220-fc1edec66904"
    action: "link_contact"
    version: 2
    outcome: "ESTIMATE_REQUIRED"
    replayed: false
[20:35:58.330] [32mINFO[39m: [36mUniversal V1 TaskDraft mutation persisted[39m
    router: "web.taskDrafts"
    draftId: "5633b4aa-7bad-4af8-ab67-aed681721fe9"
    action: "create"
    version: 1
    outcome: "ESTIMATE_REQUIRED"
    replayed: false
[20:35:58.361] [32mINFO[39m: [36mUniversal V1 TaskDraft mutation persisted[39m
    router: "web.taskDrafts"
    draftId: "5633b4aa-7bad-4af8-ab67-aed681721fe9"
    action: "link_contact"
    version: 2
    outcome: "ESTIMATE_REQUIRED"
    replayed: false
[20:35:58.564] [32mINFO[39m: [36mUniversal V1 TaskDraft mutation persisted[39m
    router: "web.taskDrafts"
    draftId: "30ef7753-5a8f-466b-9f70-c78f60045992"
    action: "create"
    version: 1
    outcome: "ESTIMATE_REQUIRED"
    replayed: false
[20:35:58.594] [32mINFO[39m: [36mUniversal V1 TaskDraft mutation persisted[39m
    router: "web.taskDrafts"
    draftId: "30ef7753-5a8f-466b-9f70-c78f60045992"
    action: "link_contact"
    version: 2
    outcome: "ESTIMATE_REQUIRED"
    replayed: false
[20:36:00.374] [32mINFO[39m: [36mUniversal V1 TaskDraft mutation persisted[39m
    router: "web.taskDrafts"
    draftId: "9807d2a2-1612-49cd-a32c-23ddea6ce586"
    action: "create"
    version: 1
    outcome: "ESTIMATE_REQUIRED"
    replayed: false
[20:36:00.403] [32mINFO[39m: [36mUniversal V1 TaskDraft mutation persisted[39m
    router: "web.taskDrafts"
    draftId: "9807d2a2-1612-49cd-a32c-23ddea6ce586"
    action: "link_contact"
    version: 2
    outcome: "ESTIMATE_REQUIRED"
    replayed: false
[20:36:00.665] [32mINFO[39m: [36mUniversal V1 TaskDraft mutation persisted[39m
    router: "web.taskDrafts"
    draftId: "b145bb5d-0053-436b-a9b1-19cb962346f5"
    action: "create"
    version: 1
    outcome: "ESTIMATE_REQUIRED"
    replayed: false
[20:36:00.709] [32mINFO[39m: [36mUniversal V1 TaskDraft mutation persisted[39m
    router: "web.taskDrafts"
    draftId: "b145bb5d-0053-436b-a9b1-19cb962346f5"
    action: "link_contact"
    version: 2
    outcome: "ESTIMATE_REQUIRED"
    replayed: false
[20:36:01.897] [32mINFO[39m: [36mUniversal V1 TaskDraft mutation persisted[39m
    router: "web.taskDrafts"
    draftId: "48eb86ef-301b-4251-b999-abcc5cda32d4"
    action: "create"
    version: 1
    outcome: "ESTIMATE_REQUIRED"
    replayed: false
[20:36:01.922] [32mINFO[39m: [36mUniversal V1 TaskDraft mutation persisted[39m
    router: "web.taskDrafts"
    draftId: "48eb86ef-301b-4251-b999-abcc5cda32d4"
    action: "link_contact"
    version: 2
    outcome: "ESTIMATE_REQUIRED"
    replayed: false
[20:36:02.124] [32mINFO[39m: [36mUniversal V1 TaskDraft mutation persisted[39m
    router: "web.taskDrafts"
    draftId: "e8d9d279-560c-4463-ada8-e96ed7f5ba44"
    action: "create"
    version: 1
    outcome: "ESTIMATE_REQUIRED"
    replayed: false
[20:36:02.156] [32mINFO[39m: [36mUniversal V1 TaskDraft mutation persisted[39m
    router: "web.taskDrafts"
    draftId: "e8d9d279-560c-4463-ada8-e96ed7f5ba44"
    action: "link_contact"
    version: 2
    outcome: "ESTIMATE_REQUIRED"
    replayed: false
[20:36:03.616] [32mINFO[39m: [36mUniversal V1 TaskDraft mutation persisted[39m
    router: "web.taskDrafts"
    draftId: "57754792-0c84-4888-bdc2-499f0fe15ee6"
    action: "create"
    version: 1
    outcome: "ESTIMATE_REQUIRED"
    replayed: false
[20:36:03.637] [32mINFO[39m: [36mUniversal V1 TaskDraft mutation persisted[39m
    router: "web.taskDrafts"
    draftId: "57754792-0c84-4888-bdc2-499f0fe15ee6"
    action: "link_contact"
    version: 2
    outcome: "ESTIMATE_REQUIRED"
    replayed: false
[20:36:03.808] [32mINFO[39m: [36mUniversal V1 TaskDraft mutation persisted[39m
    router: "web.taskDrafts"
    draftId: "8aa0cbec-88d1-46ef-a363-9abc90f737ab"
    action: "create"
    version: 1
    outcome: "ESTIMATE_REQUIRED"
    replayed: false
[20:36:03.833] [32mINFO[39m: [36mUniversal V1 TaskDraft mutation persisted[39m
    router: "web.taskDrafts"
    draftId: "8aa0cbec-88d1-46ef-a363-9abc90f737ab"
    action: "link_contact"
    version: 2
    outcome: "ESTIMATE_REQUIRED"
    replayed: false
[20:36:03.993] [32mINFO[39m: [36mUniversal V1 TaskDraft mutation persisted[39m
    router: "web.taskDrafts"
    draftId: "e8e28aab-9b6f-4a71-905b-16e86aff0967"
    action: "create"
    version: 1
    outcome: "ESTIMATE_REQUIRED"
    replayed: false
[20:36:04.027] [32mINFO[39m: [36mUniversal V1 TaskDraft mutation persisted[39m
    router: "web.taskDrafts"
    draftId: "e8e28aab-9b6f-4a71-905b-16e86aff0967"
    action: "link_contact"
    version: 2
    outcome: "ESTIMATE_REQUIRED"
    replayed: false
[20:36:04.222] [32mINFO[39m: [36mUniversal V1 TaskDraft mutation persisted[39m
    router: "web.taskDrafts"
    draftId: "02e5a4e6-daff-420e-b812-7add49bc3e10"
    action: "create"
    version: 1
    outcome: "ESTIMATE_REQUIRED"
    replayed: false
[20:36:04.249] [32mINFO[39m: [36mUniversal V1 TaskDraft mutation persisted[39m
    router: "web.taskDrafts"
    draftId: "02e5a4e6-daff-420e-b812-7add49bc3e10"
    action: "link_contact"
    version: 2
    outcome: "ESTIMATE_REQUIRED"
    replayed: false
[20:36:04.544] [32mINFO[39m: [36mUniversal V1 TaskDraft mutation persisted[39m
    router: "web.taskDrafts"
    draftId: "c32f928e-6058-4a50-9958-d9c895cdb017"
    action: "create"
    version: 1
    outcome: "ESTIMATE_REQUIRED"
    replayed: false
[20:36:04.571] [32mINFO[39m: [36mUniversal V1 TaskDraft mutation persisted[39m
    router: "web.taskDrafts"
    draftId: "c32f928e-6058-4a50-9958-d9c895cdb017"
    action: "link_contact"
    version: 2
    outcome: "ESTIMATE_REQUIRED"
    replayed: false
[20:36:04.710] [32mINFO[39m: [36mUniversal V1 TaskDraft mutation persisted[39m
    router: "web.taskDrafts"
    draftId: "5daa9921-1409-4343-a93e-515e2616d757"
    action: "create"
    version: 1
    outcome: "ESTIMATE_REQUIRED"
    replayed: false
[20:36:04.736] [32mINFO[39m: [36mUniversal V1 TaskDraft mutation persisted[39m
    router: "web.taskDrafts"
    draftId: "5daa9921-1409-4343-a93e-515e2616d757"
    action: "link_contact"
    version: 2
    outcome: "ESTIMATE_REQUIRED"
    replayed: false
[20:36:04.934] [32mINFO[39m: [36mUniversal V1 TaskDraft mutation persisted[39m
    router: "web.taskDrafts"
    draftId: "bc5959cb-9084-4ad8-a08b-04dc0ed8d97a"
    action: "create"
    version: 1
    outcome: "ESTIMATE_REQUIRED"
    replayed: false
[20:36:04.964] [32mINFO[39m: [36mUniversal V1 TaskDraft mutation persisted[39m
    router: "web.taskDrafts"
    draftId: "bc5959cb-9084-4ad8-a08b-04dc0ed8d97a"
    action: "link_contact"
    version: 2
    outcome: "ESTIMATE_REQUIRED"
    replayed: false
[20:36:05.147] [32mINFO[39m: [36mUniversal V1 TaskDraft mutation persisted[39m
    router: "web.taskDrafts"
    draftId: "1066ded6-ad31-42d0-a796-bbbbed059728"
    action: "create"
    version: 1
    outcome: "ESTIMATE_REQUIRED"
    replayed: false
[20:36:05.171] [32mINFO[39m: [36mUniversal V1 TaskDraft mutation persisted[39m
    router: "web.taskDrafts"
    draftId: "1066ded6-ad31-42d0-a796-bbbbed059728"
    action: "link_contact"
    version: 2
    outcome: "ESTIMATE_REQUIRED"
    replayed: false
[20:36:05.379] [32mINFO[39m: [36mUniversal V1 TaskDraft mutation persisted[39m
    router: "web.taskDrafts"
    draftId: "bd038c4e-da80-4222-8bfe-e4ccd4a597a3"
    action: "create"
    version: 1
    outcome: "ESTIMATE_REQUIRED"
    replayed: false
[20:36:05.408] [32mINFO[39m: [36mUniversal V1 TaskDraft mutation persisted[39m
    router: "web.taskDrafts"
    draftId: "bd038c4e-da80-4222-8bfe-e4ccd4a597a3"
    action: "link_contact"
    version: 2
    outcome: "ESTIMATE_REQUIRED"
    replayed: false
[20:36:05.703] [32mINFO[39m: [36mUniversal V1 TaskDraft mutation persisted[39m
    router: "web.taskDrafts"
    draftId: "ae1adab8-c0c3-4035-b7de-3c705e4d5148"
    action: "create"
    version: 1
    outcome: "ESTIMATE_REQUIRED"
    replayed: false
[20:36:05.731] [32mINFO[39m: [36mUniversal V1 TaskDraft mutation persisted[39m
    router: "web.taskDrafts"
    draftId: "ae1adab8-c0c3-4035-b7de-3c705e4d5148"
    action: "link_contact"
    version: 2
    outcome: "ESTIMATE_REQUIRED"
    replayed: false
[20:36:08.249] [32mINFO[39m: [36mUniversal V1 TaskDraft mutation persisted[39m
    router: "web.taskDrafts"
    draftId: "c6c6bea0-8e67-475d-bd12-13b646afa049"
    action: "create"
    version: 1
    outcome: "ESTIMATE_REQUIRED"
    replayed: false
[20:36:08.278] [32mINFO[39m: [36mUniversal V1 TaskDraft mutation persisted[39m
    router: "web.taskDrafts"
    draftId: "c6c6bea0-8e67-475d-bd12-13b646afa049"
    action: "link_contact"
    version: 2
    outcome: "ESTIMATE_REQUIRED"
    replayed: false
[20:37:15.973] [32mINFO[39m: [36mUniversal V1 TaskDraft mutation persisted[39m
    router: "web.taskDrafts"
    draftId: "e7b4300c-5b83-4467-ad37-d31ee2041c26"
    action: "create"
    version: 1
    outcome: "ESTIMATE_REQUIRED"
    replayed: false
[20:37:16.006] [32mINFO[39m: [36mUniversal V1 TaskDraft mutation persisted[39m
    router: "web.taskDrafts"
    draftId: "e7b4300c-5b83-4467-ad37-d31ee2041c26"
    action: "link_contact"
    version: 2
    outcome: "ESTIMATE_REQUIRED"
    replayed: false
[20:37:17.400] [32mINFO[39m: [36mUniversal V1 TaskDraft mutation persisted[39m
    router: "web.taskDrafts"
    draftId: "eabb0b6b-997b-4e16-828d-e1c117e4609b"
    action: "create"
    version: 1
    outcome: "ESTIMATE_REQUIRED"
    replayed: false
[20:37:17.430] [32mINFO[39m: [36mUniversal V1 TaskDraft mutation persisted[39m
    router: "web.taskDrafts"
    draftId: "eabb0b6b-997b-4e16-828d-e1c117e4609b"
    action: "link_contact"
    version: 2
    outcome: "ESTIMATE_REQUIRED"
    replayed: false
[20:37:17.974] [32mINFO[39m: [36mUniversal V1 TaskDraft mutation persisted[39m
    router: "web.taskDrafts"
    draftId: "84f69b33-59e3-4de8-9c88-6cd01673a16f"
    action: "create"
    version: 1
    outcome: "ESTIMATE_REQUIRED"
    replayed: false
[20:37:18.006] [32mINFO[39m: [36mUniversal V1 TaskDraft mutation persisted[39m
    router: "web.taskDrafts"
    draftId: "84f69b33-59e3-4de8-9c88-6cd01673a16f"
    action: "link_contact"
    version: 2
    outcome: "ESTIMATE_REQUIRED"
    replayed: false
[20:37:18.416] [32mINFO[39m: [36mUniversal V1 TaskDraft mutation persisted[39m
    router: "web.taskDrafts"
    draftId: "7a0661b0-9330-4698-9d6e-f77909bb7571"
    action: "create"
    version: 1
    outcome: "ESTIMATE_REQUIRED"
    replayed: false
[20:37:18.450] [32mINFO[39m: [36mUniversal V1 TaskDraft mutation persisted[39m
    router: "web.taskDrafts"
    draftId: "7a0661b0-9330-4698-9d6e-f77909bb7571"
    action: "link_contact"
    version: 2
    outcome: "ESTIMATE_REQUIRED"
    replayed: false
[20:37:18.668] [32mINFO[39m: [36mUniversal V1 TaskDraft mutation persisted[39m
    router: "web.taskDrafts"
    draftId: "760ee196-20b1-45bd-854d-28450dc0559a"
    action: "create"
    version: 1
    outcome: "ESTIMATE_REQUIRED"
    replayed: false
[20:37:18.700] [32mINFO[39m: [36mUniversal V1 TaskDraft mutation persisted[39m
    router: "web.taskDrafts"
    draftId: "760ee196-20b1-45bd-854d-28450dc0559a"
    action: "link_contact"
    version: 2
    outcome: "ESTIMATE_REQUIRED"
    replayed: false
[20:37:19.026] [32mINFO[39m: [36mUniversal V1 TaskDraft mutation persisted[39m
    router: "web.taskDrafts"
    draftId: "d06eb82b-9f30-4e20-8c7e-bdea675d1878"
    action: "create"
    version: 1
    outcome: "ESTIMATE_REQUIRED"
    replayed: false
[20:37:19.058] [32mINFO[39m: [36mUniversal V1 TaskDraft mutation persisted[39m
    router: "web.taskDrafts"
    draftId: "d06eb82b-9f30-4e20-8c7e-bdea675d1878"
    action: "link_contact"
    version: 2
    outcome: "ESTIMATE_REQUIRED"
    replayed: false
[20:37:20.706] [32mINFO[39m: [36mUniversal V1 TaskDraft mutation persisted[39m
    router: "web.taskDrafts"
    draftId: "384eb6b6-a10f-4c0d-a533-cf717e18679d"
    action: "create"
    version: 1
    outcome: "ESTIMATE_REQUIRED"
    replayed: false
[20:37:20.750] [32mINFO[39m: [36mUniversal V1 TaskDraft mutation persisted[39m
    router: "web.taskDrafts"
    draftId: "384eb6b6-a10f-4c0d-a533-cf717e18679d"
    action: "link_contact"
    version: 2
    outcome: "ESTIMATE_REQUIRED"
    replayed: false
[20:37:21.395] [32mINFO[39m: [36mUniversal V1 TaskDraft mutation persisted[39m
    router: "web.taskDrafts"
    draftId: "e0ea9f47-9889-4690-9229-0dc32f510322"
    action: "create"
    version: 1
    outcome: "ESTIMATE_REQUIRED"
    replayed: false
[20:37:21.428] [32mINFO[39m: [36mUniversal V1 TaskDraft mutation persisted[39m
    router: "web.taskDrafts"
    draftId: "e0ea9f47-9889-4690-9229-0dc32f510322"
    action: "link_contact"
    version: 2
    outcome: "ESTIMATE_REQUIRED"
    replayed: false
[20:37:22.046] [32mINFO[39m: [36mUniversal V1 TaskDraft mutation persisted[39m
    router: "web.taskDrafts"
    draftId: "242616c9-6ae6-460d-b7c1-700c0e066b4b"
    action: "create"
    version: 1
    outcome: "ESTIMATE_REQUIRED"
    replayed: false
[20:37:22.075] [32mINFO[39m: [36mUniversal V1 TaskDraft mutation persisted[39m
    router: "web.taskDrafts"
    draftId: "242616c9-6ae6-460d-b7c1-700c0e066b4b"
    action: "link_contact"
    version: 2
    outcome: "ESTIMATE_REQUIRED"
    replayed: false
[20:37:22.333] [32mINFO[39m: [36mUniversal V1 TaskDraft mutation persisted[39m
    router: "web.taskDrafts"
    draftId: "cce1cf6c-bda0-4f09-9bc9-770c528bc902"
    action: "create"
    version: 1
    outcome: "ESTIMATE_REQUIRED"
    replayed: false
[20:37:22.365] [32mINFO[39m: [36mUniversal V1 TaskDraft mutation persisted[39m
    router: "web.taskDrafts"
    draftId: "cce1cf6c-bda0-4f09-9bc9-770c528bc902"
    action: "link_contact"
    version: 2
    outcome: "ESTIMATE_REQUIRED"
    replayed: false
[20:37:22.498] [32mINFO[39m: [36mUniversal V1 TaskDraft mutation persisted[39m
    router: "web.taskDrafts"
    draftId: "31e43f04-318c-46ca-9070-08bb8ed3e2f7"
    action: "create"
    version: 1
    outcome: "ESTIMATE_REQUIRED"
    replayed: false
[20:37:22.526] [32mINFO[39m: [36mUniversal V1 TaskDraft mutation persisted[39m
    router: "web.taskDrafts"
    draftId: "31e43f04-318c-46ca-9070-08bb8ed3e2f7"
    action: "link_contact"
    version: 2
    outcome: "ESTIMATE_REQUIRED"
    replayed: false
[20:37:22.674] [32mINFO[39m: [36mUniversal V1 TaskDraft mutation persisted[39m
    router: "web.taskDrafts"
    draftId: "ffe6cda5-ac15-4ea2-8911-c9dd6ca1e47e"
    action: "create"
    version: 1
    outcome: "ESTIMATE_REQUIRED"
    replayed: false
[20:37:22.696] [32mINFO[39m: [36mUniversal V1 TaskDraft mutation persisted[39m
    router: "web.taskDrafts"
    draftId: "ffe6cda5-ac15-4ea2-8911-c9dd6ca1e47e"
    action: "link_contact"
    version: 2
    outcome: "ESTIMATE_REQUIRED"
    replayed: false
[20:37:23.209] [32mINFO[39m: [36mUniversal V1 TaskDraft mutation persisted[39m
    router: "web.taskDrafts"
    draftId: "bff18b23-afc0-4b9c-9af5-d8888f307e34"
    action: "create"
    version: 1
    outcome: "ESTIMATE_REQUIRED"
    replayed: false
[20:37:23.232] [32mINFO[39m: [36mUniversal V1 TaskDraft mutation persisted[39m
    router: "web.taskDrafts"
    draftId: "bff18b23-afc0-4b9c-9af5-d8888f307e34"
    action: "link_contact"
    version: 2
    outcome: "ESTIMATE_REQUIRED"
    replayed: false
[20:37:23.405] [32mINFO[39m: [36mUniversal V1 TaskDraft mutation persisted[39m
    router: "web.taskDrafts"
    draftId: "97f8fc89-0c9f-4e45-b11b-5110ccbd6d2e"
    action: "create"
    version: 1
    outcome: "ESTIMATE_REQUIRED"
    replayed: false
[20:37:23.437] [32mINFO[39m: [36mUniversal V1 TaskDraft mutation persisted[39m
    router: "web.taskDrafts"
    draftId: "97f8fc89-0c9f-4e45-b11b-5110ccbd6d2e"
    action: "link_contact"
    version: 2
    outcome: "ESTIMATE_REQUIRED"
    replayed: false
[20:37:29.007] [32mINFO[39m: [36mUniversal V1 TaskDraft mutation persisted[39m
    router: "web.taskDrafts"
    draftId: "e302d929-d57a-4b1f-9d2d-d11a9da42164"
    action: "create"
    version: 1
    outcome: "ESTIMATE_REQUIRED"
    replayed: false
[20:37:29.041] [32mINFO[39m: [36mUniversal V1 TaskDraft mutation persisted[39m
    router: "web.taskDrafts"
    draftId: "e302d929-d57a-4b1f-9d2d-d11a9da42164"
    action: "link_contact"
    version: 2
    outcome: "ESTIMATE_REQUIRED"
    replayed: false
[20:37:32.243] [32mINFO[39m: [36mUniversal V1 TaskDraft mutation persisted[39m
    router: "web.taskDrafts"
    draftId: "589d7d7b-308a-42d4-b42d-7129ea1ba10b"
    action: "create"
    version: 1
    outcome: "ESTIMATE_REQUIRED"
    replayed: false
[20:37:32.272] [32mINFO[39m: [36mUniversal V1 TaskDraft mutation persisted[39m
    router: "web.taskDrafts"
    draftId: "589d7d7b-308a-42d4-b42d-7129ea1ba10b"
    action: "link_contact"
    version: 2
    outcome: "ESTIMATE_REQUIRED"
    replayed: false
[20:37:32.686] [32mINFO[39m: [36mUniversal V1 TaskDraft mutation persisted[39m
    router: "web.taskDrafts"
    draftId: "1c7690c9-93be-4805-bf2c-607f204d606b"
    action: "create"
    version: 1
    outcome: "ESTIMATE_REQUIRED"
    replayed: false
[20:37:32.712] [32mINFO[39m: [36mUniversal V1 TaskDraft mutation persisted[39m
    router: "web.taskDrafts"
    draftId: "1c7690c9-93be-4805-bf2c-607f204d606b"
    action: "link_contact"
    version: 2
    outcome: "ESTIMATE_REQUIRED"
    replayed: false
[20:37:38.468] [32mINFO[39m: [36mUniversal V1 TaskDraft mutation persisted[39m
    router: "web.taskDrafts"
    draftId: "0a735a8c-1344-4a6d-bcdc-52da9f066a45"
    action: "create"
    version: 1
    outcome: "ESTIMATE_REQUIRED"
    replayed: false
[20:37:38.502] [32mINFO[39m: [36mUniversal V1 TaskDraft mutation persisted[39m
    router: "web.taskDrafts"
    draftId: "0a735a8c-1344-4a6d-bcdc-52da9f066a45"
    action: "link_contact"
    version: 2
    outcome: "ESTIMATE_REQUIRED"
    replayed: false
[20:37:42.840] [32mINFO[39m: [36mUniversal V1 TaskDraft mutation persisted[39m
    router: "web.taskDrafts"
    draftId: "475624ef-1170-459d-bffd-4fb0e227e8a8"
    action: "create"
    version: 1
    outcome: "ESTIMATE_REQUIRED"
    replayed: false
[20:37:42.868] [32mINFO[39m: [36mUniversal V1 TaskDraft mutation persisted[39m
    router: "web.taskDrafts"
    draftId: "475624ef-1170-459d-bffd-4fb0e227e8a8"
    action: "link_contact"
    version: 2
    outcome: "ESTIMATE_REQUIRED"
    replayed: false
[20:37:47.031] [32mINFO[39m: [36mUniversal V1 TaskDraft mutation persisted[39m
    router: "web.taskDrafts"
    draftId: "0e891403-49cd-45d6-b8a6-5bd1dc2381c3"
    action: "create"
    version: 1
    outcome: "ESTIMATE_REQUIRED"
    replayed: false
[20:37:47.059] [32mINFO[39m: [36mUniversal V1 TaskDraft mutation persisted[39m
    router: "web.taskDrafts"
    draftId: "0e891403-49cd-45d6-b8a6-5bd1dc2381c3"
    action: "link_contact"
    version: 2
    outcome: "ESTIMATE_REQUIRED"
    replayed: false
[20:37:50.227] [32mINFO[39m: [36mUniversal V1 TaskDraft mutation persisted[39m
    router: "web.taskDrafts"
    draftId: "859cbcd2-b36f-40c6-9834-2ca39c10820c"
    action: "create"
    version: 1
    outcome: "ESTIMATE_REQUIRED"
    replayed: false
[20:37:50.252] [32mINFO[39m: [36mUniversal V1 TaskDraft mutation persisted[39m
    router: "web.taskDrafts"
    draftId: "859cbcd2-b36f-40c6-9834-2ca39c10820c"
    action: "link_contact"
    version: 2
    outcome: "ESTIMATE_REQUIRED"
    replayed: false
[20:37:52.384] [32mINFO[39m: [36mUniversal V1 TaskDraft mutation persisted[39m
    router: "web.taskDrafts"
    draftId: "ad615d64-3f2b-43c1-bf75-627d5e2ea514"
    action: "create"
    version: 1
    outcome: "ESTIMATE_REQUIRED"
    replayed: false
[20:37:52.412] [32mINFO[39m: [36mUniversal V1 TaskDraft mutation persisted[39m
    router: "web.taskDrafts"
    draftId: "ad615d64-3f2b-43c1-bf75-627d5e2ea514"
    action: "link_contact"
    version: 2
    outcome: "ESTIMATE_REQUIRED"
    replayed: false
[20:37:52.548] [32mINFO[39m: [36mUniversal V1 TaskDraft mutation persisted[39m
    router: "web.taskDrafts"
    draftId: "80dff6bf-4cd6-4588-830d-2b0cd44d2436"
    action: "create"
    version: 1
    outcome: "ESTIMATE_REQUIRED"
    replayed: false
[20:37:52.577] [32mINFO[39m: [36mUniversal V1 TaskDraft mutation persisted[39m
    router: "web.taskDrafts"
    draftId: "80dff6bf-4cd6-4588-830d-2b0cd44d2436"
    action: "link_contact"
    version: 2
    outcome: "ESTIMATE_REQUIRED"
    replayed: false
[20:37:52.696] [32mINFO[39m: [36mUniversal V1 TaskDraft mutation persisted[39m
    router: "web.taskDrafts"
    draftId: "c4c82448-cede-40e7-8d23-c556b65081c4"
    action: "create"
    version: 1
    outcome: "ESTIMATE_REQUIRED"
    replayed: false
[20:37:52.718] [32mINFO[39m: [36mUniversal V1 TaskDraft mutation persisted[39m
    router: "web.taskDrafts"
    draftId: "c4c82448-cede-40e7-8d23-c556b65081c4"
    action: "link_contact"
    version: 2
    outcome: "ESTIMATE_REQUIRED"
    replayed: false
[20:37:52.857] [32mINFO[39m: [36mUniversal V1 TaskDraft mutation persisted[39m
    router: "web.taskDrafts"
    draftId: "8bbbfcd5-a4fc-4a92-bda1-6b2f8b83e912"
    action: "create"
    version: 1
    outcome: "ESTIMATE_REQUIRED"
    replayed: false
[20:37:52.879] [32mINFO[39m: [36mUniversal V1 TaskDraft mutation persisted[39m
    router: "web.taskDrafts"
    draftId: "8bbbfcd5-a4fc-4a92-bda1-6b2f8b83e912"
    action: "link_contact"
    version: 2
    outcome: "ESTIMATE_REQUIRED"
    replayed: false
[20:37:53.079] [32mINFO[39m: [36mUniversal V1 TaskDraft mutation persisted[39m
    router: "web.taskDrafts"
    draftId: "d4316016-a3f8-4f3a-a7b7-a9fbd360cfa9"
    action: "create"
    version: 1
    outcome: "ESTIMATE_REQUIRED"
    replayed: false
[20:37:53.102] [32mINFO[39m: [36mUniversal V1 TaskDraft mutation persisted[39m
    router: "web.taskDrafts"
    draftId: "d4316016-a3f8-4f3a-a7b7-a9fbd360cfa9"
    action: "link_contact"
    version: 2
    outcome: "ESTIMATE_REQUIRED"
    replayed: false
[20:37:53.505] [32mINFO[39m: [36mUniversal V1 TaskDraft mutation persisted[39m
    router: "web.taskDrafts"
    draftId: "99ca0df9-ed18-43b0-a63c-9040ac2b5e6c"
    action: "create"
    version: 1
    outcome: "ESTIMATE_REQUIRED"
    replayed: false
[20:37:53.525] [32mINFO[39m: [36mUniversal V1 TaskDraft mutation persisted[39m
    router: "web.taskDrafts"
    draftId: "99ca0df9-ed18-43b0-a63c-9040ac2b5e6c"
    action: "link_contact"
    version: 2
    outcome: "ESTIMATE_REQUIRED"
    replayed: false
[20:37:53.851] [32mINFO[39m: [36mUniversal V1 TaskDraft mutation persisted[39m
    router: "web.taskDrafts"
    draftId: "888b1926-648c-4c6b-82c3-64ab8112541a"
    action: "create"
    version: 1
    outcome: "ESTIMATE_REQUIRED"
    replayed: false
[20:37:53.874] [32mINFO[39m: [36mUniversal V1 TaskDraft mutation persisted[39m
    router: "web.taskDrafts"
    draftId: "888b1926-648c-4c6b-82c3-64ab8112541a"
    action: "link_contact"
    version: 2
    outcome: "ESTIMATE_REQUIRED"
    replayed: false
[20:37:54.194] [32mINFO[39m: [36mUniversal V1 TaskDraft mutation persisted[39m
    router: "web.taskDrafts"
    draftId: "af528b48-ddfa-44d0-b0b1-1b668680ffef"
    action: "create"
    version: 1
    outcome: "ESTIMATE_REQUIRED"
    replayed: false
[20:37:54.214] [32mINFO[39m: [36mUniversal V1 TaskDraft mutation persisted[39m
    router: "web.taskDrafts"
    draftId: "af528b48-ddfa-44d0-b0b1-1b668680ffef"
    action: "link_contact"
    version: 2
    outcome: "ESTIMATE_REQUIRED"
    replayed: false
[20:37:54.533] [32mINFO[39m: [36mUniversal V1 TaskDraft mutation persisted[39m
    router: "web.taskDrafts"
    draftId: "6a65f1e0-fbe6-40ca-b575-420adfe13848"
    action: "create"
    version: 1
    outcome: "ESTIMATE_REQUIRED"
    replayed: false
[20:37:54.553] [32mINFO[39m: [36mUniversal V1 TaskDraft mutation persisted[39m
    router: "web.taskDrafts"
    draftId: "6a65f1e0-fbe6-40ca-b575-420adfe13848"
    action: "link_contact"
    version: 2
    outcome: "ESTIMATE_REQUIRED"
    replayed: false
[20:37:54.894] [32mINFO[39m: [36mUniversal V1 TaskDraft mutation persisted[39m
    router: "web.taskDrafts"
    draftId: "df9f2c18-8a48-4905-aa38-c378331448ea"
    action: "create"
    version: 1
    outcome: "ESTIMATE_REQUIRED"
    replayed: false
[20:37:54.914] [32mINFO[39m: [36mUniversal V1 TaskDraft mutation persisted[39m
    router: "web.taskDrafts"
    draftId: "df9f2c18-8a48-4905-aa38-c378331448ea"
    action: "link_contact"
    version: 2
    outcome: "ESTIMATE_REQUIRED"
    replayed: false
[20:37:55.231] [32mINFO[39m: [36mUniversal V1 TaskDraft mutation persisted[39m
    router: "web.taskDrafts"
    draftId: "aead8ff8-b3b2-4002-91b0-47d9cfd82c9d"
    action: "create"
    version: 1
    outcome: "ESTIMATE_REQUIRED"
    replayed: false
[20:37:55.250] [32mINFO[39m: [36mUniversal V1 TaskDraft mutation persisted[39m
    router: "web.taskDrafts"
    draftId: "aead8ff8-b3b2-4002-91b0-47d9cfd82c9d"
    action: "link_contact"
    version: 2
    outcome: "ESTIMATE_REQUIRED"
    replayed: false
[20:37:56.414] [32mINFO[39m: [36mUniversal V1 TaskDraft mutation persisted[39m
    router: "web.taskDrafts"
    draftId: "362c9b96-6662-4b68-838a-effb9407349c"
    action: "create"
    version: 1
    outcome: "ESTIMATE_REQUIRED"
    replayed: false
[20:37:56.435] [32mINFO[39m: [36mUniversal V1 TaskDraft mutation persisted[39m
    router: "web.taskDrafts"
    draftId: "362c9b96-6662-4b68-838a-effb9407349c"
    action: "link_contact"
    version: 2
    outcome: "ESTIMATE_REQUIRED"
    replayed: false
[20:37:56.674] [32mINFO[39m: [36mUniversal V1 TaskDraft mutation persisted[39m
    router: "web.taskDrafts"
    draftId: "5d4b6041-ac35-429f-99ea-54745a0b20b4"
    action: "create"
    version: 1
    outcome: "ESTIMATE_REQUIRED"
    replayed: false
[20:37:56.696] [32mINFO[39m: [36mUniversal V1 TaskDraft mutation persisted[39m
    router: "web.taskDrafts"
    draftId: "5d4b6041-ac35-429f-99ea-54745a0b20b4"
    action: "link_contact"
    version: 2
    outcome: "ESTIMATE_REQUIRED"
    replayed: false
[20:37:57.790] [32mINFO[39m: [36mUniversal V1 TaskDraft mutation persisted[39m
    router: "web.taskDrafts"
    draftId: "01d65b8b-5e48-47f5-ad18-838149b28169"
    action: "create"
    version: 1
    outcome: "ESTIMATE_REQUIRED"
    replayed: false
[20:37:57.810] [32mINFO[39m: [36mUniversal V1 TaskDraft mutation persisted[39m
    router: "web.taskDrafts"
    draftId: "01d65b8b-5e48-47f5-ad18-838149b28169"
    action: "link_contact"
    version: 2
    outcome: "ESTIMATE_REQUIRED"
    replayed: false
[20:37:58.561] [32mINFO[39m: [36mUniversal V1 TaskDraft mutation persisted[39m
    router: "web.taskDrafts"
    draftId: "e684c8fa-2660-47b0-ad3b-e8095c35a26a"
    action: "create"
    version: 1
    outcome: "ESTIMATE_REQUIRED"
    replayed: false
[20:37:58.581] [32mINFO[39m: [36mUniversal V1 TaskDraft mutation persisted[39m
    router: "web.taskDrafts"
    draftId: "e684c8fa-2660-47b0-ad3b-e8095c35a26a"
    action: "link_contact"
    version: 2
    outcome: "ESTIMATE_REQUIRED"
    replayed: false
[20:37:59.484] [32mINFO[39m: [36mUniversal V1 TaskDraft mutation persisted[39m
    router: "web.taskDrafts"
    draftId: "83cd9ba4-cd01-428c-840f-e8dc3795da47"
    action: "create"
    version: 1
    outcome: "ESTIMATE_REQUIRED"
    replayed: false
[20:37:59.504] [32mINFO[39m: [36mUniversal V1 TaskDraft mutation persisted[39m
    router: "web.taskDrafts"
    draftId: "83cd9ba4-cd01-428c-840f-e8dc3795da47"
    action: "link_contact"
    version: 2
    outcome: "ESTIMATE_REQUIRED"
    replayed: false
[20:38:05.718] [32mINFO[39m: [36mUniversal V1 TaskDraft mutation persisted[39m
    router: "web.taskDrafts"
    draftId: "09ec26f2-5bc4-41ce-b30d-3e2f31d8f3d5"
    action: "create"
    version: 1
    outcome: "ESTIMATE_REQUIRED"
    replayed: false
[20:38:05.743] [32mINFO[39m: [36mUniversal V1 TaskDraft mutation persisted[39m
    router: "web.taskDrafts"
    draftId: "09ec26f2-5bc4-41ce-b30d-3e2f31d8f3d5"
    action: "link_contact"
    version: 2
    outcome: "ESTIMATE_REQUIRED"
    replayed: false
[20:38:09.031] [32mINFO[39m: [36mUniversal V1 TaskDraft mutation persisted[39m
    router: "web.taskDrafts"
    draftId: "6fa83f3d-0bcd-44da-a223-d286e85a355e"
    action: "create"
    version: 1
    outcome: "ESTIMATE_REQUIRED"
    replayed: false
[20:38:09.051] [32mINFO[39m: [36mUniversal V1 TaskDraft mutation persisted[39m
    router: "web.taskDrafts"
    draftId: "6fa83f3d-0bcd-44da-a223-d286e85a355e"
    action: "link_contact"
    version: 2
    outcome: "ESTIMATE_REQUIRED"
    replayed: false
[20:38:09.215] [32mINFO[39m: [36mUniversal V1 TaskDraft mutation persisted[39m
    router: "web.taskDrafts"
    draftId: "9cf33a10-9ead-4146-b475-99c523baa17b"
    action: "create"
    version: 1
    outcome: "ESTIMATE_REQUIRED"
    replayed: false
[20:38:09.242] [32mINFO[39m: [36mUniversal V1 TaskDraft mutation persisted[39m
    router: "web.taskDrafts"
    draftId: "9cf33a10-9ead-4146-b475-99c523baa17b"
    action: "link_contact"
    version: 2
    outcome: "ESTIMATE_REQUIRED"
    replayed: false
[20:38:10.486] [32mINFO[39m: [36mUniversal V1 TaskDraft mutation persisted[39m
    router: "web.taskDrafts"
    draftId: "c5bbf534-d6e8-4c41-aa71-490742f1937e"
    action: "create"
    version: 1
    outcome: "ESTIMATE_REQUIRED"
    replayed: false
[20:38:10.507] [32mINFO[39m: [36mUniversal V1 TaskDraft mutation persisted[39m
    router: "web.taskDrafts"
    draftId: "c5bbf534-d6e8-4c41-aa71-490742f1937e"
    action: "link_contact"
    version: 2
    outcome: "ESTIMATE_REQUIRED"
    replayed: false
[20:38:10.626] [32mINFO[39m: [36mUniversal V1 TaskDraft mutation persisted[39m
    router: "web.taskDrafts"
    draftId: "cb48e719-5d71-4e14-9944-4307b2416efa"
    action: "create"
    version: 1
    outcome: "ESTIMATE_REQUIRED"
    replayed: false
[20:38:10.644] [32mINFO[39m: [36mUniversal V1 TaskDraft mutation persisted[39m
    router: "web.taskDrafts"
    draftId: "cb48e719-5d71-4e14-9944-4307b2416efa"
    action: "link_contact"
    version: 2
    outcome: "ESTIMATE_REQUIRED"
    replayed: false
[20:38:10.771] [32mINFO[39m: [36mUniversal V1 TaskDraft mutation persisted[39m
    router: "web.taskDrafts"
    draftId: "67a3586b-bd07-4aa1-9ff8-8a8ea8ec963b"
    action: "create"
    version: 1
    outcome: "ESTIMATE_REQUIRED"
    replayed: false
[20:38:10.790] [32mINFO[39m: [36mUniversal V1 TaskDraft mutation persisted[39m
    router: "web.taskDrafts"
    draftId: "67a3586b-bd07-4aa1-9ff8-8a8ea8ec963b"
    action: "link_contact"
    version: 2
    outcome: "ESTIMATE_REQUIRED"
    replayed: false
 ✓ |database-serial| backend/tests/system/universal-v1-fake-financial-command-outbox-authority-v13.pg.test.ts (116 tests) 154319ms
       ✓ removes hostile global and schema default ACLs from every new authority object  977ms
       ✓ rejects inherited object-owner authority and rolls back the entire installation  692ms
       ✓ restores predecessor guards and removes all v13 evidence on a late installation failure  771ms
       ✓ commits exact request bytes and outbox with REQUESTED after separately committed PREPARED  521ms
       ✓ serializes concurrent exact submissions to one durable request and outbox identity  393ms
       ✓ requires outer COMMIT after a released publication savepoint before restoration  1269ms
       ✓ recovers one expired publisher lease with the same job identity and rejects forged Redis with zero dispatch writes  1504ms
       ✓ admits exactly one concurrent worker replay and denies terminal publisher outcomes  380ms
       ✓ rejects a worker with a stale REPEATABLE READ snapshot after a terminal hold commits  348ms
       ✓ rejects an exact BullMQ replay after DISPATCH_ATTEMPTED with zero writes  324ms
       ✓ allows redispatch only after an explicit due retryable FAILED CONFIRMED_NO_EFFECT outcome  2549ms
       ✓ records publisher exhaustion without starving later work or reopening dispatch  69142ms
         ✓ reads exact bytes after admission commits without adding provider or lifecycle facts  617ms
         ✓ rejects admission and readback in the same transaction  442ms
         ✓ rejects a terminal publisher hold committed after admission  353ms
         ✓ rejects an elapsed outcome deadline even while its lease remains live  1682ms
         ✓ rejects a OUTCOME_UNKNOWN observation committed after admission  676ms
         ✓ rejects a FAILED observation committed after admission  662ms
         ✓ refuses REPEATABLE READ snapshots for admitted readback  346ms
         ✓ rechecks the outcome after waiting for the command recovery lock  502ms
       ✓ uses distinct worker and API logins with sealed publisher ports and no direct v13 writes  48009ms
[20:38:13.534] [33mWARN[39m: [36mFirebase Admin credentials missing — auth verification disabled[39m
    module: "auth"
[20:38:16.029] [33mWARN[39m: [36mStripe Connect not configured (placeholder or missing key)[39m
    module: "stripe"
[20:38:16.381] [33mWARN[39m: [36mStripe not configured (placeholder or missing key)[39m
    module: "stripe"
[20:38:23.275] [32mINFO[39m: [36mUniversal V1 TaskDraft mutation persisted[39m
    router: "web.taskDrafts"
    draftId: "00eaf9c2-8cb1-45ba-8726-3aab1fabd101"
    action: "create"
    version: 1
    outcome: "ESTIMATE_REQUIRED"
    replayed: false
[20:38:23.315] [32mINFO[39m: [36mUniversal V1 TaskDraft mutation persisted[39m
    router: "web.taskDrafts"
    draftId: "00eaf9c2-8cb1-45ba-8726-3aab1fabd101"
    action: "update"
    version: 2
    outcome: "ESTIMATE_REQUIRED"
    replayed: false
[20:38:23.367] [32mINFO[39m: [36mLead submitted[39m
    router: "web.leads"
    leadId: "2a9f0499-131a-404a-8be8-0720496cc91b"
    leadType: "poster"
    status: "new"
[20:38:23.393] [32mINFO[39m: [36mUniversal V1 TaskDraft mutation persisted[39m
    router: "web.taskDrafts"
    draftId: "00eaf9c2-8cb1-45ba-8726-3aab1fabd101"
    action: "link_contact"
    version: 3
    outcome: "ESTIMATE_REQUIRED"
    replayed: false
[20:38:23.912] [32mINFO[39m: [36mUniversal V1 TaskDraft mutation persisted[39m
    router: "web.taskDrafts"
    draftId: "e47849cb-f2b3-4254-9015-8c0b0e34117f"
    action: "create"
    version: 1
    outcome: "FULFILLMENT_CANDIDATE"
    replayed: false
[20:38:23.931] [32mINFO[39m: [36mLead submitted[39m
    router: "web.leads"
    leadId: "f79ad987-166b-49e4-9f05-e7e69bb75770"
    leadType: "poster"
    status: "new"
[20:38:23.968] [32mINFO[39m: [36mEmail job started[39m
    module: "worker"
    worker: "email"
    emailId: "989caae4-6b89-4da4-81f7-10943528f059"
    jobId: "gate25-lead-confirmation:7f08ed2a-0506-43ed-b887-f6987e0458ac"
    idempotencyKey: "lead-confirm:5ae5e199-378e-477a-9ff0-eca4fd0b983d:v1"
    currentStatus: "pending"
    attempt: 0
[20:38:23.972] [32mINFO[39m: [36mEmail claimed[39m
    module: "worker"
    worker: "email"
    emailId: "989caae4-6b89-4da4-81f7-10943528f059"
    jobId: "gate25-lead-confirmation:7f08ed2a-0506-43ed-b887-f6987e0458ac"
    idempotencyKey: "lead-confirm:5ae5e199-378e-477a-9ff0-eca4fd0b983d:v1"
    statusTransition: "pending -> sending"
    attempt: 1
[20:38:23.975] [32mINFO[39m: [36mEmail sending[39m
    module: "worker"
    worker: "email"
    emailId: "989caae4-6b89-4da4-81f7-10943528f059"
    jobId: "gate25-lead-confirmation:7f08ed2a-0506-43ed-b887-f6987e0458ac"
    idempotencyKey: "lead-confirm:5ae5e199-378e-477a-9ff0-eca4fd0b983d:v1"
    attempt: 1
    template: "lead_confirmation"
[20:38:24.002] [32mINFO[39m: [36mEmail sent successfully[39m
    module: "worker"
    worker: "email"
    emailId: "989caae4-6b89-4da4-81f7-10943528f059"
    jobId: "gate25-lead-confirmation:7f08ed2a-0506-43ed-b887-f6987e0458ac"
    idempotencyKey: "lead-confirm:5ae5e199-378e-477a-9ff0-eca4fd0b983d:v1"
    outboxEventId: "lead-confirm:5ae5e199-378e-477a-9ff0-eca4fd0b983d:v1"
    attempt: 1
    providerMsgId: "smtp-sink-380b0faff6fe1ca79f209b412546b4d93767fe2a98bbd896a023e0980fd99af6"
    template: "lead_confirmation"
[20:38:24.043] [32mINFO[39m: [36mUniversal V1 TaskDraft mutation persisted[39m
    router: "web.taskDrafts"
    draftId: "e47849cb-f2b3-4254-9015-8c0b0e34117f"
    action: "link_contact"
    version: 2
    outcome: "FULFILLMENT_CANDIDATE"
    replayed: false
[20:38:24.552] [32mINFO[39m: [36mUniversal V1 TaskDraft mutation persisted[39m
    router: "web.taskDrafts"
    draftId: "5ab0972a-12d7-44a0-aa3b-92bcd1ada379"
    action: "create"
    version: 1
    outcome: "ESTIMATE_REQUIRED"
    replayed: false
[20:38:24.589] [32mINFO[39m: [36mUniversal V1 TaskDraft mutation persisted[39m
    router: "web.taskDrafts"
    draftId: "5ab0972a-12d7-44a0-aa3b-92bcd1ada379"
    action: "link_contact"
    version: 2
    outcome: "ESTIMATE_REQUIRED"
    replayed: false
[20:38:24.898] [32mINFO[39m: [36mUniversal V1 TaskDraft mutation persisted[39m
    router: "web.taskDrafts"
    draftId: "301ebb9d-b2e1-4215-acd3-d72e4289bb30"
    action: "create"
    version: 1
    outcome: "ESTIMATE_REQUIRED"
    replayed: false
[20:38:24.924] [32mINFO[39m: [36mUniversal V1 TaskDraft mutation persisted[39m
    router: "web.taskDrafts"
    draftId: "301ebb9d-b2e1-4215-acd3-d72e4289bb30"
    action: "link_contact"
    version: 2
    outcome: "ESTIMATE_REQUIRED"
    replayed: false
[20:38:25.101] [32mINFO[39m: [36mUniversal V1 TaskDraft mutation persisted[39m
    router: "web.taskDrafts"
    draftId: "a11a0438-1459-4dbe-9ae5-72e701955e3e"
    action: "create"
    version: 1
    outcome: "ESTIMATE_REQUIRED"
    replayed: false
[20:38:25.127] [32mINFO[39m: [36mUniversal V1 TaskDraft mutation persisted[39m
    router: "web.taskDrafts"
    draftId: "a11a0438-1459-4dbe-9ae5-72e701955e3e"
    action: "link_contact"
    version: 2
    outcome: "ESTIMATE_REQUIRED"
    replayed: false
[20:38:25.315] [32mINFO[39m: [36mUniversal V1 TaskDraft mutation persisted[39m
    router: "web.taskDrafts"
    draftId: "6a0e384b-f841-4d8c-bf71-afaa96f565a0"
    action: "create"
    version: 1
    outcome: "ESTIMATE_REQUIRED"
    replayed: false
[20:38:25.346] [32mINFO[39m: [36mUniversal V1 TaskDraft mutation persisted[39m
    router: "web.taskDrafts"
    draftId: "6a0e384b-f841-4d8c-bf71-afaa96f565a0"
    action: "link_contact"
    version: 2
    outcome: "ESTIMATE_REQUIRED"
    replayed: false
[20:38:26.144] [32mINFO[39m: [36mUniversal V1 TaskDraft mutation persisted[39m
    router: "web.taskDrafts"
    draftId: "c475e903-0a67-4aab-9d8c-accb97276665"
    action: "create"
    version: 1
    outcome: "ESTIMATE_REQUIRED"
    replayed: false
[20:38:26.173] [32mINFO[39m: [36mUniversal V1 TaskDraft mutation persisted[39m
    router: "web.taskDrafts"
    draftId: "c475e903-0a67-4aab-9d8c-accb97276665"
    action: "link_contact"
    version: 2
    outcome: "ESTIMATE_REQUIRED"
    replayed: false
[20:38:26.309] [32mINFO[39m: [36mUniversal V1 TaskDraft mutation persisted[39m
    router: "web.taskDrafts"
    draftId: "3bcffec3-92b0-40b6-b6dc-409fad5b23e1"
    action: "create"
    version: 1
    outcome: "ESTIMATE_REQUIRED"
    replayed: false
[20:38:26.333] [32mINFO[39m: [36mUniversal V1 TaskDraft mutation persisted[39m
    router: "web.taskDrafts"
    draftId: "3bcffec3-92b0-40b6-b6dc-409fad5b23e1"
    action: "link_contact"
    version: 2
    outcome: "ESTIMATE_REQUIRED"
    replayed: false
[20:38:26.507] [32mINFO[39m: [36mUniversal V1 TaskDraft mutation persisted[39m
    router: "web.taskDrafts"
    draftId: "dd76dbb4-e09e-475c-b794-027a1f3c02a7"
    action: "create"
    version: 1
    outcome: "ESTIMATE_REQUIRED"
    replayed: false
[20:38:26.541] [32mINFO[39m: [36mUniversal V1 TaskDraft mutation persisted[39m
    router: "web.taskDrafts"
    draftId: "dd76dbb4-e09e-475c-b794-027a1f3c02a7"
    action: "link_contact"
    version: 2
    outcome: "ESTIMATE_REQUIRED"
    replayed: false
[20:38:26.838] [32mINFO[39m: [36mUniversal V1 TaskDraft mutation persisted[39m
    router: "web.taskDrafts"
    draftId: "e48df899-c892-40f1-93c0-df3045a69b66"
    action: "create"
    version: 1
    outcome: "ESTIMATE_REQUIRED"
    replayed: false
[20:38:26.882] [32mINFO[39m: [36mUniversal V1 TaskDraft mutation persisted[39m
    router: "web.taskDrafts"
    draftId: "e48df899-c892-40f1-93c0-df3045a69b66"
    action: "link_contact"
    version: 2
    outcome: "ESTIMATE_REQUIRED"
    replayed: false
 ✓ |database-serial| backend/tests/system/universal-v1-task-opportunities.pg.test.ts (11 tests) 4077ms
     ✓ runs the canonical public HTTP and authenticated provider journey to the Gate-2 hold  784ms
     ✓ runs furniture assembly through public quote readiness and provider interest only  627ms
     ✓ lets general individuals and general businesses browse and express observation-only interest  378ms
     ✓ serializes identical interest and rejects divergent or different-key reuse  724ms
     ✓ preserves legacy task applications and post-estimate Universal interest semantics  304ms
 ❯ |database-serial| backend/tests/system/universal-v1-financial-security-expiry.pg.test.ts (7 tests | 2 failed) 982ms
     ✓ uses strict greater-than semantics at the exact expiry boundary 8ms
     ✓ enforces success-only fake-provider expiry and null for failed results 39ms
     ✓ binds exact provider time and expiry with one TimeZone-invariant digest  344ms
     × carries one millisecond provider observation through the real repository, application, lifecycle, and bridge path 66ms
     × compensates a raw-only pre-v9 null-expiry success without an UNKNOWN loop or new positive authority 61ms
     ✓ compensates a bridged pre-v9 null-expiry success when provider time mismatches 241ms
     ✓ keeps an exact-time bridged pre-v9 null-expiry success replay-only 176ms
[20:38:30.122] [33mWARN[39m: [36mFirebase Admin credentials missing — auth verification disabled[39m
    module: "auth"
[20:38:30.567] [32mINFO[39m: [36mRequired engine migration verified[39m
    module: "worker"
    status: "already_applied"
    migration: "add_missing_tables_v2"
    sourcePath: "C:\Users\Manfish\Documents\Codex\2026-09-04\let\work\backend-validation-checkout\backend\database\migrations\add_missing_tables_v2.sql"
    sha256: "0e82957e8c8ac0cdb2da99faaad235f64e8eda817ff60681e4455719b48a403e"
[20:38:30.577] [32mINFO[39m: [36mRequired engine migration verified[39m
    module: "worker"
    status: "already_applied"
    migration: "20260710_engine_automation_contracts"
    sourcePath: "C:\Users\Manfish\Documents\Codex\2026-09-04\let\work\backend-validation-checkout\backend\database\migrations\20260710_engine_automation_contracts.sql"
    sha256: "7581c779b858864ba4f1d7ec1af1fb8da613c53b8986adafcfd4de2cf07938a7"
[20:38:30.588] [32mINFO[39m: [36mRequired engine migration verified[39m
    module: "worker"
    status: "already_applied"
    migration: "20260711_required_proof_alignment"
    sourcePath: "C:\Users\Manfish\Documents\Codex\2026-09-04\let\work\backend-validation-checkout\backend\database\migrations\011-proof-alignment.sql"
    sha256: "aa042a77dc4f8b8fcad8b53f6e678a6c2ec4edf39d7c18f63399d184369759c3"
[20:38:30.599] [32mINFO[39m: [36mRequired engine migration verified[39m
    module: "worker"
    status: "already_applied"
    migration: "20260711_required_expertise_supply"
    sourcePath: "C:\Users\Manfish\Documents\Codex\2026-09-04\let\work\backend-validation-checkout\backend\database\migrations\expertise_supply_control.sql"
    sha256: "104803408da1a0196291254866cefb2944b4b45be5a2c81df334ecaac828cf39"
[20:38:30.611] [32mINFO[39m: [36mRequired engine migration verified[39m
    module: "worker"
    status: "already_applied"
    migration: "20260711_task_outcome_classification"
    sourcePath: "C:\Users\Manfish\Documents\Codex\2026-09-04\let\work\backend-validation-checkout\backend\database\migrations\20260711_task_outcome_classification.sql"
    sha256: "c723901db04a66d60ec231ac10324fe8834a32b9b6019b7a5aa0a651638cf791"
[20:38:30.621] [32mINFO[39m: [36mRequired engine migration verified[39m
    module: "worker"
    status: "already_applied"
    migration: "20260712_hustler_identity_link"
    sourcePath: "C:\Users\Manfish\Documents\Codex\2026-09-04\let\work\backend-validation-checkout\backend\database\migrations\20260712_hustler_identity_link.sql"
    sha256: "4ea3685d374532f90122a58b596d04a544c06bd701d0697037af15a964af3518"
[20:38:30.632] [32mINFO[39m: [36mRequired engine migration verified[39m
    module: "worker"
    status: "already_applied"
    migration: "20260712_dispatch_expiry_pending_payment_cancel"
    sourcePath: "C:\Users\Manfish\Documents\Codex\2026-09-04\let\work\backend-validation-checkout\backend\database\migrations\20260712_dispatch_expiry_pending_payment_cancel.sql"
    sha256: "4b29f0612985dbf9e90c2f437cc49dbf88223d3a78c67bfd48ebc88e16249a7f"
[20:38:30.642] [32mINFO[39m: [36mRequired engine migration verified[39m
    module: "worker"
    status: "already_applied"
    migration: "20260712_dispatch_expiry_no_payment_reconcile"
    sourcePath: "C:\Users\Manfish\Documents\Codex\2026-09-04\let\work\backend-validation-checkout\backend\database\migrations\20260712_dispatch_expiry_no_payment_reconcile.sql"
    sha256: "12d4e967e5b0a910debe5c187a5dc3bb18d3c2ce49375e6698aa856e12a60b72"
[20:38:30.653] [32mINFO[39m: [36mRequired engine migration verified[39m
    module: "worker"
    status: "already_applied"
    migration: "performance_indexes_v1"
    sourcePath: "C:\Users\Manfish\Documents\Codex\2026-09-04\let\work\backend-validation-checkout\backend\database\migrations\20260713_performance_indexes_alignment.sql"
    sha256: "3696d6feeed5f058d286ad62cbe8fb75a72e43cecc93cfcb162bb2ef61cb33cf"
[20:38:30.665] [32mINFO[39m: [36mRequired engine migration verified[39m
    module: "worker"
    status: "already_applied"
    migration: "chargeback_lifecycle_v1"
    sourcePath: "C:\Users\Manfish\Documents\Codex\2026-09-04\let\work\backend-validation-checkout\backend\database\migrations\chargeback_lifecycle.sql"
    sha256: "32905444b29504044c3f91a5398a0a2c064398d833e66d486e6ca513fddff6f7"
[20:38:30.675] [32mINFO[39m: [36mRequired engine migration verified[39m
    module: "worker"
    status: "already_applied"
    migration: "20260718_revenue_audit_rail"
    sourcePath: "C:\Users\Manfish\Documents\Codex\2026-09-04\let\work\backend-validation-checkout\backend\database\migrations\20260718_revenue_audit_rail.sql"
    sha256: "f11a5eb964f2c09b9e9592533fd32b35c24c9de8511e79b6096f2cf7627134a0"
[20:38:30.686] [32mINFO[39m: [36mRequired engine migration verified[39m
    module: "worker"
    status: "already_applied"
    migration: "20260718_quote_economics_contract"
    sourcePath: "C:\Users\Manfish\Documents\Codex\2026-09-04\let\work\backend-validation-checkout\backend\database\migrations\20260718_quote_economics_contract.sql"
    sha256: "1eb1a06963af0d740b488154d5803ab050f322d501feae130ac02e6e5669ecef"
[20:38:30.699] [32mINFO[39m: [36mRequired engine migration verified[39m
    module: "worker"
    status: "already_applied"
    migration: "20260718_task_scope_versions"
    sourcePath: "C:\Users\Manfish\Documents\Codex\2026-09-04\let\work\backend-validation-checkout\backend\database\migrations\20260718_task_scope_versions.sql"
    sha256: "71098ed2d76562e33e7439b6bbeaa2648c19174a3c19195460238aeaf5abcd6e"
[20:38:30.712] [32mINFO[39m: [36mRequired engine migration verified[39m
    module: "worker"
    status: "already_applied"
    migration: "20260718_task_location_encryption"
    sourcePath: "C:\Users\Manfish\Documents\Codex\2026-09-04\let\work\backend-validation-checkout\backend\database\migrations\20260718_task_location_encryption.sql"
    sha256: "084ef950e086b7aa5040e4fba37277d18f65a15f6cbea75d52dd5729b00386f2"
[20:38:30.723] [32mINFO[39m: [36mRequired engine migration verified[39m
    module: "worker"
    status: "already_applied"
    migration: "20260718_proof_submission_atomicity"
    sourcePath: "C:\Users\Manfish\Documents\Codex\2026-09-04\let\work\backend-validation-checkout\backend\database\migrations\20260718_proof_submission_atomicity.sql"
    sha256: "6d5dfced166382beed083351a6c75aa5bbf972dcb0eb8704003cae40aa8d5768"
[20:38:30.734] [32mINFO[39m: [36mRequired engine migration verified[39m
    module: "worker"
    status: "already_applied"
    migration: "20260718_task_safety_incident_cases"
    sourcePath: "C:\Users\Manfish\Documents\Codex\2026-09-04\let\work\backend-validation-checkout\backend\database\migrations\20260718_task_safety_incident_cases.sql"
    sha256: "a73437cc7e7f152a195b730f4c1d622ca2461bc682665c26f31760a3d1fa3800"
[20:38:30.745] [32mINFO[39m: [36mRequired engine migration verified[39m
    module: "worker"
    status: "already_applied"
    migration: "20260718_task_safety_delivery_contract"
    sourcePath: "C:\Users\Manfish\Documents\Codex\2026-09-04\let\work\backend-validation-checkout\backend\database\migrations\20260718_task_safety_delivery_contract.sql"
    sha256: "26c8241b9526f77980121afa98089dcf55162204979c0ee0465b1d7c55416c7d"
[20:38:30.755] [32mINFO[39m: [36mRequired engine migration verified[39m
    module: "worker"
    status: "already_applied"
    migration: "20260718_task_safety_checkins"
    sourcePath: "C:\Users\Manfish\Documents\Codex\2026-09-04\let\work\backend-validation-checkout\backend\database\migrations\20260718_task_safety_checkins.sql"
    sha256: "f9278e4a9cb7c7345f321712a4204280129d6e31aba31d03a987c31cb40781e5"
[20:38:30.765] [32mINFO[39m: [36mRequired engine migration verified[39m
    module: "worker"
    status: "already_applied"
    migration: "20260718_task_safety_location_encryption"
    sourcePath: "C:\Users\Manfish\Documents\Codex\2026-09-04\let\work\backend-validation-checkout\backend\database\migrations\20260718_task_safety_location_encryption.sql"
    sha256: "2cd76dff8f126da4bec2d6f58e2c6de5c3c93a3fabd1024536a7c007dce07e46"
[20:38:30.777] [32mINFO[39m: [36mRequired engine migration verified[39m
    module: "worker"
    status: "already_applied"
    migration: "20260718_zone_category_liquidity_cells"
    sourcePath: "C:\Users\Manfish\Documents\Codex\2026-09-04\let\work\backend-validation-checkout\backend\database\migrations\20260718_zone_category_liquidity_cells.sql"
    sha256: "8c427c29ac142a7543c08768be5823b1dcd6d4630b1a3b5128e2e88afce77a2c"
[20:38:30.788] [32mINFO[39m: [36mRequired engine migration verified[39m
    module: "worker"
    status: "already_applied"
    migration: "20260718_worker_offer_decision_contract"
    sourcePath: "C:\Users\Manfish\Documents\Codex\2026-09-04\let\work\backend-validation-checkout\backend\database\migrations\20260718_worker_offer_decision_contract.sql"
    sha256: "81defc49577f106e03e682814dd2bc302f7435adfb1711a8801d68ada75d4e02"
[20:38:30.799] [32mINFO[39m: [36mRequired engine migration verified[39m
    module: "worker"
    status: "already_applied"
    migration: "20260718_worker_screening_rights_contract"
    sourcePath: "C:\Users\Manfish\Documents\Codex\2026-09-04\let\work\backend-validation-checkout\backend\database\migrations\20260718_worker_screening_rights_contract.sql"
    sha256: "3c1d98eb3a8e5f59811dc7a937584bc96b0d37bae87a04f7bac58b41e1a4d20d"
[20:38:30.810] [32mINFO[39m: [36mRequired engine migration verified[39m
    module: "worker"
    status: "already_applied"
    migration: "20260718_region_policy_contract"
    sourcePath: "C:\Users\Manfish\Documents\Codex\2026-09-04\let\work\backend-validation-checkout\backend\database\migrations\20260718_region_policy_contract.sql"
    sha256: "01c65eb106aa9ad3a9909e08b882f6ba908bf626e0c23a68136c64fe39ec9311"
[20:38:30.820] [32mINFO[39m: [36mRequired engine migration verified[39m
    module: "worker"
    status: "already_applied"
    migration: "20260718_completion_retention_contract"
    sourcePath: "C:\Users\Manfish\Documents\Codex\2026-09-04\let\work\backend-validation-checkout\backend\database\migrations\20260718_completion_retention_contract.sql"
    sha256: "b55d86d2438505a7e38b330de642ca1711ab14e8f970da9e9eca8d975da38ef0"
[20:38:30.830] [32mINFO[39m: [36mRequired engine migration verified[39m
    module: "worker"
    status: "already_applied"
    migration: "20260718_task_public_clarifications"
    sourcePath: "C:\Users\Manfish\Documents\Codex\2026-09-04\let\work\backend-validation-checkout\backend\database\migrations\20260718_task_public_clarifications.sql"
    sha256: "5dd2cca338998318447069a4c47fcaaf8a48e2d9bb7004e24576bc76849c9155"
[20:38:30.841] [32mINFO[39m: [36mRequired engine migration verified[39m
    module: "worker"
    status: "already_applied"
    migration: "20260718_marketplace_reputation_contract"
    sourcePath: "C:\Users\Manfish\Documents\Codex\2026-09-04\let\work\backend-validation-checkout\backend\database\migrations\20260718_marketplace_reputation_contract.sql"
    sha256: "df565bff5dd411e74c6714e3353d22e28af6438b8a2a16c34fb574dd46d50933"
[20:38:30.852] [32mINFO[39m: [36mRequired engine migration verified[39m
    module: "worker"
    status: "already_applied"
    migration: "20260718_business_workspace_contract"
    sourcePath: "C:\Users\Manfish\Documents\Codex\2026-09-04\let\work\backend-validation-checkout\backend\database\migrations\20260718_business_workspace_contract.sql"
    sha256: "a22965906807502d81f7fc6fb085b1f71ee4cf8171986eb61be292dccc137c45"
[20:38:30.863] [32mINFO[39m: [36mRequired engine migration verified[39m
    module: "worker"
    status: "already_applied"
    migration: "20260718_business_operations_contract"
    sourcePath: "C:\Users\Manfish\Documents\Codex\2026-09-04\let\work\backend-validation-checkout\backend\database\migrations\20260718_business_operations_contract.sql"
    sha256: "23fdb635e6768e7cfabc299ba4babab7aa37e29d319f124e8cf96e152ff7a0cb"
[20:38:30.874] [32mINFO[39m: [36mRequired engine migration verified[39m
    module: "worker"
    status: "already_applied"
    migration: "20260718_business_execution_contract"
    sourcePath: "C:\Users\Manfish\Documents\Codex\2026-09-04\let\work\backend-validation-checkout\backend\database\migrations\20260718_business_execution_contract.sql"
    sha256: "b4bad697897f51aa69f4c435d194bcb0730e1c357110c56aeeeccc61ec0c8d2d"
[20:38:30.885] [32mINFO[39m: [36mRequired engine migration verified[39m
    module: "worker"
    status: "already_applied"
    migration: "20260718_recurring_work_contract"
    sourcePath: "C:\Users\Manfish\Documents\Codex\2026-09-04\let\work\backend-validation-checkout\backend\database\migrations\20260718_recurring_work_contract.sql"
    sha256: "65bbbe96e1af6d909cd9a454c201bf4e62c99e60ec6bddbaa2454a3e3de4ed4b"
[20:38:30.896] [32mINFO[39m: [36mRequired engine migration verified[39m
    module: "worker"
    status: "already_applied"
    migration: "20260718_business_recurring_contract"
    sourcePath: "C:\Users\Manfish\Documents\Codex\2026-09-04\let\work\backend-validation-checkout\backend\database\migrations\20260718_business_recurring_contract.sql"
    sha256: "e068a0aa68b7baf4a7c13f217536251708913b854119a3da350455230355f5d3"
[20:38:30.906] [32mINFO[39m: [36mRequired engine migration verified[39m
    module: "worker"
    status: "already_applied"
    migration: "20260719_recommendation_contract"
    sourcePath: "C:\Users\Manfish\Documents\Codex\2026-09-04\let\work\backend-validation-checkout\backend\database\migrations\20260719_recommendation_contract.sql"
    sha256: "3345c3fdce3aef451c89fd8245dff11096dffe1108309e19c1470f2138641ab4"
[20:38:30.918] [32mINFO[39m: [36mRequired engine migration verified[39m
    module: "worker"
    status: "already_applied"
    migration: "20260719_hustler_wallet_contract"
    sourcePath: "C:\Users\Manfish\Documents\Codex\2026-09-04\let\work\backend-validation-checkout\backend\database\migrations\20260719_hustler_wallet_contract.sql"
    sha256: "153809d4d570a54b27357e2ebff51c3b35fa303e69da29c570816acca89f29ab"
[20:38:30.930] [32mINFO[39m: [36mRequired engine migration verified[39m
    module: "worker"
    status: "already_applied"
    migration: "20260719_wallet_provider_event_integrity"
    sourcePath: "C:\Users\Manfish\Documents\Codex\2026-09-04\let\work\backend-validation-checkout\backend\database\migrations\20260719_wallet_provider_event_integrity.sql"
    sha256: "1ee57eb0d4c3d157632b8db3fbc8cc232ac1241c1ca76944250ca42e1fdbc8de"
[20:38:30.941] [32mINFO[39m: [36mRequired engine migration verified[39m
    module: "worker"
    status: "already_applied"
    migration: "20260719_wallet_provider_event_integrity_repair"
    sourcePath: "C:\Users\Manfish\Documents\Codex\2026-09-04\let\work\backend-validation-checkout\backend\database\migrations\20260719_wallet_provider_event_integrity_repair.sql"
    sha256: "96ff51a6414cb261fa2791281c076e4e5b7fafd73cbacc2db939402e4219a6a5"
[20:38:30.954] [32mINFO[39m: [36mRequired engine migration verified[39m
    module: "worker"
    status: "already_applied"
    migration: "20260719_lifecycle_service_foundations"
    sourcePath: "C:\Users\Manfish\Documents\Codex\2026-09-04\let\work\backend-validation-checkout\backend\database\migrations\20260719_lifecycle_service_foundations.sql"
    sha256: "4c1edaecda49afeae3950afe832074f8903d64aa6f726bbee2a0717f26113596"
[20:38:30.968] [32mINFO[39m: [36mRequired engine migration verified[39m
    module: "worker"
    status: "already_applied"
    migration: "20260719_task_worker_eligibility_contract"
    sourcePath: "C:\Users\Manfish\Documents\Codex\2026-09-04\let\work\backend-validation-checkout\backend\database\migrations\20260719_task_worker_eligibility_contract.sql"
    sha256: "a1fb5d0387d61fef4b484be82d15153031b14860bcc8b4bbaa690a4ca096a0fb"
[20:38:30.982] [32mINFO[39m: [36mRequired engine migration verified[39m
    module: "worker"
    status: "already_applied"
    migration: "20260719_append_only_truncate_contract"
    sourcePath: "C:\Users\Manfish\Documents\Codex\2026-09-04\let\work\backend-validation-checkout\backend\database\migrations\20260719_append_only_truncate_contract.sql"
    sha256: "1b105f37e52b19435aacc7b04b2496bbef7f5cd0b0b1681487342e2e411544b4"
[20:38:30.992] [32mINFO[39m: [36mRequired engine migration verified[39m
    module: "worker"
    status: "already_applied"
    migration: "20260719_admin_user_search_trigram_contract"
    sourcePath: "C:\Users\Manfish\Documents\Codex\2026-09-04\let\work\backend-validation-checkout\backend\database\migrations\20260719_admin_user_search_trigram_contract.sql"
    sha256: "89a20a0c588af79ae8c0cd8e06949f4a542928b826adafa822d5a02b20694090"
[20:38:31.004] [32mINFO[39m: [36mRequired engine migration verified[39m
    module: "worker"
    status: "already_applied"
    migration: "20260719_admin_capability_contract"
    sourcePath: "C:\Users\Manfish\Documents\Codex\2026-09-04\let\work\backend-validation-checkout\backend\database\migrations\20260719_admin_capability_contract.sql"
    sha256: "cacc11cfe40b498767acbbaa736f2462e21a758018bcda1a667430a3c441c0f4"
[20:38:31.015] [32mINFO[39m: [36mRequired engine migration verified[39m
    module: "worker"
    status: "already_applied"
    migration: "20260719_tier0_browse_only_contract"
    sourcePath: "C:\Users\Manfish\Documents\Codex\2026-09-04\let\work\backend-validation-checkout\backend\database\migrations\20260719_tier0_browse_only_contract.sql"
    sha256: "336d976adfc3ce6e892b16c67a08bbc692165d2373084c3e51ab3e0a3db7a9d5"
[20:38:31.026] [32mINFO[39m: [36mRequired engine migration verified[39m
    module: "worker"
    status: "already_applied"
    migration: "20260719_task_template_policy_contract"
    sourcePath: "C:\Users\Manfish\Documents\Codex\2026-09-04\let\work\backend-validation-checkout\backend\database\migrations\20260719_task_template_policy_contract.sql"
    sha256: "1b4e180c34fce08ea00076e1f02f9c57d698c532db1eff84d9973e68c189ff8f"
[20:38:31.037] [32mINFO[39m: [36mRequired engine migration verified[39m
    module: "worker"
    status: "already_applied"
    migration: "20260719_compliance_guardian_persistence_contract"
    sourcePath: "C:\Users\Manfish\Documents\Codex\2026-09-04\let\work\backend-validation-checkout\backend\database\migrations\20260719_compliance_guardian_persistence_contract.sql"
    sha256: "ad0d747354fd6040df2669ffc0fbe485526240aca38887e27a069f49ab67767c"
[20:38:31.049] [32mINFO[39m: [36mRequired engine migration verified[39m
    module: "worker"
    status: "already_applied"
    migration: "20260719_worker_offer_retake_contract"
    sourcePath: "C:\Users\Manfish\Documents\Codex\2026-09-04\let\work\backend-validation-checkout\backend\database\migrations\20260719_worker_offer_retake_contract.sql"
    sha256: "0e5c8b6dde2fe27aecb7eed4ea1c329a4872cee9cc54c7a42505e431e5df0301"
[20:38:31.062] [32mINFO[39m: [36mRequired engine migration verified[39m
    module: "worker"
    status: "already_applied"
    migration: "20260719_liquidity_expansion_contract"
    sourcePath: "C:\Users\Manfish\Documents\Codex\2026-09-04\let\work\backend-validation-checkout\backend\database\migrations\20260719_liquidity_expansion_contract.sql"
    sha256: "6ba06780137ac5142e4560d465300cdb21105c690cfb320a588b35b37f69d795"
[20:38:31.074] [32mINFO[39m: [36mRequired engine migration verified[39m
    module: "worker"
    status: "already_applied"
    migration: "20260719_liquidity_expansion_fk_repair"
    sourcePath: "C:\Users\Manfish\Documents\Codex\2026-09-04\let\work\backend-validation-checkout\backend\database\migrations\20260719_liquidity_expansion_fk_repair.sql"
    sha256: "3ab131b4dbc128a99cd9eb7512888282df572f0ca61519d0453ebaa8be686c17"
[20:38:31.087] [32mINFO[39m: [36mRequired engine migration verified[39m
    module: "worker"
    status: "already_applied"
    migration: "20260719_worker_counter_offer_contract"
    sourcePath: "C:\Users\Manfish\Documents\Codex\2026-09-04\let\work\backend-validation-checkout\backend\database\migrations\20260719_worker_counter_offer_contract.sql"
    sha256: "1c6376dc07f95465f0925134f9d30990ed0da52c869cb9e039f3865508f85696"
[20:38:31.100] [32mINFO[39m: [36mRequired engine migration verified[39m
    module: "worker"
    status: "already_applied"
    migration: "20260719_worker_counter_offer_exclusivity"
    sourcePath: "C:\Users\Manfish\Documents\Codex\2026-09-04\let\work\backend-validation-checkout\backend\database\migrations\20260719_worker_counter_offer_exclusivity.sql"
    sha256: "5f72eb8f7bacc3c45c3dfba2527f7ccd5571ea6db0bcb4dd119a32ed0436e78f"
[20:38:31.113] [32mINFO[39m: [36mRequired engine migration verified[39m
    module: "worker"
    status: "already_applied"
    migration: "20260719_external_task_bridge_contract"
    sourcePath: "C:\Users\Manfish\Documents\Codex\2026-09-04\let\work\backend-validation-checkout\backend\database\migrations\20260719_external_task_bridge_contract.sql"
    sha256: "33080f06754d9ed04bf6624ac0dbf5c7817c8324af9be25ecb01ebf50ecffb69"
[20:38:31.125] [32mINFO[39m: [36mRequired engine migration verified[39m
    module: "worker"
    status: "already_applied"
    migration: "20260720_task_geofence_event_contract"
    sourcePath: "C:\Users\Manfish\Documents\Codex\2026-09-04\let\work\backend-validation-checkout\backend\database\migrations\20260720_task_geofence_event_contract.sql"
    sha256: "c2a31559936f1d1db684a27f3cca8554fe3b6986830ff6795e547c17409e24af"
[20:38:31.138] [32mINFO[39m: [36mRequired engine migration verified[39m
    module: "worker"
    status: "already_applied"
    migration: "20260720_major_action_telemetry_contract"
    sourcePath: "C:\Users\Manfish\Documents\Codex\2026-09-04\let\work\backend-validation-checkout\backend\database\migrations\20260720_major_action_telemetry_contract.sql"
    sha256: "0939eb301dba2a9b8e50c759fd794c19cfd19b7ac8c761449dccc5d346a5fd07"
[20:38:31.150] [32mINFO[39m: [36mRequired engine migration verified[39m
    module: "worker"
    status: "already_applied"
    migration: "20260720_major_action_telemetry_contract_repair"
    sourcePath: "C:\Users\Manfish\Documents\Codex\2026-09-04\let\work\backend-validation-checkout\backend\database\migrations\20260720_major_action_telemetry_contract_repair.sql"
    sha256: "7aebc9a96ca0eb516d6eaabff5c8ea44a1c99ef452328abfdc31e423fcb50960"
[20:38:31.163] [32mINFO[39m: [36mRequired engine migration verified[39m
    module: "worker"
    status: "already_applied"
    migration: "20260720_major_action_source_registry_repair"
    sourcePath: "C:\Users\Manfish\Documents\Codex\2026-09-04\let\work\backend-validation-checkout\backend\database\migrations\20260720_major_action_source_registry_repair.sql"
    sha256: "dd0641389a561a02ee7bc211494baeecad4a584f4ae878e367d7bd6ec41ef99d"
[20:38:31.175] [32mINFO[39m: [36mRequired engine migration verified[39m
    module: "worker"
    status: "already_applied"
    migration: "20260720_offline_action_sync_contract"
    sourcePath: "C:\Users\Manfish\Documents\Codex\2026-09-04\let\work\backend-validation-checkout\backend\database\migrations\20260720_offline_action_sync_contract.sql"
    sha256: "a24c7a3a1fc6d248e7ed84850c282b1d70e136470a5814e5cf73d354fb71a225"
[20:38:31.188] [32mINFO[39m: [36mRequired engine migration verified[39m
    module: "worker"
    status: "already_applied"
    migration: "20260720_offline_action_sync_contract_repair"
    sourcePath: "C:\Users\Manfish\Documents\Codex\2026-09-04\let\work\backend-validation-checkout\backend\database\migrations\20260720_offline_action_sync_contract_repair.sql"
    sha256: "dd3ebeb8b7660ce2a7e7dc0c90c75b8c44368ed464dd80d5a48db74c608fe2ad"
[20:38:31.199] [32mINFO[39m: [36mRequired engine migration verified[39m
    module: "worker"
    status: "already_applied"
    migration: "20260720_proof_verification_signal_contract"
    sourcePath: "C:\Users\Manfish\Documents\Codex\2026-09-04\let\work\backend-validation-checkout\backend\database\migrations\20260720_proof_verification_signal_contract.sql"
    sha256: "7956522e446ae42141b204c0f32d6cc1843c8deb54d474f5bc3d5687577e18fb"
[20:38:31.215] [32mINFO[39m: [36mRequired engine migration verified[39m
    module: "worker"
    status: "already_applied"
    migration: "20260720_proof_media_metadata_minimization"
    sourcePath: "C:\Users\Manfish\Documents\Codex\2026-09-04\let\work\backend-validation-checkout\backend\database\migrations\20260720_proof_media_metadata_minimization.sql"
    sha256: "d8b3f516a303744ab8bfe467d528f552f0c444466d64ab1e881d6ae5f422e396"
[20:38:31.229] [32mINFO[39m: [36mRequired engine migration verified[39m
    module: "worker"
    status: "already_applied"
    migration: "20260720_media_upload_finalization_contract"
    sourcePath: "C:\Users\Manfish\Documents\Codex\2026-09-04\let\work\backend-validation-checkout\backend\database\migrations\20260720_media_upload_finalization_contract.sql"
    sha256: "c7cb31234baeb3ec101b44a73df6fd93198d3c442ceaa0713188e912bae10715"
[20:38:31.241] [32mINFO[39m: [36mRequired engine migration verified[39m
    module: "worker"
    status: "already_applied"
    migration: "20260720_private_media_delivery_contract"
    sourcePath: "C:\Users\Manfish\Documents\Codex\2026-09-04\let\work\backend-validation-checkout\backend\database\migrations\20260720_private_media_delivery_contract.sql"
    sha256: "dab4cace45c99879d1a6f3e978198fe8ec4e1840607319522b8addfc20cda608"
[20:38:31.253] [32mINFO[39m: [36mRequired engine migration verified[39m
    module: "worker"
    status: "already_applied"
    migration: "20260720_worker_standing_appeals"
    sourcePath: "C:\Users\Manfish\Documents\Codex\2026-09-04\let\work\backend-validation-checkout\backend\database\migrations\20260720_worker_standing_appeals.sql"
    sha256: "02e2a7c9d91a10b780ea1c01444a57c257faecb7c1ec2f129c82ae8fb4004608"
[20:38:31.264] [32mINFO[39m: [36mRequired engine migration verified[39m
    module: "worker"
    status: "already_applied"
    migration: "20260720_offline_action_reconciliation"
    sourcePath: "C:\Users\Manfish\Documents\Codex\2026-09-04\let\work\backend-validation-checkout\backend\database\migrations\20260720_offline_action_reconciliation.sql"
    sha256: "12e245da2e45ce917516fdd4dfd2610348eb5c0420c1490987e378ad5f485f94"
[20:38:31.276] [32mINFO[39m: [36mRequired engine migration verified[39m
    module: "worker"
    status: "already_applied"
    migration: "20260720_dispute_release_authority_contract"
    sourcePath: "C:\Users\Manfish\Documents\Codex\2026-09-04\let\work\backend-validation-checkout\backend\database\migrations\20260720_dispute_release_authority_contract.sql"
    sha256: "0b7cadab9f4c40170d31c5e21921adb42b36935e6f3df81a87991fda9c0029fd"
[20:38:31.288] [32mINFO[39m: [36mRequired engine migration verified[39m
    module: "worker"
    status: "already_applied"
    migration: "20260720_notification_delivery_contract"
    sourcePath: "C:\Users\Manfish\Documents\Codex\2026-09-04\let\work\backend-validation-checkout\backend\database\migrations\20260720_notification_delivery_contract.sql"
    sha256: "a2264390a09a6ae20ce0011683ab870c631feebfde87ed80a872e986a575bb0b"
[20:38:31.299] [32mINFO[39m: [36mRequired engine migration verified[39m
    module: "worker"
    status: "already_applied"
    migration: "20260720_notification_delivery_contract_repair"
    sourcePath: "C:\Users\Manfish\Documents\Codex\2026-09-04\let\work\backend-validation-checkout\backend\database\migrations\20260720_notification_delivery_contract_repair.sql"
    sha256: "e0aaa1a3cb653917924183fcf67291b33a2dbf38579eb01b17122e649c71c40f"
[20:38:31.310] [32mINFO[39m: [36mRequired engine migration verified[39m
    module: "worker"
    status: "already_applied"
    migration: "20260720_notification_focus_suppression"
    sourcePath: "C:\Users\Manfish\Documents\Codex\2026-09-04\let\work\backend-validation-checkout\backend\database\migrations\20260720_notification_focus_suppression.sql"
    sha256: "e320ed83af84fd2c3781a1229db74126778b7c2d8eeb41dbddc432c634faba05"
[20:38:31.322] [32mINFO[39m: [36mRequired engine migration verified[39m
    module: "worker"
    status: "already_applied"
    migration: "20260720_schema_convergence_repair"
    sourcePath: "C:\Users\Manfish\Documents\Codex\2026-09-04\let\work\backend-validation-checkout\backend\database\migrations\20260720_schema_convergence_repair.sql"
    sha256: "5151894b324679c19cc7a70179aec8f0248a3c66c5325b97d8bdcf618f684da2"
[20:38:31.334] [32mINFO[39m: [36mRequired engine migration verified[39m
    module: "worker"
    status: "already_applied"
    migration: "20260720_local_certification_payment_provider"
    sourcePath: "C:\Users\Manfish\Documents\Codex\2026-09-04\let\work\backend-validation-checkout\backend\database\migrations\20260720_local_certification_payment_provider.sql"
    sha256: "413a1183e48dd0c3aa8131390481e7acfb17229727445023dfe659b20c123392"
[20:38:31.346] [32mINFO[39m: [36mRequired engine migration verified[39m
    module: "worker"
    status: "already_applied"
    migration: "20260720_region_policy_price_book_alignment"
    sourcePath: "C:\Users\Manfish\Documents\Codex\2026-09-04\let\work\backend-validation-checkout\backend\database\migrations\20260720_region_policy_price_book_alignment.sql"
    sha256: "614ac15399457b310f60e4bf637ee1d394a0da97e9cbcd9d6a8367a219af68e0"
[20:38:31.357] [32mINFO[39m: [36mRequired engine migration verified[39m
    module: "worker"
    status: "already_applied"
    migration: "20260720_local_certification_payout_provider"
    sourcePath: "C:\Users\Manfish\Documents\Codex\2026-09-04\let\work\backend-validation-checkout\backend\database\migrations\20260720_local_certification_payout_provider.sql"
    sha256: "1435947ebbdfa50dec2d0d812fe8d332287be1f0a6b7fd1c50cd96a5bfa9e097"
[20:38:31.369] [32mINFO[39m: [36mRequired engine migration verified[39m
    module: "worker"
    status: "already_applied"
    migration: "20260720_local_certification_screening_provider"
    sourcePath: "C:\Users\Manfish\Documents\Codex\2026-09-04\let\work\backend-validation-checkout\backend\database\migrations\20260720_local_certification_screening_provider.sql"
    sha256: "626ff1f60a8f8f6b6acd2a9aba621409bd3eab3142004361a89ae77a5c26f1cc"
[20:38:31.381] [32mINFO[39m: [36mRequired engine migration verified[39m
    module: "worker"
    status: "already_applied"
    migration: "20260720_controlled_test_liquidity_cell"
    sourcePath: "C:\Users\Manfish\Documents\Codex\2026-09-04\let\work\backend-validation-checkout\backend\database\migrations\20260720_controlled_test_liquidity_cell.sql"
    sha256: "1826b8b06b3b0de634f2420a40a00bcce2ce2a370d2349192b5dd6a7e981493d"
[20:38:31.393] [32mINFO[39m: [36mRequired engine migration verified[39m
    module: "worker"
    status: "already_applied"
    migration: "20260720_controlled_test_liquidity_marker_repair"
    sourcePath: "C:\Users\Manfish\Documents\Codex\2026-09-04\let\work\backend-validation-checkout\backend\database\migrations\20260720_controlled_test_liquidity_marker_repair.sql"
    sha256: "e9d3e3dbd829fdf0dad577701b22070218577a8bc9f6b70e8e0ec207eb06af28"
[20:38:31.404] [32mINFO[39m: [36mRequired engine migration verified[39m
    module: "worker"
    status: "already_applied"
    migration: "20260720_controlled_test_liquidity_lifecycle_repair"
    sourcePath: "C:\Users\Manfish\Documents\Codex\2026-09-04\let\work\backend-validation-checkout\backend\database\migrations\20260720_controlled_test_liquidity_lifecycle_repair.sql"
    sha256: "f921c0c7a374e4a7f4bd0b0a81af34667c52f1264d3f3c0ad57b017e0583e0cc"
[20:38:31.415] [32mINFO[39m: [36mRequired engine migration verified[39m
    module: "worker"
    status: "already_applied"
    migration: "20260720_controlled_test_duration_evidence"
    sourcePath: "C:\Users\Manfish\Documents\Codex\2026-09-04\let\work\backend-validation-checkout\backend\database\migrations\20260720_controlled_test_duration_evidence.sql"
    sha256: "9b2b0630d0fa0e24552547940c5ee1097e6b7a32cb5b90f5cc5426a25606ae77"
[20:38:31.426] [32mINFO[39m: [36mRequired engine migration verified[39m
    module: "worker"
    status: "already_applied"
    migration: "20260720_controlled_test_provider_capability"
    sourcePath: "C:\Users\Manfish\Documents\Codex\2026-09-04\let\work\backend-validation-checkout\backend\database\migrations\20260720_controlled_test_provider_capability.sql"
    sha256: "079baedf700badc9c00e1e91f83f96d409bee7f713c9e7d349767a92c112fcc1"
[20:38:31.437] [32mINFO[39m: [36mRequired engine migration verified[39m
    module: "worker"
    status: "already_applied"
    migration: "20260720_controlled_test_provider_capability_expiry"
    sourcePath: "C:\Users\Manfish\Documents\Codex\2026-09-04\let\work\backend-validation-checkout\backend\database\migrations\20260720_controlled_test_provider_capability_expiry.sql"
    sha256: "770a9973510b499f6e9c1b3428f5ba8dccbbca45c6aef62e463372dcdd2640a5"
[20:38:31.448] [32mINFO[39m: [36mRequired engine migration verified[39m
    module: "worker"
    status: "already_applied"
    migration: "20260720_controlled_test_provider_capability_refresh"
    sourcePath: "C:\Users\Manfish\Documents\Codex\2026-09-04\let\work\backend-validation-checkout\backend\database\migrations\20260720_controlled_test_provider_capability_refresh.sql"
    sha256: "fce9cbe6df1865581bc414ee1d102afe140899a4b3d0f35697c894edfb375011"
[20:38:31.458] [32mINFO[39m: [36mRequired engine migration verified[39m
    module: "worker"
    status: "already_applied"
    migration: "20260720_controlled_test_provider_capability_refresh_repair"
    sourcePath: "C:\Users\Manfish\Documents\Codex\2026-09-04\let\work\backend-validation-checkout\backend\database\migrations\20260720_controlled_test_provider_capability_refresh_repair.sql"
    sha256: "fa0600c70a92f0c25112bded13e6e45c5402bfca9aaea45540c08a9a83edcb9d"
[20:38:31.474] [32mINFO[39m: [36mRequired engine migration verified[39m
    module: "worker"
    status: "already_applied"
    migration: "20260720_controlled_test_offer_review"
    sourcePath: "C:\Users\Manfish\Documents\Codex\2026-09-04\let\work\backend-validation-checkout\backend\database\migrations\20260720_controlled_test_offer_review.sql"
    sha256: "29f42e272b46974910354ed0c32db10744ab771aae92bc83b5c70b84aba9d6e1"
[20:38:31.486] [32mINFO[39m: [36mRequired engine migration verified[39m
    module: "worker"
    status: "already_applied"
    migration: "20260720_task_safety_state_integrity"
    sourcePath: "C:\Users\Manfish\Documents\Codex\2026-09-04\let\work\backend-validation-checkout\backend\database\migrations\20260720_task_safety_state_integrity.sql"
    sha256: "b0548ea104c938f55f383f777b298427f863792cc440829453fdf9915c33f657"
[20:38:31.497] [32mINFO[39m: [36mRequired engine migration verified[39m
    module: "worker"
    status: "already_applied"
    migration: "20260720_task_safety_resolution_integrity"
    sourcePath: "C:\Users\Manfish\Documents\Codex\2026-09-04\let\work\backend-validation-checkout\backend\database\migrations\20260720_task_safety_resolution_integrity.sql"
    sha256: "c3f420fa5880355f5fecd84b9b9df5945991cd46d2cb5a4bcca41b2aa024fd62"
[20:38:31.508] [32mINFO[39m: [36mRequired engine migration verified[39m
    module: "worker"
    status: "already_applied"
    migration: "20260720_task_safety_case_access_integrity"
    sourcePath: "C:\Users\Manfish\Documents\Codex\2026-09-04\let\work\backend-validation-checkout\backend\database\migrations\20260720_task_safety_case_access_integrity.sql"
    sha256: "82d88d339eb6f89e4daae78669c1cd3b8cfad00e3c9865611e02381c744a4778"
[20:38:31.521] [32mINFO[39m: [36mRequired engine migration verified[39m
    module: "worker"
    status: "already_applied"
    migration: "20260720_operations_exception_contract"
    sourcePath: "C:\Users\Manfish\Documents\Codex\2026-09-04\let\work\backend-validation-checkout\backend\database\migrations\20260720_operations_exception_contract.sql"
    sha256: "f912b02c0d804e06cdabcef8fde8ec3345806c8463ef321211dbe11e9ae021e9"
[20:38:31.532] [32mINFO[39m: [36mRequired engine migration verified[39m
    module: "worker"
    status: "already_applied"
    migration: "20260721_hustler_trust_progression_contract"
    sourcePath: "C:\Users\Manfish\Documents\Codex\2026-09-04\let\work\backend-validation-checkout\backend\database\migrations\20260721_hustler_trust_progression_contract.sql"
    sha256: "efb7fc4b8f41df8d90f4b63183d3bdb244a41c03b5a73ae673edcab85575b43b"
[20:38:31.544] [32mINFO[39m: [36mRequired engine migration verified[39m
    module: "worker"
    status: "already_applied"
    migration: "20260721_task_quote_shortlist_messaging_contract"
    sourcePath: "C:\Users\Manfish\Documents\Codex\2026-09-04\let\work\backend-validation-checkout\backend\database\migrations\20260721_task_quote_shortlist_messaging_contract.sql"
    sha256: "33d43cc99215f79b7658d51d781f3923c481fcb6e2b7b7c36aa6d53f26283dd0"
[20:38:31.555] [32mINFO[39m: [36mRequired engine migration verified[39m
    module: "worker"
    status: "already_applied"
    migration: "20260721_unit_economics_guardrails"
    sourcePath: "C:\Users\Manfish\Documents\Codex\2026-09-04\let\work\backend-validation-checkout\backend\database\migrations\20260721_unit_economics_guardrails.sql"
    sha256: "f0139e1a336cb37bd3a0a92c64d1aabad7adc2cf11527034b50bf5e3007ea720"
[20:38:31.574] [32mINFO[39m: [36mRequired engine migration verified[39m
    module: "worker"
    status: "already_applied"
    migration: "20260721_build_now_spend_promotion_guardrails"
    sourcePath: "C:\Users\Manfish\Documents\Codex\2026-09-04\let\work\backend-validation-checkout\backend\database\migrations\20260721_build_now_spend_promotion_guardrails.sql"
    sha256: "eff21cecd9f2d714168e989e9bb712ac7b30286f8b0de724f4ca7a7cef8a661d"
[20:38:31.589] [32mINFO[39m: [36mRequired engine migration verified[39m
    module: "worker"
    status: "already_applied"
    migration: "20260721_private_identity_verification_contract"
    sourcePath: "C:\Users\Manfish\Documents\Codex\2026-09-04\let\work\backend-validation-checkout\backend\database\migrations\20260721_private_identity_verification_contract.sql"
    sha256: "90828c3109521c3f46333876e71c3e0b2e2feee2aab5820b34a7e3731f160117"
[20:38:31.604] [32mINFO[39m: [36mRequired engine migration verified[39m
    module: "worker"
    status: "already_applied"
    migration: "20260721_sensitive_media_ingestion_shutdown"
    sourcePath: "C:\Users\Manfish\Documents\Codex\2026-09-04\let\work\backend-validation-checkout\backend\database\migrations\20260721_sensitive_media_ingestion_shutdown.sql"
    sha256: "c83366b0b5f4c8ccca98ee5a31d95febaa0107f75e0e0ce60cb2d735c503fc20"
[20:38:31.624] [32mINFO[39m: [36mRequired engine migration verified[39m
    module: "worker"
    status: "already_applied"
    migration: "20260721_ai_observability_contract"
    sourcePath: "C:\Users\Manfish\Documents\Codex\2026-09-04\let\work\backend-validation-checkout\backend\database\migrations\20260721_ai_observability_contract.sql"
    sha256: "9ec88bb073608316014ed3529ca5632fdbb39394b265e9d2d4163303601ab3e0"
[20:38:31.639] [32mINFO[39m: [36mRequired engine migration verified[39m
    module: "worker"
    status: "already_applied"
    migration: "20260721_controlled_test_retake_acceptance_repair"
    sourcePath: "C:\Users\Manfish\Documents\Codex\2026-09-04\let\work\backend-validation-checkout\backend\database\migrations\20260721_controlled_test_retake_acceptance_repair.sql"
    sha256: "a1b2a9eb450a0ac4add500620bbcb6738d708603e794a86fcb8ce311adec8fe5"
[20:38:31.654] [32mINFO[39m: [36mRequired engine migration verified[39m
    module: "worker"
    status: "already_applied"
    migration: "20260721_controlled_test_retake_liquidity_repair"
    sourcePath: "C:\Users\Manfish\Documents\Codex\2026-09-04\let\work\backend-validation-checkout\backend\database\migrations\20260721_controlled_test_retake_liquidity_repair.sql"
    sha256: "edc5ca1a19dbb27ed4ae60efcdfedf2d91a09a86cb2bc0f5cee94bb39837f490"
[20:38:31.668] [32mINFO[39m: [36mRequired engine migration verified[39m
    module: "worker"
    status: "already_applied"
    migration: "20260721_controlled_test_retake_guard_convergence"
    sourcePath: "C:\Users\Manfish\Documents\Codex\2026-09-04\let\work\backend-validation-checkout\backend\database\migrations\20260721_controlled_test_retake_guard_convergence.sql"
    sha256: "6a2b108d6fe844e4a0235162f25066427eebb1952dbe41e29e7b483c267472b1"
[20:38:31.683] [32mINFO[39m: [36mRequired engine migration verified[39m
    module: "worker"
    status: "already_applied"
    migration: "20260721_same_worker_retake_assignment_guard_repair"
    sourcePath: "C:\Users\Manfish\Documents\Codex\2026-09-04\let\work\backend-validation-checkout\backend\database\migrations\20260721_same_worker_retake_assignment_guard_repair.sql"
    sha256: "c3500b95949b80004262a9c638f2eca8ef19ad5b446d430aecbe83bc628c7863"
[20:38:31.698] [32mINFO[39m: [36mRequired engine migration verified[39m
    module: "worker"
    status: "already_applied"
    migration: "20260722_region_policy_legal_approval_activation"
    sourcePath: "C:\Users\Manfish\Documents\Codex\2026-09-04\let\work\backend-validation-checkout\backend\database\migrations\20260722_region_policy_legal_approval_activation.sql"
    sha256: "2be054f21aa0168aad360dd755d52fd5b028a8106129206f47ccfbbc7f081e02"
[20:38:31.713] [32mINFO[39m: [36mRequired engine migration verified[39m
    module: "worker"
    status: "already_applied"
    migration: "20260722_recurring_payment_dispatch_gate"
    sourcePath: "C:\Users\Manfish\Documents\Codex\2026-09-04\let\work\backend-validation-checkout\backend\database\migrations\20260722_recurring_payment_dispatch_gate.sql"
    sha256: "47c04b2e55a275220c6c1a01fa283628e43fcea869096acd13db8bb59b659c8e"
[20:38:31.734] [32mINFO[39m: [36mRequired engine migration verified[39m
    module: "worker"
    status: "already_applied"
    migration: "20260722_service_business_assignment_contract"
    sourcePath: "C:\Users\Manfish\Documents\Codex\2026-09-04\let\work\backend-validation-checkout\backend\database\migrations\20260722_service_business_assignment_contract.sql"
    sha256: "258e56009e35228a4e2ad294d879143f4985bdbae7853d1c3c2c9fcda61777af"
[20:38:31.749] [32mINFO[39m: [36mRequired engine migration verified[39m
    module: "worker"
    status: "already_applied"
    migration: "010_web_platform_tables"
    sourcePath: "C:\Users\Manfish\Documents\Codex\2026-09-04\let\work\backend-validation-checkout\backend\database\migrations\010_web_platform_tables.sql"
    sha256: "8ddd4b374bf8d5c7635214c5d26a84d2e6d81cab10aa8a7049d7b3da1da8b5e2"
[20:38:31.767] [32mINFO[39m: [36mRequired engine migration verified[39m
    module: "worker"
    status: "already_applied"
    migration: "20260814_quote_price_book"
    sourcePath: "C:\Users\Manfish\Documents\Codex\2026-09-04\let\work\backend-validation-checkout\backend\database\migrations\20260814_quote_price_book.sql"
    sha256: "4d49f31e83b6ba5352ee1c16da45e2b7ce8f84a4d5d9ee0b50bee57e2cafed69"
[20:38:31.779] [32mINFO[39m: [36mRequired engine migration verified[39m
    module: "worker"
    status: "already_applied"
    migration: "20260814_price_book_quote_decisions"
    sourcePath: "C:\Users\Manfish\Documents\Codex\2026-09-04\let\work\backend-validation-checkout\backend\database\migrations\20260814_price_book_quote_decisions.sql"
    sha256: "77d1a1e17e300f83c1dc7e6f5e57e3ecef617a69066f1806d9d44aea3cf6a4f1"
[20:38:31.791] [32mINFO[39m: [36mRequired engine migration verified[39m
    module: "worker"
    status: "already_applied"
    migration: "20260814_task_supply_confidence"
    sourcePath: "C:\Users\Manfish\Documents\Codex\2026-09-04\let\work\backend-validation-checkout\backend\database\migrations\20260814_task_supply_confidence.sql"
    sha256: "5c64425fef6a52b4abb7e00f42f2c7322be9d777b58c1efbb1d8f5bd71815e9e"
[20:38:31.803] [32mINFO[39m: [36mRequired engine migration verified[39m
    module: "worker"
    status: "already_applied"
    migration: "20260815_quote_columns_extra_v4"
    sourcePath: "C:\Users\Manfish\Documents\Codex\2026-09-04\let\work\backend-validation-checkout\backend\database\migrations\20260815_quote_columns_extra_v4.sql"
    sha256: "2c45fbed303842c44ee20d24df090e54de05519d9e7ff5e8f74d4283763be7ee"
[20:38:31.816] [32mINFO[39m: [36mRequired engine migration verified[39m
    module: "worker"
    status: "already_applied"
    migration: "20260819_quote_payments"
    sourcePath: "C:\Users\Manfish\Documents\Codex\2026-09-04\let\work\backend-validation-checkout\backend\database\migrations\20260819_quote_payments.sql"
    sha256: "bcd90a6905e374568042b589c5c85931f93ea3c9a92fc28afbd0693bcc0e4286"
[20:38:31.831] [32mINFO[39m: [36mRequired engine migration verified[39m
    module: "worker"
    status: "already_applied"
    migration: "20260823_quote_payment_recovery"
    sourcePath: "C:\Users\Manfish\Documents\Codex\2026-09-04\let\work\backend-validation-checkout\backend\database\migrations\20260823_quote_payment_recovery.sql"
    sha256: "b0d75f09f523fdf1a11ffd5cea7a1c4cd78d431e7e55cb5723f6ce6f243eebc8"
[20:38:31.843] [32mINFO[39m: [36mRequired engine migration verified[39m
    module: "worker"
    status: "already_applied"
    migration: "20260827_universal_v1_lifecycle_contract"
    sourcePath: "C:\Users\Manfish\Documents\Codex\2026-09-04\let\work\backend-validation-checkout\backend\database\migrations\20260827_universal_v1_lifecycle_contract.sql"
    sha256: "43224cc43d132d1dfa517f5150f28457fc27fda3fb85641d5c836f40406cf513"
[20:38:31.859] [32mINFO[39m: [36mRequired engine migration verified[39m
    module: "worker"
    status: "already_applied"
    migration: "20260828_operator_authority_contract"
    sourcePath: "C:\Users\Manfish\Documents\Codex\2026-09-04\let\work\backend-validation-checkout\backend\database\migrations\20260828_operator_authority_contract.sql"
    sha256: "6e813f7266e057aeaa840b6924abb8ec1a763ed352c567b0b601aeac0d69d908"
[20:38:31.871] [32mINFO[39m: [36mRequired engine migration verified[39m
    module: "worker"
    status: "already_applied"
    migration: "20260829_task_matching_state_contract"
    sourcePath: "C:\Users\Manfish\Documents\Codex\2026-09-04\let\work\backend-validation-checkout\backend\database\migrations\20260829_task_matching_state_contract.sql"
    sha256: "07c9ad6227bb5e6dcb2bc1f2c048032a6e32df8cb0ff2087e6fc9248fdfe08c8"
[20:38:31.885] [32mINFO[39m: [36mRequired engine migration verified[39m
    module: "worker"
    status: "already_applied"
    migration: "20260830_ai_agent_judge_audit_convergence"
    sourcePath: "C:\Users\Manfish\Documents\Codex\2026-09-04\let\work\backend-validation-checkout\backend\database\migrations\20260830_ai_agent_judge_audit_convergence.sql"
    sha256: "47346ca99af25235a6dfdca3a05c6a2734d8bd190f06d02e6fadbd21c13fc705"
[20:38:31.897] [32mINFO[39m: [36mRequired engine migration verified[39m
    module: "worker"
    status: "already_applied"
    migration: "20260831_provider_neutral_outbound_communication"
    sourcePath: "C:\Users\Manfish\Documents\Codex\2026-09-04\let\work\backend-validation-checkout\backend\database\migrations\20260831_provider_neutral_outbound_communication.sql"
    sha256: "7163e1269dabe9229c15c2515e417349bb57d8d6f4d30653dc18e195b31ef232"
[20:38:31.908] [32mINFO[39m: [36mRequired engine migration verified[39m
    module: "worker"
    status: "already_applied"
    migration: "20260901_universal_v1_lead_ingress_port"
    sourcePath: "C:\Users\Manfish\Documents\Codex\2026-09-04\let\work\backend-validation-checkout\backend\database\migrations\20260901_universal_v1_lead_ingress_port.sql"
    sha256: "3640d1f62dd029db0bdd23a1cad7c9456b0c65c4a0c0b17c89781a9a32684dea"
[20:38:31.919] [32mINFO[39m: [36mRequired engine migration verified[39m
    module: "worker"
    status: "already_applied"
    migration: "20260902_universal_v1_task_draft_public_port"
    sourcePath: "C:\Users\Manfish\Documents\Codex\2026-09-04\let\work\backend-validation-checkout\backend\database\migrations\20260902_universal_v1_task_draft_public_port.sql"
    sha256: "dbf11f4ef967c17ac32fe3d4cb5710671fa4092649650d54d5f071b1aa85582e"
[20:38:31.929] [32mINFO[39m: [36mRequired engine migration verified[39m
    module: "worker"
    status: "already_applied"
    migration: "20260903_universal_v1_task_draft_account_claim"
    sourcePath: "C:\Users\Manfish\Documents\Codex\2026-09-04\let\work\backend-validation-checkout\backend\database\migrations\20260903_universal_v1_task_draft_account_claim.sql"
    sha256: "d2141ef2d979c69af21653750ff4dc9e94085c53072b87324fafb6cfb114f614"
[20:38:31.940] [32mINFO[39m: [36mRequired engine migration verified[39m
    module: "worker"
    status: "already_applied"
    migration: "20260904_canonical_user_email_identity"
    sourcePath: "C:\Users\Manfish\Documents\Codex\2026-09-04\let\work\backend-validation-checkout\backend\database\migrations\20260904_canonical_user_email_identity.sql"
    sha256: "3efc1ed89a01b95037837fb075015d027b0f0e72047fa013839299378c5dcf57"
[20:38:31.951] [32mINFO[39m: [36mRequired engine migration verified[39m
    module: "worker"
    status: "already_applied"
    migration: "20260905_universal_v1_task_draft_legacy_claim_import_repair"
    sourcePath: "C:\Users\Manfish\Documents\Codex\2026-09-04\let\work\backend-validation-checkout\backend\database\migrations\20260905_universal_v1_task_draft_legacy_claim_import_repair.sql"
    sha256: "67990edf9f231d953e519eacf796aa0fcada492f8fe8ce4b7f7889560a07e827"
[20:38:31.961] [32mINFO[39m: [36mRequired engine migration verified[39m
    module: "worker"
    status: "already_applied"
    migration: "20260906_universal_v1_estimate_acceptance_materialization"
    sourcePath: "C:\Users\Manfish\Documents\Codex\2026-09-04\let\work\backend-validation-checkout\backend\database\migrations\20260906_universal_v1_estimate_acceptance_materialization.sql"
    sha256: "671d0c9cbb1507a6303165d319e08441f69e5027d6ab2d075561b70a063191e6"
[20:38:31.971] [32mINFO[39m: [36mRequired engine migration verified[39m
    module: "worker"
    status: "already_applied"
    migration: "20260907_universal_v1_provider_estimate_invitation"
    sourcePath: "C:\Users\Manfish\Documents\Codex\2026-09-04\let\work\backend-validation-checkout\backend\database\migrations\20260907_universal_v1_provider_estimate_invitation.sql"
    sha256: "aac7221f4cd1dca94d26a90e96b5de7078c50cf7660bb934582faecb1a70001e"
[20:38:31.987] [32mINFO[39m: [36mRequired engine migration verified[39m
    module: "worker"
    status: "already_applied"
    migration: "20260908_universal_v1_provider_work_order_authority"
    sourcePath: "C:\Users\Manfish\Documents\Codex\2026-09-04\let\work\backend-validation-checkout\backend\database\migrations\20260908_universal_v1_provider_work_order_authority.sql"
    sha256: "53bcfc5cc6aa79c3fc8470db293aa0e8ad411a05db958a46c67389d5bc0e1d4c"
[20:38:31.999] [32mINFO[39m: [36mRequired engine migration verified[39m
    module: "worker"
    status: "already_applied"
    migration: "20260909_universal_v1_reconciliation_alias_repair"
    sourcePath: "C:\Users\Manfish\Documents\Codex\2026-09-04\let\work\backend-validation-checkout\backend\database\migrations\20260909_universal_v1_reconciliation_alias_repair.sql"
    sha256: "422e138cce00ef672092869a758ca752a08717b81cf822b90a509319c1b610a3"
[20:38:32.011] [32mINFO[39m: [36mRequired engine migration verified[39m
    module: "worker"
    status: "already_applied"
    migration: "20260911_universal_v1_change_order_application"
    sourcePath: "C:\Users\Manfish\Documents\Codex\2026-09-04\let\work\backend-validation-checkout\backend\database\migrations\20260911_universal_v1_change_order_application.sql"
    sha256: "c89f3cc97feae9563764e0cae8f3df4391204277aaa0fed344ae8dad91c17a43"
[20:38:32.023] [32mINFO[39m: [36mRequired engine migration verified[39m
    module: "worker"
    status: "already_applied"
    migration: "20260912_universal_v1_work_order_execution_facts"
    sourcePath: "C:\Users\Manfish\Documents\Codex\2026-09-04\let\work\backend-validation-checkout\backend\database\migrations\20260912_universal_v1_work_order_execution_facts.sql"
    sha256: "fdbea47445c8a131c2b41f54f0ba4c57caa359ca2453b5bbe3ab6c12c494ce14"
[20:38:32.034] [32mINFO[39m: [36mRequired engine migration verified[39m
    module: "worker"
    status: "already_applied"
    migration: "20260913_universal_v1_completion_delivery_receipt"
    sourcePath: "C:\Users\Manfish\Documents\Codex\2026-09-04\let\work\backend-validation-checkout\backend\database\migrations\20260913_universal_v1_completion_delivery_receipt.sql"
    sha256: "6299c82b5bdd2383e6dbb4f5d4c2d3c59b21c5b4f985d4b80331713f4ceeb7af"
[20:38:32.045] [32mINFO[39m: [36mRequired engine migration verified[39m
    module: "worker"
    status: "already_applied"
    migration: "20260914_notification_provider_in_flight"
    sourcePath: "C:\Users\Manfish\Documents\Codex\2026-09-04\let\work\backend-validation-checkout\backend\database\migrations\20260914_notification_provider_in_flight.sql"
    sha256: "0b9a9e162477efd65db5204b667665197c5b7ffbb50efe86b041093f73d2cc2f"
[20:38:32.057] [32mINFO[39m: [36mRequired engine migration verified[39m
    module: "worker"
    status: "already_applied"
    migration: "20260915_ai_spend_attempt_ledger"
    sourcePath: "C:\Users\Manfish\Documents\Codex\2026-09-04\let\work\backend-validation-checkout\backend\database\migrations\20260915_ai_spend_attempt_ledger.sql"
    sha256: "63b2615ec02c6193c3a8e8b93de263a5b65ac5ec0cfb93cac1869fdf425bfb77"
[20:38:32.068] [32mINFO[39m: [36mRequired engine migration verified[39m
    module: "worker"
    status: "already_applied"
    migration: "20260916_provider_event_inbox_v1"
    sourcePath: "C:\Users\Manfish\Documents\Codex\2026-09-04\let\work\backend-validation-checkout\backend\database\migrations\20260916_provider_event_inbox_v1.sql"
    sha256: "452b2534f7559326b3772c84d2c3b12bf2c4b6e7623b2a214cd0d20bd09f07a4"
[20:38:32.079] [32mINFO[39m: [36mRequired engine migration verified[39m
    module: "worker"
    status: "already_applied"
    migration: "20260917_financial_provider_command_journal_v1"
    sourcePath: "C:\Users\Manfish\Documents\Codex\2026-09-04\let\work\backend-validation-checkout\backend\database\migrations\20260917_financial_provider_command_journal_v1.sql"
    sha256: "1ef51473dda118ffe7ff7799ae66e388a66ff9fa34f71df0fa1dc281b1b72577"
[20:38:32.090] [32mINFO[39m: [36mRequired engine migration verified[39m
    module: "worker"
    status: "already_applied"
    migration: "20260918_universal_v1_prepared_financial_command_v1"
    sourcePath: "C:\Users\Manfish\Documents\Codex\2026-09-04\let\work\backend-validation-checkout\backend\database\migrations\20260918_universal_v1_prepared_financial_command_v1.sql"
    sha256: "dccae61700235f6e0609bef77e454b808af148c347978ae08b422ded77bd8920"
[20:38:32.102] [32mINFO[39m: [36mRequired engine migration verified[39m
    module: "worker"
    status: "already_applied"
    migration: "20260919_provider_event_processing_v1"
    sourcePath: "C:\Users\Manfish\Documents\Codex\2026-09-04\let\work\backend-validation-checkout\backend\database\migrations\20260919_provider_event_processing_v1.sql"
    sha256: "48a0874f8cf045c5507071ee7013605101c9d50988fd55a97a6148b979b9e798"
[20:38:32.113] [32mINFO[39m: [36mRequired engine migration verified[39m
    module: "worker"
    status: "already_applied"
    migration: "20260920_financial_provider_command_recovery_v1"
    sourcePath: "C:\Users\Manfish\Documents\Codex\2026-09-04\let\work\backend-validation-checkout\backend\database\migrations\20260920_financial_provider_command_recovery_v1.sql"
    sha256: "f7e8b62942c1aed5435d2d7d805273effd52fc8041e78561d8ad9d3f69a77daf"
[20:38:32.125] [32mINFO[39m: [36mRequired engine migration verified[39m
    module: "worker"
    status: "already_applied"
    migration: "20260923_legacy_escrow_insert_containment_v1"
    sourcePath: "C:\Users\Manfish\Documents\Codex\2026-09-04\let\work\backend-validation-checkout\backend\database\migrations\20260923_legacy_escrow_insert_containment_v1.sql"
    sha256: "6b9a51a3aa3e963c13585ba5c374c55164a76be9dfffc91303175a523c9ab5d1"
[20:38:32.136] [32mINFO[39m: [36mRequired engine migration verified[39m
    module: "worker"
    status: "already_applied"
    migration: "20260924_universal_v1_task_draft_route_context_v1"
    sourcePath: "C:\Users\Manfish\Documents\Codex\2026-09-04\let\work\backend-validation-checkout\backend\database\migrations\20260924_universal_v1_task_draft_route_context_v1.sql"
    sha256: "530539ce2d5b3a002bb7ee5e41666334fd4a1d642dc3ac410cd5bae719b2e76f"
[20:38:32.147] [32mINFO[39m: [36mRequired engine migration verified[39m
    module: "worker"
    status: "already_applied"
    migration: "20260925_universal_v1_work_order_compensation_v1"
    sourcePath: "C:\Users\Manfish\Documents\Codex\2026-09-04\let\work\backend-validation-checkout\backend\database\migrations\20260925_universal_v1_work_order_compensation_v1.sql"
    sha256: "eca44af1528e1a21b718bc765cd8bc740e779bc02497195ddba7da00607f9169"
[20:38:32.158] [32mINFO[39m: [36mRequired engine migration verified[39m
    module: "worker"
    status: "already_applied"
    migration: "20260928_provider_observation_normalization_v1"
    sourcePath: "C:\Users\Manfish\Documents\Codex\2026-09-04\let\work\backend-validation-checkout\backend\database\migrations\20260928_provider_observation_normalization_v1.sql"
    sha256: "526872fabf6ee65126e3e864ec7d7fb7b830d08d95b8b35799fad8aadc8e7607"
[20:38:32.169] [32mINFO[39m: [36mRequired engine migration verified[39m
    module: "worker"
    status: "already_applied"
    migration: "20260929_universal_v1_double_entry_ledger_v1"
    sourcePath: "C:\Users\Manfish\Documents\Codex\2026-09-04\let\work\backend-validation-checkout\backend\database\migrations\20260929_universal_v1_double_entry_ledger_v1.sql"
    sha256: "1ad5d75901ad4de964ca821ca8a78bf37bfdb7322b2a2a2119c7bc60325f3102"
[20:38:32.180] [32mINFO[39m: [36mRequired engine migration verified[39m
    module: "worker"
    status: "already_applied"
    migration: "20260930_universal_v1_ops_cases_v1"
    sourcePath: "C:\Users\Manfish\Documents\Codex\2026-09-04\let\work\backend-validation-checkout\backend\database\migrations\20260930_universal_v1_ops_cases_v1.sql"
    sha256: "5a60b4ec860d26c1e5251cde4fd8a2f7a5aa9f567dc52adc87a2fb6d72cab104"
[20:38:32.193] [32mINFO[39m: [36mRequired engine migration verified[39m
    module: "worker"
    status: "already_applied"
    migration: "20261001_universal_v1_relationship_origin_v1"
    sourcePath: "C:\Users\Manfish\Documents\Codex\2026-09-04\let\work\backend-validation-checkout\backend\database\migrations\20261001_universal_v1_relationship_origin_v1.sql"
    sha256: "099372b9a542f268661d61d4ac618a11170fe81a26ae13af0512a82c2405e077"
[20:38:32.204] [32mINFO[39m: [36mRequired engine migration verified[39m
    module: "worker"
    status: "already_applied"
    migration: "20261002_universal_v1_dispute_recovery_v1"
    sourcePath: "C:\Users\Manfish\Documents\Codex\2026-09-04\let\work\backend-validation-checkout\backend\database\migrations\20261002_universal_v1_dispute_recovery_v1.sql"
    sha256: "6137ad651293d9a7f074b225bbd0f861911892427868ad84aff17425673fa189"
[20:38:32.215] [32mINFO[39m: [36mRequired engine migration verified[39m
    module: "worker"
    status: "already_applied"
    migration: "20261003_universal_v1_task_opportunities_v1"
    sourcePath: "C:\Users\Manfish\Documents\Codex\2026-09-04\let\work\backend-validation-checkout\backend\database\migrations\20261003_universal_v1_task_opportunities_v1.sql"
    sha256: "8f2e2e0edf387fd89cd936bbab6059cd4a4e22abbb3aae73951f3f466eca84b7"
[20:38:32.226] [32mINFO[39m: [36mRequired engine migration verified[39m
    module: "worker"
    status: "already_applied"
    migration: "20261004_universal_v1_completion_notice_dispatch_v1"
    sourcePath: "C:\Users\Manfish\Documents\Codex\2026-09-04\let\work\backend-validation-checkout\backend\database\migrations\20261004_universal_v1_completion_notice_dispatch_v1.sql"
    sha256: "f5723941769d027e496d0a3a7fed32b29b1a02ff76db97ead815acd46a7fdee8"
[20:38:32.243] [32mINFO[39m: [36mRequired engine migration verified[39m
    module: "worker"
    status: "already_applied"
    migration: "20261005_universal_v1_occurrence_access_audit_v1"
    sourcePath: "C:\Users\Manfish\Documents\Codex\2026-09-04\let\work\backend-validation-checkout\backend\database\migrations\20261005_universal_v1_occurrence_access_audit_v1.sql"
    sha256: "d805ce946b7aba804be55aea9f131cff99047adaa7d46cd3d21242ac492ec364"
[20:38:32.257] [32mINFO[39m: [36mRequired engine migration verified[39m
    module: "worker"
    status: "already_applied"
    migration: "20261006_stage1_legacy_authority_containment_v1"
    sourcePath: "C:\Users\Manfish\Documents\Codex\2026-09-04\let\work\backend-validation-checkout\backend\database\migrations\20261006_stage1_legacy_authority_containment_v1.sql"
    sha256: "5cc6f5710696048b98c97ea06993a56aefaf711bac7a04dd973059f957d4eb63"
[20:38:32.268] [32mINFO[39m: [36mRequired engine migration verified[39m
    module: "worker"
    status: "already_applied"
    migration: "20261007_subscription_cancellation_recovery_v1"
    sourcePath: "C:\Users\Manfish\Documents\Codex\2026-09-04\let\work\backend-validation-checkout\backend\database\migrations\20261007_subscription_cancellation_recovery_v1.sql"
    sha256: "b6671677f556655c2cc3bad374a341a7667a0c431155397dbc0f5ad8029ffdb4"
[20:38:32.279] [32mINFO[39m: [36mRequired engine migration verified[39m
    module: "worker"
    status: "already_applied"
    migration: "20261008_universal_v1_work_order_task_state_containment_v1"
    sourcePath: "C:\Users\Manfish\Documents\Codex\2026-09-04\let\work\backend-validation-checkout\backend\database\migrations\20261008_universal_v1_work_order_task_state_containment_v1.sql"
    sha256: "2c3a3050a5a4efb3380e9746d77526a22adf33438c7e31521c589998b860ba04"
[20:38:32.290] [32mINFO[39m: [36mRequired engine migration verified[39m
    module: "worker"
    status: "already_applied"
    migration: "20261009_universal_v1_standardized_quote_readiness_v1"
    sourcePath: "C:\Users\Manfish\Documents\Codex\2026-09-04\let\work\backend-validation-checkout\backend\database\migrations\20261009_universal_v1_standardized_quote_readiness_v1.sql"
    sha256: "e088ec77e6dde547c5125807b6b6a83a318cc31a3c23a60233a87040a4ae8a2a"
[20:38:32.301] [32mINFO[39m: [36mRequired engine migration verified[39m
    module: "worker"
    status: "already_applied"
    migration: "20261010_universal_v1_financial_security_event_expiry_v1"
    sourcePath: "C:\Users\Manfish\Documents\Codex\2026-09-04\let\work\backend-validation-checkout\backend\database\migrations\20261010_universal_v1_financial_security_event_expiry_v1.sql"
    sha256: "1203de8b3a8a3457d439e51b7cc17d446ab1c9ae9a0c416b677f114d91e08a7b"
[20:38:32.312] [32mINFO[39m: [36mRequired engine migration verified[39m
    module: "worker"
    status: "already_applied"
    migration: "20261012_universal_v1_work_order_command_authority_v2"
    sourcePath: "C:\Users\Manfish\Documents\Codex\2026-09-04\let\work\backend-validation-checkout\backend\database\migrations\20261012_universal_v1_work_order_command_authority_v2.sql"
    sha256: "646a94805c9f6df5a487e4af11167329e82a9739ff81c5198c8d1db6f6bfd30d"
[20:38:32.325] [32mINFO[39m: [36mRequired engine migration verified[39m
    module: "worker"
    status: "already_applied"
    migration: "20261014_universal_v1_work_order_command_ports_v1"
    sourcePath: "C:\Users\Manfish\Documents\Codex\2026-09-04\let\work\backend-validation-checkout\backend\database\migrations\20261014_universal_v1_work_order_command_ports_v1.sql"
    sha256: "3920ac8d3208b9f573dc331cab60c373d0349611700c6e14a6e4c1dd8c53aac4"
[20:38:32.333] [32mINFO[39m: [36mLegacy exact-location encryption backfill verified[39m
    module: "worker"
    backfilledLocationCount: 0
[20:38:32.510] [32mINFO[39m: [36mUniversal V1 TaskDraft mutation persisted[39m
    router: "web.taskDrafts"
    draftId: "e56cef3d-5691-4c4e-a0a5-9d3252bec279"
    action: "create"
    version: 1
    outcome: "FULFILLMENT_CANDIDATE"
    replayed: false
[20:38:32.542] [32mINFO[39m: [36mUniversal V1 TaskDraft mutation persisted[39m
    router: "web.taskDrafts"
    draftId: "e56cef3d-5691-4c4e-a0a5-9d3252bec279"
    action: "link_contact"
    version: 2
    outcome: "FULFILLMENT_CANDIDATE"
    replayed: false
[20:38:32.638] [32mINFO[39m: [36mUniversal V1 TaskDraft mutation persisted[39m
    router: "web.taskDrafts"
    draftId: "781e3763-c61c-4713-b052-67b426704117"
    action: "create"
    version: 1
    outcome: "FULFILLMENT_CANDIDATE"
    replayed: false
[20:38:32.664] [32mINFO[39m: [36mUniversal V1 TaskDraft mutation persisted[39m
    router: "web.taskDrafts"
    draftId: "781e3763-c61c-4713-b052-67b426704117"
    action: "link_contact"
    version: 2
    outcome: "FULFILLMENT_CANDIDATE"
    replayed: false
[20:38:32.736] [32mINFO[39m: [36mUniversal V1 TaskDraft mutation persisted[39m
    router: "web.taskDrafts"
    draftId: "2f6b1734-f313-45f9-99b3-8fcca7281c72"
    action: "create"
    version: 1
    outcome: "FULFILLMENT_CANDIDATE"
    replayed: false
[20:38:32.773] [32mINFO[39m: [36mUniversal V1 TaskDraft mutation persisted[39m
    router: "web.taskDrafts"
    draftId: "2f6b1734-f313-45f9-99b3-8fcca7281c72"
    action: "link_contact"
    version: 2
    outcome: "FULFILLMENT_CANDIDATE"
    replayed: false
[20:38:32.860] [32mINFO[39m: [36mUniversal V1 TaskDraft mutation persisted[39m
    router: "web.taskDrafts"
    draftId: "76a8d009-bfb1-47b0-b120-ffaf2ac465b3"
    action: "create"
    version: 1
    outcome: "FULFILLMENT_CANDIDATE"
    replayed: false
[20:38:32.883] [32mINFO[39m: [36mUniversal V1 TaskDraft mutation persisted[39m
    router: "web.taskDrafts"
    draftId: "76a8d009-bfb1-47b0-b120-ffaf2ac465b3"
    action: "link_contact"
    version: 2
    outcome: "FULFILLMENT_CANDIDATE"
    replayed: false
[20:38:32.950] [32mINFO[39m: [36mUniversal V1 TaskDraft mutation persisted[39m
    router: "web.taskDrafts"
    draftId: "c32b03cc-64cb-494a-9148-2fa84493c692"
    action: "create"
    version: 1
    outcome: "FULFILLMENT_CANDIDATE"
    replayed: false
[20:38:32.973] [32mINFO[39m: [36mUniversal V1 TaskDraft mutation persisted[39m
    router: "web.taskDrafts"
    draftId: "c32b03cc-64cb-494a-9148-2fa84493c692"
    action: "link_contact"
    version: 2
    outcome: "FULFILLMENT_CANDIDATE"
    replayed: false
[20:38:33.047] [32mINFO[39m: [36mUniversal V1 TaskDraft mutation persisted[39m
    router: "web.taskDrafts"
    draftId: "090165fb-1de7-44f0-add1-2139d34879f7"
    action: "create"
    version: 1
    outcome: "FULFILLMENT_CANDIDATE"
    replayed: false
[20:38:33.070] [32mINFO[39m: [36mUniversal V1 TaskDraft mutation persisted[39m
    router: "web.taskDrafts"
    draftId: "090165fb-1de7-44f0-add1-2139d34879f7"
    action: "link_contact"
    version: 2
    outcome: "FULFILLMENT_CANDIDATE"
    replayed: false
[20:38:33.144] [32mINFO[39m: [36mUniversal V1 TaskDraft mutation persisted[39m
    router: "web.taskDrafts"
    draftId: "258ef7d7-3755-48b3-9db5-d6de876b0cf0"
    action: "create"
    version: 1
    outcome: "FULFILLMENT_CANDIDATE"
    replayed: false
[20:38:33.169] [32mINFO[39m: [36mUniversal V1 TaskDraft mutation persisted[39m
    router: "web.taskDrafts"
    draftId: "258ef7d7-3755-48b3-9db5-d6de876b0cf0"
    action: "link_contact"
    version: 2
    outcome: "FULFILLMENT_CANDIDATE"
    replayed: false
[20:38:33.246] [32mINFO[39m: [36mUniversal V1 TaskDraft mutation persisted[39m
    router: "web.taskDrafts"
    draftId: "6f75a1d0-fd29-46ff-b332-bd8c2eaa2cf0"
    action: "create"
    version: 1
    outcome: "FULFILLMENT_CANDIDATE"
    replayed: false
[20:38:33.277] [32mINFO[39m: [36mUniversal V1 TaskDraft mutation persisted[39m
    router: "web.taskDrafts"
    draftId: "6f75a1d0-fd29-46ff-b332-bd8c2eaa2cf0"
    action: "link_contact"
    version: 2
    outcome: "FULFILLMENT_CANDIDATE"
    replayed: false
[20:38:33.341] [32mINFO[39m: [36mUniversal V1 TaskDraft mutation persisted[39m
    router: "web.taskDrafts"
    draftId: "a3c1b4e9-5dde-48ae-b9ee-4e2c488da997"
    action: "create"
    version: 1
    outcome: "FULFILLMENT_CANDIDATE"
    replayed: false
[20:38:33.362] [32mINFO[39m: [36mUniversal V1 TaskDraft mutation persisted[39m
    router: "web.taskDrafts"
    draftId: "a3c1b4e9-5dde-48ae-b9ee-4e2c488da997"
    action: "link_contact"
    version: 2
    outcome: "FULFILLMENT_CANDIDATE"
    replayed: false
[20:38:33.518] [32mINFO[39m: [36mUniversal V1 TaskDraft mutation persisted[39m
    router: "web.taskDrafts"
    draftId: "486bb9d4-1937-4a52-9d2a-284bd3ae2ea5"
    action: "create"
    version: 1
    outcome: "FULFILLMENT_CANDIDATE"
    replayed: false
[20:38:33.548] [32mINFO[39m: [36mUniversal V1 TaskDraft mutation persisted[39m
    router: "web.taskDrafts"
    draftId: "486bb9d4-1937-4a52-9d2a-284bd3ae2ea5"
    action: "link_contact"
    version: 2
    outcome: "FULFILLMENT_CANDIDATE"
    replayed: false
[20:38:33.613] [32mINFO[39m: [36mUniversal V1 TaskDraft mutation persisted[39m
    router: "web.taskDrafts"
    draftId: "ce221b17-d014-4a3c-849d-610814572e6a"
    action: "create"
    version: 1
    outcome: "FULFILLMENT_CANDIDATE"
    replayed: false
[20:38:33.639] [32mINFO[39m: [36mUniversal V1 TaskDraft mutation persisted[39m
    router: "web.taskDrafts"
    draftId: "ce221b17-d014-4a3c-849d-610814572e6a"
    action: "link_contact"
    version: 2
    outcome: "FULFILLMENT_CANDIDATE"
    replayed: false
[20:38:33.731] [32mINFO[39m: [36mUniversal V1 TaskDraft mutation persisted[39m
    router: "web.taskDrafts"
    draftId: "45fc66b8-70d0-4dd6-b516-2b6d5c5cb31b"
    action: "create"
    version: 1
    outcome: "FULFILLMENT_CANDIDATE"
    replayed: false
[20:38:33.754] [32mINFO[39m: [36mUniversal V1 TaskDraft mutation persisted[39m
    router: "web.taskDrafts"
    draftId: "45fc66b8-70d0-4dd6-b516-2b6d5c5cb31b"
    action: "link_contact"
    version: 2
    outcome: "FULFILLMENT_CANDIDATE"
    replayed: false
[20:38:34.835] [32mINFO[39m: [36mUniversal V1 TaskDraft mutation persisted[39m
    router: "web.taskDrafts"
    draftId: "27d308ce-d8ec-427f-b2b3-98a5ab1c5af1"
    action: "create"
    version: 1
    outcome: "FULFILLMENT_CANDIDATE"
    replayed: false
[20:38:34.867] [32mINFO[39m: [36mUniversal V1 TaskDraft mutation persisted[39m
    router: "web.taskDrafts"
    draftId: "27d308ce-d8ec-427f-b2b3-98a5ab1c5af1"
    action: "link_contact"
    version: 2
    outcome: "FULFILLMENT_CANDIDATE"
    replayed: false
[20:38:34.981] [32mINFO[39m: [36mUniversal V1 TaskDraft mutation persisted[39m
    router: "web.taskDrafts"
    draftId: "d859bf9d-b015-40a9-ba0c-5f541c5848e3"
    action: "create"
    version: 1
    outcome: "FULFILLMENT_CANDIDATE"
    replayed: false
[20:38:35.012] [32mINFO[39m: [36mUniversal V1 TaskDraft mutation persisted[39m
    router: "web.taskDrafts"
    draftId: "d859bf9d-b015-40a9-ba0c-5f541c5848e3"
    action: "link_contact"
    version: 2
    outcome: "FULFILLMENT_CANDIDATE"
    replayed: false
[20:38:35.514] [32mINFO[39m: [36mUniversal V1 TaskDraft mutation persisted[39m
    router: "web.taskDrafts"
    draftId: "664c7991-dbd2-4be2-8a6e-e0c451fc5a2d"
    action: "create"
    version: 1
    outcome: "FULFILLMENT_CANDIDATE"
    replayed: false
[20:38:35.540] [32mINFO[39m: [36mUniversal V1 TaskDraft mutation persisted[39m
    router: "web.taskDrafts"
    draftId: "664c7991-dbd2-4be2-8a6e-e0c451fc5a2d"
    action: "link_contact"
    version: 2
    outcome: "FULFILLMENT_CANDIDATE"
    replayed: false
[20:38:35.719] [32mINFO[39m: [36mUniversal V1 TaskDraft mutation persisted[39m
    router: "web.taskDrafts"
    draftId: "8a3f9953-1db2-446b-b9c2-4c9d0cebd175"
    action: "create"
    version: 1
    outcome: "FULFILLMENT_CANDIDATE"
    replayed: false
[20:38:35.747] [32mINFO[39m: [36mUniversal V1 TaskDraft mutation persisted[39m
    router: "web.taskDrafts"
    draftId: "8a3f9953-1db2-446b-b9c2-4c9d0cebd175"
    action: "link_contact"
    version: 2
    outcome: "FULFILLMENT_CANDIDATE"
    replayed: false
[20:38:35.951] [32mINFO[39m: [36mUniversal V1 TaskDraft mutation persisted[39m
    router: "web.taskDrafts"
    draftId: "c4a2d248-6140-4a73-8a64-e98741b84f89"
    action: "create"
    version: 1
    outcome: "FULFILLMENT_CANDIDATE"
    replayed: false
[20:38:35.984] [32mINFO[39m: [36mUniversal V1 TaskDraft mutation persisted[39m
    router: "web.taskDrafts"
    draftId: "c4a2d248-6140-4a73-8a64-e98741b84f89"
    action: "link_contact"
    version: 2
    outcome: "FULFILLMENT_CANDIDATE"
    replayed: false
[20:38:36.270] [32mINFO[39m: [36mUniversal V1 TaskDraft mutation persisted[39m
    router: "web.taskDrafts"
    draftId: "f463b837-f163-4bac-b567-2a315049498a"
    action: "create"
    version: 1
    outcome: "FULFILLMENT_CANDIDATE"
    replayed: false
[20:38:36.299] [32mINFO[39m: [36mUniversal V1 TaskDraft mutation persisted[39m
    router: "web.taskDrafts"
    draftId: "f463b837-f163-4bac-b567-2a315049498a"
    action: "link_contact"
    version: 2
    outcome: "FULFILLMENT_CANDIDATE"
    replayed: false
 ✓ |database-serial| backend/tests/system/universal-v1-standardized-quote-readiness.pg.test.ts (16 tests) 6269ms
     ✓ keeps migration 143 at its exact ordinal and replays both its SQL and the exact applied chain  2144ms
     ✓ fails quote insertion when a retained answer has the wrong type or domain  535ms
     ✓ runs furniture assembly through quote, acceptance, readiness v1 and v2 without HOLD access  1068ms
     ✓ rejects acceptance after a real elapsed quote-expiry boundary  534ms
     ✓ rejects stale-origin acceptance, permits a clean requote, and hides accepted readiness after later origin succession  320ms
[20:38:37.852] [32mINFO[39m: [36mNotification delivery recovery batch completed[39m
    inspected: 1
    recovered: 1
    failed: 0
    skipped: 0
[20:38:38.045] [32mINFO[39m: [36mFocus-deferred notification release completed[39m
    released: 0
[20:38:38.066] [32mINFO[39m: [36mFocus-deferred notification release completed[39m
    released: 1
[20:38:38.525] [32mINFO[39m: [36mPush notification queued[39m
    notificationId: "1f2c4310-b55b-4553-8e02-fcc8f88c4d7d"
    userId: "7800b869-114c-4f46-b7cb-16e79daa83de"
    channel: "push"
 ✓ |database-serial| backend/tests/system/notification-delivery-recovery-concurrency.pg.test.ts (12 tests) 1561ms
 ✓ |database-serial| backend/tests/system/nonproduction-runtime-insert-authority-v1.pg.test.ts (6 tests) 14397ms
     ✓ atomically records a genuine fake lifecycle fact and bridge while wrong authority fails closed  302ms
[20:38:55.180] [33mWARN[39m: [36mStripe not configured (placeholder or missing key)[39m
    module: "stripe"
 ❯ |database-serial| backend/tests/system/hxos-canonical-lifecycle.pg.test.ts (2 tests | 2 failed) 96ms
     × proves intent through bank payout with replay, concurrency, and failure evidence 35ms
     × persists provider-account refresh with replay, conflict, concurrency, and no external effect 29ms
[20:38:59.641] [32mINFO[39m: [36mRequired engine migration verified[39m
    module: "worker"
    status: "applied"
    migration: "add_missing_tables_v2"
    sourcePath: "C:\Users\Manfish\Documents\Codex\2026-09-04\let\work\backend-validation-checkout\backend\database\migrations\add_missing_tables_v2.sql"
    sha256: "0e82957e8c8ac0cdb2da99faaad235f64e8eda817ff60681e4455719b48a403e"
[20:38:59.830] [32mINFO[39m: [36mRequired engine migration verified[39m
    module: "worker"
    status: "applied"
    migration: "20260710_engine_automation_contracts"
    sourcePath: "C:\Users\Manfish\Documents\Codex\2026-09-04\let\work\backend-validation-checkout\backend\database\migrations\20260710_engine_automation_contracts.sql"
    sha256: "7581c779b858864ba4f1d7ec1af1fb8da613c53b8986adafcfd4de2cf07938a7"
[20:38:59.868] [32mINFO[39m: [36mRequired engine migration verified[39m
    module: "worker"
    status: "applied"
    migration: "20260711_required_proof_alignment"
    sourcePath: "C:\Users\Manfish\Documents\Codex\2026-09-04\let\work\backend-validation-checkout\backend\database\migrations\011-proof-alignment.sql"
    sha256: "aa042a77dc4f8b8fcad8b53f6e678a6c2ec4edf39d7c18f63399d184369759c3"
[20:38:59.996] [32mINFO[39m: [36mRequired engine migration verified[39m
    module: "worker"
    status: "applied"
    migration: "20260711_required_expertise_supply"
    sourcePath: "C:\Users\Manfish\Documents\Codex\2026-09-04\let\work\backend-validation-checkout\backend\database\migrations\expertise_supply_control.sql"
    sha256: "104803408da1a0196291254866cefb2944b4b45be5a2c81df334ecaac828cf39"
[20:39:00.019] [32mINFO[39m: [36mRequired engine migration verified[39m
    module: "worker"
    status: "applied"
    migration: "20260711_task_outcome_classification"
    sourcePath: "C:\Users\Manfish\Documents\Codex\2026-09-04\let\work\backend-validation-checkout\backend\database\migrations\20260711_task_outcome_classification.sql"
    sha256: "c723901db04a66d60ec231ac10324fe8834a32b9b6019b7a5aa0a651638cf791"
[20:39:00.058] [32mINFO[39m: [36mRequired engine migration verified[39m
    module: "worker"
    status: "applied"
    migration: "20260712_hustler_identity_link"
    sourcePath: "C:\Users\Manfish\Documents\Codex\2026-09-04\let\work\backend-validation-checkout\backend\database\migrations\20260712_hustler_identity_link.sql"
    sha256: "4ea3685d374532f90122a58b596d04a544c06bd701d0697037af15a964af3518"
[20:39:00.084] [32mINFO[39m: [36mRequired engine migration verified[39m
    module: "worker"
    status: "applied"
    migration: "20260712_dispatch_expiry_pending_payment_cancel"
    sourcePath: "C:\Users\Manfish\Documents\Codex\2026-09-04\let\work\backend-validation-checkout\backend\database\migrations\20260712_dispatch_expiry_pending_payment_cancel.sql"
    sha256: "4b29f0612985dbf9e90c2f437cc49dbf88223d3a78c67bfd48ebc88e16249a7f"
[20:39:00.097] [32mINFO[39m: [36mRequired engine migration verified[39m
    module: "worker"
    status: "applied"
    migration: "20260712_dispatch_expiry_no_payment_reconcile"
    sourcePath: "C:\Users\Manfish\Documents\Codex\2026-09-04\let\work\backend-validation-checkout\backend\database\migrations\20260712_dispatch_expiry_no_payment_reconcile.sql"
    sha256: "12d4e967e5b0a910debe5c187a5dc3bb18d3c2ce49375e6698aa856e12a60b72"
[20:39:00.179] [32mINFO[39m: [36mRequired engine migration verified[39m
    module: "worker"
    status: "applied"
    migration: "performance_indexes_v1"
    sourcePath: "C:\Users\Manfish\Documents\Codex\2026-09-04\let\work\backend-validation-checkout\backend\database\migrations\20260713_performance_indexes_alignment.sql"
    sha256: "3696d6feeed5f058d286ad62cbe8fb75a72e43cecc93cfcb162bb2ef61cb33cf"
[20:39:00.256] [32mINFO[39m: [36mRequired engine migration verified[39m
    module: "worker"
    status: "applied"
    migration: "chargeback_lifecycle_v1"
    sourcePath: "C:\Users\Manfish\Documents\Codex\2026-09-04\let\work\backend-validation-checkout\backend\database\migrations\chargeback_lifecycle.sql"
    sha256: "32905444b29504044c3f91a5398a0a2c064398d833e66d486e6ca513fddff6f7"
[20:39:00.322] [32mINFO[39m: [36mRequired engine migration verified[39m
    module: "worker"
    status: "applied"
    migration: "20260718_revenue_audit_rail"
    sourcePath: "C:\Users\Manfish\Documents\Codex\2026-09-04\let\work\backend-validation-checkout\backend\database\migrations\20260718_revenue_audit_rail.sql"
    sha256: "f11a5eb964f2c09b9e9592533fd32b35c24c9de8511e79b6096f2cf7627134a0"
[20:39:00.340] [32mINFO[39m: [36mRequired engine migration verified[39m
    module: "worker"
    status: "applied"
    migration: "20260718_quote_economics_contract"
    sourcePath: "C:\Users\Manfish\Documents\Codex\2026-09-04\let\work\backend-validation-checkout\backend\database\migrations\20260718_quote_economics_contract.sql"
    sha256: "1eb1a06963af0d740b488154d5803ab050f322d501feae130ac02e6e5669ecef"
[20:39:00.437] [32mINFO[39m: [36mRequired engine migration verified[39m
    module: "worker"
    status: "applied"
    migration: "20260718_task_scope_versions"
    sourcePath: "C:\Users\Manfish\Documents\Codex\2026-09-04\let\work\backend-validation-checkout\backend\database\migrations\20260718_task_scope_versions.sql"
    sha256: "71098ed2d76562e33e7439b6bbeaa2648c19174a3c19195460238aeaf5abcd6e"
[20:39:00.463] [32mINFO[39m: [36mRequired engine migration verified[39m
    module: "worker"
    status: "applied"
    migration: "20260718_task_location_encryption"
    sourcePath: "C:\Users\Manfish\Documents\Codex\2026-09-04\let\work\backend-validation-checkout\backend\database\migrations\20260718_task_location_encryption.sql"
    sha256: "084ef950e086b7aa5040e4fba37277d18f65a15f6cbea75d52dd5729b00386f2"
[20:39:00.484] [32mINFO[39m: [36mRequired engine migration verified[39m
    module: "worker"
    status: "applied"
    migration: "20260718_proof_submission_atomicity"
    sourcePath: "C:\Users\Manfish\Documents\Codex\2026-09-04\let\work\backend-validation-checkout\backend\database\migrations\20260718_proof_submission_atomicity.sql"
    sha256: "6d5dfced166382beed083351a6c75aa5bbf972dcb0eb8704003cae40aa8d5768"
[20:39:00.555] [32mINFO[39m: [36mRequired engine migration verified[39m
    module: "worker"
    status: "applied"
    migration: "20260718_task_safety_incident_cases"
    sourcePath: "C:\Users\Manfish\Documents\Codex\2026-09-04\let\work\backend-validation-checkout\backend\database\migrations\20260718_task_safety_incident_cases.sql"
    sha256: "a73437cc7e7f152a195b730f4c1d622ca2461bc682665c26f31760a3d1fa3800"
[20:39:00.580] [32mINFO[39m: [36mRequired engine migration verified[39m
    module: "worker"
    status: "applied"
    migration: "20260718_task_safety_delivery_contract"
    sourcePath: "C:\Users\Manfish\Documents\Codex\2026-09-04\let\work\backend-validation-checkout\backend\database\migrations\20260718_task_safety_delivery_contract.sql"
    sha256: "26c8241b9526f77980121afa98089dcf55162204979c0ee0465b1d7c55416c7d"
[20:39:00.712] [32mINFO[39m: [36mRequired engine migration verified[39m
    module: "worker"
    status: "applied"
    migration: "20260718_task_safety_checkins"
    sourcePath: "C:\Users\Manfish\Documents\Codex\2026-09-04\let\work\backend-validation-checkout\backend\database\migrations\20260718_task_safety_checkins.sql"
    sha256: "f9278e4a9cb7c7345f321712a4204280129d6e31aba31d03a987c31cb40781e5"
[20:39:00.773] [32mINFO[39m: [36mRequired engine migration verified[39m
    module: "worker"
    status: "applied"
    migration: "20260718_task_safety_location_encryption"
    sourcePath: "C:\Users\Manfish\Documents\Codex\2026-09-04\let\work\backend-validation-checkout\backend\database\migrations\20260718_task_safety_location_encryption.sql"
    sha256: "2cd76dff8f126da4bec2d6f58e2c6de5c3c93a3fabd1024536a7c007dce07e46"
[20:39:00.846] [32mINFO[39m: [36mRequired engine migration verified[39m
    module: "worker"
    status: "applied"
    migration: "20260718_zone_category_liquidity_cells"
    sourcePath: "C:\Users\Manfish\Documents\Codex\2026-09-04\let\work\backend-validation-checkout\backend\database\migrations\20260718_zone_category_liquidity_cells.sql"
    sha256: "8c427c29ac142a7543c08768be5823b1dcd6d4630b1a3b5128e2e88afce77a2c"
[20:39:00.953] [32mINFO[39m: [36mRequired engine migration verified[39m
    module: "worker"
    status: "applied"
    migration: "20260718_worker_offer_decision_contract"
    sourcePath: "C:\Users\Manfish\Documents\Codex\2026-09-04\let\work\backend-validation-checkout\backend\database\migrations\20260718_worker_offer_decision_contract.sql"
    sha256: "81defc49577f106e03e682814dd2bc302f7435adfb1711a8801d68ada75d4e02"
[20:39:01.102] [32mINFO[39m: [36mRequired engine migration verified[39m
    module: "worker"
    status: "applied"
    migration: "20260718_worker_screening_rights_contract"
    sourcePath: "C:\Users\Manfish\Documents\Codex\2026-09-04\let\work\backend-validation-checkout\backend\database\migrations\20260718_worker_screening_rights_contract.sql"
    sha256: "3c1d98eb3a8e5f59811dc7a937584bc96b0d37bae87a04f7bac58b41e1a4d20d"
[20:39:01.198] [32mINFO[39m: [36mRequired engine migration verified[39m
    module: "worker"
    status: "applied"
    migration: "20260718_region_policy_contract"
    sourcePath: "C:\Users\Manfish\Documents\Codex\2026-09-04\let\work\backend-validation-checkout\backend\database\migrations\20260718_region_policy_contract.sql"
    sha256: "01c65eb106aa9ad3a9909e08b882f6ba908bf626e0c23a68136c64fe39ec9311"
[20:39:01.237] [32mINFO[39m: [36mRequired engine migration verified[39m
    module: "worker"
    status: "applied"
    migration: "20260718_completion_retention_contract"
    sourcePath: "C:\Users\Manfish\Documents\Codex\2026-09-04\let\work\backend-validation-checkout\backend\database\migrations\20260718_completion_retention_contract.sql"
    sha256: "b55d86d2438505a7e38b330de642ca1711ab14e8f970da9e9eca8d975da38ef0"
[20:39:01.323] [32mINFO[39m: [36mRequired engine migration verified[39m
    module: "worker"
    status: "applied"
    migration: "20260718_task_public_clarifications"
    sourcePath: "C:\Users\Manfish\Documents\Codex\2026-09-04\let\work\backend-validation-checkout\backend\database\migrations\20260718_task_public_clarifications.sql"
    sha256: "5dd2cca338998318447069a4c47fcaaf8a48e2d9bb7004e24576bc76849c9155"
[20:39:01.481] [32mINFO[39m: [36mRequired engine migration verified[39m
    module: "worker"
    status: "applied"
    migration: "20260718_marketplace_reputation_contract"
    sourcePath: "C:\Users\Manfish\Documents\Codex\2026-09-04\let\work\backend-validation-checkout\backend\database\migrations\20260718_marketplace_reputation_contract.sql"
    sha256: "df565bff5dd411e74c6714e3353d22e28af6438b8a2a16c34fb574dd46d50933"
[20:39:01.609] [32mINFO[39m: [36mRequired engine migration verified[39m
    module: "worker"
    status: "applied"
    migration: "20260718_business_workspace_contract"
    sourcePath: "C:\Users\Manfish\Documents\Codex\2026-09-04\let\work\backend-validation-checkout\backend\database\migrations\20260718_business_workspace_contract.sql"
    sha256: "a22965906807502d81f7fc6fb085b1f71ee4cf8171986eb61be292dccc137c45"
[20:39:01.837] [32mINFO[39m: [36mRequired engine migration verified[39m
    module: "worker"
    status: "applied"
    migration: "20260718_business_operations_contract"
    sourcePath: "C:\Users\Manfish\Documents\Codex\2026-09-04\let\work\backend-validation-checkout\backend\database\migrations\20260718_business_operations_contract.sql"
    sha256: "23fdb635e6768e7cfabc299ba4babab7aa37e29d319f124e8cf96e152ff7a0cb"
[20:39:01.977] [32mINFO[39m: [36mRequired engine migration verified[39m
    module: "worker"
    status: "applied"
    migration: "20260718_business_execution_contract"
    sourcePath: "C:\Users\Manfish\Documents\Codex\2026-09-04\let\work\backend-validation-checkout\backend\database\migrations\20260718_business_execution_contract.sql"
    sha256: "b4bad697897f51aa69f4c435d194bcb0730e1c357110c56aeeeccc61ec0c8d2d"
[20:39:02.168] [32mINFO[39m: [36mRequired engine migration verified[39m
    module: "worker"
    status: "applied"
    migration: "20260718_recurring_work_contract"
    sourcePath: "C:\Users\Manfish\Documents\Codex\2026-09-04\let\work\backend-validation-checkout\backend\database\migrations\20260718_recurring_work_contract.sql"
    sha256: "65bbbe96e1af6d909cd9a454c201bf4e62c99e60ec6bddbaa2454a3e3de4ed4b"
[20:39:02.209] [32mINFO[39m: [36mRequired engine migration verified[39m
    module: "worker"
    status: "applied"
    migration: "20260718_business_recurring_contract"
    sourcePath: "C:\Users\Manfish\Documents\Codex\2026-09-04\let\work\backend-validation-checkout\backend\database\migrations\20260718_business_recurring_contract.sql"
    sha256: "e068a0aa68b7baf4a7c13f217536251708913b854119a3da350455230355f5d3"
[20:39:02.303] [32mINFO[39m: [36mRequired engine migration verified[39m
    module: "worker"
    status: "applied"
    migration: "20260719_recommendation_contract"
    sourcePath: "C:\Users\Manfish\Documents\Codex\2026-09-04\let\work\backend-validation-checkout\backend\database\migrations\20260719_recommendation_contract.sql"
    sha256: "3345c3fdce3aef451c89fd8245dff11096dffe1108309e19c1470f2138641ab4"
[20:39:02.399] [32mINFO[39m: [36mRequired engine migration verified[39m
    module: "worker"
    status: "applied"
    migration: "20260719_hustler_wallet_contract"
    sourcePath: "C:\Users\Manfish\Documents\Codex\2026-09-04\let\work\backend-validation-checkout\backend\database\migrations\20260719_hustler_wallet_contract.sql"
    sha256: "153809d4d570a54b27357e2ebff51c3b35fa303e69da29c570816acca89f29ab"
[20:39:02.420] [32mINFO[39m: [36mRequired engine migration verified[39m
    module: "worker"
    status: "applied"
    migration: "20260719_wallet_provider_event_integrity"
    sourcePath: "C:\Users\Manfish\Documents\Codex\2026-09-04\let\work\backend-validation-checkout\backend\database\migrations\20260719_wallet_provider_event_integrity.sql"
    sha256: "1ee57eb0d4c3d157632b8db3fbc8cc232ac1241c1ca76944250ca42e1fdbc8de"
[20:39:02.436] [32mINFO[39m: [36mRequired engine migration verified[39m
    module: "worker"
    status: "applied"
    migration: "20260719_wallet_provider_event_integrity_repair"
    sourcePath: "C:\Users\Manfish\Documents\Codex\2026-09-04\let\work\backend-validation-checkout\backend\database\migrations\20260719_wallet_provider_event_integrity_repair.sql"
    sha256: "96ff51a6414cb261fa2791281c076e4e5b7fafd73cbacc2db939402e4219a6a5"
[20:39:02.725] [32mINFO[39m: [36mRequired engine migration verified[39m
    module: "worker"
    status: "applied"
    migration: "20260719_lifecycle_service_foundations"
    sourcePath: "C:\Users\Manfish\Documents\Codex\2026-09-04\let\work\backend-validation-checkout\backend\database\migrations\20260719_lifecycle_service_foundations.sql"
    sha256: "4c1edaecda49afeae3950afe832074f8903d64aa6f726bbee2a0717f26113596"
[20:39:02.741] [32mINFO[39m: [36mRequired engine migration verified[39m
    module: "worker"
    status: "applied"
    migration: "20260719_task_worker_eligibility_contract"
    sourcePath: "C:\Users\Manfish\Documents\Codex\2026-09-04\let\work\backend-validation-checkout\backend\database\migrations\20260719_task_worker_eligibility_contract.sql"
    sha256: "a1fb5d0387d61fef4b484be82d15153031b14860bcc8b4bbaa690a4ca096a0fb"
[20:39:02.775] [32mINFO[39m: [36mRequired engine migration verified[39m
    module: "worker"
    status: "applied"
    migration: "20260719_append_only_truncate_contract"
    sourcePath: "C:\Users\Manfish\Documents\Codex\2026-09-04\let\work\backend-validation-checkout\backend\database\migrations\20260719_append_only_truncate_contract.sql"
    sha256: "1b105f37e52b19435aacc7b04b2496bbef7f5cd0b0b1681487342e2e411544b4"
[20:39:02.807] [32mINFO[39m: [36mRequired engine migration verified[39m
    module: "worker"
    status: "applied"
    migration: "20260719_admin_user_search_trigram_contract"
    sourcePath: "C:\Users\Manfish\Documents\Codex\2026-09-04\let\work\backend-validation-checkout\backend\database\migrations\20260719_admin_user_search_trigram_contract.sql"
    sha256: "89a20a0c588af79ae8c0cd8e06949f4a542928b826adafa822d5a02b20694090"
[20:39:02.836] [32mINFO[39m: [36mRequired engine migration verified[39m
    module: "worker"
    status: "applied"
    migration: "20260719_admin_capability_contract"
    sourcePath: "C:\Users\Manfish\Documents\Codex\2026-09-04\let\work\backend-validation-checkout\backend\database\migrations\20260719_admin_capability_contract.sql"
    sha256: "cacc11cfe40b498767acbbaa736f2462e21a758018bcda1a667430a3c441c0f4"
[20:39:02.854] [32mINFO[39m: [36mRequired engine migration verified[39m
    module: "worker"
    status: "applied"
    migration: "20260719_tier0_browse_only_contract"
    sourcePath: "C:\Users\Manfish\Documents\Codex\2026-09-04\let\work\backend-validation-checkout\backend\database\migrations\20260719_tier0_browse_only_contract.sql"
    sha256: "336d976adfc3ce6e892b16c67a08bbc692165d2373084c3e51ab3e0a3db7a9d5"
[20:39:02.874] [32mINFO[39m: [36mRequired engine migration verified[39m
    module: "worker"
    status: "applied"
    migration: "20260719_task_template_policy_contract"
    sourcePath: "C:\Users\Manfish\Documents\Codex\2026-09-04\let\work\backend-validation-checkout\backend\database\migrations\20260719_task_template_policy_contract.sql"
    sha256: "1b4e180c34fce08ea00076e1f02f9c57d698c532db1eff84d9973e68c189ff8f"
[20:39:02.920] [32mINFO[39m: [36mRequired engine migration verified[39m
    module: "worker"
    status: "applied"
    migration: "20260719_compliance_guardian_persistence_contract"
    sourcePath: "C:\Users\Manfish\Documents\Codex\2026-09-04\let\work\backend-validation-checkout\backend\database\migrations\20260719_compliance_guardian_persistence_contract.sql"
    sha256: "ad0d747354fd6040df2669ffc0fbe485526240aca38887e27a069f49ab67767c"
[20:39:02.935] [32mINFO[39m: [36mRequired engine migration verified[39m
    module: "worker"
    status: "applied"
    migration: "20260719_worker_offer_retake_contract"
    sourcePath: "C:\Users\Manfish\Documents\Codex\2026-09-04\let\work\backend-validation-checkout\backend\database\migrations\20260719_worker_offer_retake_contract.sql"
    sha256: "0e5c8b6dde2fe27aecb7eed4ea1c329a4872cee9cc54c7a42505e431e5df0301"
[20:39:02.997] [32mINFO[39m: [36mRequired engine migration verified[39m
    module: "worker"
    status: "applied"
    migration: "20260719_liquidity_expansion_contract"
    sourcePath: "C:\Users\Manfish\Documents\Codex\2026-09-04\let\work\backend-validation-checkout\backend\database\migrations\20260719_liquidity_expansion_contract.sql"
    sha256: "6ba06780137ac5142e4560d465300cdb21105c690cfb320a588b35b37f69d795"
[20:39:03.017] [32mINFO[39m: [36mRequired engine migration verified[39m
    module: "worker"
    status: "applied"
    migration: "20260719_liquidity_expansion_fk_repair"
    sourcePath: "C:\Users\Manfish\Documents\Codex\2026-09-04\let\work\backend-validation-checkout\backend\database\migrations\20260719_liquidity_expansion_fk_repair.sql"
    sha256: "3ab131b4dbc128a99cd9eb7512888282df572f0ca61519d0453ebaa8be686c17"
[20:39:03.129] [32mINFO[39m: [36mRequired engine migration verified[39m
    module: "worker"
    status: "applied"
    migration: "20260719_worker_counter_offer_contract"
    sourcePath: "C:\Users\Manfish\Documents\Codex\2026-09-04\let\work\backend-validation-checkout\backend\database\migrations\20260719_worker_counter_offer_contract.sql"
    sha256: "1c6376dc07f95465f0925134f9d30990ed0da52c869cb9e039f3865508f85696"
[20:39:03.148] [32mINFO[39m: [36mRequired engine migration verified[39m
    module: "worker"
    status: "applied"
    migration: "20260719_worker_counter_offer_exclusivity"
    sourcePath: "C:\Users\Manfish\Documents\Codex\2026-09-04\let\work\backend-validation-checkout\backend\database\migrations\20260719_worker_counter_offer_exclusivity.sql"
    sha256: "5f72eb8f7bacc3c45c3dfba2527f7ccd5571ea6db0bcb4dd119a32ed0436e78f"
[20:39:03.292] [32mINFO[39m: [36mRequired engine migration verified[39m
    module: "worker"
    status: "applied"
    migration: "20260719_external_task_bridge_contract"
    sourcePath: "C:\Users\Manfish\Documents\Codex\2026-09-04\let\work\backend-validation-checkout\backend\database\migrations\20260719_external_task_bridge_contract.sql"
    sha256: "33080f06754d9ed04bf6624ac0dbf5c7817c8324af9be25ecb01ebf50ecffb69"
[20:39:03.354] [32mINFO[39m: [36mRequired engine migration verified[39m
    module: "worker"
    status: "applied"
    migration: "20260720_task_geofence_event_contract"
    sourcePath: "C:\Users\Manfish\Documents\Codex\2026-09-04\let\work\backend-validation-checkout\backend\database\migrations\20260720_task_geofence_event_contract.sql"
    sha256: "c2a31559936f1d1db684a27f3cca8554fe3b6986830ff6795e547c17409e24af"
[20:39:03.510] [32mINFO[39m: [36mRequired engine migration verified[39m
    module: "worker"
    status: "applied"
    migration: "20260720_major_action_telemetry_contract"
    sourcePath: "C:\Users\Manfish\Documents\Codex\2026-09-04\let\work\backend-validation-checkout\backend\database\migrations\20260720_major_action_telemetry_contract.sql"
    sha256: "0939eb301dba2a9b8e50c759fd794c19cfd19b7ac8c761449dccc5d346a5fd07"
[20:39:03.526] [32mINFO[39m: [36mRequired engine migration verified[39m
    module: "worker"
    status: "applied"
    migration: "20260720_major_action_telemetry_contract_repair"
    sourcePath: "C:\Users\Manfish\Documents\Codex\2026-09-04\let\work\backend-validation-checkout\backend\database\migrations\20260720_major_action_telemetry_contract_repair.sql"
    sha256: "7aebc9a96ca0eb516d6eaabff5c8ea44a1c99ef452328abfdc31e423fcb50960"
[20:39:03.541] [32mINFO[39m: [36mRequired engine migration verified[39m
    module: "worker"
    status: "applied"
    migration: "20260720_major_action_source_registry_repair"
    sourcePath: "C:\Users\Manfish\Documents\Codex\2026-09-04\let\work\backend-validation-checkout\backend\database\migrations\20260720_major_action_source_registry_repair.sql"
    sha256: "dd0641389a561a02ee7bc211494baeecad4a584f4ae878e367d7bd6ec41ef99d"
[20:39:03.633] [32mINFO[39m: [36mRequired engine migration verified[39m
    module: "worker"
    status: "applied"
    migration: "20260720_offline_action_sync_contract"
    sourcePath: "C:\Users\Manfish\Documents\Codex\2026-09-04\let\work\backend-validation-checkout\backend\database\migrations\20260720_offline_action_sync_contract.sql"
    sha256: "a24c7a3a1fc6d248e7ed84850c282b1d70e136470a5814e5cf73d354fb71a225"
[20:39:03.652] [32mINFO[39m: [36mRequired engine migration verified[39m
    module: "worker"
    status: "applied"
    migration: "20260720_offline_action_sync_contract_repair"
    sourcePath: "C:\Users\Manfish\Documents\Codex\2026-09-04\let\work\backend-validation-checkout\backend\database\migrations\20260720_offline_action_sync_contract_repair.sql"
    sha256: "dd3ebeb8b7660ce2a7e7dc0c90c75b8c44368ed464dd80d5a48db74c608fe2ad"
[20:39:03.683] [32mINFO[39m: [36mRequired engine migration verified[39m
    module: "worker"
    status: "applied"
    migration: "20260720_proof_verification_signal_contract"
    sourcePath: "C:\Users\Manfish\Documents\Codex\2026-09-04\let\work\backend-validation-checkout\backend\database\migrations\20260720_proof_verification_signal_contract.sql"
    sha256: "7956522e446ae42141b204c0f32d6cc1843c8deb54d474f5bc3d5687577e18fb"
[20:39:03.700] [32mINFO[39m: [36mRequired engine migration verified[39m
    module: "worker"
    status: "applied"
    migration: "20260720_proof_media_metadata_minimization"
    sourcePath: "C:\Users\Manfish\Documents\Codex\2026-09-04\let\work\backend-validation-checkout\backend\database\migrations\20260720_proof_media_metadata_minimization.sql"
    sha256: "d8b3f516a303744ab8bfe467d528f552f0c444466d64ab1e881d6ae5f422e396"
[20:39:03.777] [32mINFO[39m: [36mRequired engine migration verified[39m
    module: "worker"
    status: "applied"
    migration: "20260720_media_upload_finalization_contract"
    sourcePath: "C:\Users\Manfish\Documents\Codex\2026-09-04\let\work\backend-validation-checkout\backend\database\migrations\20260720_media_upload_finalization_contract.sql"
    sha256: "c7cb31234baeb3ec101b44a73df6fd93198d3c442ceaa0713188e912bae10715"
[20:39:03.847] [32mINFO[39m: [36mRequired engine migration verified[39m
    module: "worker"
    status: "applied"
    migration: "20260720_private_media_delivery_contract"
    sourcePath: "C:\Users\Manfish\Documents\Codex\2026-09-04\let\work\backend-validation-checkout\backend\database\migrations\20260720_private_media_delivery_contract.sql"
    sha256: "dab4cace45c99879d1a6f3e978198fe8ec4e1840607319522b8addfc20cda608"
[20:39:04.002] [32mINFO[39m: [36mRequired engine migration verified[39m
    module: "worker"
    status: "applied"
    migration: "20260720_worker_standing_appeals"
    sourcePath: "C:\Users\Manfish\Documents\Codex\2026-09-04\let\work\backend-validation-checkout\backend\database\migrations\20260720_worker_standing_appeals.sql"
    sha256: "02e2a7c9d91a10b780ea1c01444a57c257faecb7c1ec2f129c82ae8fb4004608"
[20:39:04.041] [32mINFO[39m: [36mRequired engine migration verified[39m
    module: "worker"
    status: "applied"
    migration: "20260720_offline_action_reconciliation"
    sourcePath: "C:\Users\Manfish\Documents\Codex\2026-09-04\let\work\backend-validation-checkout\backend\database\migrations\20260720_offline_action_reconciliation.sql"
    sha256: "12e245da2e45ce917516fdd4dfd2610348eb5c0420c1490987e378ad5f485f94"
[20:39:04.054] [32mINFO[39m: [36mRequired engine migration verified[39m
    module: "worker"
    status: "applied"
    migration: "20260720_dispute_release_authority_contract"
    sourcePath: "C:\Users\Manfish\Documents\Codex\2026-09-04\let\work\backend-validation-checkout\backend\database\migrations\20260720_dispute_release_authority_contract.sql"
    sha256: "0b7cadab9f4c40170d31c5e21921adb42b36935e6f3df81a87991fda9c0029fd"
[20:39:04.108] [32mINFO[39m: [36mRequired engine migration verified[39m
    module: "worker"
    status: "applied"
    migration: "20260720_notification_delivery_contract"
    sourcePath: "C:\Users\Manfish\Documents\Codex\2026-09-04\let\work\backend-validation-checkout\backend\database\migrations\20260720_notification_delivery_contract.sql"
    sha256: "a2264390a09a6ae20ce0011683ab870c631feebfde87ed80a872e986a575bb0b"
[20:39:04.123] [32mINFO[39m: [36mRequired engine migration verified[39m
    module: "worker"
    status: "applied"
    migration: "20260720_notification_delivery_contract_repair"
    sourcePath: "C:\Users\Manfish\Documents\Codex\2026-09-04\let\work\backend-validation-checkout\backend\database\migrations\20260720_notification_delivery_contract_repair.sql"
    sha256: "e0aaa1a3cb653917924183fcf67291b33a2dbf38579eb01b17122e649c71c40f"
[20:39:04.145] [32mINFO[39m: [36mRequired engine migration verified[39m
    module: "worker"
    status: "applied"
    migration: "20260720_notification_focus_suppression"
    sourcePath: "C:\Users\Manfish\Documents\Codex\2026-09-04\let\work\backend-validation-checkout\backend\database\migrations\20260720_notification_focus_suppression.sql"
    sha256: "e320ed83af84fd2c3781a1229db74126778b7c2d8eeb41dbddc432c634faba05"
[20:39:04.161] [32mINFO[39m: [36mRequired engine migration verified[39m
    module: "worker"
    status: "applied"
    migration: "20260720_schema_convergence_repair"
    sourcePath: "C:\Users\Manfish\Documents\Codex\2026-09-04\let\work\backend-validation-checkout\backend\database\migrations\20260720_schema_convergence_repair.sql"
    sha256: "5151894b324679c19cc7a70179aec8f0248a3c66c5325b97d8bdcf618f684da2"
[20:39:04.225] [32mINFO[39m: [36mRequired engine migration verified[39m
    module: "worker"
    status: "applied"
    migration: "20260720_local_certification_payment_provider"
    sourcePath: "C:\Users\Manfish\Documents\Codex\2026-09-04\let\work\backend-validation-checkout\backend\database\migrations\20260720_local_certification_payment_provider.sql"
    sha256: "413a1183e48dd0c3aa8131390481e7acfb17229727445023dfe659b20c123392"
[20:39:04.257] [32mINFO[39m: [36mRequired engine migration verified[39m
    module: "worker"
    status: "applied"
    migration: "20260720_region_policy_price_book_alignment"
    sourcePath: "C:\Users\Manfish\Documents\Codex\2026-09-04\let\work\backend-validation-checkout\backend\database\migrations\20260720_region_policy_price_book_alignment.sql"
    sha256: "614ac15399457b310f60e4bf637ee1d394a0da97e9cbcd9d6a8367a219af68e0"
[20:39:04.386] [32mINFO[39m: [36mRequired engine migration verified[39m
    module: "worker"
    status: "applied"
    migration: "20260720_local_certification_payout_provider"
    sourcePath: "C:\Users\Manfish\Documents\Codex\2026-09-04\let\work\backend-validation-checkout\backend\database\migrations\20260720_local_certification_payout_provider.sql"
    sha256: "1435947ebbdfa50dec2d0d812fe8d332287be1f0a6b7fd1c50cd96a5bfa9e097"
[20:39:04.482] [32mINFO[39m: [36mRequired engine migration verified[39m
    module: "worker"
    status: "applied"
    migration: "20260720_local_certification_screening_provider"
    sourcePath: "C:\Users\Manfish\Documents\Codex\2026-09-04\let\work\backend-validation-checkout\backend\database\migrations\20260720_local_certification_screening_provider.sql"
    sha256: "626ff1f60a8f8f6b6acd2a9aba621409bd3eab3142004361a89ae77a5c26f1cc"
[20:39:04.564] [32mINFO[39m: [36mRequired engine migration verified[39m
    module: "worker"
    status: "applied"
    migration: "20260720_controlled_test_liquidity_cell"
    sourcePath: "C:\Users\Manfish\Documents\Codex\2026-09-04\let\work\backend-validation-checkout\backend\database\migrations\20260720_controlled_test_liquidity_cell.sql"
    sha256: "1826b8b06b3b0de634f2420a40a00bcce2ce2a370d2349192b5dd6a7e981493d"
[20:39:04.582] [32mINFO[39m: [36mRequired engine migration verified[39m
    module: "worker"
    status: "applied"
    migration: "20260720_controlled_test_liquidity_marker_repair"
    sourcePath: "C:\Users\Manfish\Documents\Codex\2026-09-04\let\work\backend-validation-checkout\backend\database\migrations\20260720_controlled_test_liquidity_marker_repair.sql"
    sha256: "e9d3e3dbd829fdf0dad577701b22070218577a8bc9f6b70e8e0ec207eb06af28"
[20:39:04.601] [32mINFO[39m: [36mRequired engine migration verified[39m
    module: "worker"
    status: "applied"
    migration: "20260720_controlled_test_liquidity_lifecycle_repair"
    sourcePath: "C:\Users\Manfish\Documents\Codex\2026-09-04\let\work\backend-validation-checkout\backend\database\migrations\20260720_controlled_test_liquidity_lifecycle_repair.sql"
    sha256: "f921c0c7a374e4a7f4bd0b0a81af34667c52f1264d3f3c0ad57b017e0583e0cc"
[20:39:04.653] [32mINFO[39m: [36mRequired engine migration verified[39m
    module: "worker"
    status: "applied"
    migration: "20260720_controlled_test_duration_evidence"
    sourcePath: "C:\Users\Manfish\Documents\Codex\2026-09-04\let\work\backend-validation-checkout\backend\database\migrations\20260720_controlled_test_duration_evidence.sql"
    sha256: "9b2b0630d0fa0e24552547940c5ee1097e6b7a32cb5b90f5cc5426a25606ae77"
[20:39:04.714] [32mINFO[39m: [36mRequired engine migration verified[39m
    module: "worker"
    status: "applied"
    migration: "20260720_controlled_test_provider_capability"
    sourcePath: "C:\Users\Manfish\Documents\Codex\2026-09-04\let\work\backend-validation-checkout\backend\database\migrations\20260720_controlled_test_provider_capability.sql"
    sha256: "079baedf700badc9c00e1e91f83f96d409bee7f713c9e7d349767a92c112fcc1"
[20:39:04.733] [32mINFO[39m: [36mRequired engine migration verified[39m
    module: "worker"
    status: "applied"
    migration: "20260720_controlled_test_provider_capability_expiry"
    sourcePath: "C:\Users\Manfish\Documents\Codex\2026-09-04\let\work\backend-validation-checkout\backend\database\migrations\20260720_controlled_test_provider_capability_expiry.sql"
    sha256: "770a9973510b499f6e9c1b3428f5ba8dccbbca45c6aef62e463372dcdd2640a5"
[20:39:04.752] [32mINFO[39m: [36mRequired engine migration verified[39m
    module: "worker"
    status: "applied"
    migration: "20260720_controlled_test_provider_capability_refresh"
    sourcePath: "C:\Users\Manfish\Documents\Codex\2026-09-04\let\work\backend-validation-checkout\backend\database\migrations\20260720_controlled_test_provider_capability_refresh.sql"
    sha256: "fce9cbe6df1865581bc414ee1d102afe140899a4b3d0f35697c894edfb375011"
[20:39:04.770] [32mINFO[39m: [36mRequired engine migration verified[39m
    module: "worker"
    status: "applied"
    migration: "20260720_controlled_test_provider_capability_refresh_repair"
    sourcePath: "C:\Users\Manfish\Documents\Codex\2026-09-04\let\work\backend-validation-checkout\backend\database\migrations\20260720_controlled_test_provider_capability_refresh_repair.sql"
    sha256: "fa0600c70a92f0c25112bded13e6e45c5402bfca9aaea45540c08a9a83edcb9d"
[20:39:04.830] [32mINFO[39m: [36mRequired engine migration verified[39m
    module: "worker"
    status: "applied"
    migration: "20260720_controlled_test_offer_review"
    sourcePath: "C:\Users\Manfish\Documents\Codex\2026-09-04\let\work\backend-validation-checkout\backend\database\migrations\20260720_controlled_test_offer_review.sql"
    sha256: "29f42e272b46974910354ed0c32db10744ab771aae92bc83b5c70b84aba9d6e1"
[20:39:04.856] [32mINFO[39m: [36mRequired engine migration verified[39m
    module: "worker"
    status: "applied"
    migration: "20260720_task_safety_state_integrity"
    sourcePath: "C:\Users\Manfish\Documents\Codex\2026-09-04\let\work\backend-validation-checkout\backend\database\migrations\20260720_task_safety_state_integrity.sql"
    sha256: "b0548ea104c938f55f383f777b298427f863792cc440829453fdf9915c33f657"
[20:39:04.873] [32mINFO[39m: [36mRequired engine migration verified[39m
    module: "worker"
    status: "applied"
    migration: "20260720_task_safety_resolution_integrity"
    sourcePath: "C:\Users\Manfish\Documents\Codex\2026-09-04\let\work\backend-validation-checkout\backend\database\migrations\20260720_task_safety_resolution_integrity.sql"
    sha256: "c3f420fa5880355f5fecd84b9b9df5945991cd46d2cb5a4bcca41b2aa024fd62"
[20:39:04.918] [32mINFO[39m: [36mRequired engine migration verified[39m
    module: "worker"
    status: "applied"
    migration: "20260720_task_safety_case_access_integrity"
    sourcePath: "C:\Users\Manfish\Documents\Codex\2026-09-04\let\work\backend-validation-checkout\backend\database\migrations\20260720_task_safety_case_access_integrity.sql"
    sha256: "82d88d339eb6f89e4daae78669c1cd3b8cfad00e3c9865611e02381c744a4778"
[20:39:05.084] [32mINFO[39m: [36mRequired engine migration verified[39m
    module: "worker"
    status: "applied"
    migration: "20260720_operations_exception_contract"
    sourcePath: "C:\Users\Manfish\Documents\Codex\2026-09-04\let\work\backend-validation-checkout\backend\database\migrations\20260720_operations_exception_contract.sql"
    sha256: "f912b02c0d804e06cdabcef8fde8ec3345806c8463ef321211dbe11e9ae021e9"
[20:39:05.104] [32mINFO[39m: [36mRequired engine migration verified[39m
    module: "worker"
    status: "applied"
    migration: "20260721_hustler_trust_progression_contract"
    sourcePath: "C:\Users\Manfish\Documents\Codex\2026-09-04\let\work\backend-validation-checkout\backend\database\migrations\20260721_hustler_trust_progression_contract.sql"
    sha256: "efb7fc4b8f41df8d90f4b63183d3bdb244a41c03b5a73ae673edcab85575b43b"
[20:39:05.148] [32mINFO[39m: [36mRequired engine migration verified[39m
    module: "worker"
    status: "applied"
    migration: "20260721_task_quote_shortlist_messaging_contract"
    sourcePath: "C:\Users\Manfish\Documents\Codex\2026-09-04\let\work\backend-validation-checkout\backend\database\migrations\20260721_task_quote_shortlist_messaging_contract.sql"
    sha256: "33d43cc99215f79b7658d51d781f3923c481fcb6e2b7b7c36aa6d53f26283dd0"
[20:39:05.186] [32mINFO[39m: [36mRequired engine migration verified[39m
    module: "worker"
    status: "applied"
    migration: "20260721_unit_economics_guardrails"
    sourcePath: "C:\Users\Manfish\Documents\Codex\2026-09-04\let\work\backend-validation-checkout\backend\database\migrations\20260721_unit_economics_guardrails.sql"
    sha256: "f0139e1a336cb37bd3a0a92c64d1aabad7adc2cf11527034b50bf5e3007ea720"
[20:39:05.283] [32mINFO[39m: [36mRequired engine migration verified[39m
    module: "worker"
    status: "applied"
    migration: "20260721_build_now_spend_promotion_guardrails"
    sourcePath: "C:\Users\Manfish\Documents\Codex\2026-09-04\let\work\backend-validation-checkout\backend\database\migrations\20260721_build_now_spend_promotion_guardrails.sql"
    sha256: "eff21cecd9f2d714168e989e9bb712ac7b30286f8b0de724f4ca7a7cef8a661d"
[20:39:05.395] [32mINFO[39m: [36mRequired engine migration verified[39m
    module: "worker"
    status: "applied"
    migration: "20260721_private_identity_verification_contract"
    sourcePath: "C:\Users\Manfish\Documents\Codex\2026-09-04\let\work\backend-validation-checkout\backend\database\migrations\20260721_private_identity_verification_contract.sql"
    sha256: "90828c3109521c3f46333876e71c3e0b2e2feee2aab5820b34a7e3731f160117"
[20:39:05.422] [32mINFO[39m: [36mRequired engine migration verified[39m
    module: "worker"
    status: "applied"
    migration: "20260721_sensitive_media_ingestion_shutdown"
    sourcePath: "C:\Users\Manfish\Documents\Codex\2026-09-04\let\work\backend-validation-checkout\backend\database\migrations\20260721_sensitive_media_ingestion_shutdown.sql"
    sha256: "c83366b0b5f4c8ccca98ee5a31d95febaa0107f75e0e0ce60cb2d735c503fc20"
[20:39:05.552] [32mINFO[39m: [36mRequired engine migration verified[39m
    module: "worker"
    status: "applied"
    migration: "20260721_ai_observability_contract"
    sourcePath: "C:\Users\Manfish\Documents\Codex\2026-09-04\let\work\backend-validation-checkout\backend\database\migrations\20260721_ai_observability_contract.sql"
    sha256: "9ec88bb073608316014ed3529ca5632fdbb39394b265e9d2d4163303601ab3e0"
[20:39:05.568] [32mINFO[39m: [36mRequired engine migration verified[39m
    module: "worker"
    status: "applied"
    migration: "20260721_controlled_test_retake_acceptance_repair"
    sourcePath: "C:\Users\Manfish\Documents\Codex\2026-09-04\let\work\backend-validation-checkout\backend\database\migrations\20260721_controlled_test_retake_acceptance_repair.sql"
    sha256: "a1b2a9eb450a0ac4add500620bbcb6738d708603e794a86fcb8ce311adec8fe5"
[20:39:05.585] [32mINFO[39m: [36mRequired engine migration verified[39m
    module: "worker"
    status: "applied"
    migration: "20260721_controlled_test_retake_liquidity_repair"
    sourcePath: "C:\Users\Manfish\Documents\Codex\2026-09-04\let\work\backend-validation-checkout\backend\database\migrations\20260721_controlled_test_retake_liquidity_repair.sql"
    sha256: "edc5ca1a19dbb27ed4ae60efcdfedf2d91a09a86cb2bc0f5cee94bb39837f490"
[20:39:05.603] [32mINFO[39m: [36mRequired engine migration verified[39m
    module: "worker"
    status: "applied"
    migration: "20260721_controlled_test_retake_guard_convergence"
    sourcePath: "C:\Users\Manfish\Documents\Codex\2026-09-04\let\work\backend-validation-checkout\backend\database\migrations\20260721_controlled_test_retake_guard_convergence.sql"
    sha256: "6a2b108d6fe844e4a0235162f25066427eebb1952dbe41e29e7b483c267472b1"
[20:39:05.627] [32mINFO[39m: [36mRequired engine migration verified[39m
    module: "worker"
    status: "applied"
    migration: "20260721_same_worker_retake_assignment_guard_repair"
    sourcePath: "C:\Users\Manfish\Documents\Codex\2026-09-04\let\work\backend-validation-checkout\backend\database\migrations\20260721_same_worker_retake_assignment_guard_repair.sql"
    sha256: "c3500b95949b80004262a9c638f2eca8ef19ad5b446d430aecbe83bc628c7863"
[20:39:05.669] [32mINFO[39m: [36mRequired engine migration verified[39m
    module: "worker"
    status: "applied"
    migration: "20260722_region_policy_legal_approval_activation"
    sourcePath: "C:\Users\Manfish\Documents\Codex\2026-09-04\let\work\backend-validation-checkout\backend\database\migrations\20260722_region_policy_legal_approval_activation.sql"
    sha256: "2be054f21aa0168aad360dd755d52fd5b028a8106129206f47ccfbbc7f081e02"
[20:39:05.698] [32mINFO[39m: [36mRequired engine migration verified[39m
    module: "worker"
    status: "applied"
    migration: "20260722_recurring_payment_dispatch_gate"
    sourcePath: "C:\Users\Manfish\Documents\Codex\2026-09-04\let\work\backend-validation-checkout\backend\database\migrations\20260722_recurring_payment_dispatch_gate.sql"
    sha256: "47c04b2e55a275220c6c1a01fa283628e43fcea869096acd13db8bb59b659c8e"
[20:39:05.934] [32mINFO[39m: [36mRequired engine migration verified[39m
    module: "worker"
    status: "applied"
    migration: "20260722_service_business_assignment_contract"
    sourcePath: "C:\Users\Manfish\Documents\Codex\2026-09-04\let\work\backend-validation-checkout\backend\database\migrations\20260722_service_business_assignment_contract.sql"
    sha256: "258e56009e35228a4e2ad294d879143f4985bdbae7853d1c3c2c9fcda61777af"
[20:39:06.156] [32mINFO[39m: [36mRequired engine migration verified[39m
    module: "worker"
    status: "applied"
    migration: "010_web_platform_tables"
    sourcePath: "C:\Users\Manfish\Documents\Codex\2026-09-04\let\work\backend-validation-checkout\backend\database\migrations\010_web_platform_tables.sql"
    sha256: "8ddd4b374bf8d5c7635214c5d26a84d2e6d81cab10aa8a7049d7b3da1da8b5e2"
[20:39:06.202] [32mINFO[39m: [36mRequired engine migration verified[39m
    module: "worker"
    status: "applied"
    migration: "20260814_quote_price_book"
    sourcePath: "C:\Users\Manfish\Documents\Codex\2026-09-04\let\work\backend-validation-checkout\backend\database\migrations\20260814_quote_price_book.sql"
    sha256: "4d49f31e83b6ba5352ee1c16da45e2b7ce8f84a4d5d9ee0b50bee57e2cafed69"
[20:39:06.255] [32mINFO[39m: [36mRequired engine migration verified[39m
    module: "worker"
    status: "applied"
    migration: "20260814_price_book_quote_decisions"
    sourcePath: "C:\Users\Manfish\Documents\Codex\2026-09-04\let\work\backend-validation-checkout\backend\database\migrations\20260814_price_book_quote_decisions.sql"
    sha256: "77d1a1e17e300f83c1dc7e6f5e57e3ecef617a69066f1806d9d44aea3cf6a4f1"
[20:39:06.351] [32mINFO[39m: [36mRequired engine migration verified[39m
    module: "worker"
    status: "applied"
    migration: "20260814_task_supply_confidence"
    sourcePath: "C:\Users\Manfish\Documents\Codex\2026-09-04\let\work\backend-validation-checkout\backend\database\migrations\20260814_task_supply_confidence.sql"
    sha256: "5c64425fef6a52b4abb7e00f42f2c7322be9d777b58c1efbb1d8f5bd71815e9e"
[20:39:06.379] [32mINFO[39m: [36mRequired engine migration verified[39m
    module: "worker"
    status: "applied"
    migration: "20260815_quote_columns_extra_v4"
    sourcePath: "C:\Users\Manfish\Documents\Codex\2026-09-04\let\work\backend-validation-checkout\backend\database\migrations\20260815_quote_columns_extra_v4.sql"
    sha256: "2c45fbed303842c44ee20d24df090e54de05519d9e7ff5e8f74d4283763be7ee"
[20:39:06.429] [32mINFO[39m: [36mRequired engine migration verified[39m
    module: "worker"
    status: "applied"
    migration: "20260819_quote_payments"
    sourcePath: "C:\Users\Manfish\Documents\Codex\2026-09-04\let\work\backend-validation-checkout\backend\database\migrations\20260819_quote_payments.sql"
    sha256: "bcd90a6905e374568042b589c5c85931f93ea3c9a92fc28afbd0693bcc0e4286"
[20:39:06.436] [32mINFO[39m: [36mLegacy exact-location encryption backfill verified[39m
    module: "worker"
    backfilledLocationCount: 0
[20:39:06.931] [32mINFO[39m: [36mRequired engine migration verified[39m
    module: "worker"
    status: "applied"
    migration: "20260823_quote_payment_recovery"
    sourcePath: "C:\Users\Manfish\Documents\Codex\2026-09-04\let\work\backend-validation-checkout\backend\database\migrations\20260823_quote_payment_recovery.sql"
    sha256: "b0d75f09f523fdf1a11ffd5cea7a1c4cd78d431e7e55cb5723f6ce6f243eebc8"
[20:39:07.483] [32mINFO[39m: [36mRequired engine migration verified[39m
    module: "worker"
    status: "applied"
    migration: "20260827_universal_v1_lifecycle_contract"
    sourcePath: "C:\Users\Manfish\Documents\Codex\2026-09-04\let\work\backend-validation-checkout\backend\database\migrations\20260827_universal_v1_lifecycle_contract.sql"
    sha256: "43224cc43d132d1dfa517f5150f28457fc27fda3fb85641d5c836f40406cf513"
[20:39:07.580] [32mINFO[39m: [36mRequired engine migration verified[39m
    module: "worker"
    status: "applied"
    migration: "20260828_operator_authority_contract"
    sourcePath: "C:\Users\Manfish\Documents\Codex\2026-09-04\let\work\backend-validation-checkout\backend\database\migrations\20260828_operator_authority_contract.sql"
    sha256: "6e813f7266e057aeaa840b6924abb8ec1a763ed352c567b0b601aeac0d69d908"
[20:39:07.607] [32mINFO[39m: [36mRequired engine migration verified[39m
    module: "worker"
    status: "applied"
    migration: "20260829_task_matching_state_contract"
    sourcePath: "C:\Users\Manfish\Documents\Codex\2026-09-04\let\work\backend-validation-checkout\backend\database\migrations\20260829_task_matching_state_contract.sql"
    sha256: "07c9ad6227bb5e6dcb2bc1f2c048032a6e32df8cb0ff2087e6fc9248fdfe08c8"
[20:39:07.624] [32mINFO[39m: [36mRequired engine migration verified[39m
    module: "worker"
    status: "applied"
    migration: "20260830_ai_agent_judge_audit_convergence"
    sourcePath: "C:\Users\Manfish\Documents\Codex\2026-09-04\let\work\backend-validation-checkout\backend\database\migrations\20260830_ai_agent_judge_audit_convergence.sql"
    sha256: "47346ca99af25235a6dfdca3a05c6a2734d8bd190f06d02e6fadbd21c13fc705"
[20:39:07.644] [32mINFO[39m: [36mRequired engine migration verified[39m
    module: "worker"
    status: "applied"
    migration: "20260831_provider_neutral_outbound_communication"
    sourcePath: "C:\Users\Manfish\Documents\Codex\2026-09-04\let\work\backend-validation-checkout\backend\database\migrations\20260831_provider_neutral_outbound_communication.sql"
    sha256: "7163e1269dabe9229c15c2515e417349bb57d8d6f4d30653dc18e195b31ef232"
[20:39:07.660] [32mINFO[39m: [36mRequired engine migration verified[39m
    module: "worker"
    status: "applied"
    migration: "20260901_universal_v1_lead_ingress_port"
    sourcePath: "C:\Users\Manfish\Documents\Codex\2026-09-04\let\work\backend-validation-checkout\backend\database\migrations\20260901_universal_v1_lead_ingress_port.sql"
    sha256: "3640d1f62dd029db0bdd23a1cad7c9456b0c65c4a0c0b17c89781a9a32684dea"
[20:39:07.778] [32mINFO[39m: [36mRequired engine migration verified[39m
    module: "worker"
    status: "applied"
    migration: "20260902_universal_v1_task_draft_public_port"
    sourcePath: "C:\Users\Manfish\Documents\Codex\2026-09-04\let\work\backend-validation-checkout\backend\database\migrations\20260902_universal_v1_task_draft_public_port.sql"
    sha256: "dbf11f4ef967c17ac32fe3d4cb5710671fa4092649650d54d5f071b1aa85582e"
[20:39:07.858] [32mINFO[39m: [36mRequired engine migration verified[39m
    module: "worker"
    status: "applied"
    migration: "20260903_universal_v1_task_draft_account_claim"
    sourcePath: "C:\Users\Manfish\Documents\Codex\2026-09-04\let\work\backend-validation-checkout\backend\database\migrations\20260903_universal_v1_task_draft_account_claim.sql"
    sha256: "d2141ef2d979c69af21653750ff4dc9e94085c53072b87324fafb6cfb114f614"
[20:39:07.886] [32mINFO[39m: [36mRequired engine migration verified[39m
    module: "worker"
    status: "applied"
    migration: "20260904_canonical_user_email_identity"
    sourcePath: "C:\Users\Manfish\Documents\Codex\2026-09-04\let\work\backend-validation-checkout\backend\database\migrations\20260904_canonical_user_email_identity.sql"
    sha256: "3efc1ed89a01b95037837fb075015d027b0f0e72047fa013839299378c5dcf57"
[20:39:07.903] [32mINFO[39m: [36mRequired engine migration verified[39m
    module: "worker"
    status: "applied"
    migration: "20260905_universal_v1_task_draft_legacy_claim_import_repair"
    sourcePath: "C:\Users\Manfish\Documents\Codex\2026-09-04\let\work\backend-validation-checkout\backend\database\migrations\20260905_universal_v1_task_draft_legacy_claim_import_repair.sql"
    sha256: "67990edf9f231d953e519eacf796aa0fcada492f8fe8ce4b7f7889560a07e827"
[20:39:07.989] [32mINFO[39m: [36mRequired engine migration verified[39m
    module: "worker"
    status: "applied"
    migration: "20260906_universal_v1_estimate_acceptance_materialization"
    sourcePath: "C:\Users\Manfish\Documents\Codex\2026-09-04\let\work\backend-validation-checkout\backend\database\migrations\20260906_universal_v1_estimate_acceptance_materialization.sql"
    sha256: "671d0c9cbb1507a6303165d319e08441f69e5027d6ab2d075561b70a063191e6"
[20:39:08.061] [32mINFO[39m: [36mRequired engine migration verified[39m
    module: "worker"
    status: "applied"
    migration: "20260907_universal_v1_provider_estimate_invitation"
    sourcePath: "C:\Users\Manfish\Documents\Codex\2026-09-04\let\work\backend-validation-checkout\backend\database\migrations\20260907_universal_v1_provider_estimate_invitation.sql"
    sha256: "aac7221f4cd1dca94d26a90e96b5de7078c50cf7660bb934582faecb1a70001e"
[20:39:08.145] [32mINFO[39m: [36mRequired engine migration verified[39m
    module: "worker"
    status: "applied"
    migration: "20260908_universal_v1_provider_work_order_authority"
    sourcePath: "C:\Users\Manfish\Documents\Codex\2026-09-04\let\work\backend-validation-checkout\backend\database\migrations\20260908_universal_v1_provider_work_order_authority.sql"
    sha256: "53bcfc5cc6aa79c3fc8470db293aa0e8ad411a05db958a46c67389d5bc0e1d4c"
[20:39:08.161] [32mINFO[39m: [36mRequired engine migration verified[39m
    module: "worker"
    status: "applied"
    migration: "20260909_universal_v1_reconciliation_alias_repair"
    sourcePath: "C:\Users\Manfish\Documents\Codex\2026-09-04\let\work\backend-validation-checkout\backend\database\migrations\20260909_universal_v1_reconciliation_alias_repair.sql"
    sha256: "422e138cce00ef672092869a758ca752a08717b81cf822b90a509319c1b610a3"
[20:39:08.210] [32mINFO[39m: [36mRequired engine migration verified[39m
    module: "worker"
    status: "applied"
    migration: "20260911_universal_v1_change_order_application"
    sourcePath: "C:\Users\Manfish\Documents\Codex\2026-09-04\let\work\backend-validation-checkout\backend\database\migrations\20260911_universal_v1_change_order_application.sql"
    sha256: "c89f3cc97feae9563764e0cae8f3df4391204277aaa0fed344ae8dad91c17a43"
[20:39:08.297] [32mINFO[39m: [36mRequired engine migration verified[39m
    module: "worker"
    status: "applied"
    migration: "20260912_universal_v1_work_order_execution_facts"
    sourcePath: "C:\Users\Manfish\Documents\Codex\2026-09-04\let\work\backend-validation-checkout\backend\database\migrations\20260912_universal_v1_work_order_execution_facts.sql"
    sha256: "fdbea47445c8a131c2b41f54f0ba4c57caa359ca2453b5bbe3ab6c12c494ce14"
[20:39:08.338] [32mINFO[39m: [36mRequired engine migration verified[39m
    module: "worker"
    status: "applied"
    migration: "20260913_universal_v1_completion_delivery_receipt"
    sourcePath: "C:\Users\Manfish\Documents\Codex\2026-09-04\let\work\backend-validation-checkout\backend\database\migrations\20260913_universal_v1_completion_delivery_receipt.sql"
    sha256: "6299c82b5bdd2383e6dbb4f5d4c2d3c59b21c5b4f985d4b80331713f4ceeb7af"
[20:39:08.409] [32mINFO[39m: [36mRequired engine migration verified[39m
    module: "worker"
    status: "applied"
    migration: "20260914_notification_provider_in_flight"
    sourcePath: "C:\Users\Manfish\Documents\Codex\2026-09-04\let\work\backend-validation-checkout\backend\database\migrations\20260914_notification_provider_in_flight.sql"
    sha256: "0b9a9e162477efd65db5204b667665197c5b7ffbb50efe86b041093f73d2cc2f"
[20:39:08.427] [32mINFO[39m: [36mRequired engine migration verified[39m
    module: "worker"
    status: "applied"
    migration: "20260915_ai_spend_attempt_ledger"
    sourcePath: "C:\Users\Manfish\Documents\Codex\2026-09-04\let\work\backend-validation-checkout\backend\database\migrations\20260915_ai_spend_attempt_ledger.sql"
    sha256: "63b2615ec02c6193c3a8e8b93de263a5b65ac5ec0cfb93cac1869fdf425bfb77"
[20:39:08.447] [32mINFO[39m: [36mRequired engine migration verified[39m
    module: "worker"
    status: "applied"
    migration: "20260916_provider_event_inbox_v1"
    sourcePath: "C:\Users\Manfish\Documents\Codex\2026-09-04\let\work\backend-validation-checkout\backend\database\migrations\20260916_provider_event_inbox_v1.sql"
    sha256: "452b2534f7559326b3772c84d2c3b12bf2c4b6e7623b2a214cd0d20bd09f07a4"
[20:39:08.466] [32mINFO[39m: [36mRequired engine migration verified[39m
    module: "worker"
    status: "applied"
    migration: "20260917_financial_provider_command_journal_v1"
    sourcePath: "C:\Users\Manfish\Documents\Codex\2026-09-04\let\work\backend-validation-checkout\backend\database\migrations\20260917_financial_provider_command_journal_v1.sql"
    sha256: "1ef51473dda118ffe7ff7799ae66e388a66ff9fa34f71df0fa1dc281b1b72577"
[20:39:08.545] [32mINFO[39m: [36mRequired engine migration verified[39m
    module: "worker"
    status: "applied"
    migration: "20260918_universal_v1_prepared_financial_command_v1"
    sourcePath: "C:\Users\Manfish\Documents\Codex\2026-09-04\let\work\backend-validation-checkout\backend\database\migrations\20260918_universal_v1_prepared_financial_command_v1.sql"
    sha256: "dccae61700235f6e0609bef77e454b808af148c347978ae08b422ded77bd8920"
[20:39:08.662] [32mINFO[39m: [36mRequired engine migration verified[39m
    module: "worker"
    status: "applied"
    migration: "20260919_provider_event_processing_v1"
    sourcePath: "C:\Users\Manfish\Documents\Codex\2026-09-04\let\work\backend-validation-checkout\backend\database\migrations\20260919_provider_event_processing_v1.sql"
    sha256: "48a0874f8cf045c5507071ee7013605101c9d50988fd55a97a6148b979b9e798"
[20:39:08.777] [32mINFO[39m: [36mRequired engine migration verified[39m
    module: "worker"
    status: "applied"
    migration: "20260920_financial_provider_command_recovery_v1"
    sourcePath: "C:\Users\Manfish\Documents\Codex\2026-09-04\let\work\backend-validation-checkout\backend\database\migrations\20260920_financial_provider_command_recovery_v1.sql"
    sha256: "f7e8b62942c1aed5435d2d7d805273effd52fc8041e78561d8ad9d3f69a77daf"
[20:39:08.794] [32mINFO[39m: [36mRequired engine migration verified[39m
    module: "worker"
    status: "applied"
    migration: "20260923_legacy_escrow_insert_containment_v1"
    sourcePath: "C:\Users\Manfish\Documents\Codex\2026-09-04\let\work\backend-validation-checkout\backend\database\migrations\20260923_legacy_escrow_insert_containment_v1.sql"
    sha256: "6b9a51a3aa3e963c13585ba5c374c55164a76be9dfffc91303175a523c9ab5d1"
[20:39:08.858] [32mINFO[39m: [36mRequired engine migration verified[39m
    module: "worker"
    status: "applied"
    migration: "20260924_universal_v1_task_draft_route_context_v1"
    sourcePath: "C:\Users\Manfish\Documents\Codex\2026-09-04\let\work\backend-validation-checkout\backend\database\migrations\20260924_universal_v1_task_draft_route_context_v1.sql"
    sha256: "530539ce2d5b3a002bb7ee5e41666334fd4a1d642dc3ac410cd5bae719b2e76f"
[20:39:08.931] [32mINFO[39m: [36mRequired engine migration verified[39m
    module: "worker"
    status: "applied"
    migration: "20260925_universal_v1_work_order_compensation_v1"
    sourcePath: "C:\Users\Manfish\Documents\Codex\2026-09-04\let\work\backend-validation-checkout\backend\database\migrations\20260925_universal_v1_work_order_compensation_v1.sql"
    sha256: "eca44af1528e1a21b718bc765cd8bc740e779bc02497195ddba7da00607f9169"
[20:39:08.995] [32mINFO[39m: [36mRequired engine migration verified[39m
    module: "worker"
    status: "applied"
    migration: "20260928_provider_observation_normalization_v1"
    sourcePath: "C:\Users\Manfish\Documents\Codex\2026-09-04\let\work\backend-validation-checkout\backend\database\migrations\20260928_provider_observation_normalization_v1.sql"
    sha256: "526872fabf6ee65126e3e864ec7d7fb7b830d08d95b8b35799fad8aadc8e7607"
[20:39:09.173] [32mINFO[39m: [36mRequired engine migration verified[39m
    module: "worker"
    status: "applied"
    migration: "20260929_universal_v1_double_entry_ledger_v1"
    sourcePath: "C:\Users\Manfish\Documents\Codex\2026-09-04\let\work\backend-validation-checkout\backend\database\migrations\20260929_universal_v1_double_entry_ledger_v1.sql"
    sha256: "1ad5d75901ad4de964ca821ca8a78bf37bfdb7322b2a2a2119c7bc60325f3102"
[20:39:09.460] [32mINFO[39m: [36mRequired engine migration verified[39m
    module: "worker"
    status: "applied"
    migration: "20260930_universal_v1_ops_cases_v1"
    sourcePath: "C:\Users\Manfish\Documents\Codex\2026-09-04\let\work\backend-validation-checkout\backend\database\migrations\20260930_universal_v1_ops_cases_v1.sql"
    sha256: "5a60b4ec860d26c1e5251cde4fd8a2f7a5aa9f567dc52adc87a2fb6d72cab104"
[20:39:09.580] [32mINFO[39m: [36mRequired engine migration verified[39m
    module: "worker"
    status: "applied"
    migration: "20261001_universal_v1_relationship_origin_v1"
    sourcePath: "C:\Users\Manfish\Documents\Codex\2026-09-04\let\work\backend-validation-checkout\backend\database\migrations\20261001_universal_v1_relationship_origin_v1.sql"
    sha256: "099372b9a542f268661d61d4ac618a11170fe81a26ae13af0512a82c2405e077"
[20:39:09.822] [32mINFO[39m: [36mRequired engine migration verified[39m
    module: "worker"
    status: "applied"
    migration: "20261002_universal_v1_dispute_recovery_v1"
    sourcePath: "C:\Users\Manfish\Documents\Codex\2026-09-04\let\work\backend-validation-checkout\backend\database\migrations\20261002_universal_v1_dispute_recovery_v1.sql"
    sha256: "6137ad651293d9a7f074b225bbd0f861911892427868ad84aff17425673fa189"
[20:39:09.894] [32mINFO[39m: [36mRequired engine migration verified[39m
    module: "worker"
    status: "applied"
    migration: "20261003_universal_v1_task_opportunities_v1"
    sourcePath: "C:\Users\Manfish\Documents\Codex\2026-09-04\let\work\backend-validation-checkout\backend\database\migrations\20261003_universal_v1_task_opportunities_v1.sql"
    sha256: "8f2e2e0edf387fd89cd936bbab6059cd4a4e22abbb3aae73951f3f466eca84b7"
[20:39:10.002] [32mINFO[39m: [36mRequired engine migration verified[39m
    module: "worker"
    status: "applied"
    migration: "20261004_universal_v1_completion_notice_dispatch_v1"
    sourcePath: "C:\Users\Manfish\Documents\Codex\2026-09-04\let\work\backend-validation-checkout\backend\database\migrations\20261004_universal_v1_completion_notice_dispatch_v1.sql"
    sha256: "f5723941769d027e496d0a3a7fed32b29b1a02ff76db97ead815acd46a7fdee8"
[20:39:10.047] [32mINFO[39m: [36mRequired engine migration verified[39m
    module: "worker"
    status: "applied"
    migration: "20261005_universal_v1_occurrence_access_audit_v1"
    sourcePath: "C:\Users\Manfish\Documents\Codex\2026-09-04\let\work\backend-validation-checkout\backend\database\migrations\20261005_universal_v1_occurrence_access_audit_v1.sql"
    sha256: "d805ce946b7aba804be55aea9f131cff99047adaa7d46cd3d21242ac492ec364"
[20:39:10.055] [32mINFO[39m: [36mLegacy exact-location encryption backfill verified[39m
    module: "worker"
    backfilledLocationCount: 0
[20:39:10.302] [32mINFO[39m: [36mRequired engine migration verified[39m
    module: "worker"
    status: "applied"
    migration: "20261007_subscription_cancellation_recovery_v1"
    sourcePath: "C:\Users\Manfish\Documents\Codex\2026-09-04\let\work\backend-validation-checkout\backend\database\migrations\20261007_subscription_cancellation_recovery_v1.sql"
    sha256: "b6671677f556655c2cc3bad374a341a7667a0c431155397dbc0f5ad8029ffdb4"
[20:39:10.325] [32mINFO[39m: [36mRequired engine migration verified[39m
    module: "worker"
    status: "applied"
    migration: "20261008_universal_v1_work_order_task_state_containment_v1"
    sourcePath: "C:\Users\Manfish\Documents\Codex\2026-09-04\let\work\backend-validation-checkout\backend\database\migrations\20261008_universal_v1_work_order_task_state_containment_v1.sql"
    sha256: "2c3a3050a5a4efb3380e9746d77526a22adf33438c7e31521c589998b860ba04"
[20:39:10.558] [32mINFO[39m: [36mRequired engine migration verified[39m
    module: "worker"
    status: "applied"
    migration: "20261009_universal_v1_standardized_quote_readiness_v1"
    sourcePath: "C:\Users\Manfish\Documents\Codex\2026-09-04\let\work\backend-validation-checkout\backend\database\migrations\20261009_universal_v1_standardized_quote_readiness_v1.sql"
    sha256: "e088ec77e6dde547c5125807b6b6a83a318cc31a3c23a60233a87040a4ae8a2a"
[20:39:10.589] [32mINFO[39m: [36mRequired engine migration verified[39m
    module: "worker"
    status: "applied"
    migration: "20261010_universal_v1_financial_security_event_expiry_v1"
    sourcePath: "C:\Users\Manfish\Documents\Codex\2026-09-04\let\work\backend-validation-checkout\backend\database\migrations\20261010_universal_v1_financial_security_event_expiry_v1.sql"
    sha256: "1203de8b3a8a3457d439e51b7cc17d446ab1c9ae9a0c416b677f114d91e08a7b"
[20:39:10.727] [32mINFO[39m: [36mRequired engine migration verified[39m
    module: "worker"
    status: "applied"
    migration: "20261012_universal_v1_work_order_command_authority_v2"
    sourcePath: "C:\Users\Manfish\Documents\Codex\2026-09-04\let\work\backend-validation-checkout\backend\database\migrations\20261012_universal_v1_work_order_command_authority_v2.sql"
    sha256: "646a94805c9f6df5a487e4af11167329e82a9739ff81c5198c8d1db6f6bfd30d"
[20:39:10.798] [41mFATAL[49m: [36mRequired engine migration failed[39m
    module: "worker"
    err: {
      "type": "DatabaseError",
      "message": "HXUV1-WOCMD-0A: Work Order trigger catalog mismatch (151 / f82f820234a2fd838b14d49734b3a29f2fce3b0ed1b9cf782a8ac874ab2941c4)",
      "stack":
          error: HXUV1-WOCMD-0A: Work Order trigger catalog mismatch (151 / f82f820234a2fd838b14d49734b3a29f2fce3b0ed1b9cf782a8ac874ab2941c4)
              at C:\Users\Manfish\Documents\Codex\2026-09-04\let\work\backend-validation-checkout\node_modules\pg\lib\client.js:545:17
              at processTicksAndRejections (node:internal/process/task_queues:103:5)
              at applyEngineAutomationMigration (C:/Users/Manfish/Documents/Codex/2026-09-04/let/work/backend-validation-checkout/backend/src/jobs/engine-automation-migration.ts:600:5)
              at runEngineAutomationMigrationsOnConnectedClientWithReceipt (C:/Users/Manfish/Documents/Codex/2026-09-04/let/work/backend-validation-checkout/backend/src/jobs/engine-automation-migration.ts:662:21)
              at runEngineAutomationMigrationWithReceipt (C:/Users/Manfish/Documents/Codex/2026-09-04/let/work/backend-validation-checkout/backend/src/jobs/engine-automation-migration.ts:706:12)
              at runEngineAutomationMigration (C:/Users/Manfish/Documents/Codex/2026-09-04/let/work/backend-validation-checkout/backend/src/jobs/engine-automation-migration.ts:722:11)
              at C:/Users/Manfish/Documents/Codex/2026-09-04/let/work/backend-validation-checkout/backend/tests/system/stage1-legacy-authority-containment.pg.test.ts:646:38
              at file:///C:/Users/Manfish/Documents/Codex/2026-09-04/let/work/backend-validation-checkout/node_modules/@vitest/runner/dist/chunk-artifact.js:1903:20
      "length": 241,
      "name": "error",
      "severity": "ERROR",
      "code": "P0001",
      "where": "PL/pgSQL function inline_code_block line 188 at RAISE",
      "file": "pl_exec.c",
      "line": "3897",
      "routine": "exec_stmt_raise"
    }
[20:39:13.545] [32mINFO[39m: [36mRequired engine migration verified[39m
    module: "worker"
    status: "applied"
    migration: "add_missing_tables_v2"
    sourcePath: "C:\Users\Manfish\Documents\Codex\2026-09-04\let\work\backend-validation-checkout\backend\database\migrations\add_missing_tables_v2.sql"
    sha256: "0e82957e8c8ac0cdb2da99faaad235f64e8eda817ff60681e4455719b48a403e"
[20:39:13.753] [32mINFO[39m: [36mRequired engine migration verified[39m
    module: "worker"
    status: "applied"
    migration: "20260710_engine_automation_contracts"
    sourcePath: "C:\Users\Manfish\Documents\Codex\2026-09-04\let\work\backend-validation-checkout\backend\database\migrations\20260710_engine_automation_contracts.sql"
    sha256: "7581c779b858864ba4f1d7ec1af1fb8da613c53b8986adafcfd4de2cf07938a7"
[20:39:13.789] [32mINFO[39m: [36mRequired engine migration verified[39m
    module: "worker"
    status: "applied"
    migration: "20260711_required_proof_alignment"
    sourcePath: "C:\Users\Manfish\Documents\Codex\2026-09-04\let\work\backend-validation-checkout\backend\database\migrations\011-proof-alignment.sql"
    sha256: "aa042a77dc4f8b8fcad8b53f6e678a6c2ec4edf39d7c18f63399d184369759c3"
[20:39:13.914] [32mINFO[39m: [36mRequired engine migration verified[39m
    module: "worker"
    status: "applied"
    migration: "20260711_required_expertise_supply"
    sourcePath: "C:\Users\Manfish\Documents\Codex\2026-09-04\let\work\backend-validation-checkout\backend\database\migrations\expertise_supply_control.sql"
    sha256: "104803408da1a0196291254866cefb2944b4b45be5a2c81df334ecaac828cf39"
[20:39:13.937] [32mINFO[39m: [36mRequired engine migration verified[39m
    module: "worker"
    status: "applied"
    migration: "20260711_task_outcome_classification"
    sourcePath: "C:\Users\Manfish\Documents\Codex\2026-09-04\let\work\backend-validation-checkout\backend\database\migrations\20260711_task_outcome_classification.sql"
    sha256: "c723901db04a66d60ec231ac10324fe8834a32b9b6019b7a5aa0a651638cf791"
[20:39:13.980] [32mINFO[39m: [36mRequired engine migration verified[39m
    module: "worker"
    status: "applied"
    migration: "20260712_hustler_identity_link"
    sourcePath: "C:\Users\Manfish\Documents\Codex\2026-09-04\let\work\backend-validation-checkout\backend\database\migrations\20260712_hustler_identity_link.sql"
    sha256: "4ea3685d374532f90122a58b596d04a544c06bd701d0697037af15a964af3518"
[20:39:14.006] [32mINFO[39m: [36mRequired engine migration verified[39m
    module: "worker"
    status: "applied"
    migration: "20260712_dispatch_expiry_pending_payment_cancel"
    sourcePath: "C:\Users\Manfish\Documents\Codex\2026-09-04\let\work\backend-validation-checkout\backend\database\migrations\20260712_dispatch_expiry_pending_payment_cancel.sql"
    sha256: "4b29f0612985dbf9e90c2f437cc49dbf88223d3a78c67bfd48ebc88e16249a7f"
[20:39:14.021] [32mINFO[39m: [36mRequired engine migration verified[39m
    module: "worker"
    status: "applied"
    migration: "20260712_dispatch_expiry_no_payment_reconcile"
    sourcePath: "C:\Users\Manfish\Documents\Codex\2026-09-04\let\work\backend-validation-checkout\backend\database\migrations\20260712_dispatch_expiry_no_payment_reconcile.sql"
    sha256: "12d4e967e5b0a910debe5c187a5dc3bb18d3c2ce49375e6698aa856e12a60b72"
[20:39:14.099] [32mINFO[39m: [36mRequired engine migration verified[39m
    module: "worker"
    status: "applied"
    migration: "performance_indexes_v1"
    sourcePath: "C:\Users\Manfish\Documents\Codex\2026-09-04\let\work\backend-validation-checkout\backend\database\migrations\20260713_performance_indexes_alignment.sql"
    sha256: "3696d6feeed5f058d286ad62cbe8fb75a72e43cecc93cfcb162bb2ef61cb33cf"
[20:39:14.183] [32mINFO[39m: [36mRequired engine migration verified[39m
    module: "worker"
    status: "applied"
    migration: "chargeback_lifecycle_v1"
    sourcePath: "C:\Users\Manfish\Documents\Codex\2026-09-04\let\work\backend-validation-checkout\backend\database\migrations\chargeback_lifecycle.sql"
    sha256: "32905444b29504044c3f91a5398a0a2c064398d833e66d486e6ca513fddff6f7"
[20:39:14.270] [32mINFO[39m: [36mRequired engine migration verified[39m
    module: "worker"
    status: "applied"
    migration: "20260718_revenue_audit_rail"
    sourcePath: "C:\Users\Manfish\Documents\Codex\2026-09-04\let\work\backend-validation-checkout\backend\database\migrations\20260718_revenue_audit_rail.sql"
    sha256: "f11a5eb964f2c09b9e9592533fd32b35c24c9de8511e79b6096f2cf7627134a0"
[20:39:14.287] [32mINFO[39m: [36mRequired engine migration verified[39m
    module: "worker"
    status: "applied"
    migration: "20260718_quote_economics_contract"
    sourcePath: "C:\Users\Manfish\Documents\Codex\2026-09-04\let\work\backend-validation-checkout\backend\database\migrations\20260718_quote_economics_contract.sql"
    sha256: "1eb1a06963af0d740b488154d5803ab050f322d501feae130ac02e6e5669ecef"
[20:39:14.374] [32mINFO[39m: [36mRequired engine migration verified[39m
    module: "worker"
    status: "applied"
    migration: "20260718_task_scope_versions"
    sourcePath: "C:\Users\Manfish\Documents\Codex\2026-09-04\let\work\backend-validation-checkout\backend\database\migrations\20260718_task_scope_versions.sql"
    sha256: "71098ed2d76562e33e7439b6bbeaa2648c19174a3c19195460238aeaf5abcd6e"
[20:39:14.400] [32mINFO[39m: [36mRequired engine migration verified[39m
    module: "worker"
    status: "applied"
    migration: "20260718_task_location_encryption"
    sourcePath: "C:\Users\Manfish\Documents\Codex\2026-09-04\let\work\backend-validation-checkout\backend\database\migrations\20260718_task_location_encryption.sql"
    sha256: "084ef950e086b7aa5040e4fba37277d18f65a15f6cbea75d52dd5729b00386f2"
[20:39:14.419] [32mINFO[39m: [36mRequired engine migration verified[39m
    module: "worker"
    status: "applied"
    migration: "20260718_proof_submission_atomicity"
    sourcePath: "C:\Users\Manfish\Documents\Codex\2026-09-04\let\work\backend-validation-checkout\backend\database\migrations\20260718_proof_submission_atomicity.sql"
    sha256: "6d5dfced166382beed083351a6c75aa5bbf972dcb0eb8704003cae40aa8d5768"
[20:39:14.500] [32mINFO[39m: [36mRequired engine migration verified[39m
    module: "worker"
    status: "applied"
    migration: "20260718_task_safety_incident_cases"
    sourcePath: "C:\Users\Manfish\Documents\Codex\2026-09-04\let\work\backend-validation-checkout\backend\database\migrations\20260718_task_safety_incident_cases.sql"
    sha256: "a73437cc7e7f152a195b730f4c1d622ca2461bc682665c26f31760a3d1fa3800"
[20:39:14.522] [32mINFO[39m: [36mRequired engine migration verified[39m
    module: "worker"
    status: "applied"
    migration: "20260718_task_safety_delivery_contract"
    sourcePath: "C:\Users\Manfish\Documents\Codex\2026-09-04\let\work\backend-validation-checkout\backend\database\migrations\20260718_task_safety_delivery_contract.sql"
    sha256: "26c8241b9526f77980121afa98089dcf55162204979c0ee0465b1d7c55416c7d"
[20:39:14.597] [32mINFO[39m: [36mRequired engine migration verified[39m
    module: "worker"
    status: "applied"
    migration: "20260718_task_safety_checkins"
    sourcePath: "C:\Users\Manfish\Documents\Codex\2026-09-04\let\work\backend-validation-checkout\backend\database\migrations\20260718_task_safety_checkins.sql"
    sha256: "f9278e4a9cb7c7345f321712a4204280129d6e31aba31d03a987c31cb40781e5"
[20:39:14.642] [32mINFO[39m: [36mRequired engine migration verified[39m
    module: "worker"
    status: "applied"
    migration: "20260718_task_safety_location_encryption"
    sourcePath: "C:\Users\Manfish\Documents\Codex\2026-09-04\let\work\backend-validation-checkout\backend\database\migrations\20260718_task_safety_location_encryption.sql"
    sha256: "2cd76dff8f126da4bec2d6f58e2c6de5c3c93a3fabd1024536a7c007dce07e46"
[20:39:14.720] [32mINFO[39m: [36mRequired engine migration verified[39m
    module: "worker"
    status: "applied"
    migration: "20260718_zone_category_liquidity_cells"
    sourcePath: "C:\Users\Manfish\Documents\Codex\2026-09-04\let\work\backend-validation-checkout\backend\database\migrations\20260718_zone_category_liquidity_cells.sql"
    sha256: "8c427c29ac142a7543c08768be5823b1dcd6d4630b1a3b5128e2e88afce77a2c"
[20:39:14.837] [32mINFO[39m: [36mRequired engine migration verified[39m
    module: "worker"
    status: "applied"
    migration: "20260718_worker_offer_decision_contract"
    sourcePath: "C:\Users\Manfish\Documents\Codex\2026-09-04\let\work\backend-validation-checkout\backend\database\migrations\20260718_worker_offer_decision_contract.sql"
    sha256: "81defc49577f106e03e682814dd2bc302f7435adfb1711a8801d68ada75d4e02"
[20:39:15.016] [32mINFO[39m: [36mRequired engine migration verified[39m
    module: "worker"
    status: "applied"
    migration: "20260718_worker_screening_rights_contract"
    sourcePath: "C:\Users\Manfish\Documents\Codex\2026-09-04\let\work\backend-validation-checkout\backend\database\migrations\20260718_worker_screening_rights_contract.sql"
    sha256: "3c1d98eb3a8e5f59811dc7a937584bc96b0d37bae87a04f7bac58b41e1a4d20d"
[20:39:15.093] [32mINFO[39m: [36mRequired engine migration verified[39m
    module: "worker"
    status: "applied"
    migration: "20260718_region_policy_contract"
    sourcePath: "C:\Users\Manfish\Documents\Codex\2026-09-04\let\work\backend-validation-checkout\backend\database\migrations\20260718_region_policy_contract.sql"
    sha256: "01c65eb106aa9ad3a9909e08b882f6ba908bf626e0c23a68136c64fe39ec9311"
[20:39:15.129] [32mINFO[39m: [36mRequired engine migration verified[39m
    module: "worker"
    status: "applied"
    migration: "20260718_completion_retention_contract"
    sourcePath: "C:\Users\Manfish\Documents\Codex\2026-09-04\let\work\backend-validation-checkout\backend\database\migrations\20260718_completion_retention_contract.sql"
    sha256: "b55d86d2438505a7e38b330de642ca1711ab14e8f970da9e9eca8d975da38ef0"
[20:39:15.211] [32mINFO[39m: [36mRequired engine migration verified[39m
    module: "worker"
    status: "applied"
    migration: "20260718_task_public_clarifications"
    sourcePath: "C:\Users\Manfish\Documents\Codex\2026-09-04\let\work\backend-validation-checkout\backend\database\migrations\20260718_task_public_clarifications.sql"
    sha256: "5dd2cca338998318447069a4c47fcaaf8a48e2d9bb7004e24576bc76849c9155"
[20:39:15.365] [32mINFO[39m: [36mRequired engine migration verified[39m
    module: "worker"
    status: "applied"
    migration: "20260718_marketplace_reputation_contract"
    sourcePath: "C:\Users\Manfish\Documents\Codex\2026-09-04\let\work\backend-validation-checkout\backend\database\migrations\20260718_marketplace_reputation_contract.sql"
    sha256: "df565bff5dd411e74c6714e3353d22e28af6438b8a2a16c34fb574dd46d50933"
[20:39:15.478] [32mINFO[39m: [36mRequired engine migration verified[39m
    module: "worker"
    status: "applied"
    migration: "20260718_business_workspace_contract"
    sourcePath: "C:\Users\Manfish\Documents\Codex\2026-09-04\let\work\backend-validation-checkout\backend\database\migrations\20260718_business_workspace_contract.sql"
    sha256: "a22965906807502d81f7fc6fb085b1f71ee4cf8171986eb61be292dccc137c45"
[20:39:15.701] [32mINFO[39m: [36mRequired engine migration verified[39m
    module: "worker"
    status: "applied"
    migration: "20260718_business_operations_contract"
    sourcePath: "C:\Users\Manfish\Documents\Codex\2026-09-04\let\work\backend-validation-checkout\backend\database\migrations\20260718_business_operations_contract.sql"
    sha256: "23fdb635e6768e7cfabc299ba4babab7aa37e29d319f124e8cf96e152ff7a0cb"
[20:39:15.836] [32mINFO[39m: [36mRequired engine migration verified[39m
    module: "worker"
    status: "applied"
    migration: "20260718_business_execution_contract"
    sourcePath: "C:\Users\Manfish\Documents\Codex\2026-09-04\let\work\backend-validation-checkout\backend\database\migrations\20260718_business_execution_contract.sql"
    sha256: "b4bad697897f51aa69f4c435d194bcb0730e1c357110c56aeeeccc61ec0c8d2d"
[20:39:16.019] [32mINFO[39m: [36mRequired engine migration verified[39m
    module: "worker"
    status: "applied"
    migration: "20260718_recurring_work_contract"
    sourcePath: "C:\Users\Manfish\Documents\Codex\2026-09-04\let\work\backend-validation-checkout\backend\database\migrations\20260718_recurring_work_contract.sql"
    sha256: "65bbbe96e1af6d909cd9a454c201bf4e62c99e60ec6bddbaa2454a3e3de4ed4b"
[20:39:16.058] [32mINFO[39m: [36mRequired engine migration verified[39m
    module: "worker"
    status: "applied"
    migration: "20260718_business_recurring_contract"
    sourcePath: "C:\Users\Manfish\Documents\Codex\2026-09-04\let\work\backend-validation-checkout\backend\database\migrations\20260718_business_recurring_contract.sql"
    sha256: "e068a0aa68b7baf4a7c13f217536251708913b854119a3da350455230355f5d3"
[20:39:16.152] [32mINFO[39m: [36mRequired engine migration verified[39m
    module: "worker"
    status: "applied"
    migration: "20260719_recommendation_contract"
    sourcePath: "C:\Users\Manfish\Documents\Codex\2026-09-04\let\work\backend-validation-checkout\backend\database\migrations\20260719_recommendation_contract.sql"
    sha256: "3345c3fdce3aef451c89fd8245dff11096dffe1108309e19c1470f2138641ab4"
[20:39:16.256] [32mINFO[39m: [36mRequired engine migration verified[39m
    module: "worker"
    status: "applied"
    migration: "20260719_hustler_wallet_contract"
    sourcePath: "C:\Users\Manfish\Documents\Codex\2026-09-04\let\work\backend-validation-checkout\backend\database\migrations\20260719_hustler_wallet_contract.sql"
    sha256: "153809d4d570a54b27357e2ebff51c3b35fa303e69da29c570816acca89f29ab"
[20:39:16.288] [32mINFO[39m: [36mRequired engine migration verified[39m
    module: "worker"
    status: "applied"
    migration: "20260719_wallet_provider_event_integrity"
    sourcePath: "C:\Users\Manfish\Documents\Codex\2026-09-04\let\work\backend-validation-checkout\backend\database\migrations\20260719_wallet_provider_event_integrity.sql"
    sha256: "1ee57eb0d4c3d157632b8db3fbc8cc232ac1241c1ca76944250ca42e1fdbc8de"
[20:39:16.305] [32mINFO[39m: [36mRequired engine migration verified[39m
    module: "worker"
    status: "applied"
    migration: "20260719_wallet_provider_event_integrity_repair"
    sourcePath: "C:\Users\Manfish\Documents\Codex\2026-09-04\let\work\backend-validation-checkout\backend\database\migrations\20260719_wallet_provider_event_integrity_repair.sql"
    sha256: "96ff51a6414cb261fa2791281c076e4e5b7fafd73cbacc2db939402e4219a6a5"
[20:39:16.568] [32mINFO[39m: [36mRequired engine migration verified[39m
    module: "worker"
    status: "applied"
    migration: "20260719_lifecycle_service_foundations"
    sourcePath: "C:\Users\Manfish\Documents\Codex\2026-09-04\let\work\backend-validation-checkout\backend\database\migrations\20260719_lifecycle_service_foundations.sql"
    sha256: "4c1edaecda49afeae3950afe832074f8903d64aa6f726bbee2a0717f26113596"
[20:39:16.584] [32mINFO[39m: [36mRequired engine migration verified[39m
    module: "worker"
    status: "applied"
    migration: "20260719_task_worker_eligibility_contract"
    sourcePath: "C:\Users\Manfish\Documents\Codex\2026-09-04\let\work\backend-validation-checkout\backend\database\migrations\20260719_task_worker_eligibility_contract.sql"
    sha256: "a1fb5d0387d61fef4b484be82d15153031b14860bcc8b4bbaa690a4ca096a0fb"
[20:39:16.620] [32mINFO[39m: [36mRequired engine migration verified[39m
    module: "worker"
    status: "applied"
    migration: "20260719_append_only_truncate_contract"
    sourcePath: "C:\Users\Manfish\Documents\Codex\2026-09-04\let\work\backend-validation-checkout\backend\database\migrations\20260719_append_only_truncate_contract.sql"
    sha256: "1b105f37e52b19435aacc7b04b2496bbef7f5cd0b0b1681487342e2e411544b4"
[20:39:16.653] [32mINFO[39m: [36mRequired engine migration verified[39m
    module: "worker"
    status: "applied"
    migration: "20260719_admin_user_search_trigram_contract"
    sourcePath: "C:\Users\Manfish\Documents\Codex\2026-09-04\let\work\backend-validation-checkout\backend\database\migrations\20260719_admin_user_search_trigram_contract.sql"
    sha256: "89a20a0c588af79ae8c0cd8e06949f4a542928b826adafa822d5a02b20694090"
[20:39:16.682] [32mINFO[39m: [36mRequired engine migration verified[39m
    module: "worker"
    status: "applied"
    migration: "20260719_admin_capability_contract"
    sourcePath: "C:\Users\Manfish\Documents\Codex\2026-09-04\let\work\backend-validation-checkout\backend\database\migrations\20260719_admin_capability_contract.sql"
    sha256: "cacc11cfe40b498767acbbaa736f2462e21a758018bcda1a667430a3c441c0f4"
[20:39:16.701] [32mINFO[39m: [36mRequired engine migration verified[39m
    module: "worker"
    status: "applied"
    migration: "20260719_tier0_browse_only_contract"
    sourcePath: "C:\Users\Manfish\Documents\Codex\2026-09-04\let\work\backend-validation-checkout\backend\database\migrations\20260719_tier0_browse_only_contract.sql"
    sha256: "336d976adfc3ce6e892b16c67a08bbc692165d2373084c3e51ab3e0a3db7a9d5"
[20:39:16.721] [32mINFO[39m: [36mRequired engine migration verified[39m
    module: "worker"
    status: "applied"
    migration: "20260719_task_template_policy_contract"
    sourcePath: "C:\Users\Manfish\Documents\Codex\2026-09-04\let\work\backend-validation-checkout\backend\database\migrations\20260719_task_template_policy_contract.sql"
    sha256: "1b4e180c34fce08ea00076e1f02f9c57d698c532db1eff84d9973e68c189ff8f"
[20:39:16.770] [32mINFO[39m: [36mRequired engine migration verified[39m
    module: "worker"
    status: "applied"
    migration: "20260719_compliance_guardian_persistence_contract"
    sourcePath: "C:\Users\Manfish\Documents\Codex\2026-09-04\let\work\backend-validation-checkout\backend\database\migrations\20260719_compliance_guardian_persistence_contract.sql"
    sha256: "ad0d747354fd6040df2669ffc0fbe485526240aca38887e27a069f49ab67767c"
[20:39:16.790] [32mINFO[39m: [36mRequired engine migration verified[39m
    module: "worker"
    status: "applied"
    migration: "20260719_worker_offer_retake_contract"
    sourcePath: "C:\Users\Manfish\Documents\Codex\2026-09-04\let\work\backend-validation-checkout\backend\database\migrations\20260719_worker_offer_retake_contract.sql"
    sha256: "0e5c8b6dde2fe27aecb7eed4ea1c329a4872cee9cc54c7a42505e431e5df0301"
[20:39:16.848] [32mINFO[39m: [36mRequired engine migration verified[39m
    module: "worker"
    status: "applied"
    migration: "20260719_liquidity_expansion_contract"
    sourcePath: "C:\Users\Manfish\Documents\Codex\2026-09-04\let\work\backend-validation-checkout\backend\database\migrations\20260719_liquidity_expansion_contract.sql"
    sha256: "6ba06780137ac5142e4560d465300cdb21105c690cfb320a588b35b37f69d795"
[20:39:16.867] [32mINFO[39m: [36mRequired engine migration verified[39m
    module: "worker"
    status: "applied"
    migration: "20260719_liquidity_expansion_fk_repair"
    sourcePath: "C:\Users\Manfish\Documents\Codex\2026-09-04\let\work\backend-validation-checkout\backend\database\migrations\20260719_liquidity_expansion_fk_repair.sql"
    sha256: "3ab131b4dbc128a99cd9eb7512888282df572f0ca61519d0453ebaa8be686c17"
[20:39:16.969] [32mINFO[39m: [36mRequired engine migration verified[39m
    module: "worker"
    status: "applied"
    migration: "20260719_worker_counter_offer_contract"
    sourcePath: "C:\Users\Manfish\Documents\Codex\2026-09-04\let\work\backend-validation-checkout\backend\database\migrations\20260719_worker_counter_offer_contract.sql"
    sha256: "1c6376dc07f95465f0925134f9d30990ed0da52c869cb9e039f3865508f85696"
[20:39:16.991] [32mINFO[39m: [36mRequired engine migration verified[39m
    module: "worker"
    status: "applied"
    migration: "20260719_worker_counter_offer_exclusivity"
    sourcePath: "C:\Users\Manfish\Documents\Codex\2026-09-04\let\work\backend-validation-checkout\backend\database\migrations\20260719_worker_counter_offer_exclusivity.sql"
    sha256: "5f72eb8f7bacc3c45c3dfba2527f7ccd5571ea6db0bcb4dd119a32ed0436e78f"
[20:39:17.139] [32mINFO[39m: [36mRequired engine migration verified[39m
    module: "worker"
    status: "applied"
    migration: "20260719_external_task_bridge_contract"
    sourcePath: "C:\Users\Manfish\Documents\Codex\2026-09-04\let\work\backend-validation-checkout\backend\database\migrations\20260719_external_task_bridge_contract.sql"
    sha256: "33080f06754d9ed04bf6624ac0dbf5c7817c8324af9be25ecb01ebf50ecffb69"
[20:39:17.203] [32mINFO[39m: [36mRequired engine migration verified[39m
    module: "worker"
    status: "applied"
    migration: "20260720_task_geofence_event_contract"
    sourcePath: "C:\Users\Manfish\Documents\Codex\2026-09-04\let\work\backend-validation-checkout\backend\database\migrations\20260720_task_geofence_event_contract.sql"
    sha256: "c2a31559936f1d1db684a27f3cca8554fe3b6986830ff6795e547c17409e24af"
[20:39:17.360] [32mINFO[39m: [36mRequired engine migration verified[39m
    module: "worker"
    status: "applied"
    migration: "20260720_major_action_telemetry_contract"
    sourcePath: "C:\Users\Manfish\Documents\Codex\2026-09-04\let\work\backend-validation-checkout\backend\database\migrations\20260720_major_action_telemetry_contract.sql"
    sha256: "0939eb301dba2a9b8e50c759fd794c19cfd19b7ac8c761449dccc5d346a5fd07"
[20:39:17.376] [32mINFO[39m: [36mRequired engine migration verified[39m
    module: "worker"
    status: "applied"
    migration: "20260720_major_action_telemetry_contract_repair"
    sourcePath: "C:\Users\Manfish\Documents\Codex\2026-09-04\let\work\backend-validation-checkout\backend\database\migrations\20260720_major_action_telemetry_contract_repair.sql"
    sha256: "7aebc9a96ca0eb516d6eaabff5c8ea44a1c99ef452328abfdc31e423fcb50960"
[20:39:17.389] [32mINFO[39m: [36mRequired engine migration verified[39m
    module: "worker"
    status: "applied"
    migration: "20260720_major_action_source_registry_repair"
    sourcePath: "C:\Users\Manfish\Documents\Codex\2026-09-04\let\work\backend-validation-checkout\backend\database\migrations\20260720_major_action_source_registry_repair.sql"
    sha256: "dd0641389a561a02ee7bc211494baeecad4a584f4ae878e367d7bd6ec41ef99d"
[20:39:17.483] [32mINFO[39m: [36mRequired engine migration verified[39m
    module: "worker"
    status: "applied"
    migration: "20260720_offline_action_sync_contract"
    sourcePath: "C:\Users\Manfish\Documents\Codex\2026-09-04\let\work\backend-validation-checkout\backend\database\migrations\20260720_offline_action_sync_contract.sql"
    sha256: "a24c7a3a1fc6d248e7ed84850c282b1d70e136470a5814e5cf73d354fb71a225"
[20:39:17.503] [32mINFO[39m: [36mRequired engine migration verified[39m
    module: "worker"
    status: "applied"
    migration: "20260720_offline_action_sync_contract_repair"
    sourcePath: "C:\Users\Manfish\Documents\Codex\2026-09-04\let\work\backend-validation-checkout\backend\database\migrations\20260720_offline_action_sync_contract_repair.sql"
    sha256: "dd3ebeb8b7660ce2a7e7dc0c90c75b8c44368ed464dd80d5a48db74c608fe2ad"
[20:39:17.535] [32mINFO[39m: [36mRequired engine migration verified[39m
    module: "worker"
    status: "applied"
    migration: "20260720_proof_verification_signal_contract"
    sourcePath: "C:\Users\Manfish\Documents\Codex\2026-09-04\let\work\backend-validation-checkout\backend\database\migrations\20260720_proof_verification_signal_contract.sql"
    sha256: "7956522e446ae42141b204c0f32d6cc1843c8deb54d474f5bc3d5687577e18fb"
[20:39:17.558] [32mINFO[39m: [36mRequired engine migration verified[39m
    module: "worker"
    status: "applied"
    migration: "20260720_proof_media_metadata_minimization"
    sourcePath: "C:\Users\Manfish\Documents\Codex\2026-09-04\let\work\backend-validation-checkout\backend\database\migrations\20260720_proof_media_metadata_minimization.sql"
    sha256: "d8b3f516a303744ab8bfe467d528f552f0c444466d64ab1e881d6ae5f422e396"
[20:39:17.627] [32mINFO[39m: [36mRequired engine migration verified[39m
    module: "worker"
    status: "applied"
    migration: "20260720_media_upload_finalization_contract"
    sourcePath: "C:\Users\Manfish\Documents\Codex\2026-09-04\let\work\backend-validation-checkout\backend\database\migrations\20260720_media_upload_finalization_contract.sql"
    sha256: "c7cb31234baeb3ec101b44a73df6fd93198d3c442ceaa0713188e912bae10715"
[20:39:17.696] [32mINFO[39m: [36mRequired engine migration verified[39m
    module: "worker"
    status: "applied"
    migration: "20260720_private_media_delivery_contract"
    sourcePath: "C:\Users\Manfish\Documents\Codex\2026-09-04\let\work\backend-validation-checkout\backend\database\migrations\20260720_private_media_delivery_contract.sql"
    sha256: "dab4cace45c99879d1a6f3e978198fe8ec4e1840607319522b8addfc20cda608"
[20:39:17.848] [32mINFO[39m: [36mRequired engine migration verified[39m
    module: "worker"
    status: "applied"
    migration: "20260720_worker_standing_appeals"
    sourcePath: "C:\Users\Manfish\Documents\Codex\2026-09-04\let\work\backend-validation-checkout\backend\database\migrations\20260720_worker_standing_appeals.sql"
    sha256: "02e2a7c9d91a10b780ea1c01444a57c257faecb7c1ec2f129c82ae8fb4004608"
[20:39:17.885] [32mINFO[39m: [36mRequired engine migration verified[39m
    module: "worker"
    status: "applied"
    migration: "20260720_offline_action_reconciliation"
    sourcePath: "C:\Users\Manfish\Documents\Codex\2026-09-04\let\work\backend-validation-checkout\backend\database\migrations\20260720_offline_action_reconciliation.sql"
    sha256: "12e245da2e45ce917516fdd4dfd2610348eb5c0420c1490987e378ad5f485f94"
[20:39:17.897] [32mINFO[39m: [36mRequired engine migration verified[39m
    module: "worker"
    status: "applied"
    migration: "20260720_dispute_release_authority_contract"
    sourcePath: "C:\Users\Manfish\Documents\Codex\2026-09-04\let\work\backend-validation-checkout\backend\database\migrations\20260720_dispute_release_authority_contract.sql"
    sha256: "0b7cadab9f4c40170d31c5e21921adb42b36935e6f3df81a87991fda9c0029fd"
[20:39:17.953] [32mINFO[39m: [36mRequired engine migration verified[39m
    module: "worker"
    status: "applied"
    migration: "20260720_notification_delivery_contract"
    sourcePath: "C:\Users\Manfish\Documents\Codex\2026-09-04\let\work\backend-validation-checkout\backend\database\migrations\20260720_notification_delivery_contract.sql"
    sha256: "a2264390a09a6ae20ce0011683ab870c631feebfde87ed80a872e986a575bb0b"
[20:39:17.968] [32mINFO[39m: [36mRequired engine migration verified[39m
    module: "worker"
    status: "applied"
    migration: "20260720_notification_delivery_contract_repair"
    sourcePath: "C:\Users\Manfish\Documents\Codex\2026-09-04\let\work\backend-validation-checkout\backend\database\migrations\20260720_notification_delivery_contract_repair.sql"
    sha256: "e0aaa1a3cb653917924183fcf67291b33a2dbf38579eb01b17122e649c71c40f"
[20:39:17.990] [32mINFO[39m: [36mRequired engine migration verified[39m
    module: "worker"
    status: "applied"
    migration: "20260720_notification_focus_suppression"
    sourcePath: "C:\Users\Manfish\Documents\Codex\2026-09-04\let\work\backend-validation-checkout\backend\database\migrations\20260720_notification_focus_suppression.sql"
    sha256: "e320ed83af84fd2c3781a1229db74126778b7c2d8eeb41dbddc432c634faba05"
[20:39:18.004] [32mINFO[39m: [36mRequired engine migration verified[39m
    module: "worker"
    status: "applied"
    migration: "20260720_schema_convergence_repair"
    sourcePath: "C:\Users\Manfish\Documents\Codex\2026-09-04\let\work\backend-validation-checkout\backend\database\migrations\20260720_schema_convergence_repair.sql"
    sha256: "5151894b324679c19cc7a70179aec8f0248a3c66c5325b97d8bdcf618f684da2"
[20:39:18.075] [32mINFO[39m: [36mRequired engine migration verified[39m
    module: "worker"
    status: "applied"
    migration: "20260720_local_certification_payment_provider"
    sourcePath: "C:\Users\Manfish\Documents\Codex\2026-09-04\let\work\backend-validation-checkout\backend\database\migrations\20260720_local_certification_payment_provider.sql"
    sha256: "413a1183e48dd0c3aa8131390481e7acfb17229727445023dfe659b20c123392"
[20:39:18.096] [32mINFO[39m: [36mRequired engine migration verified[39m
    module: "worker"
    status: "applied"
    migration: "20260720_region_policy_price_book_alignment"
    sourcePath: "C:\Users\Manfish\Documents\Codex\2026-09-04\let\work\backend-validation-checkout\backend\database\migrations\20260720_region_policy_price_book_alignment.sql"
    sha256: "614ac15399457b310f60e4bf637ee1d394a0da97e9cbcd9d6a8367a219af68e0"
[20:39:18.220] [32mINFO[39m: [36mRequired engine migration verified[39m
    module: "worker"
    status: "applied"
    migration: "20260720_local_certification_payout_provider"
    sourcePath: "C:\Users\Manfish\Documents\Codex\2026-09-04\let\work\backend-validation-checkout\backend\database\migrations\20260720_local_certification_payout_provider.sql"
    sha256: "1435947ebbdfa50dec2d0d812fe8d332287be1f0a6b7fd1c50cd96a5bfa9e097"
[20:39:18.313] [32mINFO[39m: [36mRequired engine migration verified[39m
    module: "worker"
    status: "applied"
    migration: "20260720_local_certification_screening_provider"
    sourcePath: "C:\Users\Manfish\Documents\Codex\2026-09-04\let\work\backend-validation-checkout\backend\database\migrations\20260720_local_certification_screening_provider.sql"
    sha256: "626ff1f60a8f8f6b6acd2a9aba621409bd3eab3142004361a89ae77a5c26f1cc"
[20:39:18.382] [32mINFO[39m: [36mRequired engine migration verified[39m
    module: "worker"
    status: "applied"
    migration: "20260720_controlled_test_liquidity_cell"
    sourcePath: "C:\Users\Manfish\Documents\Codex\2026-09-04\let\work\backend-validation-checkout\backend\database\migrations\20260720_controlled_test_liquidity_cell.sql"
    sha256: "1826b8b06b3b0de634f2420a40a00bcce2ce2a370d2349192b5dd6a7e981493d"
[20:39:18.398] [32mINFO[39m: [36mRequired engine migration verified[39m
    module: "worker"
    status: "applied"
    migration: "20260720_controlled_test_liquidity_marker_repair"
    sourcePath: "C:\Users\Manfish\Documents\Codex\2026-09-04\let\work\backend-validation-checkout\backend\database\migrations\20260720_controlled_test_liquidity_marker_repair.sql"
    sha256: "e9d3e3dbd829fdf0dad577701b22070218577a8bc9f6b70e8e0ec207eb06af28"
[20:39:18.414] [32mINFO[39m: [36mRequired engine migration verified[39m
    module: "worker"
    status: "applied"
    migration: "20260720_controlled_test_liquidity_lifecycle_repair"
    sourcePath: "C:\Users\Manfish\Documents\Codex\2026-09-04\let\work\backend-validation-checkout\backend\database\migrations\20260720_controlled_test_liquidity_lifecycle_repair.sql"
    sha256: "f921c0c7a374e4a7f4bd0b0a81af34667c52f1264d3f3c0ad57b017e0583e0cc"
[20:39:18.462] [32mINFO[39m: [36mRequired engine migration verified[39m
    module: "worker"
    status: "applied"
    migration: "20260720_controlled_test_duration_evidence"
    sourcePath: "C:\Users\Manfish\Documents\Codex\2026-09-04\let\work\backend-validation-checkout\backend\database\migrations\20260720_controlled_test_duration_evidence.sql"
    sha256: "9b2b0630d0fa0e24552547940c5ee1097e6b7a32cb5b90f5cc5426a25606ae77"
[20:39:18.510] [32mINFO[39m: [36mRequired engine migration verified[39m
    module: "worker"
    status: "applied"
    migration: "20260720_controlled_test_provider_capability"
    sourcePath: "C:\Users\Manfish\Documents\Codex\2026-09-04\let\work\backend-validation-checkout\backend\database\migrations\20260720_controlled_test_provider_capability.sql"
    sha256: "079baedf700badc9c00e1e91f83f96d409bee7f713c9e7d349767a92c112fcc1"
[20:39:18.529] [32mINFO[39m: [36mRequired engine migration verified[39m
    module: "worker"
    status: "applied"
    migration: "20260720_controlled_test_provider_capability_expiry"
    sourcePath: "C:\Users\Manfish\Documents\Codex\2026-09-04\let\work\backend-validation-checkout\backend\database\migrations\20260720_controlled_test_provider_capability_expiry.sql"
    sha256: "770a9973510b499f6e9c1b3428f5ba8dccbbca45c6aef62e463372dcdd2640a5"
[20:39:18.545] [32mINFO[39m: [36mRequired engine migration verified[39m
    module: "worker"
    status: "applied"
    migration: "20260720_controlled_test_provider_capability_refresh"
    sourcePath: "C:\Users\Manfish\Documents\Codex\2026-09-04\let\work\backend-validation-checkout\backend\database\migrations\20260720_controlled_test_provider_capability_refresh.sql"
    sha256: "fce9cbe6df1865581bc414ee1d102afe140899a4b3d0f35697c894edfb375011"
[20:39:18.559] [32mINFO[39m: [36mRequired engine migration verified[39m
    module: "worker"
    status: "applied"
    migration: "20260720_controlled_test_provider_capability_refresh_repair"
    sourcePath: "C:\Users\Manfish\Documents\Codex\2026-09-04\let\work\backend-validation-checkout\backend\database\migrations\20260720_controlled_test_provider_capability_refresh_repair.sql"
    sha256: "fa0600c70a92f0c25112bded13e6e45c5402bfca9aaea45540c08a9a83edcb9d"
[20:39:18.626] [32mINFO[39m: [36mRequired engine migration verified[39m
    module: "worker"
    status: "applied"
    migration: "20260720_controlled_test_offer_review"
    sourcePath: "C:\Users\Manfish\Documents\Codex\2026-09-04\let\work\backend-validation-checkout\backend\database\migrations\20260720_controlled_test_offer_review.sql"
    sha256: "29f42e272b46974910354ed0c32db10744ab771aae92bc83b5c70b84aba9d6e1"
[20:39:18.648] [32mINFO[39m: [36mRequired engine migration verified[39m
    module: "worker"
    status: "applied"
    migration: "20260720_task_safety_state_integrity"
    sourcePath: "C:\Users\Manfish\Documents\Codex\2026-09-04\let\work\backend-validation-checkout\backend\database\migrations\20260720_task_safety_state_integrity.sql"
    sha256: "b0548ea104c938f55f383f777b298427f863792cc440829453fdf9915c33f657"
[20:39:18.663] [32mINFO[39m: [36mRequired engine migration verified[39m
    module: "worker"
    status: "applied"
    migration: "20260720_task_safety_resolution_integrity"
    sourcePath: "C:\Users\Manfish\Documents\Codex\2026-09-04\let\work\backend-validation-checkout\backend\database\migrations\20260720_task_safety_resolution_integrity.sql"
    sha256: "c3f420fa5880355f5fecd84b9b9df5945991cd46d2cb5a4bcca41b2aa024fd62"
[20:39:18.704] [32mINFO[39m: [36mRequired engine migration verified[39m
    module: "worker"
    status: "applied"
    migration: "20260720_task_safety_case_access_integrity"
    sourcePath: "C:\Users\Manfish\Documents\Codex\2026-09-04\let\work\backend-validation-checkout\backend\database\migrations\20260720_task_safety_case_access_integrity.sql"
    sha256: "82d88d339eb6f89e4daae78669c1cd3b8cfad00e3c9865611e02381c744a4778"
[20:39:18.851] [32mINFO[39m: [36mRequired engine migration verified[39m
    module: "worker"
    status: "applied"
    migration: "20260720_operations_exception_contract"
    sourcePath: "C:\Users\Manfish\Documents\Codex\2026-09-04\let\work\backend-validation-checkout\backend\database\migrations\20260720_operations_exception_contract.sql"
    sha256: "f912b02c0d804e06cdabcef8fde8ec3345806c8463ef321211dbe11e9ae021e9"
[20:39:18.870] [32mINFO[39m: [36mRequired engine migration verified[39m
    module: "worker"
    status: "applied"
    migration: "20260721_hustler_trust_progression_contract"
    sourcePath: "C:\Users\Manfish\Documents\Codex\2026-09-04\let\work\backend-validation-checkout\backend\database\migrations\20260721_hustler_trust_progression_contract.sql"
    sha256: "efb7fc4b8f41df8d90f4b63183d3bdb244a41c03b5a73ae673edcab85575b43b"
[20:39:18.912] [32mINFO[39m: [36mRequired engine migration verified[39m
    module: "worker"
    status: "applied"
    migration: "20260721_task_quote_shortlist_messaging_contract"
    sourcePath: "C:\Users\Manfish\Documents\Codex\2026-09-04\let\work\backend-validation-checkout\backend\database\migrations\20260721_task_quote_shortlist_messaging_contract.sql"
    sha256: "33d43cc99215f79b7658d51d781f3923c481fcb6e2b7b7c36aa6d53f26283dd0"
[20:39:18.951] [32mINFO[39m: [36mRequired engine migration verified[39m
    module: "worker"
    status: "applied"
    migration: "20260721_unit_economics_guardrails"
    sourcePath: "C:\Users\Manfish\Documents\Codex\2026-09-04\let\work\backend-validation-checkout\backend\database\migrations\20260721_unit_economics_guardrails.sql"
    sha256: "f0139e1a336cb37bd3a0a92c64d1aabad7adc2cf11527034b50bf5e3007ea720"
[20:39:19.072] [32mINFO[39m: [36mRequired engine migration verified[39m
    module: "worker"
    status: "applied"
    migration: "20260721_build_now_spend_promotion_guardrails"
    sourcePath: "C:\Users\Manfish\Documents\Codex\2026-09-04\let\work\backend-validation-checkout\backend\database\migrations\20260721_build_now_spend_promotion_guardrails.sql"
    sha256: "eff21cecd9f2d714168e989e9bb712ac7b30286f8b0de724f4ca7a7cef8a661d"
[20:39:19.190] [32mINFO[39m: [36mRequired engine migration verified[39m
    module: "worker"
    status: "applied"
    migration: "20260721_private_identity_verification_contract"
    sourcePath: "C:\Users\Manfish\Documents\Codex\2026-09-04\let\work\backend-validation-checkout\backend\database\migrations\20260721_private_identity_verification_contract.sql"
    sha256: "90828c3109521c3f46333876e71c3e0b2e2feee2aab5820b34a7e3731f160117"
[20:39:19.216] [32mINFO[39m: [36mRequired engine migration verified[39m
    module: "worker"
    status: "applied"
    migration: "20260721_sensitive_media_ingestion_shutdown"
    sourcePath: "C:\Users\Manfish\Documents\Codex\2026-09-04\let\work\backend-validation-checkout\backend\database\migrations\20260721_sensitive_media_ingestion_shutdown.sql"
    sha256: "c83366b0b5f4c8ccca98ee5a31d95febaa0107f75e0e0ce60cb2d735c503fc20"
[20:39:19.330] [32mINFO[39m: [36mRequired engine migration verified[39m
    module: "worker"
    status: "applied"
    migration: "20260721_ai_observability_contract"
    sourcePath: "C:\Users\Manfish\Documents\Codex\2026-09-04\let\work\backend-validation-checkout\backend\database\migrations\20260721_ai_observability_contract.sql"
    sha256: "9ec88bb073608316014ed3529ca5632fdbb39394b265e9d2d4163303601ab3e0"
[20:39:19.356] [32mINFO[39m: [36mRequired engine migration verified[39m
    module: "worker"
    status: "applied"
    migration: "20260721_controlled_test_retake_acceptance_repair"
    sourcePath: "C:\Users\Manfish\Documents\Codex\2026-09-04\let\work\backend-validation-checkout\backend\database\migrations\20260721_controlled_test_retake_acceptance_repair.sql"
    sha256: "a1b2a9eb450a0ac4add500620bbcb6738d708603e794a86fcb8ce311adec8fe5"
[20:39:19.374] [32mINFO[39m: [36mRequired engine migration verified[39m
    module: "worker"
    status: "applied"
    migration: "20260721_controlled_test_retake_liquidity_repair"
    sourcePath: "C:\Users\Manfish\Documents\Codex\2026-09-04\let\work\backend-validation-checkout\backend\database\migrations\20260721_controlled_test_retake_liquidity_repair.sql"
    sha256: "edc5ca1a19dbb27ed4ae60efcdfedf2d91a09a86cb2bc0f5cee94bb39837f490"
[20:39:19.394] [32mINFO[39m: [36mRequired engine migration verified[39m
    module: "worker"
    status: "applied"
    migration: "20260721_controlled_test_retake_guard_convergence"
    sourcePath: "C:\Users\Manfish\Documents\Codex\2026-09-04\let\work\backend-validation-checkout\backend\database\migrations\20260721_controlled_test_retake_guard_convergence.sql"
    sha256: "6a2b108d6fe844e4a0235162f25066427eebb1952dbe41e29e7b483c267472b1"
[20:39:19.419] [32mINFO[39m: [36mRequired engine migration verified[39m
    module: "worker"
    status: "applied"
    migration: "20260721_same_worker_retake_assignment_guard_repair"
    sourcePath: "C:\Users\Manfish\Documents\Codex\2026-09-04\let\work\backend-validation-checkout\backend\database\migrations\20260721_same_worker_retake_assignment_guard_repair.sql"
    sha256: "c3500b95949b80004262a9c638f2eca8ef19ad5b446d430aecbe83bc628c7863"
[20:39:19.461] [32mINFO[39m: [36mRequired engine migration verified[39m
    module: "worker"
    status: "applied"
    migration: "20260722_region_policy_legal_approval_activation"
    sourcePath: "C:\Users\Manfish\Documents\Codex\2026-09-04\let\work\backend-validation-checkout\backend\database\migrations\20260722_region_policy_legal_approval_activation.sql"
    sha256: "2be054f21aa0168aad360dd755d52fd5b028a8106129206f47ccfbbc7f081e02"
[20:39:19.485] [32mINFO[39m: [36mRequired engine migration verified[39m
    module: "worker"
    status: "applied"
    migration: "20260722_recurring_payment_dispatch_gate"
    sourcePath: "C:\Users\Manfish\Documents\Codex\2026-09-04\let\work\backend-validation-checkout\backend\database\migrations\20260722_recurring_payment_dispatch_gate.sql"
    sha256: "47c04b2e55a275220c6c1a01fa283628e43fcea869096acd13db8bb59b659c8e"
[20:39:19.710] [32mINFO[39m: [36mRequired engine migration verified[39m
    module: "worker"
    status: "applied"
    migration: "20260722_service_business_assignment_contract"
    sourcePath: "C:\Users\Manfish\Documents\Codex\2026-09-04\let\work\backend-validation-checkout\backend\database\migrations\20260722_service_business_assignment_contract.sql"
    sha256: "258e56009e35228a4e2ad294d879143f4985bdbae7853d1c3c2c9fcda61777af"
[20:39:19.938] [32mINFO[39m: [36mRequired engine migration verified[39m
    module: "worker"
    status: "applied"
    migration: "010_web_platform_tables"
    sourcePath: "C:\Users\Manfish\Documents\Codex\2026-09-04\let\work\backend-validation-checkout\backend\database\migrations\010_web_platform_tables.sql"
    sha256: "8ddd4b374bf8d5c7635214c5d26a84d2e6d81cab10aa8a7049d7b3da1da8b5e2"
[20:39:19.983] [32mINFO[39m: [36mRequired engine migration verified[39m
    module: "worker"
    status: "applied"
    migration: "20260814_quote_price_book"
    sourcePath: "C:\Users\Manfish\Documents\Codex\2026-09-04\let\work\backend-validation-checkout\backend\database\migrations\20260814_quote_price_book.sql"
    sha256: "4d49f31e83b6ba5352ee1c16da45e2b7ce8f84a4d5d9ee0b50bee57e2cafed69"
[20:39:20.041] [32mINFO[39m: [36mRequired engine migration verified[39m
    module: "worker"
    status: "applied"
    migration: "20260814_price_book_quote_decisions"
    sourcePath: "C:\Users\Manfish\Documents\Codex\2026-09-04\let\work\backend-validation-checkout\backend\database\migrations\20260814_price_book_quote_decisions.sql"
    sha256: "77d1a1e17e300f83c1dc7e6f5e57e3ecef617a69066f1806d9d44aea3cf6a4f1"
[20:39:20.136] [32mINFO[39m: [36mRequired engine migration verified[39m
    module: "worker"
    status: "applied"
    migration: "20260814_task_supply_confidence"
    sourcePath: "C:\Users\Manfish\Documents\Codex\2026-09-04\let\work\backend-validation-checkout\backend\database\migrations\20260814_task_supply_confidence.sql"
    sha256: "5c64425fef6a52b4abb7e00f42f2c7322be9d777b58c1efbb1d8f5bd71815e9e"
[20:39:20.164] [32mINFO[39m: [36mRequired engine migration verified[39m
    module: "worker"
    status: "applied"
    migration: "20260815_quote_columns_extra_v4"
    sourcePath: "C:\Users\Manfish\Documents\Codex\2026-09-04\let\work\backend-validation-checkout\backend\database\migrations\20260815_quote_columns_extra_v4.sql"
    sha256: "2c45fbed303842c44ee20d24df090e54de05519d9e7ff5e8f74d4283763be7ee"
[20:39:20.210] [32mINFO[39m: [36mRequired engine migration verified[39m
    module: "worker"
    status: "applied"
    migration: "20260819_quote_payments"
    sourcePath: "C:\Users\Manfish\Documents\Codex\2026-09-04\let\work\backend-validation-checkout\backend\database\migrations\20260819_quote_payments.sql"
    sha256: "bcd90a6905e374568042b589c5c85931f93ea3c9a92fc28afbd0693bcc0e4286"
[20:39:20.302] [32mINFO[39m: [36mRequired engine migration verified[39m
    module: "worker"
    status: "applied"
    migration: "20260823_quote_payment_recovery"
    sourcePath: "C:\Users\Manfish\Documents\Codex\2026-09-04\let\work\backend-validation-checkout\backend\database\migrations\20260823_quote_payment_recovery.sql"
    sha256: "b0d75f09f523fdf1a11ffd5cea7a1c4cd78d431e7e55cb5723f6ce6f243eebc8"
[20:39:20.860] [32mINFO[39m: [36mRequired engine migration verified[39m
    module: "worker"
    status: "applied"
    migration: "20260827_universal_v1_lifecycle_contract"
    sourcePath: "C:\Users\Manfish\Documents\Codex\2026-09-04\let\work\backend-validation-checkout\backend\database\migrations\20260827_universal_v1_lifecycle_contract.sql"
    sha256: "43224cc43d132d1dfa517f5150f28457fc27fda3fb85641d5c836f40406cf513"
[20:39:20.956] [32mINFO[39m: [36mRequired engine migration verified[39m
    module: "worker"
    status: "applied"
    migration: "20260828_operator_authority_contract"
    sourcePath: "C:\Users\Manfish\Documents\Codex\2026-09-04\let\work\backend-validation-checkout\backend\database\migrations\20260828_operator_authority_contract.sql"
    sha256: "6e813f7266e057aeaa840b6924abb8ec1a763ed352c567b0b601aeac0d69d908"
[20:39:20.980] [32mINFO[39m: [36mRequired engine migration verified[39m
    module: "worker"
    status: "applied"
    migration: "20260829_task_matching_state_contract"
    sourcePath: "C:\Users\Manfish\Documents\Codex\2026-09-04\let\work\backend-validation-checkout\backend\database\migrations\20260829_task_matching_state_contract.sql"
    sha256: "07c9ad6227bb5e6dcb2bc1f2c048032a6e32df8cb0ff2087e6fc9248fdfe08c8"
[20:39:20.995] [32mINFO[39m: [36mRequired engine migration verified[39m
    module: "worker"
    status: "applied"
    migration: "20260830_ai_agent_judge_audit_convergence"
    sourcePath: "C:\Users\Manfish\Documents\Codex\2026-09-04\let\work\backend-validation-checkout\backend\database\migrations\20260830_ai_agent_judge_audit_convergence.sql"
    sha256: "47346ca99af25235a6dfdca3a05c6a2734d8bd190f06d02e6fadbd21c13fc705"
[20:39:21.009] [32mINFO[39m: [36mRequired engine migration verified[39m
    module: "worker"
    status: "applied"
    migration: "20260831_provider_neutral_outbound_communication"
    sourcePath: "C:\Users\Manfish\Documents\Codex\2026-09-04\let\work\backend-validation-checkout\backend\database\migrations\20260831_provider_neutral_outbound_communication.sql"
    sha256: "7163e1269dabe9229c15c2515e417349bb57d8d6f4d30653dc18e195b31ef232"
[20:39:21.023] [32mINFO[39m: [36mRequired engine migration verified[39m
    module: "worker"
    status: "applied"
    migration: "20260901_universal_v1_lead_ingress_port"
    sourcePath: "C:\Users\Manfish\Documents\Codex\2026-09-04\let\work\backend-validation-checkout\backend\database\migrations\20260901_universal_v1_lead_ingress_port.sql"
    sha256: "3640d1f62dd029db0bdd23a1cad7c9456b0c65c4a0c0b17c89781a9a32684dea"
[20:39:21.141] [32mINFO[39m: [36mRequired engine migration verified[39m
    module: "worker"
    status: "applied"
    migration: "20260902_universal_v1_task_draft_public_port"
    sourcePath: "C:\Users\Manfish\Documents\Codex\2026-09-04\let\work\backend-validation-checkout\backend\database\migrations\20260902_universal_v1_task_draft_public_port.sql"
    sha256: "dbf11f4ef967c17ac32fe3d4cb5710671fa4092649650d54d5f071b1aa85582e"
[20:39:21.211] [32mINFO[39m: [36mRequired engine migration verified[39m
    module: "worker"
    status: "applied"
    migration: "20260903_universal_v1_task_draft_account_claim"
    sourcePath: "C:\Users\Manfish\Documents\Codex\2026-09-04\let\work\backend-validation-checkout\backend\database\migrations\20260903_universal_v1_task_draft_account_claim.sql"
    sha256: "d2141ef2d979c69af21653750ff4dc9e94085c53072b87324fafb6cfb114f614"
[20:39:21.235] [32mINFO[39m: [36mRequired engine migration verified[39m
    module: "worker"
    status: "applied"
    migration: "20260904_canonical_user_email_identity"
    sourcePath: "C:\Users\Manfish\Documents\Codex\2026-09-04\let\work\backend-validation-checkout\backend\database\migrations\20260904_canonical_user_email_identity.sql"
    sha256: "3efc1ed89a01b95037837fb075015d027b0f0e72047fa013839299378c5dcf57"
[20:39:21.253] [32mINFO[39m: [36mRequired engine migration verified[39m
    module: "worker"
    status: "applied"
    migration: "20260905_universal_v1_task_draft_legacy_claim_import_repair"
    sourcePath: "C:\Users\Manfish\Documents\Codex\2026-09-04\let\work\backend-validation-checkout\backend\database\migrations\20260905_universal_v1_task_draft_legacy_claim_import_repair.sql"
    sha256: "67990edf9f231d953e519eacf796aa0fcada492f8fe8ce4b7f7889560a07e827"
[20:39:21.342] [32mINFO[39m: [36mRequired engine migration verified[39m
    module: "worker"
    status: "applied"
    migration: "20260906_universal_v1_estimate_acceptance_materialization"
    sourcePath: "C:\Users\Manfish\Documents\Codex\2026-09-04\let\work\backend-validation-checkout\backend\database\migrations\20260906_universal_v1_estimate_acceptance_materialization.sql"
    sha256: "671d0c9cbb1507a6303165d319e08441f69e5027d6ab2d075561b70a063191e6"
[20:39:21.428] [32mINFO[39m: [36mRequired engine migration verified[39m
    module: "worker"
    status: "applied"
    migration: "20260907_universal_v1_provider_estimate_invitation"
    sourcePath: "C:\Users\Manfish\Documents\Codex\2026-09-04\let\work\backend-validation-checkout\backend\database\migrations\20260907_universal_v1_provider_estimate_invitation.sql"
    sha256: "aac7221f4cd1dca94d26a90e96b5de7078c50cf7660bb934582faecb1a70001e"
[20:39:21.501] [32mINFO[39m: [36mRequired engine migration verified[39m
    module: "worker"
    status: "applied"
    migration: "20260908_universal_v1_provider_work_order_authority"
    sourcePath: "C:\Users\Manfish\Documents\Codex\2026-09-04\let\work\backend-validation-checkout\backend\database\migrations\20260908_universal_v1_provider_work_order_authority.sql"
    sha256: "53bcfc5cc6aa79c3fc8470db293aa0e8ad411a05db958a46c67389d5bc0e1d4c"
[20:39:21.518] [32mINFO[39m: [36mRequired engine migration verified[39m
    module: "worker"
    status: "applied"
    migration: "20260909_universal_v1_reconciliation_alias_repair"
    sourcePath: "C:\Users\Manfish\Documents\Codex\2026-09-04\let\work\backend-validation-checkout\backend\database\migrations\20260909_universal_v1_reconciliation_alias_repair.sql"
    sha256: "422e138cce00ef672092869a758ca752a08717b81cf822b90a509319c1b610a3"
[20:39:21.570] [32mINFO[39m: [36mRequired engine migration verified[39m
    module: "worker"
    status: "applied"
    migration: "20260911_universal_v1_change_order_application"
    sourcePath: "C:\Users\Manfish\Documents\Codex\2026-09-04\let\work\backend-validation-checkout\backend\database\migrations\20260911_universal_v1_change_order_application.sql"
    sha256: "c89f3cc97feae9563764e0cae8f3df4391204277aaa0fed344ae8dad91c17a43"
[20:39:21.699] [32mINFO[39m: [36mRequired engine migration verified[39m
    module: "worker"
    status: "applied"
    migration: "20260912_universal_v1_work_order_execution_facts"
    sourcePath: "C:\Users\Manfish\Documents\Codex\2026-09-04\let\work\backend-validation-checkout\backend\database\migrations\20260912_universal_v1_work_order_execution_facts.sql"
    sha256: "fdbea47445c8a131c2b41f54f0ba4c57caa359ca2453b5bbe3ab6c12c494ce14"
[20:39:21.737] [32mINFO[39m: [36mRequired engine migration verified[39m
    module: "worker"
    status: "applied"
    migration: "20260913_universal_v1_completion_delivery_receipt"
    sourcePath: "C:\Users\Manfish\Documents\Codex\2026-09-04\let\work\backend-validation-checkout\backend\database\migrations\20260913_universal_v1_completion_delivery_receipt.sql"
    sha256: "6299c82b5bdd2383e6dbb4f5d4c2d3c59b21c5b4f985d4b80331713f4ceeb7af"
[20:39:21.809] [32mINFO[39m: [36mRequired engine migration verified[39m
    module: "worker"
    status: "applied"
    migration: "20260914_notification_provider_in_flight"
    sourcePath: "C:\Users\Manfish\Documents\Codex\2026-09-04\let\work\backend-validation-checkout\backend\database\migrations\20260914_notification_provider_in_flight.sql"
    sha256: "0b9a9e162477efd65db5204b667665197c5b7ffbb50efe86b041093f73d2cc2f"
[20:39:21.826] [32mINFO[39m: [36mRequired engine migration verified[39m
    module: "worker"
    status: "applied"
    migration: "20260915_ai_spend_attempt_ledger"
    sourcePath: "C:\Users\Manfish\Documents\Codex\2026-09-04\let\work\backend-validation-checkout\backend\database\migrations\20260915_ai_spend_attempt_ledger.sql"
    sha256: "63b2615ec02c6193c3a8e8b93de263a5b65ac5ec0cfb93cac1869fdf425bfb77"
[20:39:21.844] [32mINFO[39m: [36mRequired engine migration verified[39m
    module: "worker"
    status: "applied"
    migration: "20260916_provider_event_inbox_v1"
    sourcePath: "C:\Users\Manfish\Documents\Codex\2026-09-04\let\work\backend-validation-checkout\backend\database\migrations\20260916_provider_event_inbox_v1.sql"
    sha256: "452b2534f7559326b3772c84d2c3b12bf2c4b6e7623b2a214cd0d20bd09f07a4"
[20:39:21.861] [32mINFO[39m: [36mRequired engine migration verified[39m
    module: "worker"
    status: "applied"
    migration: "20260917_financial_provider_command_journal_v1"
    sourcePath: "C:\Users\Manfish\Documents\Codex\2026-09-04\let\work\backend-validation-checkout\backend\database\migrations\20260917_financial_provider_command_journal_v1.sql"
    sha256: "1ef51473dda118ffe7ff7799ae66e388a66ff9fa34f71df0fa1dc281b1b72577"
[20:39:21.949] [32mINFO[39m: [36mRequired engine migration verified[39m
    module: "worker"
    status: "applied"
    migration: "20260918_universal_v1_prepared_financial_command_v1"
    sourcePath: "C:\Users\Manfish\Documents\Codex\2026-09-04\let\work\backend-validation-checkout\backend\database\migrations\20260918_universal_v1_prepared_financial_command_v1.sql"
    sha256: "dccae61700235f6e0609bef77e454b808af148c347978ae08b422ded77bd8920"
[20:39:22.050] [32mINFO[39m: [36mRequired engine migration verified[39m
    module: "worker"
    status: "applied"
    migration: "20260919_provider_event_processing_v1"
    sourcePath: "C:\Users\Manfish\Documents\Codex\2026-09-04\let\work\backend-validation-checkout\backend\database\migrations\20260919_provider_event_processing_v1.sql"
    sha256: "48a0874f8cf045c5507071ee7013605101c9d50988fd55a97a6148b979b9e798"
[20:39:22.173] [32mINFO[39m: [36mRequired engine migration verified[39m
    module: "worker"
    status: "applied"
    migration: "20260920_financial_provider_command_recovery_v1"
    sourcePath: "C:\Users\Manfish\Documents\Codex\2026-09-04\let\work\backend-validation-checkout\backend\database\migrations\20260920_financial_provider_command_recovery_v1.sql"
    sha256: "f7e8b62942c1aed5435d2d7d805273effd52fc8041e78561d8ad9d3f69a77daf"
[20:39:22.189] [32mINFO[39m: [36mRequired engine migration verified[39m
    module: "worker"
    status: "applied"
    migration: "20260923_legacy_escrow_insert_containment_v1"
    sourcePath: "C:\Users\Manfish\Documents\Codex\2026-09-04\let\work\backend-validation-checkout\backend\database\migrations\20260923_legacy_escrow_insert_containment_v1.sql"
    sha256: "6b9a51a3aa3e963c13585ba5c374c55164a76be9dfffc91303175a523c9ab5d1"
[20:39:22.243] [32mINFO[39m: [36mRequired engine migration verified[39m
    module: "worker"
    status: "applied"
    migration: "20260924_universal_v1_task_draft_route_context_v1"
    sourcePath: "C:\Users\Manfish\Documents\Codex\2026-09-04\let\work\backend-validation-checkout\backend\database\migrations\20260924_universal_v1_task_draft_route_context_v1.sql"
    sha256: "530539ce2d5b3a002bb7ee5e41666334fd4a1d642dc3ac410cd5bae719b2e76f"
[20:39:22.318] [32mINFO[39m: [36mRequired engine migration verified[39m
    module: "worker"
    status: "applied"
    migration: "20260925_universal_v1_work_order_compensation_v1"
    sourcePath: "C:\Users\Manfish\Documents\Codex\2026-09-04\let\work\backend-validation-checkout\backend\database\migrations\20260925_universal_v1_work_order_compensation_v1.sql"
    sha256: "eca44af1528e1a21b718bc765cd8bc740e779bc02497195ddba7da00607f9169"
[20:39:22.379] [32mINFO[39m: [36mRequired engine migration verified[39m
    module: "worker"
    status: "applied"
    migration: "20260928_provider_observation_normalization_v1"
    sourcePath: "C:\Users\Manfish\Documents\Codex\2026-09-04\let\work\backend-validation-checkout\backend\database\migrations\20260928_provider_observation_normalization_v1.sql"
    sha256: "526872fabf6ee65126e3e864ec7d7fb7b830d08d95b8b35799fad8aadc8e7607"
[20:39:22.558] [32mINFO[39m: [36mRequired engine migration verified[39m
    module: "worker"
    status: "applied"
    migration: "20260929_universal_v1_double_entry_ledger_v1"
    sourcePath: "C:\Users\Manfish\Documents\Codex\2026-09-04\let\work\backend-validation-checkout\backend\database\migrations\20260929_universal_v1_double_entry_ledger_v1.sql"
    sha256: "1ad5d75901ad4de964ca821ca8a78bf37bfdb7322b2a2a2119c7bc60325f3102"
[20:39:22.744] [32mINFO[39m: [36mRequired engine migration verified[39m
    module: "worker"
    status: "applied"
    migration: "20260930_universal_v1_ops_cases_v1"
    sourcePath: "C:\Users\Manfish\Documents\Codex\2026-09-04\let\work\backend-validation-checkout\backend\database\migrations\20260930_universal_v1_ops_cases_v1.sql"
    sha256: "5a60b4ec860d26c1e5251cde4fd8a2f7a5aa9f567dc52adc87a2fb6d72cab104"
[20:39:22.863] [32mINFO[39m: [36mRequired engine migration verified[39m
    module: "worker"
    status: "applied"
    migration: "20261001_universal_v1_relationship_origin_v1"
    sourcePath: "C:\Users\Manfish\Documents\Codex\2026-09-04\let\work\backend-validation-checkout\backend\database\migrations\20261001_universal_v1_relationship_origin_v1.sql"
    sha256: "099372b9a542f268661d61d4ac618a11170fe81a26ae13af0512a82c2405e077"
[20:39:23.104] [32mINFO[39m: [36mRequired engine migration verified[39m
    module: "worker"
    status: "applied"
    migration: "20261002_universal_v1_dispute_recovery_v1"
    sourcePath: "C:\Users\Manfish\Documents\Codex\2026-09-04\let\work\backend-validation-checkout\backend\database\migrations\20261002_universal_v1_dispute_recovery_v1.sql"
    sha256: "6137ad651293d9a7f074b225bbd0f861911892427868ad84aff17425673fa189"
[20:39:23.179] [32mINFO[39m: [36mRequired engine migration verified[39m
    module: "worker"
    status: "applied"
    migration: "20261003_universal_v1_task_opportunities_v1"
    sourcePath: "C:\Users\Manfish\Documents\Codex\2026-09-04\let\work\backend-validation-checkout\backend\database\migrations\20261003_universal_v1_task_opportunities_v1.sql"
    sha256: "8f2e2e0edf387fd89cd936bbab6059cd4a4e22abbb3aae73951f3f466eca84b7"
[20:39:23.292] [32mINFO[39m: [36mRequired engine migration verified[39m
    module: "worker"
    status: "applied"
    migration: "20261004_universal_v1_completion_notice_dispatch_v1"
    sourcePath: "C:\Users\Manfish\Documents\Codex\2026-09-04\let\work\backend-validation-checkout\backend\database\migrations\20261004_universal_v1_completion_notice_dispatch_v1.sql"
    sha256: "f5723941769d027e496d0a3a7fed32b29b1a02ff76db97ead815acd46a7fdee8"
[20:39:23.337] [32mINFO[39m: [36mRequired engine migration verified[39m
    module: "worker"
    status: "applied"
    migration: "20261005_universal_v1_occurrence_access_audit_v1"
    sourcePath: "C:\Users\Manfish\Documents\Codex\2026-09-04\let\work\backend-validation-checkout\backend\database\migrations\20261005_universal_v1_occurrence_access_audit_v1.sql"
    sha256: "d805ce946b7aba804be55aea9f131cff99047adaa7d46cd3d21242ac492ec364"
[20:39:23.344] [32mINFO[39m: [36mLegacy exact-location encryption backfill verified[39m
    module: "worker"
    backfilledLocationCount: 0
[20:39:26.155] [32mINFO[39m: [36mRequired engine migration verified[39m
    module: "worker"
    status: "applied"
    migration: "add_missing_tables_v2"
    sourcePath: "C:\Users\Manfish\Documents\Codex\2026-09-04\let\work\backend-validation-checkout\backend\database\migrations\add_missing_tables_v2.sql"
    sha256: "0e82957e8c8ac0cdb2da99faaad235f64e8eda817ff60681e4455719b48a403e"
[20:39:26.360] [32mINFO[39m: [36mRequired engine migration verified[39m
    module: "worker"
    status: "applied"
    migration: "20260710_engine_automation_contracts"
    sourcePath: "C:\Users\Manfish\Documents\Codex\2026-09-04\let\work\backend-validation-checkout\backend\database\migrations\20260710_engine_automation_contracts.sql"
    sha256: "7581c779b858864ba4f1d7ec1af1fb8da613c53b8986adafcfd4de2cf07938a7"
[20:39:26.394] [32mINFO[39m: [36mRequired engine migration verified[39m
    module: "worker"
    status: "applied"
    migration: "20260711_required_proof_alignment"
    sourcePath: "C:\Users\Manfish\Documents\Codex\2026-09-04\let\work\backend-validation-checkout\backend\database\migrations\011-proof-alignment.sql"
    sha256: "aa042a77dc4f8b8fcad8b53f6e678a6c2ec4edf39d7c18f63399d184369759c3"
[20:39:26.528] [32mINFO[39m: [36mRequired engine migration verified[39m
    module: "worker"
    status: "applied"
    migration: "20260711_required_expertise_supply"
    sourcePath: "C:\Users\Manfish\Documents\Codex\2026-09-04\let\work\backend-validation-checkout\backend\database\migrations\expertise_supply_control.sql"
    sha256: "104803408da1a0196291254866cefb2944b4b45be5a2c81df334ecaac828cf39"
[20:39:26.551] [32mINFO[39m: [36mRequired engine migration verified[39m
    module: "worker"
    status: "applied"
    migration: "20260711_task_outcome_classification"
    sourcePath: "C:\Users\Manfish\Documents\Codex\2026-09-04\let\work\backend-validation-checkout\backend\database\migrations\20260711_task_outcome_classification.sql"
    sha256: "c723901db04a66d60ec231ac10324fe8834a32b9b6019b7a5aa0a651638cf791"
[20:39:26.587] [32mINFO[39m: [36mRequired engine migration verified[39m
    module: "worker"
    status: "applied"
    migration: "20260712_hustler_identity_link"
    sourcePath: "C:\Users\Manfish\Documents\Codex\2026-09-04\let\work\backend-validation-checkout\backend\database\migrations\20260712_hustler_identity_link.sql"
    sha256: "4ea3685d374532f90122a58b596d04a544c06bd701d0697037af15a964af3518"
[20:39:26.611] [32mINFO[39m: [36mRequired engine migration verified[39m
    module: "worker"
    status: "applied"
    migration: "20260712_dispatch_expiry_pending_payment_cancel"
    sourcePath: "C:\Users\Manfish\Documents\Codex\2026-09-04\let\work\backend-validation-checkout\backend\database\migrations\20260712_dispatch_expiry_pending_payment_cancel.sql"
    sha256: "4b29f0612985dbf9e90c2f437cc49dbf88223d3a78c67bfd48ebc88e16249a7f"
[20:39:26.625] [32mINFO[39m: [36mRequired engine migration verified[39m
    module: "worker"
    status: "applied"
    migration: "20260712_dispatch_expiry_no_payment_reconcile"
    sourcePath: "C:\Users\Manfish\Documents\Codex\2026-09-04\let\work\backend-validation-checkout\backend\database\migrations\20260712_dispatch_expiry_no_payment_reconcile.sql"
    sha256: "12d4e967e5b0a910debe5c187a5dc3bb18d3c2ce49375e6698aa856e12a60b72"
[20:39:26.699] [32mINFO[39m: [36mRequired engine migration verified[39m
    module: "worker"
    status: "applied"
    migration: "performance_indexes_v1"
    sourcePath: "C:\Users\Manfish\Documents\Codex\2026-09-04\let\work\backend-validation-checkout\backend\database\migrations\20260713_performance_indexes_alignment.sql"
    sha256: "3696d6feeed5f058d286ad62cbe8fb75a72e43cecc93cfcb162bb2ef61cb33cf"
[20:39:26.787] [32mINFO[39m: [36mRequired engine migration verified[39m
    module: "worker"
    status: "applied"
    migration: "chargeback_lifecycle_v1"
    sourcePath: "C:\Users\Manfish\Documents\Codex\2026-09-04\let\work\backend-validation-checkout\backend\database\migrations\chargeback_lifecycle.sql"
    sha256: "32905444b29504044c3f91a5398a0a2c064398d833e66d486e6ca513fddff6f7"
[20:39:26.856] [32mINFO[39m: [36mRequired engine migration verified[39m
    module: "worker"
    status: "applied"
    migration: "20260718_revenue_audit_rail"
    sourcePath: "C:\Users\Manfish\Documents\Codex\2026-09-04\let\work\backend-validation-checkout\backend\database\migrations\20260718_revenue_audit_rail.sql"
    sha256: "f11a5eb964f2c09b9e9592533fd32b35c24c9de8511e79b6096f2cf7627134a0"
[20:39:26.873] [32mINFO[39m: [36mRequired engine migration verified[39m
    module: "worker"
    status: "applied"
    migration: "20260718_quote_economics_contract"
    sourcePath: "C:\Users\Manfish\Documents\Codex\2026-09-04\let\work\backend-validation-checkout\backend\database\migrations\20260718_quote_economics_contract.sql"
    sha256: "1eb1a06963af0d740b488154d5803ab050f322d501feae130ac02e6e5669ecef"
[20:39:26.963] [32mINFO[39m: [36mRequired engine migration verified[39m
    module: "worker"
    status: "applied"
    migration: "20260718_task_scope_versions"
    sourcePath: "C:\Users\Manfish\Documents\Codex\2026-09-04\let\work\backend-validation-checkout\backend\database\migrations\20260718_task_scope_versions.sql"
    sha256: "71098ed2d76562e33e7439b6bbeaa2648c19174a3c19195460238aeaf5abcd6e"
[20:39:26.987] [32mINFO[39m: [36mRequired engine migration verified[39m
    module: "worker"
    status: "applied"
    migration: "20260718_task_location_encryption"
    sourcePath: "C:\Users\Manfish\Documents\Codex\2026-09-04\let\work\backend-validation-checkout\backend\database\migrations\20260718_task_location_encryption.sql"
    sha256: "084ef950e086b7aa5040e4fba37277d18f65a15f6cbea75d52dd5729b00386f2"
[20:39:27.008] [32mINFO[39m: [36mRequired engine migration verified[39m
    module: "worker"
    status: "applied"
    migration: "20260718_proof_submission_atomicity"
    sourcePath: "C:\Users\Manfish\Documents\Codex\2026-09-04\let\work\backend-validation-checkout\backend\database\migrations\20260718_proof_submission_atomicity.sql"
    sha256: "6d5dfced166382beed083351a6c75aa5bbf972dcb0eb8704003cae40aa8d5768"
[20:39:27.080] [32mINFO[39m: [36mRequired engine migration verified[39m
    module: "worker"
    status: "applied"
    migration: "20260718_task_safety_incident_cases"
    sourcePath: "C:\Users\Manfish\Documents\Codex\2026-09-04\let\work\backend-validation-checkout\backend\database\migrations\20260718_task_safety_incident_cases.sql"
    sha256: "a73437cc7e7f152a195b730f4c1d622ca2461bc682665c26f31760a3d1fa3800"
[20:39:27.103] [32mINFO[39m: [36mRequired engine migration verified[39m
    module: "worker"
    status: "applied"
    migration: "20260718_task_safety_delivery_contract"
    sourcePath: "C:\Users\Manfish\Documents\Codex\2026-09-04\let\work\backend-validation-checkout\backend\database\migrations\20260718_task_safety_delivery_contract.sql"
    sha256: "26c8241b9526f77980121afa98089dcf55162204979c0ee0465b1d7c55416c7d"
[20:39:27.179] [32mINFO[39m: [36mRequired engine migration verified[39m
    module: "worker"
    status: "applied"
    migration: "20260718_task_safety_checkins"
    sourcePath: "C:\Users\Manfish\Documents\Codex\2026-09-04\let\work\backend-validation-checkout\backend\database\migrations\20260718_task_safety_checkins.sql"
    sha256: "f9278e4a9cb7c7345f321712a4204280129d6e31aba31d03a987c31cb40781e5"
[20:39:27.227] [32mINFO[39m: [36mRequired engine migration verified[39m
    module: "worker"
    status: "applied"
    migration: "20260718_task_safety_location_encryption"
    sourcePath: "C:\Users\Manfish\Documents\Codex\2026-09-04\let\work\backend-validation-checkout\backend\database\migrations\20260718_task_safety_location_encryption.sql"
    sha256: "2cd76dff8f126da4bec2d6f58e2c6de5c3c93a3fabd1024536a7c007dce07e46"
[20:39:27.312] [32mINFO[39m: [36mRequired engine migration verified[39m
    module: "worker"
    status: "applied"
    migration: "20260718_zone_category_liquidity_cells"
    sourcePath: "C:\Users\Manfish\Documents\Codex\2026-09-04\let\work\backend-validation-checkout\backend\database\migrations\20260718_zone_category_liquidity_cells.sql"
    sha256: "8c427c29ac142a7543c08768be5823b1dcd6d4630b1a3b5128e2e88afce77a2c"
[20:39:27.409] [32mINFO[39m: [36mRequired engine migration verified[39m
    module: "worker"
    status: "applied"
    migration: "20260718_worker_offer_decision_contract"
    sourcePath: "C:\Users\Manfish\Documents\Codex\2026-09-04\let\work\backend-validation-checkout\backend\database\migrations\20260718_worker_offer_decision_contract.sql"
    sha256: "81defc49577f106e03e682814dd2bc302f7435adfb1711a8801d68ada75d4e02"
[20:39:27.565] [32mINFO[39m: [36mRequired engine migration verified[39m
    module: "worker"
    status: "applied"
    migration: "20260718_worker_screening_rights_contract"
    sourcePath: "C:\Users\Manfish\Documents\Codex\2026-09-04\let\work\backend-validation-checkout\backend\database\migrations\20260718_worker_screening_rights_contract.sql"
    sha256: "3c1d98eb3a8e5f59811dc7a937584bc96b0d37bae87a04f7bac58b41e1a4d20d"
[20:39:27.644] [32mINFO[39m: [36mRequired engine migration verified[39m
    module: "worker"
    status: "applied"
    migration: "20260718_region_policy_contract"
    sourcePath: "C:\Users\Manfish\Documents\Codex\2026-09-04\let\work\backend-validation-checkout\backend\database\migrations\20260718_region_policy_contract.sql"
    sha256: "01c65eb106aa9ad3a9909e08b882f6ba908bf626e0c23a68136c64fe39ec9311"
[20:39:27.682] [32mINFO[39m: [36mRequired engine migration verified[39m
    module: "worker"
    status: "applied"
    migration: "20260718_completion_retention_contract"
    sourcePath: "C:\Users\Manfish\Documents\Codex\2026-09-04\let\work\backend-validation-checkout\backend\database\migrations\20260718_completion_retention_contract.sql"
    sha256: "b55d86d2438505a7e38b330de642ca1711ab14e8f970da9e9eca8d975da38ef0"
[20:39:27.766] [32mINFO[39m: [36mRequired engine migration verified[39m
    module: "worker"
    status: "applied"
    migration: "20260718_task_public_clarifications"
    sourcePath: "C:\Users\Manfish\Documents\Codex\2026-09-04\let\work\backend-validation-checkout\backend\database\migrations\20260718_task_public_clarifications.sql"
    sha256: "5dd2cca338998318447069a4c47fcaaf8a48e2d9bb7004e24576bc76849c9155"
[20:39:27.924] [32mINFO[39m: [36mRequired engine migration verified[39m
    module: "worker"
    status: "applied"
    migration: "20260718_marketplace_reputation_contract"
    sourcePath: "C:\Users\Manfish\Documents\Codex\2026-09-04\let\work\backend-validation-checkout\backend\database\migrations\20260718_marketplace_reputation_contract.sql"
    sha256: "df565bff5dd411e74c6714e3353d22e28af6438b8a2a16c34fb574dd46d50933"
[20:39:28.044] [32mINFO[39m: [36mRequired engine migration verified[39m
    module: "worker"
    status: "applied"
    migration: "20260718_business_workspace_contract"
    sourcePath: "C:\Users\Manfish\Documents\Codex\2026-09-04\let\work\backend-validation-checkout\backend\database\migrations\20260718_business_workspace_contract.sql"
    sha256: "a22965906807502d81f7fc6fb085b1f71ee4cf8171986eb61be292dccc137c45"
[20:39:28.252] [32mINFO[39m: [36mRequired engine migration verified[39m
    module: "worker"
    status: "applied"
    migration: "20260718_business_operations_contract"
    sourcePath: "C:\Users\Manfish\Documents\Codex\2026-09-04\let\work\backend-validation-checkout\backend\database\migrations\20260718_business_operations_contract.sql"
    sha256: "23fdb635e6768e7cfabc299ba4babab7aa37e29d319f124e8cf96e152ff7a0cb"
[20:39:28.388] [32mINFO[39m: [36mRequired engine migration verified[39m
    module: "worker"
    status: "applied"
    migration: "20260718_business_execution_contract"
    sourcePath: "C:\Users\Manfish\Documents\Codex\2026-09-04\let\work\backend-validation-checkout\backend\database\migrations\20260718_business_execution_contract.sql"
    sha256: "b4bad697897f51aa69f4c435d194bcb0730e1c357110c56aeeeccc61ec0c8d2d"
[20:39:28.584] [32mINFO[39m: [36mRequired engine migration verified[39m
    module: "worker"
    status: "applied"
    migration: "20260718_recurring_work_contract"
    sourcePath: "C:\Users\Manfish\Documents\Codex\2026-09-04\let\work\backend-validation-checkout\backend\database\migrations\20260718_recurring_work_contract.sql"
    sha256: "65bbbe96e1af6d909cd9a454c201bf4e62c99e60ec6bddbaa2454a3e3de4ed4b"
[20:39:28.618] [32mINFO[39m: [36mRequired engine migration verified[39m
    module: "worker"
    status: "applied"
    migration: "20260718_business_recurring_contract"
    sourcePath: "C:\Users\Manfish\Documents\Codex\2026-09-04\let\work\backend-validation-checkout\backend\database\migrations\20260718_business_recurring_contract.sql"
    sha256: "e068a0aa68b7baf4a7c13f217536251708913b854119a3da350455230355f5d3"
[20:39:28.708] [32mINFO[39m: [36mRequired engine migration verified[39m
    module: "worker"
    status: "applied"
    migration: "20260719_recommendation_contract"
    sourcePath: "C:\Users\Manfish\Documents\Codex\2026-09-04\let\work\backend-validation-checkout\backend\database\migrations\20260719_recommendation_contract.sql"
    sha256: "3345c3fdce3aef451c89fd8245dff11096dffe1108309e19c1470f2138641ab4"
[20:39:28.800] [32mINFO[39m: [36mRequired engine migration verified[39m
    module: "worker"
    status: "applied"
    migration: "20260719_hustler_wallet_contract"
    sourcePath: "C:\Users\Manfish\Documents\Codex\2026-09-04\let\work\backend-validation-checkout\backend\database\migrations\20260719_hustler_wallet_contract.sql"
    sha256: "153809d4d570a54b27357e2ebff51c3b35fa303e69da29c570816acca89f29ab"
[20:39:28.835] [32mINFO[39m: [36mRequired engine migration verified[39m
    module: "worker"
    status: "applied"
    migration: "20260719_wallet_provider_event_integrity"
    sourcePath: "C:\Users\Manfish\Documents\Codex\2026-09-04\let\work\backend-validation-checkout\backend\database\migrations\20260719_wallet_provider_event_integrity.sql"
    sha256: "1ee57eb0d4c3d157632b8db3fbc8cc232ac1241c1ca76944250ca42e1fdbc8de"
[20:39:28.854] [32mINFO[39m: [36mRequired engine migration verified[39m
    module: "worker"
    status: "applied"
    migration: "20260719_wallet_provider_event_integrity_repair"
    sourcePath: "C:\Users\Manfish\Documents\Codex\2026-09-04\let\work\backend-validation-checkout\backend\database\migrations\20260719_wallet_provider_event_integrity_repair.sql"
    sha256: "96ff51a6414cb261fa2791281c076e4e5b7fafd73cbacc2db939402e4219a6a5"
[20:39:29.189] [32mINFO[39m: [36mRequired engine migration verified[39m
    module: "worker"
    status: "applied"
    migration: "20260719_lifecycle_service_foundations"
    sourcePath: "C:\Users\Manfish\Documents\Codex\2026-09-04\let\work\backend-validation-checkout\backend\database\migrations\20260719_lifecycle_service_foundations.sql"
    sha256: "4c1edaecda49afeae3950afe832074f8903d64aa6f726bbee2a0717f26113596"
[20:39:29.211] [32mINFO[39m: [36mRequired engine migration verified[39m
    module: "worker"
    status: "applied"
    migration: "20260719_task_worker_eligibility_contract"
    sourcePath: "C:\Users\Manfish\Documents\Codex\2026-09-04\let\work\backend-validation-checkout\backend\database\migrations\20260719_task_worker_eligibility_contract.sql"
    sha256: "a1fb5d0387d61fef4b484be82d15153031b14860bcc8b4bbaa690a4ca096a0fb"
[20:39:29.257] [32mINFO[39m: [36mRequired engine migration verified[39m
    module: "worker"
    status: "applied"
    migration: "20260719_append_only_truncate_contract"
    sourcePath: "C:\Users\Manfish\Documents\Codex\2026-09-04\let\work\backend-validation-checkout\backend\database\migrations\20260719_append_only_truncate_contract.sql"
    sha256: "1b105f37e52b19435aacc7b04b2496bbef7f5cd0b0b1681487342e2e411544b4"
[20:39:29.305] [32mINFO[39m: [36mRequired engine migration verified[39m
    module: "worker"
    status: "applied"
    migration: "20260719_admin_user_search_trigram_contract"
    sourcePath: "C:\Users\Manfish\Documents\Codex\2026-09-04\let\work\backend-validation-checkout\backend\database\migrations\20260719_admin_user_search_trigram_contract.sql"
    sha256: "89a20a0c588af79ae8c0cd8e06949f4a542928b826adafa822d5a02b20694090"
[20:39:29.356] [32mINFO[39m: [36mRequired engine migration verified[39m
    module: "worker"
    status: "applied"
    migration: "20260719_admin_capability_contract"
    sourcePath: "C:\Users\Manfish\Documents\Codex\2026-09-04\let\work\backend-validation-checkout\backend\database\migrations\20260719_admin_capability_contract.sql"
    sha256: "cacc11cfe40b498767acbbaa736f2462e21a758018bcda1a667430a3c441c0f4"
[20:39:29.382] [32mINFO[39m: [36mRequired engine migration verified[39m
    module: "worker"
    status: "applied"
    migration: "20260719_tier0_browse_only_contract"
    sourcePath: "C:\Users\Manfish\Documents\Codex\2026-09-04\let\work\backend-validation-checkout\backend\database\migrations\20260719_tier0_browse_only_contract.sql"
    sha256: "336d976adfc3ce6e892b16c67a08bbc692165d2373084c3e51ab3e0a3db7a9d5"
[20:39:29.407] [32mINFO[39m: [36mRequired engine migration verified[39m
    module: "worker"
    status: "applied"
    migration: "20260719_task_template_policy_contract"
    sourcePath: "C:\Users\Manfish\Documents\Codex\2026-09-04\let\work\backend-validation-checkout\backend\database\migrations\20260719_task_template_policy_contract.sql"
    sha256: "1b4e180c34fce08ea00076e1f02f9c57d698c532db1eff84d9973e68c189ff8f"
[20:39:29.460] [32mINFO[39m: [36mRequired engine migration verified[39m
    module: "worker"
    status: "applied"
    migration: "20260719_compliance_guardian_persistence_contract"
    sourcePath: "C:\Users\Manfish\Documents\Codex\2026-09-04\let\work\backend-validation-checkout\backend\database\migrations\20260719_compliance_guardian_persistence_contract.sql"
    sha256: "ad0d747354fd6040df2669ffc0fbe485526240aca38887e27a069f49ab67767c"
[20:39:29.475] [32mINFO[39m: [36mRequired engine migration verified[39m
    module: "worker"
    status: "applied"
    migration: "20260719_worker_offer_retake_contract"
    sourcePath: "C:\Users\Manfish\Documents\Codex\2026-09-04\let\work\backend-validation-checkout\backend\database\migrations\20260719_worker_offer_retake_contract.sql"
    sha256: "0e5c8b6dde2fe27aecb7eed4ea1c329a4872cee9cc54c7a42505e431e5df0301"
[20:39:29.530] [32mINFO[39m: [36mRequired engine migration verified[39m
    module: "worker"
    status: "applied"
    migration: "20260719_liquidity_expansion_contract"
    sourcePath: "C:\Users\Manfish\Documents\Codex\2026-09-04\let\work\backend-validation-checkout\backend\database\migrations\20260719_liquidity_expansion_contract.sql"
    sha256: "6ba06780137ac5142e4560d465300cdb21105c690cfb320a588b35b37f69d795"
[20:39:29.549] [32mINFO[39m: [36mRequired engine migration verified[39m
    module: "worker"
    status: "applied"
    migration: "20260719_liquidity_expansion_fk_repair"
    sourcePath: "C:\Users\Manfish\Documents\Codex\2026-09-04\let\work\backend-validation-checkout\backend\database\migrations\20260719_liquidity_expansion_fk_repair.sql"
    sha256: "3ab131b4dbc128a99cd9eb7512888282df572f0ca61519d0453ebaa8be686c17"
[20:39:29.657] [32mINFO[39m: [36mRequired engine migration verified[39m
    module: "worker"
    status: "applied"
    migration: "20260719_worker_counter_offer_contract"
    sourcePath: "C:\Users\Manfish\Documents\Codex\2026-09-04\let\work\backend-validation-checkout\backend\database\migrations\20260719_worker_counter_offer_contract.sql"
    sha256: "1c6376dc07f95465f0925134f9d30990ed0da52c869cb9e039f3865508f85696"
[20:39:29.675] [32mINFO[39m: [36mRequired engine migration verified[39m
    module: "worker"
    status: "applied"
    migration: "20260719_worker_counter_offer_exclusivity"
    sourcePath: "C:\Users\Manfish\Documents\Codex\2026-09-04\let\work\backend-validation-checkout\backend\database\migrations\20260719_worker_counter_offer_exclusivity.sql"
    sha256: "5f72eb8f7bacc3c45c3dfba2527f7ccd5571ea6db0bcb4dd119a32ed0436e78f"
[20:39:29.806] [32mINFO[39m: [36mRequired engine migration verified[39m
    module: "worker"
    status: "applied"
    migration: "20260719_external_task_bridge_contract"
    sourcePath: "C:\Users\Manfish\Documents\Codex\2026-09-04\let\work\backend-validation-checkout\backend\database\migrations\20260719_external_task_bridge_contract.sql"
    sha256: "33080f06754d9ed04bf6624ac0dbf5c7817c8324af9be25ecb01ebf50ecffb69"
[20:39:29.890] [32mINFO[39m: [36mRequired engine migration verified[39m
    module: "worker"
    status: "applied"
    migration: "20260720_task_geofence_event_contract"
    sourcePath: "C:\Users\Manfish\Documents\Codex\2026-09-04\let\work\backend-validation-checkout\backend\database\migrations\20260720_task_geofence_event_contract.sql"
    sha256: "c2a31559936f1d1db684a27f3cca8554fe3b6986830ff6795e547c17409e24af"
[20:39:30.042] [32mINFO[39m: [36mRequired engine migration verified[39m
    module: "worker"
    status: "applied"
    migration: "20260720_major_action_telemetry_contract"
    sourcePath: "C:\Users\Manfish\Documents\Codex\2026-09-04\let\work\backend-validation-checkout\backend\database\migrations\20260720_major_action_telemetry_contract.sql"
    sha256: "0939eb301dba2a9b8e50c759fd794c19cfd19b7ac8c761449dccc5d346a5fd07"
[20:39:30.058] [32mINFO[39m: [36mRequired engine migration verified[39m
    module: "worker"
    status: "applied"
    migration: "20260720_major_action_telemetry_contract_repair"
    sourcePath: "C:\Users\Manfish\Documents\Codex\2026-09-04\let\work\backend-validation-checkout\backend\database\migrations\20260720_major_action_telemetry_contract_repair.sql"
    sha256: "7aebc9a96ca0eb516d6eaabff5c8ea44a1c99ef452328abfdc31e423fcb50960"
[20:39:30.071] [32mINFO[39m: [36mRequired engine migration verified[39m
    module: "worker"
    status: "applied"
    migration: "20260720_major_action_source_registry_repair"
    sourcePath: "C:\Users\Manfish\Documents\Codex\2026-09-04\let\work\backend-validation-checkout\backend\database\migrations\20260720_major_action_source_registry_repair.sql"
    sha256: "dd0641389a561a02ee7bc211494baeecad4a584f4ae878e367d7bd6ec41ef99d"
[20:39:30.171] [32mINFO[39m: [36mRequired engine migration verified[39m
    module: "worker"
    status: "applied"
    migration: "20260720_offline_action_sync_contract"
    sourcePath: "C:\Users\Manfish\Documents\Codex\2026-09-04\let\work\backend-validation-checkout\backend\database\migrations\20260720_offline_action_sync_contract.sql"
    sha256: "a24c7a3a1fc6d248e7ed84850c282b1d70e136470a5814e5cf73d354fb71a225"
[20:39:30.189] [32mINFO[39m: [36mRequired engine migration verified[39m
    module: "worker"
    status: "applied"
    migration: "20260720_offline_action_sync_contract_repair"
    sourcePath: "C:\Users\Manfish\Documents\Codex\2026-09-04\let\work\backend-validation-checkout\backend\database\migrations\20260720_offline_action_sync_contract_repair.sql"
    sha256: "dd3ebeb8b7660ce2a7e7dc0c90c75b8c44368ed464dd80d5a48db74c608fe2ad"
[20:39:30.219] [32mINFO[39m: [36mRequired engine migration verified[39m
    module: "worker"
    status: "applied"
    migration: "20260720_proof_verification_signal_contract"
    sourcePath: "C:\Users\Manfish\Documents\Codex\2026-09-04\let\work\backend-validation-checkout\backend\database\migrations\20260720_proof_verification_signal_contract.sql"
    sha256: "7956522e446ae42141b204c0f32d6cc1843c8deb54d474f5bc3d5687577e18fb"
[20:39:30.252] [32mINFO[39m: [36mRequired engine migration verified[39m
    module: "worker"
    status: "applied"
    migration: "20260720_proof_media_metadata_minimization"
    sourcePath: "C:\Users\Manfish\Documents\Codex\2026-09-04\let\work\backend-validation-checkout\backend\database\migrations\20260720_proof_media_metadata_minimization.sql"
    sha256: "d8b3f516a303744ab8bfe467d528f552f0c444466d64ab1e881d6ae5f422e396"
[20:39:30.337] [32mINFO[39m: [36mRequired engine migration verified[39m
    module: "worker"
    status: "applied"
    migration: "20260720_media_upload_finalization_contract"
    sourcePath: "C:\Users\Manfish\Documents\Codex\2026-09-04\let\work\backend-validation-checkout\backend\database\migrations\20260720_media_upload_finalization_contract.sql"
    sha256: "c7cb31234baeb3ec101b44a73df6fd93198d3c442ceaa0713188e912bae10715"
[20:39:30.415] [32mINFO[39m: [36mRequired engine migration verified[39m
    module: "worker"
    status: "applied"
    migration: "20260720_private_media_delivery_contract"
    sourcePath: "C:\Users\Manfish\Documents\Codex\2026-09-04\let\work\backend-validation-checkout\backend\database\migrations\20260720_private_media_delivery_contract.sql"
    sha256: "dab4cace45c99879d1a6f3e978198fe8ec4e1840607319522b8addfc20cda608"
[20:39:30.556] [32mINFO[39m: [36mRequired engine migration verified[39m
    module: "worker"
    status: "applied"
    migration: "20260720_worker_standing_appeals"
    sourcePath: "C:\Users\Manfish\Documents\Codex\2026-09-04\let\work\backend-validation-checkout\backend\database\migrations\20260720_worker_standing_appeals.sql"
    sha256: "02e2a7c9d91a10b780ea1c01444a57c257faecb7c1ec2f129c82ae8fb4004608"
[20:39:30.592] [32mINFO[39m: [36mRequired engine migration verified[39m
    module: "worker"
    status: "applied"
    migration: "20260720_offline_action_reconciliation"
    sourcePath: "C:\Users\Manfish\Documents\Codex\2026-09-04\let\work\backend-validation-checkout\backend\database\migrations\20260720_offline_action_reconciliation.sql"
    sha256: "12e245da2e45ce917516fdd4dfd2610348eb5c0420c1490987e378ad5f485f94"
[20:39:30.612] [32mINFO[39m: [36mRequired engine migration verified[39m
    module: "worker"
    status: "applied"
    migration: "20260720_dispute_release_authority_contract"
    sourcePath: "C:\Users\Manfish\Documents\Codex\2026-09-04\let\work\backend-validation-checkout\backend\database\migrations\20260720_dispute_release_authority_contract.sql"
    sha256: "0b7cadab9f4c40170d31c5e21921adb42b36935e6f3df81a87991fda9c0029fd"
[20:39:30.669] [32mINFO[39m: [36mRequired engine migration verified[39m
    module: "worker"
    status: "applied"
    migration: "20260720_notification_delivery_contract"
    sourcePath: "C:\Users\Manfish\Documents\Codex\2026-09-04\let\work\backend-validation-checkout\backend\database\migrations\20260720_notification_delivery_contract.sql"
    sha256: "a2264390a09a6ae20ce0011683ab870c631feebfde87ed80a872e986a575bb0b"
[20:39:30.682] [32mINFO[39m: [36mRequired engine migration verified[39m
    module: "worker"
    status: "applied"
    migration: "20260720_notification_delivery_contract_repair"
    sourcePath: "C:\Users\Manfish\Documents\Codex\2026-09-04\let\work\backend-validation-checkout\backend\database\migrations\20260720_notification_delivery_contract_repair.sql"
    sha256: "e0aaa1a3cb653917924183fcf67291b33a2dbf38579eb01b17122e649c71c40f"
[20:39:30.702] [32mINFO[39m: [36mRequired engine migration verified[39m
    module: "worker"
    status: "applied"
    migration: "20260720_notification_focus_suppression"
    sourcePath: "C:\Users\Manfish\Documents\Codex\2026-09-04\let\work\backend-validation-checkout\backend\database\migrations\20260720_notification_focus_suppression.sql"
    sha256: "e320ed83af84fd2c3781a1229db74126778b7c2d8eeb41dbddc432c634faba05"
[20:39:30.716] [32mINFO[39m: [36mRequired engine migration verified[39m
    module: "worker"
    status: "applied"
    migration: "20260720_schema_convergence_repair"
    sourcePath: "C:\Users\Manfish\Documents\Codex\2026-09-04\let\work\backend-validation-checkout\backend\database\migrations\20260720_schema_convergence_repair.sql"
    sha256: "5151894b324679c19cc7a70179aec8f0248a3c66c5325b97d8bdcf618f684da2"
[20:39:30.778] [32mINFO[39m: [36mRequired engine migration verified[39m
    module: "worker"
    status: "applied"
    migration: "20260720_local_certification_payment_provider"
    sourcePath: "C:\Users\Manfish\Documents\Codex\2026-09-04\let\work\backend-validation-checkout\backend\database\migrations\20260720_local_certification_payment_provider.sql"
    sha256: "413a1183e48dd0c3aa8131390481e7acfb17229727445023dfe659b20c123392"
[20:39:30.797] [32mINFO[39m: [36mRequired engine migration verified[39m
    module: "worker"
    status: "applied"
    migration: "20260720_region_policy_price_book_alignment"
    sourcePath: "C:\Users\Manfish\Documents\Codex\2026-09-04\let\work\backend-validation-checkout\backend\database\migrations\20260720_region_policy_price_book_alignment.sql"
    sha256: "614ac15399457b310f60e4bf637ee1d394a0da97e9cbcd9d6a8367a219af68e0"
[20:39:30.924] [32mINFO[39m: [36mRequired engine migration verified[39m
    module: "worker"
    status: "applied"
    migration: "20260720_local_certification_payout_provider"
    sourcePath: "C:\Users\Manfish\Documents\Codex\2026-09-04\let\work\backend-validation-checkout\backend\database\migrations\20260720_local_certification_payout_provider.sql"
    sha256: "1435947ebbdfa50dec2d0d812fe8d332287be1f0a6b7fd1c50cd96a5bfa9e097"
[20:39:31.006] [32mINFO[39m: [36mRequired engine migration verified[39m
    module: "worker"
    status: "applied"
    migration: "20260720_local_certification_screening_provider"
    sourcePath: "C:\Users\Manfish\Documents\Codex\2026-09-04\let\work\backend-validation-checkout\backend\database\migrations\20260720_local_certification_screening_provider.sql"
    sha256: "626ff1f60a8f8f6b6acd2a9aba621409bd3eab3142004361a89ae77a5c26f1cc"
[20:39:31.069] [32mINFO[39m: [36mRequired engine migration verified[39m
    module: "worker"
    status: "applied"
    migration: "20260720_controlled_test_liquidity_cell"
    sourcePath: "C:\Users\Manfish\Documents\Codex\2026-09-04\let\work\backend-validation-checkout\backend\database\migrations\20260720_controlled_test_liquidity_cell.sql"
    sha256: "1826b8b06b3b0de634f2420a40a00bcce2ce2a370d2349192b5dd6a7e981493d"
[20:39:31.086] [32mINFO[39m: [36mRequired engine migration verified[39m
    module: "worker"
    status: "applied"
    migration: "20260720_controlled_test_liquidity_marker_repair"
    sourcePath: "C:\Users\Manfish\Documents\Codex\2026-09-04\let\work\backend-validation-checkout\backend\database\migrations\20260720_controlled_test_liquidity_marker_repair.sql"
    sha256: "e9d3e3dbd829fdf0dad577701b22070218577a8bc9f6b70e8e0ec207eb06af28"
[20:39:31.102] [32mINFO[39m: [36mRequired engine migration verified[39m
    module: "worker"
    status: "applied"
    migration: "20260720_controlled_test_liquidity_lifecycle_repair"
    sourcePath: "C:\Users\Manfish\Documents\Codex\2026-09-04\let\work\backend-validation-checkout\backend\database\migrations\20260720_controlled_test_liquidity_lifecycle_repair.sql"
    sha256: "f921c0c7a374e4a7f4bd0b0a81af34667c52f1264d3f3c0ad57b017e0583e0cc"
[20:39:31.157] [32mINFO[39m: [36mRequired engine migration verified[39m
    module: "worker"
    status: "applied"
    migration: "20260720_controlled_test_duration_evidence"
    sourcePath: "C:\Users\Manfish\Documents\Codex\2026-09-04\let\work\backend-validation-checkout\backend\database\migrations\20260720_controlled_test_duration_evidence.sql"
    sha256: "9b2b0630d0fa0e24552547940c5ee1097e6b7a32cb5b90f5cc5426a25606ae77"
[20:39:31.210] [32mINFO[39m: [36mRequired engine migration verified[39m
    module: "worker"
    status: "applied"
    migration: "20260720_controlled_test_provider_capability"
    sourcePath: "C:\Users\Manfish\Documents\Codex\2026-09-04\let\work\backend-validation-checkout\backend\database\migrations\20260720_controlled_test_provider_capability.sql"
    sha256: "079baedf700badc9c00e1e91f83f96d409bee7f713c9e7d349767a92c112fcc1"
[20:39:31.232] [32mINFO[39m: [36mRequired engine migration verified[39m
    module: "worker"
    status: "applied"
    migration: "20260720_controlled_test_provider_capability_expiry"
    sourcePath: "C:\Users\Manfish\Documents\Codex\2026-09-04\let\work\backend-validation-checkout\backend\database\migrations\20260720_controlled_test_provider_capability_expiry.sql"
    sha256: "770a9973510b499f6e9c1b3428f5ba8dccbbca45c6aef62e463372dcdd2640a5"
[20:39:31.250] [32mINFO[39m: [36mRequired engine migration verified[39m
    module: "worker"
    status: "applied"
    migration: "20260720_controlled_test_provider_capability_refresh"
    sourcePath: "C:\Users\Manfish\Documents\Codex\2026-09-04\let\work\backend-validation-checkout\backend\database\migrations\20260720_controlled_test_provider_capability_refresh.sql"
    sha256: "fce9cbe6df1865581bc414ee1d102afe140899a4b3d0f35697c894edfb375011"
[20:39:31.266] [32mINFO[39m: [36mRequired engine migration verified[39m
    module: "worker"
    status: "applied"
    migration: "20260720_controlled_test_provider_capability_refresh_repair"
    sourcePath: "C:\Users\Manfish\Documents\Codex\2026-09-04\let\work\backend-validation-checkout\backend\database\migrations\20260720_controlled_test_provider_capability_refresh_repair.sql"
    sha256: "fa0600c70a92f0c25112bded13e6e45c5402bfca9aaea45540c08a9a83edcb9d"
[20:39:31.328] [32mINFO[39m: [36mRequired engine migration verified[39m
    module: "worker"
    status: "applied"
    migration: "20260720_controlled_test_offer_review"
    sourcePath: "C:\Users\Manfish\Documents\Codex\2026-09-04\let\work\backend-validation-checkout\backend\database\migrations\20260720_controlled_test_offer_review.sql"
    sha256: "29f42e272b46974910354ed0c32db10744ab771aae92bc83b5c70b84aba9d6e1"
[20:39:31.351] [32mINFO[39m: [36mRequired engine migration verified[39m
    module: "worker"
    status: "applied"
    migration: "20260720_task_safety_state_integrity"
    sourcePath: "C:\Users\Manfish\Documents\Codex\2026-09-04\let\work\backend-validation-checkout\backend\database\migrations\20260720_task_safety_state_integrity.sql"
    sha256: "b0548ea104c938f55f383f777b298427f863792cc440829453fdf9915c33f657"
[20:39:31.372] [32mINFO[39m: [36mRequired engine migration verified[39m
    module: "worker"
    status: "applied"
    migration: "20260720_task_safety_resolution_integrity"
    sourcePath: "C:\Users\Manfish\Documents\Codex\2026-09-04\let\work\backend-validation-checkout\backend\database\migrations\20260720_task_safety_resolution_integrity.sql"
    sha256: "c3f420fa5880355f5fecd84b9b9df5945991cd46d2cb5a4bcca41b2aa024fd62"
[20:39:31.422] [32mINFO[39m: [36mRequired engine migration verified[39m
    module: "worker"
    status: "applied"
    migration: "20260720_task_safety_case_access_integrity"
    sourcePath: "C:\Users\Manfish\Documents\Codex\2026-09-04\let\work\backend-validation-checkout\backend\database\migrations\20260720_task_safety_case_access_integrity.sql"
    sha256: "82d88d339eb6f89e4daae78669c1cd3b8cfad00e3c9865611e02381c744a4778"
[20:39:31.566] [32mINFO[39m: [36mRequired engine migration verified[39m
    module: "worker"
    status: "applied"
    migration: "20260720_operations_exception_contract"
    sourcePath: "C:\Users\Manfish\Documents\Codex\2026-09-04\let\work\backend-validation-checkout\backend\database\migrations\20260720_operations_exception_contract.sql"
    sha256: "f912b02c0d804e06cdabcef8fde8ec3345806c8463ef321211dbe11e9ae021e9"
[20:39:31.588] [32mINFO[39m: [36mRequired engine migration verified[39m
    module: "worker"
    status: "applied"
    migration: "20260721_hustler_trust_progression_contract"
    sourcePath: "C:\Users\Manfish\Documents\Codex\2026-09-04\let\work\backend-validation-checkout\backend\database\migrations\20260721_hustler_trust_progression_contract.sql"
    sha256: "efb7fc4b8f41df8d90f4b63183d3bdb244a41c03b5a73ae673edcab85575b43b"
[20:39:31.645] [32mINFO[39m: [36mRequired engine migration verified[39m
    module: "worker"
    status: "applied"
    migration: "20260721_task_quote_shortlist_messaging_contract"
    sourcePath: "C:\Users\Manfish\Documents\Codex\2026-09-04\let\work\backend-validation-checkout\backend\database\migrations\20260721_task_quote_shortlist_messaging_contract.sql"
    sha256: "33d43cc99215f79b7658d51d781f3923c481fcb6e2b7b7c36aa6d53f26283dd0"
[20:39:31.689] [32mINFO[39m: [36mRequired engine migration verified[39m
    module: "worker"
    status: "applied"
    migration: "20260721_unit_economics_guardrails"
    sourcePath: "C:\Users\Manfish\Documents\Codex\2026-09-04\let\work\backend-validation-checkout\backend\database\migrations\20260721_unit_economics_guardrails.sql"
    sha256: "f0139e1a336cb37bd3a0a92c64d1aabad7adc2cf11527034b50bf5e3007ea720"
[20:39:31.781] [32mINFO[39m: [36mRequired engine migration verified[39m
    module: "worker"
    status: "applied"
    migration: "20260721_build_now_spend_promotion_guardrails"
    sourcePath: "C:\Users\Manfish\Documents\Codex\2026-09-04\let\work\backend-validation-checkout\backend\database\migrations\20260721_build_now_spend_promotion_guardrails.sql"
    sha256: "eff21cecd9f2d714168e989e9bb712ac7b30286f8b0de724f4ca7a7cef8a661d"
[20:39:31.896] [32mINFO[39m: [36mRequired engine migration verified[39m
    module: "worker"
    status: "applied"
    migration: "20260721_private_identity_verification_contract"
    sourcePath: "C:\Users\Manfish\Documents\Codex\2026-09-04\let\work\backend-validation-checkout\backend\database\migrations\20260721_private_identity_verification_contract.sql"
    sha256: "90828c3109521c3f46333876e71c3e0b2e2feee2aab5820b34a7e3731f160117"
[20:39:31.923] [32mINFO[39m: [36mRequired engine migration verified[39m
    module: "worker"
    status: "applied"
    migration: "20260721_sensitive_media_ingestion_shutdown"
    sourcePath: "C:\Users\Manfish\Documents\Codex\2026-09-04\let\work\backend-validation-checkout\backend\database\migrations\20260721_sensitive_media_ingestion_shutdown.sql"
    sha256: "c83366b0b5f4c8ccca98ee5a31d95febaa0107f75e0e0ce60cb2d735c503fc20"
[20:39:32.070] [32mINFO[39m: [36mRequired engine migration verified[39m
    module: "worker"
    status: "applied"
    migration: "20260721_ai_observability_contract"
    sourcePath: "C:\Users\Manfish\Documents\Codex\2026-09-04\let\work\backend-validation-checkout\backend\database\migrations\20260721_ai_observability_contract.sql"
    sha256: "9ec88bb073608316014ed3529ca5632fdbb39394b265e9d2d4163303601ab3e0"
[20:39:32.085] [32mINFO[39m: [36mRequired engine migration verified[39m
    module: "worker"
    status: "applied"
    migration: "20260721_controlled_test_retake_acceptance_repair"
    sourcePath: "C:\Users\Manfish\Documents\Codex\2026-09-04\let\work\backend-validation-checkout\backend\database\migrations\20260721_controlled_test_retake_acceptance_repair.sql"
    sha256: "a1b2a9eb450a0ac4add500620bbcb6738d708603e794a86fcb8ce311adec8fe5"
[20:39:32.100] [32mINFO[39m: [36mRequired engine migration verified[39m
    module: "worker"
    status: "applied"
    migration: "20260721_controlled_test_retake_liquidity_repair"
    sourcePath: "C:\Users\Manfish\Documents\Codex\2026-09-04\let\work\backend-validation-checkout\backend\database\migrations\20260721_controlled_test_retake_liquidity_repair.sql"
    sha256: "edc5ca1a19dbb27ed4ae60efcdfedf2d91a09a86cb2bc0f5cee94bb39837f490"
[20:39:32.117] [32mINFO[39m: [36mRequired engine migration verified[39m
    module: "worker"
    status: "applied"
    migration: "20260721_controlled_test_retake_guard_convergence"
    sourcePath: "C:\Users\Manfish\Documents\Codex\2026-09-04\let\work\backend-validation-checkout\backend\database\migrations\20260721_controlled_test_retake_guard_convergence.sql"
    sha256: "6a2b108d6fe844e4a0235162f25066427eebb1952dbe41e29e7b483c267472b1"
[20:39:32.143] [32mINFO[39m: [36mRequired engine migration verified[39m
    module: "worker"
    status: "applied"
    migration: "20260721_same_worker_retake_assignment_guard_repair"
    sourcePath: "C:\Users\Manfish\Documents\Codex\2026-09-04\let\work\backend-validation-checkout\backend\database\migrations\20260721_same_worker_retake_assignment_guard_repair.sql"
    sha256: "c3500b95949b80004262a9c638f2eca8ef19ad5b446d430aecbe83bc628c7863"
[20:39:32.187] [32mINFO[39m: [36mRequired engine migration verified[39m
    module: "worker"
    status: "applied"
    migration: "20260722_region_policy_legal_approval_activation"
    sourcePath: "C:\Users\Manfish\Documents\Codex\2026-09-04\let\work\backend-validation-checkout\backend\database\migrations\20260722_region_policy_legal_approval_activation.sql"
    sha256: "2be054f21aa0168aad360dd755d52fd5b028a8106129206f47ccfbbc7f081e02"
[20:39:32.212] [32mINFO[39m: [36mRequired engine migration verified[39m
    module: "worker"
    status: "applied"
    migration: "20260722_recurring_payment_dispatch_gate"
    sourcePath: "C:\Users\Manfish\Documents\Codex\2026-09-04\let\work\backend-validation-checkout\backend\database\migrations\20260722_recurring_payment_dispatch_gate.sql"
    sha256: "47c04b2e55a275220c6c1a01fa283628e43fcea869096acd13db8bb59b659c8e"
[20:39:32.431] [32mINFO[39m: [36mRequired engine migration verified[39m
    module: "worker"
    status: "applied"
    migration: "20260722_service_business_assignment_contract"
    sourcePath: "C:\Users\Manfish\Documents\Codex\2026-09-04\let\work\backend-validation-checkout\backend\database\migrations\20260722_service_business_assignment_contract.sql"
    sha256: "258e56009e35228a4e2ad294d879143f4985bdbae7853d1c3c2c9fcda61777af"
[20:39:32.642] [32mINFO[39m: [36mRequired engine migration verified[39m
    module: "worker"
    status: "applied"
    migration: "010_web_platform_tables"
    sourcePath: "C:\Users\Manfish\Documents\Codex\2026-09-04\let\work\backend-validation-checkout\backend\database\migrations\010_web_platform_tables.sql"
    sha256: "8ddd4b374bf8d5c7635214c5d26a84d2e6d81cab10aa8a7049d7b3da1da8b5e2"
[20:39:32.693] [32mINFO[39m: [36mRequired engine migration verified[39m
    module: "worker"
    status: "applied"
    migration: "20260814_quote_price_book"
    sourcePath: "C:\Users\Manfish\Documents\Codex\2026-09-04\let\work\backend-validation-checkout\backend\database\migrations\20260814_quote_price_book.sql"
    sha256: "4d49f31e83b6ba5352ee1c16da45e2b7ce8f84a4d5d9ee0b50bee57e2cafed69"
[20:39:32.747] [32mINFO[39m: [36mRequired engine migration verified[39m
    module: "worker"
    status: "applied"
    migration: "20260814_price_book_quote_decisions"
    sourcePath: "C:\Users\Manfish\Documents\Codex\2026-09-04\let\work\backend-validation-checkout\backend\database\migrations\20260814_price_book_quote_decisions.sql"
    sha256: "77d1a1e17e300f83c1dc7e6f5e57e3ecef617a69066f1806d9d44aea3cf6a4f1"
[20:39:32.831] [32mINFO[39m: [36mRequired engine migration verified[39m
    module: "worker"
    status: "applied"
    migration: "20260814_task_supply_confidence"
    sourcePath: "C:\Users\Manfish\Documents\Codex\2026-09-04\let\work\backend-validation-checkout\backend\database\migrations\20260814_task_supply_confidence.sql"
    sha256: "5c64425fef6a52b4abb7e00f42f2c7322be9d777b58c1efbb1d8f5bd71815e9e"
[20:39:32.859] [32mINFO[39m: [36mRequired engine migration verified[39m
    module: "worker"
    status: "applied"
    migration: "20260815_quote_columns_extra_v4"
    sourcePath: "C:\Users\Manfish\Documents\Codex\2026-09-04\let\work\backend-validation-checkout\backend\database\migrations\20260815_quote_columns_extra_v4.sql"
    sha256: "2c45fbed303842c44ee20d24df090e54de05519d9e7ff5e8f74d4283763be7ee"
[20:39:32.906] [32mINFO[39m: [36mRequired engine migration verified[39m
    module: "worker"
    status: "applied"
    migration: "20260819_quote_payments"
    sourcePath: "C:\Users\Manfish\Documents\Codex\2026-09-04\let\work\backend-validation-checkout\backend\database\migrations\20260819_quote_payments.sql"
    sha256: "bcd90a6905e374568042b589c5c85931f93ea3c9a92fc28afbd0693bcc0e4286"
[20:39:33.001] [32mINFO[39m: [36mRequired engine migration verified[39m
    module: "worker"
    status: "applied"
    migration: "20260823_quote_payment_recovery"
    sourcePath: "C:\Users\Manfish\Documents\Codex\2026-09-04\let\work\backend-validation-checkout\backend\database\migrations\20260823_quote_payment_recovery.sql"
    sha256: "b0d75f09f523fdf1a11ffd5cea7a1c4cd78d431e7e55cb5723f6ce6f243eebc8"
[20:39:33.576] [32mINFO[39m: [36mRequired engine migration verified[39m
    module: "worker"
    status: "applied"
    migration: "20260827_universal_v1_lifecycle_contract"
    sourcePath: "C:\Users\Manfish\Documents\Codex\2026-09-04\let\work\backend-validation-checkout\backend\database\migrations\20260827_universal_v1_lifecycle_contract.sql"
    sha256: "43224cc43d132d1dfa517f5150f28457fc27fda3fb85641d5c836f40406cf513"
[20:39:33.666] [32mINFO[39m: [36mRequired engine migration verified[39m
    module: "worker"
    status: "applied"
    migration: "20260828_operator_authority_contract"
    sourcePath: "C:\Users\Manfish\Documents\Codex\2026-09-04\let\work\backend-validation-checkout\backend\database\migrations\20260828_operator_authority_contract.sql"
    sha256: "6e813f7266e057aeaa840b6924abb8ec1a763ed352c567b0b601aeac0d69d908"
[20:39:33.704] [32mINFO[39m: [36mRequired engine migration verified[39m
    module: "worker"
    status: "applied"
    migration: "20260829_task_matching_state_contract"
    sourcePath: "C:\Users\Manfish\Documents\Codex\2026-09-04\let\work\backend-validation-checkout\backend\database\migrations\20260829_task_matching_state_contract.sql"
    sha256: "07c9ad6227bb5e6dcb2bc1f2c048032a6e32df8cb0ff2087e6fc9248fdfe08c8"
[20:39:33.721] [32mINFO[39m: [36mRequired engine migration verified[39m
    module: "worker"
    status: "applied"
    migration: "20260830_ai_agent_judge_audit_convergence"
    sourcePath: "C:\Users\Manfish\Documents\Codex\2026-09-04\let\work\backend-validation-checkout\backend\database\migrations\20260830_ai_agent_judge_audit_convergence.sql"
    sha256: "47346ca99af25235a6dfdca3a05c6a2734d8bd190f06d02e6fadbd21c13fc705"
[20:39:33.734] [32mINFO[39m: [36mRequired engine migration verified[39m
    module: "worker"
    status: "applied"
    migration: "20260831_provider_neutral_outbound_communication"
    sourcePath: "C:\Users\Manfish\Documents\Codex\2026-09-04\let\work\backend-validation-checkout\backend\database\migrations\20260831_provider_neutral_outbound_communication.sql"
    sha256: "7163e1269dabe9229c15c2515e417349bb57d8d6f4d30653dc18e195b31ef232"
[20:39:33.748] [32mINFO[39m: [36mRequired engine migration verified[39m
    module: "worker"
    status: "applied"
    migration: "20260901_universal_v1_lead_ingress_port"
    sourcePath: "C:\Users\Manfish\Documents\Codex\2026-09-04\let\work\backend-validation-checkout\backend\database\migrations\20260901_universal_v1_lead_ingress_port.sql"
    sha256: "3640d1f62dd029db0bdd23a1cad7c9456b0c65c4a0c0b17c89781a9a32684dea"
[20:39:33.853] [32mINFO[39m: [36mRequired engine migration verified[39m
    module: "worker"
    status: "applied"
    migration: "20260902_universal_v1_task_draft_public_port"
    sourcePath: "C:\Users\Manfish\Documents\Codex\2026-09-04\let\work\backend-validation-checkout\backend\database\migrations\20260902_universal_v1_task_draft_public_port.sql"
    sha256: "dbf11f4ef967c17ac32fe3d4cb5710671fa4092649650d54d5f071b1aa85582e"
[20:39:33.926] [32mINFO[39m: [36mRequired engine migration verified[39m
    module: "worker"
    status: "applied"
    migration: "20260903_universal_v1_task_draft_account_claim"
    sourcePath: "C:\Users\Manfish\Documents\Codex\2026-09-04\let\work\backend-validation-checkout\backend\database\migrations\20260903_universal_v1_task_draft_account_claim.sql"
    sha256: "d2141ef2d979c69af21653750ff4dc9e94085c53072b87324fafb6cfb114f614"
[20:39:33.958] [32mINFO[39m: [36mRequired engine migration verified[39m
    module: "worker"
    status: "applied"
    migration: "20260904_canonical_user_email_identity"
    sourcePath: "C:\Users\Manfish\Documents\Codex\2026-09-04\let\work\backend-validation-checkout\backend\database\migrations\20260904_canonical_user_email_identity.sql"
    sha256: "3efc1ed89a01b95037837fb075015d027b0f0e72047fa013839299378c5dcf57"
[20:39:33.976] [32mINFO[39m: [36mRequired engine migration verified[39m
    module: "worker"
    status: "applied"
    migration: "20260905_universal_v1_task_draft_legacy_claim_import_repair"
    sourcePath: "C:\Users\Manfish\Documents\Codex\2026-09-04\let\work\backend-validation-checkout\backend\database\migrations\20260905_universal_v1_task_draft_legacy_claim_import_repair.sql"
    sha256: "67990edf9f231d953e519eacf796aa0fcada492f8fe8ce4b7f7889560a07e827"
[20:39:34.068] [32mINFO[39m: [36mRequired engine migration verified[39m
    module: "worker"
    status: "applied"
    migration: "20260906_universal_v1_estimate_acceptance_materialization"
    sourcePath: "C:\Users\Manfish\Documents\Codex\2026-09-04\let\work\backend-validation-checkout\backend\database\migrations\20260906_universal_v1_estimate_acceptance_materialization.sql"
    sha256: "671d0c9cbb1507a6303165d319e08441f69e5027d6ab2d075561b70a063191e6"
[20:39:34.143] [32mINFO[39m: [36mRequired engine migration verified[39m
    module: "worker"
    status: "applied"
    migration: "20260907_universal_v1_provider_estimate_invitation"
    sourcePath: "C:\Users\Manfish\Documents\Codex\2026-09-04\let\work\backend-validation-checkout\backend\database\migrations\20260907_universal_v1_provider_estimate_invitation.sql"
    sha256: "aac7221f4cd1dca94d26a90e96b5de7078c50cf7660bb934582faecb1a70001e"
[20:39:34.229] [32mINFO[39m: [36mRequired engine migration verified[39m
    module: "worker"
    status: "applied"
    migration: "20260908_universal_v1_provider_work_order_authority"
    sourcePath: "C:\Users\Manfish\Documents\Codex\2026-09-04\let\work\backend-validation-checkout\backend\database\migrations\20260908_universal_v1_provider_work_order_authority.sql"
    sha256: "53bcfc5cc6aa79c3fc8470db293aa0e8ad411a05db958a46c67389d5bc0e1d4c"
[20:39:34.247] [32mINFO[39m: [36mRequired engine migration verified[39m
    module: "worker"
    status: "applied"
    migration: "20260909_universal_v1_reconciliation_alias_repair"
    sourcePath: "C:\Users\Manfish\Documents\Codex\2026-09-04\let\work\backend-validation-checkout\backend\database\migrations\20260909_universal_v1_reconciliation_alias_repair.sql"
    sha256: "422e138cce00ef672092869a758ca752a08717b81cf822b90a509319c1b610a3"
[20:39:34.299] [32mINFO[39m: [36mRequired engine migration verified[39m
    module: "worker"
    status: "applied"
    migration: "20260911_universal_v1_change_order_application"
    sourcePath: "C:\Users\Manfish\Documents\Codex\2026-09-04\let\work\backend-validation-checkout\backend\database\migrations\20260911_universal_v1_change_order_application.sql"
    sha256: "c89f3cc97feae9563764e0cae8f3df4391204277aaa0fed344ae8dad91c17a43"
[20:39:34.394] [32mINFO[39m: [36mRequired engine migration verified[39m
    module: "worker"
    status: "applied"
    migration: "20260912_universal_v1_work_order_execution_facts"
    sourcePath: "C:\Users\Manfish\Documents\Codex\2026-09-04\let\work\backend-validation-checkout\backend\database\migrations\20260912_universal_v1_work_order_execution_facts.sql"
    sha256: "fdbea47445c8a131c2b41f54f0ba4c57caa359ca2453b5bbe3ab6c12c494ce14"
[20:39:34.433] [32mINFO[39m: [36mRequired engine migration verified[39m
    module: "worker"
    status: "applied"
    migration: "20260913_universal_v1_completion_delivery_receipt"
    sourcePath: "C:\Users\Manfish\Documents\Codex\2026-09-04\let\work\backend-validation-checkout\backend\database\migrations\20260913_universal_v1_completion_delivery_receipt.sql"
    sha256: "6299c82b5bdd2383e6dbb4f5d4c2d3c59b21c5b4f985d4b80331713f4ceeb7af"
[20:39:34.522] [32mINFO[39m: [36mRequired engine migration verified[39m
    module: "worker"
    status: "applied"
    migration: "20260914_notification_provider_in_flight"
    sourcePath: "C:\Users\Manfish\Documents\Codex\2026-09-04\let\work\backend-validation-checkout\backend\database\migrations\20260914_notification_provider_in_flight.sql"
    sha256: "0b9a9e162477efd65db5204b667665197c5b7ffbb50efe86b041093f73d2cc2f"
[20:39:34.539] [32mINFO[39m: [36mRequired engine migration verified[39m
    module: "worker"
    status: "applied"
    migration: "20260915_ai_spend_attempt_ledger"
    sourcePath: "C:\Users\Manfish\Documents\Codex\2026-09-04\let\work\backend-validation-checkout\backend\database\migrations\20260915_ai_spend_attempt_ledger.sql"
    sha256: "63b2615ec02c6193c3a8e8b93de263a5b65ac5ec0cfb93cac1869fdf425bfb77"
[20:39:34.558] [32mINFO[39m: [36mRequired engine migration verified[39m
    module: "worker"
    status: "applied"
    migration: "20260916_provider_event_inbox_v1"
    sourcePath: "C:\Users\Manfish\Documents\Codex\2026-09-04\let\work\backend-validation-checkout\backend\database\migrations\20260916_provider_event_inbox_v1.sql"
    sha256: "452b2534f7559326b3772c84d2c3b12bf2c4b6e7623b2a214cd0d20bd09f07a4"
[20:39:34.576] [32mINFO[39m: [36mRequired engine migration verified[39m
    module: "worker"
    status: "applied"
    migration: "20260917_financial_provider_command_journal_v1"
    sourcePath: "C:\Users\Manfish\Documents\Codex\2026-09-04\let\work\backend-validation-checkout\backend\database\migrations\20260917_financial_provider_command_journal_v1.sql"
    sha256: "1ef51473dda118ffe7ff7799ae66e388a66ff9fa34f71df0fa1dc281b1b72577"
[20:39:34.658] [32mINFO[39m: [36mRequired engine migration verified[39m
    module: "worker"
    status: "applied"
    migration: "20260918_universal_v1_prepared_financial_command_v1"
    sourcePath: "C:\Users\Manfish\Documents\Codex\2026-09-04\let\work\backend-validation-checkout\backend\database\migrations\20260918_universal_v1_prepared_financial_command_v1.sql"
    sha256: "dccae61700235f6e0609bef77e454b808af148c347978ae08b422ded77bd8920"
[20:39:34.778] [32mINFO[39m: [36mRequired engine migration verified[39m
    module: "worker"
    status: "applied"
    migration: "20260919_provider_event_processing_v1"
    sourcePath: "C:\Users\Manfish\Documents\Codex\2026-09-04\let\work\backend-validation-checkout\backend\database\migrations\20260919_provider_event_processing_v1.sql"
    sha256: "48a0874f8cf045c5507071ee7013605101c9d50988fd55a97a6148b979b9e798"
[20:39:34.906] [32mINFO[39m: [36mRequired engine migration verified[39m
    module: "worker"
    status: "applied"
    migration: "20260920_financial_provider_command_recovery_v1"
    sourcePath: "C:\Users\Manfish\Documents\Codex\2026-09-04\let\work\backend-validation-checkout\backend\database\migrations\20260920_financial_provider_command_recovery_v1.sql"
    sha256: "f7e8b62942c1aed5435d2d7d805273effd52fc8041e78561d8ad9d3f69a77daf"
[20:39:34.923] [32mINFO[39m: [36mRequired engine migration verified[39m
    module: "worker"
    status: "applied"
    migration: "20260923_legacy_escrow_insert_containment_v1"
    sourcePath: "C:\Users\Manfish\Documents\Codex\2026-09-04\let\work\backend-validation-checkout\backend\database\migrations\20260923_legacy_escrow_insert_containment_v1.sql"
    sha256: "6b9a51a3aa3e963c13585ba5c374c55164a76be9dfffc91303175a523c9ab5d1"
[20:39:34.994] [32mINFO[39m: [36mRequired engine migration verified[39m
    module: "worker"
    status: "applied"
    migration: "20260924_universal_v1_task_draft_route_context_v1"
    sourcePath: "C:\Users\Manfish\Documents\Codex\2026-09-04\let\work\backend-validation-checkout\backend\database\migrations\20260924_universal_v1_task_draft_route_context_v1.sql"
    sha256: "530539ce2d5b3a002bb7ee5e41666334fd4a1d642dc3ac410cd5bae719b2e76f"
[20:39:35.080] [32mINFO[39m: [36mRequired engine migration verified[39m
    module: "worker"
    status: "applied"
    migration: "20260925_universal_v1_work_order_compensation_v1"
    sourcePath: "C:\Users\Manfish\Documents\Codex\2026-09-04\let\work\backend-validation-checkout\backend\database\migrations\20260925_universal_v1_work_order_compensation_v1.sql"
    sha256: "eca44af1528e1a21b718bc765cd8bc740e779bc02497195ddba7da00607f9169"
[20:39:35.143] [32mINFO[39m: [36mRequired engine migration verified[39m
    module: "worker"
    status: "applied"
    migration: "20260928_provider_observation_normalization_v1"
    sourcePath: "C:\Users\Manfish\Documents\Codex\2026-09-04\let\work\backend-validation-checkout\backend\database\migrations\20260928_provider_observation_normalization_v1.sql"
    sha256: "526872fabf6ee65126e3e864ec7d7fb7b830d08d95b8b35799fad8aadc8e7607"
[20:39:35.378] [32mINFO[39m: [36mRequired engine migration verified[39m
    module: "worker"
    status: "applied"
    migration: "20260929_universal_v1_double_entry_ledger_v1"
    sourcePath: "C:\Users\Manfish\Documents\Codex\2026-09-04\let\work\backend-validation-checkout\backend\database\migrations\20260929_universal_v1_double_entry_ledger_v1.sql"
    sha256: "1ad5d75901ad4de964ca821ca8a78bf37bfdb7322b2a2a2119c7bc60325f3102"
[20:39:35.577] [32mINFO[39m: [36mRequired engine migration verified[39m
    module: "worker"
    status: "applied"
    migration: "20260930_universal_v1_ops_cases_v1"
    sourcePath: "C:\Users\Manfish\Documents\Codex\2026-09-04\let\work\backend-validation-checkout\backend\database\migrations\20260930_universal_v1_ops_cases_v1.sql"
    sha256: "5a60b4ec860d26c1e5251cde4fd8a2f7a5aa9f567dc52adc87a2fb6d72cab104"
[20:39:35.700] [32mINFO[39m: [36mRequired engine migration verified[39m
    module: "worker"
    status: "applied"
    migration: "20261001_universal_v1_relationship_origin_v1"
    sourcePath: "C:\Users\Manfish\Documents\Codex\2026-09-04\let\work\backend-validation-checkout\backend\database\migrations\20261001_universal_v1_relationship_origin_v1.sql"
    sha256: "099372b9a542f268661d61d4ac618a11170fe81a26ae13af0512a82c2405e077"
[20:39:35.936] [32mINFO[39m: [36mRequired engine migration verified[39m
    module: "worker"
    status: "applied"
    migration: "20261002_universal_v1_dispute_recovery_v1"
    sourcePath: "C:\Users\Manfish\Documents\Codex\2026-09-04\let\work\backend-validation-checkout\backend\database\migrations\20261002_universal_v1_dispute_recovery_v1.sql"
    sha256: "6137ad651293d9a7f074b225bbd0f861911892427868ad84aff17425673fa189"
[20:39:36.013] [32mINFO[39m: [36mRequired engine migration verified[39m
    module: "worker"
    status: "applied"
    migration: "20261003_universal_v1_task_opportunities_v1"
    sourcePath: "C:\Users\Manfish\Documents\Codex\2026-09-04\let\work\backend-validation-checkout\backend\database\migrations\20261003_universal_v1_task_opportunities_v1.sql"
    sha256: "8f2e2e0edf387fd89cd936bbab6059cd4a4e22abbb3aae73951f3f466eca84b7"
[20:39:36.117] [32mINFO[39m: [36mRequired engine migration verified[39m
    module: "worker"
    status: "applied"
    migration: "20261004_universal_v1_completion_notice_dispatch_v1"
    sourcePath: "C:\Users\Manfish\Documents\Codex\2026-09-04\let\work\backend-validation-checkout\backend\database\migrations\20261004_universal_v1_completion_notice_dispatch_v1.sql"
    sha256: "f5723941769d027e496d0a3a7fed32b29b1a02ff76db97ead815acd46a7fdee8"
[20:39:36.160] [32mINFO[39m: [36mRequired engine migration verified[39m
    module: "worker"
    status: "applied"
    migration: "20261005_universal_v1_occurrence_access_audit_v1"
    sourcePath: "C:\Users\Manfish\Documents\Codex\2026-09-04\let\work\backend-validation-checkout\backend\database\migrations\20261005_universal_v1_occurrence_access_audit_v1.sql"
    sha256: "d805ce946b7aba804be55aea9f131cff99047adaa7d46cd3d21242ac492ec364"
[20:39:36.166] [32mINFO[39m: [36mLegacy exact-location encryption backfill verified[39m
    module: "worker"
    backfilledLocationCount: 0
 ❯ |database-serial| backend/tests/system/stage1-legacy-authority-containment.pg.test.ts (3 tests | 1 failed) 39407ms
     × preserves legacy rows and receipts while making every retired writer and bypass inert 13961ms
     ✓ rejects a one-column retired quote authority schema atomically  12604ms
     ✓ rejects a one-column retired task authority schema atomically  12839ms
[20:39:56.355] [32mINFO[39m: [36mNonproduction fake-financial migrations verified[39m
    module: "worker"
    outcomes: [
      {
        "status": "already_applied",
        "migration": "20260827_fake_financial_provider_v1",
        "sourcePath": "C:\Users\Manfish\Documents\Codex\2026-09-04\let\work\backend-validation-checkout\backend\database\migrations\20260827_fake_financial_provider_v1.sql",
        "sha256": "26d451ef2812b11cf221290635cee4c402d16012e19741e58663b86e6ae10ec8"
      },
      {
        "status": "already_applied",
        "migration": "20260903_fake_financial_provider_account_refresh_v2",
        "sourcePath": "C:\Users\Manfish\Documents\Codex\2026-09-04\let\work\backend-validation-checkout\backend\database\migrations\20260903_fake_financial_provider_account_refresh_v2.sql",
        "sha256": "74cfbdde587bccd761a6043571d5c9dc2fde797d428911a45cb6eef7d0bb1389"
      },
      {
        "status": "already_applied",
        "migration": "20260910_fake_financial_settlement_completion_v3",
        "sourcePath": "C:\Users\Manfish\Documents\Codex\2026-09-04\let\work\backend-validation-checkout\backend\database\migrations\20260910_fake_financial_settlement_completion_v3.sql",
        "sha256": "77432de4ab69f63f23ef2558a4ef2164ac8a233ad394d66bf70e0142517dc1ef"
      },
      {
        "status": "already_applied",
        "migration": "20260921_universal_v1_fake_financial_lifecycle_bridge_v1",
        "sourcePath": "C:\Users\Manfish\Documents\Codex\2026-09-04\let\work\backend-validation-checkout\backend\database\migrations\20260921_universal_v1_fake_financial_lifecycle_bridge_v1.sql",
        "sha256": "63075ae3094cc8d4d26999fbb1c2b31babe89b6bc2e7d99f092955452dd85e5e"
      },
      {
        "status": "already_applied",
        "migration": "20260922_universal_v1_fake_terminal_lifecycle_intent_v1",
        "sourcePath": "C:\Users\Manfish\Documents\Codex\2026-09-04\let\work\backend-validation-checkout\backend\database\migrations\20260922_universal_v1_fake_terminal_lifecycle_intent_v1.sql",
        "sha256": "f1bc0be5cb925734d909a83018f7528c4b3c31654ae9f5cae3b8993c4f5ef693"
      },
      {
        "status": "already_applied",
        "migration": "20260926_universal_v1_change_order_three_phase_v1",
        "sourcePath": "C:\Users\Manfish\Documents\Codex\2026-09-04\let\work\backend-validation-checkout\backend\database\migrations\20260926_universal_v1_change_order_three_phase_v1.sql",
        "sha256": "574d440fea618c4a44efaf56e0a5f6f4cd84fd46089a12c2d071aa813a295613"
      },
      {
        "status": "already_applied",
        "migration": "20260927_universal_v1_change_order_recovery_v1",
        "sourcePath": "C:\Users\Manfish\Documents\Codex\2026-09-04\let\work\backend-validation-checkout\backend\database\migrations\20260927_universal_v1_change_order_recovery_v1.sql",
        "sha256": "8ae30fd8e3b990e839fd6ed6dbed3c715ed6d9b8954fe8aaa49bbcbe09986078"
      },
      {
        "status": "already_applied",
        "migration": "20261002_universal_v1_dispute_fake_release_gate_v8",
        "sourcePath": "C:\Users\Manfish\Documents\Codex\2026-09-04\let\work\backend-validation-checkout\backend\database\migrations\20261002_universal_v1_dispute_fake_release_gate_v8.sql",
        "sha256": "41e76dfa7f3293e1f9cf1bfda7b7c25344beec218366492b6ffa217ccdc8a0dc"
      },
      {
        "status": "already_applied",
        "migration": "20261010_universal_v1_fake_financial_expiry_v9",
        "sourcePath": "C:\Users\Manfish\Documents\Codex\2026-09-04\let\work\backend-validation-checkout\backend\database\migrations\20261010_universal_v1_fake_financial_expiry_v9.sql",
        "sha256": "9c53bd9f8f9524b177c9b08f023bb3005d84ab6c159394ae6490ee1e48ad496d"
      },
      {
        "status": "already_applied",
        "migration": "20261011_universal_v1_fake_financial_expiry_recovery_v10",
        "sourcePath": "C:\Users\Manfish\Documents\Codex\2026-09-04\let\work\backend-validation-checkout\backend\database\migrations\20261011_universal_v1_fake_financial_expiry_recovery_v10.sql",
        "sha256": "739ce58699a11ea0078c0c2eb910ec8a2adb2278e6af2aeefe041cc07c3d6a25"
      },
      {
        "status": "already_applied",
        "migration": "20261013_nonproduction_runtime_insert_authority_v1",
        "sourcePath": "C:\Users\Manfish\Documents\Codex\2026-09-04\let\work\backend-validation-checkout\backend\database\migrations\20261013_nonproduction_runtime_insert_authority_v1.sql",
        "sha256": "e4204c41457be1ceb823b48baf228010e266172f6e081693475f05a670fcd35c"
      },
      {
        "status": "already_applied",
        "migration": "20261015_universal_v1_work_order_fake_financial_authority_hardening_v12",
        "sourcePath": "C:\Users\Manfish\Documents\Codex\2026-09-04\let\work\backend-validation-checkout\backend\database\migrations\20261015_universal_v1_work_order_fake_financial_authority_hardening_v12.sql",
        "sha256": "5bb8ee72b9113146b88c22c6751ebe527ba6246b4463a8611ef9c24b999b7ac5"
      },
      {
        "status": "already_applied",
        "migration": "20261015_universal_v1_work_order_bootstrap_seal_v1",
        "sourcePath": "C:\Users\Manfish\Documents\Codex\2026-09-04\let\work\backend-validation-checkout\backend\database\migrations\20261015_universal_v1_work_order_bootstrap_seal_v1.sql",
        "sha256": "c69825589193885d0f6a3b93930880998e95e1c5cd44bb9b5999cb457192b2bd"
      },
      {
        "status": "applied",
        "migration": "20261016_universal_v1_fake_financial_command_outbox_authority_v13",
        "sourcePath": "C:\Users\Manfish\Documents\Codex\2026-09-04\let\work\backend-validation-checkout\backend\database\migrations\20261016_universal_v1_fake_financial_command_outbox_authority_v13.sql",
        "sha256": "71d8ce41ec1437725559b687505d77e624817f532648b12a87567dfd6f205d27"
      }
    ]
 ✓ |database-serial| backend/tests/system/nonproduction-financial-recovery-upgrade.pg.test.ts (1 test) 19456ms
     ✓ preserves historical compensation replay, then verifies the exact full current migration chain  1252ms
[20:39:58.242] [33mWARN[39m: [36mStripe not configured (placeholder or missing key)[39m
    module: "stripe"
[20:39:59.151] [33mWARN[39m: [36mFirebase Admin credentials missing — auth verification disabled[39m
    module: "auth"
[20:39:59.522] [32mINFO[39m: [36mCapability recompute completed[39m
    userId: "c3ea1dae-3903-4916-86f6-7ca5c5e895e2"
    verifiedTradesCount: 0
    riskClearance: [
      "low",
      "medium"
    ]
    insuranceValid: false
    backgroundCheckValid: true
    backgroundCheckEnvironment: "CONTROLLED_TEST"
    backgroundCheckIsTest: true
    reason: "local_test_background_check_cleared"
[20:39:59.650] [32mINFO[39m: [36mCapability recompute completed[39m
    userId: "8142e4e4-b3ee-4300-98af-051d562f0f39"
    verifiedTradesCount: 0
    riskClearance: [
      "low",
      "medium"
    ]
    insuranceValid: false
    backgroundCheckValid: true
    backgroundCheckEnvironment: "CONTROLLED_TEST"
    backgroundCheckIsTest: true
    reason: "local_test_background_check_cleared"
[20:39:59.758] [34mDEBUG[39m: [36mCache miss[39m
    module: "query-cache"
    key: "task:details:84dc0a98-818e-4574-ae39-9e50a4b1e78c"
    hit: false
[20:39:59.808] [34mDEBUG[39m: [36mCache invalidated[39m
    module: "query-cache"
    key: "task:details:84dc0a98-818e-4574-ae39-9e50a4b1e78c"
[20:39:59.812] [34mDEBUG[39m: [36mCache invalidated by tag[39m
    module: "query-cache"
    tag: "task:84dc0a98-818e-4574-ae39-9e50a4b1e78c"
    count: 1
[20:39:59.814] [34mDEBUG[39m: [36mCache miss[39m
    module: "query-cache"
    key: "task:details:84dc0a98-818e-4574-ae39-9e50a4b1e78c"
    hit: false
[20:39:59.915] [33mWARN[39m: [36mExact task location release denied[39m
    module: "task"
    taskId: "340f04ca-8b6e-448e-ad95-297210790599"
    workerId: "c3ea1dae-3903-4916-86f6-7ca5c5e895e2"
    code: "LOCATION_NOT_RELEASED"
[20:39:59.922] [33mWARN[39m: [36mExact task location release denied[39m
    module: "task"
    taskId: "340f04ca-8b6e-448e-ad95-297210790599"
    workerId: "9be12f3c-e11d-446c-bfeb-bcc1c4020f43"
    code: "LOCATION_NOT_RELEASED"
[20:40:00.545] [32mINFO[39m: [36mEngine reservation committed[39m
    module: "task"
    engineTaskId: "340f04ca-8b6e-448e-ad95-297210790599"
    hustlerRef: "c3ea1dae-3903-4916-86f6-7ca5c5e895e2"
    actorId: "c3ea1dae-3903-4916-86f6-7ca5c5e895e2"
    reservationId: "83a26e62-7d3e-4787-95b4-272bb2b46da9"
    idempotencyReplayed: false
[20:40:00.668] [33mWARN[39m: [36mEngine reservation denied[39m
    module: "task"
    engineTaskId: "340f04ca-8b6e-448e-ad95-297210790599"
    hustlerRef: "c3ea1dae-3903-4916-86f6-7ca5c5e895e2"
    actorId: "c3ea1dae-3903-4916-86f6-7ca5c5e895e2"
    code: "RESERVATION_CONFLICT"
[20:40:00.684] [33mWARN[39m: [36mExact task location release denied[39m
    module: "task"
    taskId: "340f04ca-8b6e-448e-ad95-297210790599"
    workerId: "8142e4e4-b3ee-4300-98af-051d562f0f39"
    code: "LOCATION_NOT_RELEASED"
[20:40:00.699] [32mINFO[39m: [36mExact task location released[39m
    module: "task"
    taskId: "340f04ca-8b6e-448e-ad95-297210790599"
    workerId: "c3ea1dae-3903-4916-86f6-7ca5c5e895e2"
    releasePolicy: "engine_reserved_worker"
[20:40:00.746] [32mINFO[39m: [36mEscrow refund requested on task cancellation[39m
    module: "task"
    escrowId: "c0a6beec-2151-414a-bc68-7b41135e20e7"
    taskId: "340f04ca-8b6e-448e-ad95-297210790599"
[20:40:00.766] [33mWARN[39m: [36mExact task location release denied[39m
    module: "task"
    taskId: "340f04ca-8b6e-448e-ad95-297210790599"
    workerId: "c3ea1dae-3903-4916-86f6-7ca5c5e895e2"
    code: "LOCATION_NOT_RELEASED"
[20:40:01.432] [32mINFO[39m: [36mEngine reservation committed[39m
    module: "task"
    engineTaskId: "d7ac8ca1-b633-495c-aa5d-c21dbca90b37"
    hustlerRef: "c3ea1dae-3903-4916-86f6-7ca5c5e895e2"
    actorId: "c3ea1dae-3903-4916-86f6-7ca5c5e895e2"
    reservationId: "502554a3-8280-46ed-8395-ec0a82e96126"
    idempotencyReplayed: false
[20:40:01.839] [33mWARN[39m: [36mAWS_REGION not set, Rekognition disabled[39m
[20:40:01.846] [33mWARN[39m: [36mBiometric subsystem error, proceeding without[39m
    proofId: "ddea7f00-3afe-40a6-85e1-9601ed0c0b7e"
[20:40:01.851] [32mINFO[39m: [36mDeterministic verdict produced[39m
    module: "ai"
    verdict: "MANUAL_REVIEW"
    riskScore: 0
    method: "deterministic"
    proofId: "ddea7f00-3afe-40a6-85e1-9601ed0c0b7e"
[20:40:01.851] [33mWARN[39m: [36mJudgeAI flagged proof for MANUAL_REVIEW - human reviewer overriding to ACCEPTED[39m
    proofId: "ddea7f00-3afe-40a6-85e1-9601ed0c0b7e"
    riskScore: 0
    fraudFlags: [
      "biometric_unavailable",
      "photo_unavailable"
    ]
    reviewerId: "9be12f3c-e11d-446c-bfeb-bcc1c4020f43"
[20:40:02.472] [32mINFO[39m: [36mEngine reservation committed[39m
    module: "task"
    engineTaskId: "ae2f0143-ef89-4bfa-8053-999f7273e281"
    hustlerRef: "c3ea1dae-3903-4916-86f6-7ca5c5e895e2"
    actorId: "c3ea1dae-3903-4916-86f6-7ca5c5e895e2"
    reservationId: "be763272-ab32-4d34-89d0-4de88f6b66d7"
    idempotencyReplayed: false
[20:40:03.414] [32mINFO[39m: [36mEngine reservation committed[39m
    module: "task"
    engineTaskId: "804277b0-1d61-40f4-86c1-bf58f48a5e9d"
    hustlerRef: "c3ea1dae-3903-4916-86f6-7ca5c5e895e2"
    actorId: "c3ea1dae-3903-4916-86f6-7ca5c5e895e2"
    reservationId: "2ceec0d5-0879-4ca3-aa3f-7fb12340a47f"
    idempotencyReplayed: false
[20:40:03.525] [33mWARN[39m: [36mAWS_REGION not set, Rekognition disabled[39m
[20:40:03.528] [33mWARN[39m: [36mBiometric subsystem error, proceeding without[39m
    proofId: "a201b52c-78e8-4e89-bb03-5c49bc179c47"
[20:40:03.530] [32mINFO[39m: [36mDeterministic verdict produced[39m
    module: "ai"
    verdict: "MANUAL_REVIEW"
    riskScore: 0.5
    method: "deterministic"
    proofId: "a201b52c-78e8-4e89-bb03-5c49bc179c47"
[20:40:03.530] [33mWARN[39m: [36mJudgeAI flagged proof for MANUAL_REVIEW - human reviewer overriding to ACCEPTED[39m
    proofId: "a201b52c-78e8-4e89-bb03-5c49bc179c47"
    riskScore: 0.5
    fraudFlags: [
      "no_verification_signals"
    ]
    reviewerId: "9be12f3c-e11d-446c-bfeb-bcc1c4020f43"
[20:40:03.780] [33mWARN[39m: [36mExact task location release denied[39m
    module: "task"
    taskId: "1a494315-5001-4daa-8903-e8e4e2f37e8b"
    workerId: "8142e4e4-b3ee-4300-98af-051d562f0f39"
    code: "LOCATION_NOT_RELEASED"
 ✓ |database-serial| backend/tests/system/hxos-lifecycle-exceptions.pg.test.ts (2 tests) 4566ms
     ✓ proves race, privacy, scope, retake, dispute, timeout, and no-supply exceptions  3979ms
[20:40:05.057] [33mWARN[39m: [36mFirebase Admin credentials missing — auth verification disabled[39m
    module: "auth"
stdout | backend/tests/system/alpha_authority_integrity.test.ts > Alpha Authority Integrity Test
✅ Test database pool initialized (local Postgres, no prepared statements)

[20:40:05.908] [32mINFO[39m: [36mEligibility granted[39m
    userId: "555f8c4c-7909-4923-a4c8-97658778fa7b"
    taskId: "856e65af-1020-4e2d-af30-f15edf1bc51b"
    userTier: 1
    requiredTier: 1
    taskRisk: 0
    isInstant: false
[20:40:05.963] [32mINFO[39m: [36mTrust tier promotion applied[39m
    userId: "049824ce-0df3-4529-a0ed-0e3fb14b5f2d"
    oldTier: 0
    newTier: 1
    oldTierName: "Explorer"
    newTierName: "Verified"
    policyVersion: "hustler-trust-progression-v1"
    source: "system"
[20:40:06.011] [33mWARN[39m: [36m[TrustTierService] banUser: firebase_uid is null — Redis revocation marker will rely on in-process cache entries only[39m
    userId: "cdb5dddd-fa27-4761-83a1-48d8c4a308b1"
[20:40:06.012] [33mWARN[39m: [36m[TrustTierService] banUser: firebase_uid is null — Firebase token revocation skipped, Redis marker still active[39m
    userId: "cdb5dddd-fa27-4761-83a1-48d8c4a308b1"
[20:40:06.020] [33mWARN[39m: [36mBan transition not logged to trust_ledger (BANNED tier not in 1-4 range)[39m
    userId: "cdb5dddd-fa27-4761-83a1-48d8c4a308b1"
    oldTier: 4
    reason: "Test ban"
[20:40:06.020] [32mINFO[39m: [36mUser banned[39m
    userId: "cdb5dddd-fa27-4761-83a1-48d8c4a308b1"
    oldTier: 4
    reason: "Test ban"
[20:40:06.057] [32mINFO[39m: [36mEligibility denied: user is banned[39m
    userId: "cdb5dddd-fa27-4761-83a1-48d8c4a308b1"
    taskId: "eb44da85-f0fb-464c-b8d6-3a39f63a1ac7"
    isInstant: false
[20:40:06.104] [32mINFO[39m: [36mEligibility denied: task is Tier 3 (blocked in alpha)[39m
    userId: "624b3191-7889-4356-adff-519002cd4aeb"
    taskId: "4ede3bd1-1344-44e4-a4d7-bc92af8f1160"
    taskRisk: 3
    isInstant: false
[20:40:06.106] [32mINFO[39m: [36mEligibility denied: task is Tier 3 (blocked in alpha)[39m
    userId: "624b3191-7889-4356-adff-519002cd4aeb"
    taskId: "4ede3bd1-1344-44e4-a4d7-bc92af8f1160"
    taskRisk: 3
    isInstant: true
[20:40:06.155] [32mINFO[39m: [36mEligibility denied: trust tier insufficient[39m
    userId: "3edf4606-1fbd-45ef-a70a-b2b17cb5a6b7"
    taskId: "e26b44a7-a647-419d-8f1d-7be5237d344c"
    userTier: 1
    requiredTier: 3
    taskRisk: 2
    isInstant: false
[20:40:06.173] [32mINFO[39m: [36mEligibility denied: trust tier insufficient[39m
    userId: "3edf4606-1fbd-45ef-a70a-b2b17cb5a6b7"
    taskId: "e26b44a7-a647-419d-8f1d-7be5237d344c"
    userTier: 1
    requiredTier: 3
    taskRisk: 2
    isInstant: false
[20:40:06.227] [32mINFO[39m: [36mEligibility denied: trust tier insufficient[39m
    userId: "0def5fa7-c916-4568-aba6-67a343c5da7d"
    taskId: "fcff3c1e-5209-49d8-aa84-b9afd00f1b0a"
    userTier: 2
    requiredTier: 3
    taskRisk: 2
    isInstant: true
[20:40:06.259] [32mINFO[39m: [36mEligibility denied: trust tier insufficient[39m
    userId: "0def5fa7-c916-4568-aba6-67a343c5da7d"
    taskId: "fcff3c1e-5209-49d8-aa84-b9afd00f1b0a"
    userTier: 2
    requiredTier: 3
    taskRisk: 2
    isInstant: true
[20:40:06.358] [32mINFO[39m: [36mEligibility denied: trust tier insufficient[39m
    userId: "f7219a19-3593-4bcd-a77a-4b71ff9bfd25"
    taskId: "20619752-0edc-438a-9c39-4ac87f47ccd4"
    userTier: 1
    requiredTier: 3
    taskRisk: 2
    isInstant: true
[20:40:06.402] [32mINFO[39m: [36mEligibility denied: trust tier insufficient[39m
    userId: "9333d54c-891f-4069-a5d1-4bcb5dc6a8e1"
    taskId: "4f5ca4ec-2014-4a48-96ea-59e0e8c65878"
    userTier: 1
    requiredTier: 3
    taskRisk: 2
    isInstant: false
[20:40:06.588] [32mINFO[39m: [36mCapability recompute completed[39m
    userId: "ffede3f9-f5a4-4bcb-afd2-8483184240c0"
    verifiedTradesCount: 0
    riskClearance: [
      "low",
      "medium",
      "high"
    ]
    insuranceValid: false
    backgroundCheckValid: true
    backgroundCheckEnvironment: "CONTROLLED_TEST"
    backgroundCheckIsTest: true
    reason: "local_test_background_check_cleared"
[20:40:06.711] [32mINFO[39m: [36mCapability recompute completed[39m
    userId: "ffca0350-3190-4043-979f-260b9837a835"
    verifiedTradesCount: 0
    riskClearance: [
      "low",
      "medium",
      "high"
    ]
    insuranceValid: false
    backgroundCheckValid: true
    backgroundCheckEnvironment: "CONTROLLED_TEST"
    backgroundCheckIsTest: true
    reason: "local_test_background_check_cleared"
[20:40:07.333] [32mINFO[39m: [36mEligibility granted[39m
    userId: "ffede3f9-f5a4-4bcb-afd2-8483184240c0"
    taskId: "5aefe519-bf10-4745-97ee-9686e01b62f4"
    userTier: 4
    requiredTier: 3
    taskRisk: 2
    isInstant: false
stdout | backend/tests/system/alpha_authority_integrity.test.ts > Alpha Authority Integrity Test > Phase 7: Time & Race Conditions > 7.1 — Concurrent accept race
Result2 failed: INVALID_STATE Cannot accept task: current state is ACCEPTED, expected MATCHING (instant mode only). Standard tasks require applying via the application workflow.

stdout | backend/tests/system/alpha_authority_integrity.test.ts > Alpha Authority Integrity Test
✅ Test database pool closed

 ✓ |database-serial| backend/tests/system/alpha_authority_integrity.test.ts (13 tests) 2010ms
       ✓ 7.1 — Concurrent accept race  1117ms
 ✓ |database-serial| backend/tests/system/universal-v1-work-order-command-authority-v2.pg.test.ts (10 tests) 14594ms
     ✓ fails closed for expired, wrong environment, kind, request hash, and release bindings  744ms
[20:40:24.072] [33mWARN[39m: [36mFirebase Admin credentials missing — auth verification disabled[39m
    module: "auth"
 ✓ |database-serial| backend/tests/invariants/spec-alignment.test.ts (52 tests) 35ms
[20:40:25.880] [33mWARN[39m: [36mFirebase Admin credentials missing — auth verification disabled[39m
    module: "auth"
[20:40:26.101] [32mINFO[39m: [36mUniversal V1 TaskDraft mutation persisted[39m
    router: "web.taskDrafts"
    draftId: "f8592167-4b83-4bf7-841d-85cc9c0b97eb"
    action: "create"
    version: 1
    outcome: "ESTIMATE_REQUIRED"
    replayed: false
[20:40:26.138] [32mINFO[39m: [36mUniversal V1 TaskDraft mutation persisted[39m
    router: "web.taskDrafts"
    draftId: "f8592167-4b83-4bf7-841d-85cc9c0b97eb"
    action: "link_contact"
    version: 2
    outcome: "ESTIMATE_REQUIRED"
    replayed: false
[20:40:26.429] [32mINFO[39m: [36mUniversal V1 TaskDraft mutation persisted[39m
    router: "web.taskDrafts"
    draftId: "135cdde3-b31f-4cd4-80c8-2c6e315ea6cd"
    action: "create"
    version: 1
    outcome: "ESTIMATE_REQUIRED"
    replayed: false
[20:40:26.463] [32mINFO[39m: [36mUniversal V1 TaskDraft mutation persisted[39m
    router: "web.taskDrafts"
    draftId: "135cdde3-b31f-4cd4-80c8-2c6e315ea6cd"
    action: "link_contact"
    version: 2
    outcome: "ESTIMATE_REQUIRED"
    replayed: false
[20:40:26.503] [32mINFO[39m: [36mUniversal V1 TaskDraft mutation persisted[39m
    router: "web.taskDrafts"
    draftId: "bcc2e4e4-2f2b-4bf7-9cc4-eba4f3a19869"
    action: "create"
    version: 1
    outcome: "ESTIMATE_REQUIRED"
    replayed: false
[20:40:26.527] [32mINFO[39m: [36mUniversal V1 TaskDraft mutation persisted[39m
    router: "web.taskDrafts"
    draftId: "bcc2e4e4-2f2b-4bf7-9cc4-eba4f3a19869"
    action: "link_contact"
    version: 2
    outcome: "ESTIMATE_REQUIRED"
    replayed: false
[20:40:26.671] [32mINFO[39m: [36mUniversal V1 TaskDraft mutation persisted[39m
    router: "web.taskDrafts"
    draftId: "0baf9990-2b47-49a6-bebe-eeb3bde27313"
    action: "create"
    version: 1
    outcome: "ESTIMATE_REQUIRED"
    replayed: false
[20:40:26.709] [32mINFO[39m: [36mUniversal V1 TaskDraft mutation persisted[39m
    router: "web.taskDrafts"
    draftId: "0baf9990-2b47-49a6-bebe-eeb3bde27313"
    action: "link_contact"
    version: 2
    outcome: "ESTIMATE_REQUIRED"
    replayed: false
[20:40:26.734] [32mINFO[39m: [36mUniversal V1 TaskDraft mutation persisted[39m
    router: "web.taskDrafts"
    draftId: "c40be553-4bbc-4d67-baf4-caeab8166dbd"
    action: "create"
    version: 1
    outcome: "ESTIMATE_REQUIRED"
    replayed: false
[20:40:26.757] [32mINFO[39m: [36mUniversal V1 TaskDraft mutation persisted[39m
    router: "web.taskDrafts"
    draftId: "c40be553-4bbc-4d67-baf4-caeab8166dbd"
    action: "link_contact"
    version: 2
    outcome: "ESTIMATE_REQUIRED"
    replayed: false
[20:40:26.868] [32mINFO[39m: [36mUniversal V1 TaskDraft mutation persisted[39m
    router: "web.taskDrafts"
    draftId: "1f729f90-e64f-4ffa-983b-51e1e0be0af7"
    action: "create"
    version: 1
    outcome: "ESTIMATE_REQUIRED"
    replayed: false
[20:40:26.898] [32mINFO[39m: [36mUniversal V1 TaskDraft mutation persisted[39m
    router: "web.taskDrafts"
    draftId: "1f729f90-e64f-4ffa-983b-51e1e0be0af7"
    action: "link_contact"
    version: 2
    outcome: "ESTIMATE_REQUIRED"
    replayed: false
 ✓ |database-serial| backend/tests/system/universal-v1-task-draft-claim.pg.test.ts (6 tests) 1112ms
     ✓ serializes concurrent exact claims into one event and no money or assignment state  354ms
     ✓ serializes cross-draft idempotency and cross-actor ownership races  328ms
 ✓ |database-serial| backend/tests/system/universal-v1-relationship-origin.pg.test.ts (1 test) 759ms
     ✓ installs before fixtures and keeps Marketplace, Provider OS, and BYOP fail closed  757ms
[20:40:30.572] [33mWARN[39m: [36mSlow query detected[39m
    module: "db"
    durationMs: 1053
    query: "SELECT pg_sleep(1.05)"
[20:40:31.729] [33mWARN[39m: [36mSlow query detected[39m
    module: "db"
    durationMs: 1053
    query: "SELECT pg_sleep(1.05)"
[20:40:32.800] [33mWARN[39m: [36mSlow query detected[39m
    module: "db"
    durationMs: 1053
    query: "SELECT pg_sleep(1.05)"
[20:40:33.976] [33mWARN[39m: [36mSlow query detected[39m
    module: "db"
    durationMs: 1053
    query: "SELECT pg_sleep(1.05)"
 ✓ |database-serial| backend/tests/system/financial-provider-command-recovery.pg.test.ts (6 tests) 4875ms
     ✓ leases once under concurrency, commits the crash boundary, and reconciles unknown to terminal  1256ms
     ✓ makes background recovery reconcile retryable no-effect facts and leaves redispatch explicit  2217ms
     ✓ keeps observed pending evidence nonterminal and recoverable without redispatch  1159ms
 ✓ |database-serial| backend/tests/system/nonproduction-financial-runtime-authority.pg.test.ts (18 tests) 41494ms
     ✓ attests all eight separated roles and the actual API session as ready  934ms
     ✓ denies retained recovery wrappers and direct digest calls to every active runtime role  649ms
     ✓ keeps primitive bridge helpers and all deferred integrity guards owner-only  636ms
     ✓ fails closed if runtime can execute an owner-only deferred guard  1013ms
     ✓ fails closed if runtime can execute an owner-only primitive bridge helper  999ms
     ✓ fails closed on a live database-identity mutation and recovers after restoration  647ms
     ✓ detects a same-column critical view replacement through rewrite-rule identity  1312ms
     ✓ detects an added INSTEAD rewrite rule on a critical table  1260ms
     ✓ detects body drift in a trigger function omitted from the former static list  1353ms
     ✓ detects body drift in a transitive helper that is not itself a trigger  1378ms
     ✓ detects an elevated LOGIN owner on a derived critical trigger function  1077ms
     ✓ detects pgcrypto dependency membership, safety, and owner drift  3256ms
     ✓ fails closed when the runtime receives one forbidden relation privilege  971ms
     ✓ fails closed when the common sealed-function owner loses either exact digest dependency  1972ms
     ✓ fails closed when API receives either forbidden direct digest capability  2001ms
     ✓ fails closed when one required sealed-wrapper grant is absent  996ms
     ✓ fails closed when runtime is made a member of an elevated role  987ms
 ✓ |database-serial| backend/tests/system/universal-v1-double-entry-ledger.pg.test.ts (1 test) 980ms
     ✓ installs before fake fixtures and certifies exact balanced SETTLED and FULL_REFUND paths  978ms
 ✓ |database-serial| backend/tests/system/universal-v1-dispute-recovery.pg.test.ts (1 test) 1397ms
     ✓ proves exact authority, deterministic retries, role boundaries, and closure/release holds  1394ms
[20:41:21.425] [32mINFO[39m: [36mPush notification queued[39m
    notificationId: "e55f591f-7fcf-44bd-9aec-82c1b3596f71"
    userId: "ecf09a9b-c67c-437d-bd58-00b3bcba9a44"
    channel: "push"
[20:41:21.455] [32mINFO[39m: [36mFocus-deferred notification release completed[39m
    released: 0
[20:41:21.483] [32mINFO[39m: [36mPush notification queued[39m
    notificationId: "496c8e11-502b-4bf7-80f8-ae0ef0b08a91"
    userId: "ecf09a9b-c67c-437d-bd58-00b3bcba9a44"
    channel: "push"
[20:41:21.509] [32mINFO[39m: [36mFocus-deferred notification release completed[39m
    released: 1
[20:41:21.513] [32mINFO[39m: [36mFocus-deferred notification release completed[39m
    released: 0
[20:41:21.578] [31mERROR[39m: [36mFailed to queue notification channel; persisted for bounded recovery[39m
    notificationId: "90f43af2-e36e-44d6-8e6e-ecdae2d9ce69"
    channel: "push"
    err: "synthetic targeted push outbox failure"
 ✓ |database-serial| backend/tests/system/notification-delivery-contract.pg.test.ts (8 tests) 989ms
stdout | backend/tests/invariants/trust-mvp.test.ts
Connected to database with schema version: 1.0.0

[20:41:23.725] [32mINFO[39m: [36mTrust updated for user[39m
    module: "worker"
    worker: "trust"
    userId: "3ead21d7-f048-4911-bf96-cc9fed780fe1"
    oldTier: 3
    newTier: 2
    trustHold: false
    trustHoldReason: null
[20:41:23.731] [32mINFO[39m: [36mTrust event processed[39m
    module: "worker"
    worker: "trust"
    eventType: "trust.dispute_resolved.worker"
    userId: "3ead21d7-f048-4911-bf96-cc9fed780fe1"
[20:41:23.740] [32mINFO[39m: [36mTrust event replay skipped[39m
    module: "worker"
    worker: "trust"
    eventType: "trust.dispute_resolved.worker"
    userId: "3ead21d7-f048-4911-bf96-cc9fed780fe1"
    idempotencyKey: "trust.dispute_resolved.worker:eb6ad777-a965-48a0-bc07-a869c001b2b8:1"
[20:41:23.741] [32mINFO[39m: [36mTrust event processed[39m
    module: "worker"
    worker: "trust"
    eventType: "trust.dispute_resolved.worker"
    userId: "3ead21d7-f048-4911-bf96-cc9fed780fe1"
[20:41:23.836] [32mINFO[39m: [36mTrust updated for user[39m
    module: "worker"
    worker: "trust"
    userId: "586f2385-04ea-4e26-8860-2bf179adb82f"
    oldTier: 2
    newTier: 1
    trustHold: false
    trustHoldReason: null
[20:41:23.841] [32mINFO[39m: [36mTrust event processed[39m
    module: "worker"
    worker: "trust"
    eventType: "trust.dispute_resolved.worker"
    userId: "586f2385-04ea-4e26-8860-2bf179adb82f"
[20:41:23.930] [32mINFO[39m: [36mTrust event: penalty but no tier/hold change (already at floor)[39m
    module: "worker"
    worker: "trust"
    eventType: "trust.dispute_resolved.worker"
    userId: "ebf2e2f4-b0fb-49a7-bdec-371e12b6352e"
    tier: 1
[20:41:23.932] [32mINFO[39m: [36mTrust event processed[39m
    module: "worker"
    worker: "trust"
    eventType: "trust.dispute_resolved.worker"
    userId: "ebf2e2f4-b0fb-49a7-bdec-371e12b6352e"
[20:41:24.035] [32mINFO[39m: [36mTrust updated for user[39m
    module: "worker"
    worker: "trust"
    userId: "9044ea7c-56a8-44c4-a420-ae598f2a0c3f"
    oldTier: 2
    newTier: 1
    trustHold: true
    trustHoldReason: "dispute_penalty_tier_1_refund"
[20:41:24.037] [32mINFO[39m: [36mTrust event processed[39m
    module: "worker"
    worker: "trust"
    eventType: "trust.dispute_resolved.worker"
    userId: "9044ea7c-56a8-44c4-a420-ae598f2a0c3f"
[20:41:24.116] [32mINFO[39m: [36mTrust updated for user[39m
    module: "worker"
    worker: "trust"
    userId: "20ce2bbe-01b5-4b33-af58-12cd53b866a7"
    oldTier: 2
    newTier: 1
    trustHold: true
    trustHoldReason: "dispute_penalty_tier_1_split"
[20:41:24.121] [32mINFO[39m: [36mTrust event processed[39m
    module: "worker"
    worker: "trust"
    eventType: "trust.dispute_resolved.worker"
    userId: "20ce2bbe-01b5-4b33-af58-12cd53b866a7"
[20:41:24.264] [32mINFO[39m: [36mTrust updated for user[39m
    module: "worker"
    worker: "trust"
    userId: "1f22d2ca-a20d-432e-a56c-322f0740bd3a"
    oldTier: 2
    newTier: 1
    trustHold: true
    trustHoldReason: "dispute_penalty_abuse_pattern"
[20:41:24.269] [32mINFO[39m: [36mTrust event processed[39m
    module: "worker"
    worker: "trust"
    eventType: "trust.dispute_resolved.poster"
    userId: "1f22d2ca-a20d-432e-a56c-322f0740bd3a"
[20:41:24.611] [32mINFO[39m: [36mCapability recompute completed[39m
    userId: "80672168-7be5-46d6-bc79-fe51f310da0a"
    verifiedTradesCount: 0
    riskClearance: [
      "low",
      "medium"
    ]
    insuranceValid: false
    backgroundCheckValid: true
    backgroundCheckEnvironment: "CONTROLLED_TEST"
    backgroundCheckIsTest: true
    reason: "local_test_background_check_cleared"
[20:41:25.103] [33mWARN[39m: [36mEngine reservation denied[39m
    module: "task"
    engineTaskId: "615ee421-1dfe-4894-a428-950bff2f254c"
    hustlerRef: "80672168-7be5-46d6-bc79-fe51f310da0a"
    actorId: "e5337e7e-d7d1-4172-ac3f-e11d254292d7"
    code: "WORKER_OFFER_REQUIRED"
[20:41:25.274] [32mINFO[39m: [36mCapability recompute completed[39m
    userId: "9de3a82c-c386-475d-b440-b5282529cc96"
    verifiedTradesCount: 0
    riskClearance: [
      "low",
      "medium"
    ]
    insuranceValid: false
    backgroundCheckValid: true
    backgroundCheckEnvironment: "CONTROLLED_TEST"
    backgroundCheckIsTest: true
    reason: "local_test_background_check_cleared"
[20:41:25.674] [33mWARN[39m: [36mEngine reservation denied[39m
    module: "task"
    engineTaskId: "75bdb706-21e3-417a-ad91-5ccbd18018d8"
    hustlerRef: "9de3a82c-c386-475d-b440-b5282529cc96"
    actorId: "04764498-de17-4673-b052-6506b71c8fd5"
    code: "WORKER_OFFER_REQUIRED"
[20:41:25.833] [32mINFO[39m: [36mCapability recompute completed[39m
    userId: "b00c33f7-c50a-4611-a9d0-ce2fce90d3aa"
    verifiedTradesCount: 0
    riskClearance: [
      "low",
      "medium"
    ]
    insuranceValid: false
    backgroundCheckValid: true
    backgroundCheckEnvironment: "CONTROLLED_TEST"
    backgroundCheckIsTest: true
    reason: "local_test_background_check_cleared"
 ✓ |database-serial| backend/tests/invariants/trust-mvp.test.ts (11 tests) 2941ms
     ✓ MUST BLOCK: an active refund hold revokes the accepted offer before reservation  705ms
     ✓ MUST BLOCK: an active abuse hold revokes the accepted offer before reservation  571ms
     ✓ MUST ALLOW: an expired worker hold does not block reservation  713ms
[20:41:28.109] [32mINFO[39m: [36mCapability recompute completed[39m
    userId: "59bb9166-0724-4c40-938c-77cf761c56c9"
    verifiedTradesCount: 0
    riskClearance: [
      "low",
      "medium"
    ]
    insuranceValid: false
    backgroundCheckValid: true
    backgroundCheckEnvironment: "CONTROLLED_TEST"
    backgroundCheckIsTest: true
    reason: "local_test_background_check_cleared"
[20:41:28.265] [32mINFO[39m: [36mCapability recompute completed[39m
    userId: "491b5073-3a9a-4305-87bf-84bd72270dea"
    verifiedTradesCount: 0
    riskClearance: [
      "low",
      "medium"
    ]
    insuranceValid: false
    backgroundCheckValid: true
    backgroundCheckEnvironment: "CONTROLLED_TEST"
    backgroundCheckIsTest: true
    reason: "local_test_background_check_cleared"
 ✓ |database-serial| backend/tests/system/worker-counter-offer.pg.test.ts (1 test) 1464ms
     ✓ requires bounded proposal, singular Poster approval, refund evidence, and fresh payment authorization  1435ms
 ✓ |database-serial| backend/tests/invariants/stripe-monetization.test.ts (12 tests) 514ms
 ✓ |database-serial| backend/tests/system/runtime-database-pg-adapter.pg.test.ts (12 tests) 1513ms
     ✓ uses ReadyForQuery status bytes for idle, transaction, and failed-transaction state  1125ms
 ✓ |database-serial| backend/tests/system/nonproduction-financial-guarded-readiness.pg.test.ts (8 tests) 33594ms
     ✓ runs actual api startup migration checks and financial readiness through the guarded pool  2014ms
     ✓ re-attests api after physical pool shutdown  1848ms
     ✓ rejects api custody drift after connection attestation  1689ms
     ✓ runs actual worker startup migration checks and financial readiness through the guarded pool  2008ms
     ✓ re-attests worker after physical pool shutdown  1820ms
     ✓ rejects worker custody drift after connection attestation  1707ms
     ✓ blocks old API/worker capabilities after target rollover and requires fresh attestation  3748ms
[20:42:08.930] [33mWARN[39m: [36mFirebase Admin credentials missing — auth verification disabled[39m
    module: "auth"
[20:42:09.180] [32mINFO[39m: [36mUniversal V1 TaskDraft mutation persisted[39m
    router: "web.taskDrafts"
    draftId: "108a538e-91a8-43e0-96a4-767c52b4cb0d"
    action: "create"
    version: 1
    outcome: "ESTIMATE_REQUIRED"
    replayed: false
[20:42:09.191] [32mINFO[39m: [36mUniversal V1 TaskDraft mutation persisted[39m
    router: "web.taskDrafts"
    draftId: "108a538e-91a8-43e0-96a4-767c52b4cb0d"
    action: "create"
    version: 1
    outcome: "ESTIMATE_REQUIRED"
    replayed: true
[20:42:09.202] [32mINFO[39m: [36mUniversal V1 TaskDraft mutation persisted[39m
    router: "web.taskDrafts"
    draftId: "108a538e-91a8-43e0-96a4-767c52b4cb0d"
    action: "create"
    version: 1
    outcome: "ESTIMATE_REQUIRED"
    replayed: true
[20:42:09.213] [32mINFO[39m: [36mUniversal V1 TaskDraft mutation persisted[39m
    router: "web.taskDrafts"
    draftId: "108a538e-91a8-43e0-96a4-767c52b4cb0d"
    action: "create"
    version: 1
    outcome: "ESTIMATE_REQUIRED"
    replayed: true
[20:42:09.225] [32mINFO[39m: [36mUniversal V1 TaskDraft mutation persisted[39m
    router: "web.taskDrafts"
    draftId: "108a538e-91a8-43e0-96a4-767c52b4cb0d"
    action: "create"
    version: 1
    outcome: "ESTIMATE_REQUIRED"
    replayed: true
[20:42:09.235] [32mINFO[39m: [36mUniversal V1 TaskDraft mutation persisted[39m
    router: "web.taskDrafts"
    draftId: "108a538e-91a8-43e0-96a4-767c52b4cb0d"
    action: "create"
    version: 1
    outcome: "ESTIMATE_REQUIRED"
    replayed: true
[20:42:09.247] [32mINFO[39m: [36mUniversal V1 TaskDraft mutation persisted[39m
    router: "web.taskDrafts"
    draftId: "108a538e-91a8-43e0-96a4-767c52b4cb0d"
    action: "create"
    version: 1
    outcome: "ESTIMATE_REQUIRED"
    replayed: true
[20:42:09.258] [32mINFO[39m: [36mUniversal V1 TaskDraft mutation persisted[39m
    router: "web.taskDrafts"
    draftId: "108a538e-91a8-43e0-96a4-767c52b4cb0d"
    action: "create"
    version: 1
    outcome: "ESTIMATE_REQUIRED"
    replayed: true
[20:42:09.352] [32mINFO[39m: [36mUniversal V1 TaskDraft mutation persisted[39m
    router: "web.taskDrafts"
    draftId: "cb40022d-86c3-444b-81b7-1bd6ef8081b3"
    action: "create"
    version: 1
    outcome: "ESTIMATE_REQUIRED"
    replayed: false
[20:42:09.412] [32mINFO[39m: [36mUniversal V1 TaskDraft mutation persisted[39m
    router: "web.taskDrafts"
    draftId: "cb40022d-86c3-444b-81b7-1bd6ef8081b3"
    action: "update"
    version: 2
    outcome: "ESTIMATE_REQUIRED"
    replayed: false
[20:42:09.416] [32mINFO[39m: [36mUniversal V1 TaskDraft mutation persisted[39m
    router: "web.taskDrafts"
    draftId: "cb40022d-86c3-444b-81b7-1bd6ef8081b3"
    action: "update"
    version: 2
    outcome: "ESTIMATE_REQUIRED"
    replayed: true
[20:42:09.419] [32mINFO[39m: [36mUniversal V1 TaskDraft mutation persisted[39m
    router: "web.taskDrafts"
    draftId: "cb40022d-86c3-444b-81b7-1bd6ef8081b3"
    action: "update"
    version: 2
    outcome: "ESTIMATE_REQUIRED"
    replayed: true
[20:42:09.423] [32mINFO[39m: [36mUniversal V1 TaskDraft mutation persisted[39m
    router: "web.taskDrafts"
    draftId: "cb40022d-86c3-444b-81b7-1bd6ef8081b3"
    action: "update"
    version: 2
    outcome: "ESTIMATE_REQUIRED"
    replayed: true
[20:42:09.426] [32mINFO[39m: [36mUniversal V1 TaskDraft mutation persisted[39m
    router: "web.taskDrafts"
    draftId: "cb40022d-86c3-444b-81b7-1bd6ef8081b3"
    action: "update"
    version: 2
    outcome: "ESTIMATE_REQUIRED"
    replayed: true
[20:42:09.429] [32mINFO[39m: [36mUniversal V1 TaskDraft mutation persisted[39m
    router: "web.taskDrafts"
    draftId: "cb40022d-86c3-444b-81b7-1bd6ef8081b3"
    action: "update"
    version: 2
    outcome: "ESTIMATE_REQUIRED"
    replayed: true
[20:42:09.432] [32mINFO[39m: [36mUniversal V1 TaskDraft mutation persisted[39m
    router: "web.taskDrafts"
    draftId: "cb40022d-86c3-444b-81b7-1bd6ef8081b3"
    action: "update"
    version: 2
    outcome: "ESTIMATE_REQUIRED"
    replayed: true
[20:42:09.436] [32mINFO[39m: [36mUniversal V1 TaskDraft mutation persisted[39m
    router: "web.taskDrafts"
    draftId: "cb40022d-86c3-444b-81b7-1bd6ef8081b3"
    action: "update"
    version: 2
    outcome: "ESTIMATE_REQUIRED"
    replayed: true
[20:42:09.470] [32mINFO[39m: [36mUniversal V1 TaskDraft mutation persisted[39m
    router: "web.taskDrafts"
    draftId: "bcbf9a69-8c7a-4a4b-81c7-da623958b4f1"
    action: "create"
    version: 1
    outcome: "ESTIMATE_REQUIRED"
    replayed: false
[20:42:09.495] [32mINFO[39m: [36mUniversal V1 TaskDraft mutation persisted[39m
    router: "web.taskDrafts"
    draftId: "bcbf9a69-8c7a-4a4b-81c7-da623958b4f1"
    action: "update"
    version: 2
    outcome: "ESTIMATE_REQUIRED"
    replayed: false
 ✓ |database-serial| backend/tests/system/universal-v1-task-draft-public.pg.test.ts (4 tests) 589ms
 ✓ |database-serial| backend/tests/system/nonproduction-financial-readiness-v13.pg.test.ts (22 tests) 42246ms
     ✓ reports actual backend readiness with current restricted roles and an exact local release  939ms
     ✓ reports actual worker readiness with current restricted roles and an exact local release  899ms
     ✓ fails closed on retained helper moved outside configured custody  1127ms
     ✓ fails closed on retained helper missing from its required identity  1090ms
     ✓ fails closed on residual column SELECT  1124ms
     ✓ fails closed on retained function EXECUTE by attester  1018ms
     ✓ fails closed on digest ownership drift  1083ms
     ✓ fails closed on missing finance digest EXECUTE  1066ms
     ✓ fails closed on digest detached from pgcrypto  1069ms
     ✓ fails closed on database CREATE  1034ms
     ✓ fails closed on database TEMP  1008ms
     ✓ fails closed on public schema USAGE grant option  1068ms
     ✓ fails closed on private schema USAGE  1192ms
     ✓ fails closed on residual custodian default function grant  1119ms
     ✓ fails closed on residual relation owner drift  1078ms
     ✓ fails closed on compensation origin missing target FK  1356ms
     ✓ fails closed on compensation origin disabled private FK trigger  1442ms
     ✓ fails closed on compensation origin changed origin timestamp default  1323ms
     ✓ fails closed on reversal preparation provenance missing target FK  1338ms
     ✓ fails closed on reversal preparation provenance disabled private FK trigger  1082ms
     ✓ fails closed on reversal preparation provenance changed origin timestamp default  1315ms
     ✓ fails closed on a disabled incoming FK constraint trigger  1093ms
 ✓ |database-serial| backend/tests/system/universal-v1-fake-financial-expiry-recovery-upgrade.pg.test.ts (1 test) 233ms
 ❯ |database-serial| backend/tests/system/provider-observation-normalization.pg.test.ts (2 tests | 1 failed) 124ms
     × corroborates an exact terminal observation without provider I/O or lifecycle success 59ms
     ✓ preserves authenticated raw evidence but refuses normalization before exact command authority 63ms
[20:42:55.615] [33mWARN[39m: [36mFirebase Admin credentials missing — auth verification disabled[39m
    module: "auth"
[20:42:56.564] [32mINFO[39m: [36mTrust tier promotion applied[39m
    userId: "c0edd82f-1023-4060-966a-e3ad172098ab"
    oldTier: 1
    newTier: 2
    oldTierName: "Verified"
    newTierName: "Home Ready"
    policyVersion: "hustler-trust-progression-v1"
    source: "system"
[20:42:56.784] [32mINFO[39m: [36mEligibility denied: trust tier insufficient[39m
    userId: "476cc87c-aa41-4fa6-816c-f642c12d5643"
    taskId: "d8a04d2d-2080-4a2a-aa71-e7098151903b"
    userTier: 1
    requiredTier: 3
    taskRisk: 2
    isInstant: false
[20:42:56.824] [32mINFO[39m: [36mEligibility granted[39m
    userId: "d8b5accb-5813-4fa6-bad8-b159ba80ccbd"
    taskId: "067e7ec0-d966-48d6-897f-a2d83399a442"
    userTier: 3
    requiredTier: 3
    taskRisk: 2
    isInstant: false
[20:42:56.863] [32mINFO[39m: [36mEligibility denied: task is Tier 3 (blocked in alpha)[39m
    userId: "3fa7d623-2fad-4683-9098-5ef97d246054"
    taskId: "d9cfcf81-2ad0-445e-8844-8cba6c4d565a"
    taskRisk: 3
    isInstant: false
[20:42:56.902] [32mINFO[39m: [36mEligibility denied: trust tier insufficient[39m
    userId: "9abd03fb-900a-4b23-9c13-a6837d0f1846"
    taskId: "5bbb27d5-25b4-4847-9d54-d387ba296f02"
    userTier: 1
    requiredTier: 3
    taskRisk: 2
    isInstant: true
[20:42:56.943] [32mINFO[39m: [36mEligibility denied: user is banned[39m
    userId: "2ac777f3-557f-4ecb-afb2-33fddaf6c335"
    taskId: "2b58f6b9-d488-413a-a0c4-cc2da907d592"
    isInstant: false
 ✓ |database-serial| backend/tests/invariants/trust-tier-alpha-gates.test.ts (14 tests) 834ms
[20:42:58.170] [33mWARN[39m: [36mFirebase Admin credentials missing — auth verification disabled[39m
    module: "auth"
[20:42:59.334] [32mINFO[39m: [36mPush notification queued[39m
    notificationId: "89755f20-e043-497f-a234-00df6cfc9350"
    userId: "1e225a8b-4cb4-4054-81dc-cf53be38c9f2"
    channel: "push"
[20:43:01.428] [32mINFO[39m: [36mPush notification queued[39m
    notificationId: "8cce39ec-f6a3-49e1-894b-6dfe5df84e37"
    userId: "6367895a-0b73-4127-821b-18fbf3acafdb"
    channel: "push"
[20:43:01.588] [34mDEBUG[39m: [36mCache invalidated[39m
    module: "query-cache"
    key: "task:details:df85ce79-910e-40e9-95a5-82a0e9f6b31a"
[20:43:01.645] [32mINFO[39m: [36mPush notification queued[39m
    notificationId: "526368ce-dbe2-4001-9565-19c20d8bc8ed"
    userId: "4f15034d-0c8b-4013-baae-14c1a5247f94"
    channel: "push"
 ✓ |database-serial| backend/tests/invariants/n6-mutation-eligibility.pg.test.ts (14 tests) 2647ms
     ✓ allows an eligible worker to apply once and atomically rejects replay  348ms
     ✓ serializes competing poster assignments so exactly one worker wins  484ms
 ✓ |database-serial| backend/tests/system/universal-v1-ops-cases.pg.test.ts (4 tests) 461ms
 ✓ |database-serial| backend/tests/system/provider-event-processing.pg.test.ts (7 tests) 953ms
stdout | backend/tests/invariants/n2-4-verification-resolution.test.ts
Connected to database

[20:43:05.517] [32mINFO[39m: [36mCapability recompute completed[39m
    userId: "d02a6881-b86b-4b34-b18a-94da0b00f58a"
    verifiedTradesCount: 1
    riskClearance: [
      "low",
      "medium",
      "high"
    ]
    insuranceValid: false
    backgroundCheckValid: false
    backgroundCheckEnvironment: null
    backgroundCheckIsTest: false
    reason: "TEST"
[20:43:05.535] [32mINFO[39m: [36mCapability recompute completed[39m
    userId: "d02a6881-b86b-4b34-b18a-94da0b00f58a"
    verifiedTradesCount: 1
    riskClearance: [
      "low",
      "medium",
      "high"
    ]
    insuranceValid: false
    backgroundCheckValid: false
    backgroundCheckEnvironment: null
    backgroundCheckIsTest: false
    reason: "TEST"
[20:43:05.587] [32mINFO[39m: [36mCapability recompute completed[39m
    userId: "d8738db4-dab3-4b1f-bdeb-05d8d4376436"
    verifiedTradesCount: 0
    riskClearance: [
      "low",
      "medium",
      "high"
    ]
    insuranceValid: false
    backgroundCheckValid: false
    backgroundCheckEnvironment: null
    backgroundCheckIsTest: false
    reason: "TEST"
[20:43:05.646] [32mINFO[39m: [36mCapability recompute completed[39m
    userId: "48b4f53a-ffbc-4fa7-a830-c9b03d8ab695"
    verifiedTradesCount: 1
    riskClearance: [
      "low",
      "medium",
      "high"
    ]
    insuranceValid: false
    backgroundCheckValid: false
    backgroundCheckEnvironment: null
    backgroundCheckIsTest: false
    reason: "TEST"
[20:43:05.665] [32mINFO[39m: [36mCapability recompute completed[39m
    userId: "48b4f53a-ffbc-4fa7-a830-c9b03d8ab695"
    verifiedTradesCount: 0
    riskClearance: [
      "low",
      "medium",
      "high"
    ]
    insuranceValid: false
    backgroundCheckValid: false
    backgroundCheckEnvironment: null
    backgroundCheckIsTest: false
    reason: "TEST"
[20:43:05.719] [32mINFO[39m: [36mCapability recompute completed[39m
    userId: "e57ecbc1-3c42-4289-bc9d-1bf5c24bd065"
    verifiedTradesCount: 0
    riskClearance: [
      "low",
      "medium",
      "high"
    ]
    insuranceValid: true
    backgroundCheckValid: false
    backgroundCheckEnvironment: null
    backgroundCheckIsTest: false
    reason: "TEST"
[20:43:05.735] [32mINFO[39m: [36mCapability recompute completed[39m
    userId: "e57ecbc1-3c42-4289-bc9d-1bf5c24bd065"
    verifiedTradesCount: 0
    riskClearance: [
      "low",
      "medium",
      "high"
    ]
    insuranceValid: false
    backgroundCheckValid: false
    backgroundCheckEnvironment: null
    backgroundCheckIsTest: false
    reason: "TEST"
 ✓ |database-serial| backend/tests/invariants/n2-4-verification-resolution.test.ts (8 tests) 523ms
stdout | backend/tests/invariants/phase-d-payments.test.ts
Connected to database with schema version: 1.0.0

 ✓ |database-serial| backend/tests/invariants/phase-d-payments.test.ts (8 tests) 718ms
stdout | backend/tests/invariants/inv-2.test.ts
Connected to database with schema version: 1.0.0

[20:43:08.380] [32mINFO[39m: [36mCapability recompute completed[39m
    userId: "66edd97f-7147-4101-8b89-ac357932d6cb"
    verifiedTradesCount: 0
    riskClearance: [
      "low",
      "medium"
    ]
    insuranceValid: false
    backgroundCheckValid: true
    backgroundCheckEnvironment: "CONTROLLED_TEST"
    backgroundCheckIsTest: true
    reason: "local_test_background_check_cleared"
[20:43:09.014] [32mINFO[39m: [36mEngine reservation committed[39m
    module: "task"
    engineTaskId: "9feb84d3-ecf6-4456-b362-86a86c1ffcc8"
    hustlerRef: "66edd97f-7147-4101-8b89-ac357932d6cb"
    actorId: "66edd97f-7147-4101-8b89-ac357932d6cb"
    reservationId: "8642f1df-7a6a-41a3-a07b-869a33a7bd7b"
    idempotencyReplayed: false
 ✓ |database-serial| backend/tests/invariants/inv-2.test.ts (16 tests) 2423ms
     ✓ MUST REJECT: release escrow when task is ACCEPTED  1023ms
stdout | backend/tests/invariants/disputes-mvp.test.ts
Connected to database with schema version: 1.0.0

 ✓ |database-serial| backend/tests/invariants/disputes-mvp.test.ts (5 tests) 1211ms
     ✓ MUST LOCK: dispute creation atomically locks escrow to LOCKED_DISPUTE  804ms
stdout | backend/tests/invariants/append-only.test.ts
Connected to database with schema version: 1.0.0

 ✓ |database-serial| backend/tests/invariants/append-only.test.ts (12 tests) 751ms
 ✓ |database-serial| backend/tests/system/runtime-database-authority.pg.test.ts (4 tests) 140ms
stdout | backend/tests/invariants/chargeback-lifecycle.test.ts
Connected to database with schema version: 1.0.0

 ✓ |database-serial| backend/tests/invariants/chargeback-lifecycle.test.ts (7 tests) 866ms
     ✓ MUST ALLOW: escrow release when worker has payouts_locked = FALSE  308ms
 ✓ |database-serial| backend/tests/system/provider-event-inbox.pg.test.ts (6 tests) 346ms
[20:43:18.370] [34mDEBUG[39m: [36mFeed query executed[39m
    userId: "4d81c3aa-5bee-4f0d-b02e-d514a4965930"
    rawCount: 12
    duration: 71
[20:43:18.371] [32mINFO[39m: [36mFeed query completed[39m
    userId: "4d81c3aa-5bee-4f0d-b02e-d514a4965930"
    returnedCount: 12
    duration: 72
[20:43:18.592] [34mDEBUG[39m: [36mFeed query executed[39m
    userId: "b18602fe-c059-4f92-ae98-e4edf25bd083"
    rawCount: 11
    duration: 18
[20:43:18.592] [32mINFO[39m: [36mFeed query completed[39m
    userId: "b18602fe-c059-4f92-ae98-e4edf25bd083"
    returnedCount: 11
    duration: 18
[20:43:18.703] [34mDEBUG[39m: [36mFeed query executed[39m
    userId: "571264aa-a621-4b60-bbcf-26ab85c7bbf0"
    rawCount: 0
    duration: 22
[20:43:18.703] [32mINFO[39m: [36mFeed query completed[39m
    userId: "571264aa-a621-4b60-bbcf-26ab85c7bbf0"
    returnedCount: 0
    duration: 22
[20:43:18.811] [34mDEBUG[39m: [36mFeed query executed[39m
    userId: "e6f55e3c-17a5-43e9-a139-f83946953da1"
    rawCount: 0
    duration: 17
[20:43:18.811] [32mINFO[39m: [36mFeed query completed[39m
    userId: "e6f55e3c-17a5-43e9-a139-f83946953da1"
    returnedCount: 0
    duration: 17
[20:43:18.914] [34mDEBUG[39m: [36mFeed query executed[39m
    userId: "3cf46c2e-beb2-4f3f-a6fa-ce86a5dbfab9"
    rawCount: 0
    duration: 16
[20:43:18.914] [32mINFO[39m: [36mFeed query completed[39m
    userId: "3cf46c2e-beb2-4f3f-a6fa-ce86a5dbfab9"
    returnedCount: 0
    duration: 16
[20:43:19.026] [34mDEBUG[39m: [36mFeed query executed[39m
    userId: "cf0be7b8-568c-4224-a89e-4b2149579625"
    rawCount: 0
    duration: 16
[20:43:19.026] [32mINFO[39m: [36mFeed query completed[39m
    userId: "cf0be7b8-568c-4224-a89e-4b2149579625"
    returnedCount: 0
    duration: 16
[20:43:19.120] [34mDEBUG[39m: [36mFeed query executed[39m
    userId: "efcf9ac5-771e-4824-a4e7-c13b5280bdd9"
    rawCount: 0
    duration: 16
[20:43:19.120] [32mINFO[39m: [36mFeed query completed[39m
    userId: "efcf9ac5-771e-4824-a4e7-c13b5280bdd9"
    returnedCount: 0
    duration: 16
[20:43:19.253] [34mDEBUG[39m: [36mFeed query executed[39m
    userId: "09a8e956-cdb4-4657-9fa6-74a384298a95"
    rawCount: 12
    duration: 49
[20:43:19.253] [32mINFO[39m: [36mFeed query completed[39m
    userId: "09a8e956-cdb4-4657-9fa6-74a384298a95"
    returnedCount: 12
    duration: 50
[20:43:19.399] [34mDEBUG[39m: [36mFeed query executed[39m
    userId: "9251e845-2b20-4d0b-88e4-35f4591b2d28"
    rawCount: 11
    duration: 18
[20:43:19.399] [32mINFO[39m: [36mFeed query completed[39m
    userId: "9251e845-2b20-4d0b-88e4-35f4591b2d28"
    returnedCount: 11
    duration: 18
[20:43:19.508] [34mDEBUG[39m: [36mFeed query executed[39m
    userId: "43bcacae-c8b9-4899-978c-f8becc6825d6"
    rawCount: 11
    duration: 18
[20:43:19.508] [32mINFO[39m: [36mFeed query completed[39m
    userId: "43bcacae-c8b9-4899-978c-f8becc6825d6"
    returnedCount: 11
    duration: 18
[20:43:19.531] [34mDEBUG[39m: [36mFeed query executed[39m
    userId: "43bcacae-c8b9-4899-978c-f8becc6825d6"
    rawCount: 12
    duration: 18
[20:43:19.531] [32mINFO[39m: [36mFeed query completed[39m
    userId: "43bcacae-c8b9-4899-978c-f8becc6825d6"
    returnedCount: 12
    duration: 18
[20:43:19.700] [32mINFO[39m: [36mCapability recompute completed[39m
    userId: "0da17310-ffdc-4cf5-8ba7-ab8a8dc5e6ec"
    verifiedTradesCount: 0
    riskClearance: [
      "low",
      "medium"
    ]
    insuranceValid: false
    backgroundCheckValid: false
    backgroundCheckEnvironment: null
    backgroundCheckIsTest: false
    reason: "task_discovery_feed"
[20:43:19.741] [33mWARN[39m: [36mGOOGLE_MAPS_API_KEY is not configured, skipping geocode[39m
[20:43:19.759] [33mWARN[39m: [36mGOOGLE_MAPS_API_KEY is not configured, skipping geocode[39m
[20:43:19.773] [33mWARN[39m: [36mGOOGLE_MAPS_API_KEY is not configured, skipping geocode[39m
[20:43:19.790] [33mWARN[39m: [36mGOOGLE_MAPS_API_KEY is not configured, skipping geocode[39m
[20:43:19.804] [33mWARN[39m: [36mGOOGLE_MAPS_API_KEY is not configured, skipping geocode[39m
[20:43:19.816] [33mWARN[39m: [36mGOOGLE_MAPS_API_KEY is not configured, skipping geocode[39m
[20:43:19.830] [33mWARN[39m: [36mGOOGLE_MAPS_API_KEY is not configured, skipping geocode[39m
[20:43:19.842] [33mWARN[39m: [36mGOOGLE_MAPS_API_KEY is not configured, skipping geocode[39m
[20:43:19.854] [33mWARN[39m: [36mGOOGLE_MAPS_API_KEY is not configured, skipping geocode[39m
[20:43:19.867] [33mWARN[39m: [36mGOOGLE_MAPS_API_KEY is not configured, skipping geocode[39m
[20:43:19.879] [33mWARN[39m: [36mGOOGLE_MAPS_API_KEY is not configured, skipping geocode[39m
[20:43:19.890] [33mWARN[39m: [36mGOOGLE_MAPS_API_KEY is not configured, skipping geocode[39m
[20:43:20.047] [32mINFO[39m: [36mCapability recompute completed[39m
    userId: "0da17310-ffdc-4cf5-8ba7-ab8a8dc5e6ec"
    verifiedTradesCount: 0
    riskClearance: [
      "low",
      "medium"
    ]
    insuranceValid: false
    backgroundCheckValid: false
    backgroundCheckEnvironment: null
    backgroundCheckIsTest: false
    reason: "task_discovery_search"
[20:43:20.097] [33mWARN[39m: [36mGOOGLE_MAPS_API_KEY is not configured, skipping geocode[39m
[20:43:20.109] [33mWARN[39m: [36mGOOGLE_MAPS_API_KEY is not configured, skipping geocode[39m
[20:43:20.119] [33mWARN[39m: [36mGOOGLE_MAPS_API_KEY is not configured, skipping geocode[39m
[20:43:20.130] [33mWARN[39m: [36mGOOGLE_MAPS_API_KEY is not configured, skipping geocode[39m
[20:43:20.140] [33mWARN[39m: [36mGOOGLE_MAPS_API_KEY is not configured, skipping geocode[39m
[20:43:20.150] [33mWARN[39m: [36mGOOGLE_MAPS_API_KEY is not configured, skipping geocode[39m
[20:43:20.160] [33mWARN[39m: [36mGOOGLE_MAPS_API_KEY is not configured, skipping geocode[39m
[20:43:20.171] [33mWARN[39m: [36mGOOGLE_MAPS_API_KEY is not configured, skipping geocode[39m
[20:43:20.181] [33mWARN[39m: [36mGOOGLE_MAPS_API_KEY is not configured, skipping geocode[39m
[20:43:20.194] [33mWARN[39m: [36mGOOGLE_MAPS_API_KEY is not configured, skipping geocode[39m
[20:43:20.204] [33mWARN[39m: [36mGOOGLE_MAPS_API_KEY is not configured, skipping geocode[39m
[20:43:20.214] [33mWARN[39m: [36mGOOGLE_MAPS_API_KEY is not configured, skipping geocode[39m
 ✓ |database-serial| backend/tests/invariants/n4-feed-eligibility.test.ts (12 tests) 2157ms
     ✓ keeps the primary personalized and search feeds on the same actionable SQL authority  658ms
 ❯ |database-serial| backend/tests/system/prepared-financial-command-authority.pg.test.ts (5 tests | 5 failed) 126ms
     × serializes concurrent exact preparation into one committed immutable fact 76ms
     × replays an exact request and rejects changed-key, changed-context, and occupied lifecycle identities 13ms
     × commits PREPARED and REQUESTED but refuses adapter entry without DISPATCH_ATTEMPTED 12ms
     × owns occurrence time in PostgreSQL rather than accepting caller wall clock 10ms
     × rejects approved-provider preparation and UPDATE, DELETE, and TRUNCATE 13ms
stdout | backend/tests/invariants/inv-4.test.ts
Connected to database with schema version: 1.0.0

 ✓ |database-serial| backend/tests/invariants/inv-4.test.ts (12 tests) 1073ms
[20:43:23.764] [32mINFO[39m: [36mCapability recompute completed[39m
    userId: "487d2b93-85b6-4abf-b87c-bd683fea2c43"
    verifiedTradesCount: 0
    riskClearance: [
      "low"
    ]
    insuranceValid: false
    backgroundCheckValid: false
    backgroundCheckEnvironment: null
    backgroundCheckIsTest: false
    reason: "PRESERVATION_REGRESSION"
[20:43:23.827] [32mINFO[39m: [36mCapability recompute completed[39m
    userId: "73b4a100-3706-4fa5-a221-72b39aeefbe0"
    verifiedTradesCount: 1
    riskClearance: [
      "low"
    ]
    insuranceValid: false
    backgroundCheckValid: false
    backgroundCheckEnvironment: null
    backgroundCheckIsTest: false
    reason: "SAME_KEY_REGRESSION"
[20:43:23.878] [32mINFO[39m: [36mCapability recompute completed[39m
    userId: "8868b67a-0cd9-442a-87ba-d44f3b71456d"
    verifiedTradesCount: 0
    riskClearance: [
      "low"
    ]
    insuranceValid: false
    backgroundCheckValid: false
    backgroundCheckEnvironment: null
    backgroundCheckIsTest: false
    reason: "STALE_LEGACY_REGRESSION"
[20:43:23.911] [32mINFO[39m: [36mCapability recompute completed[39m
    userId: "770345d3-03a3-4648-9d01-3fdd144f4e14"
    verifiedTradesCount: 1
    riskClearance: [
      "low"
    ]
    insuranceValid: false
    backgroundCheckValid: false
    backgroundCheckEnvironment: null
    backgroundCheckIsTest: false
    reason: "LEGACY_REBUILD_REGRESSION"
 ✓ |database-serial| backend/tests/system/capability-recompute-universal-v1-preservation.pg.test.ts (4 tests) 304ms
[20:43:23.927] [32mINFO[39m: [36mCapability recompute completed[39m
    userId: "770345d3-03a3-4648-9d01-3fdd144f4e14"
    verifiedTradesCount: 1
    riskClearance: [
      "low"
    ]
    insuranceValid: false
    backgroundCheckValid: false
    backgroundCheckEnvironment: null
    backgroundCheckIsTest: false
    reason: "LEGACY_REBUILD_REPLAY"
 ✓ |database-serial| backend/tests/invariants/ai-provider-boundary.test.ts (8 tests) 429ms
 ✓ |database-serial| backend/tests/system/liquidity-expansion.pg.test.ts (3 tests) 205ms
 ✓ |database-serial| backend/tests/invariants/redis-command-port-conformance.test.ts (10 tests) 84ms
stdout | backend/tests/invariants/n2-4-e2e-resolution.test.ts
Connected to database for E2E tests

[20:43:27.726] [32mINFO[39m: [36mCapability recompute completed[39m
    userId: "84ad922a-3f18-40d3-aada-bb01862761cd"
    verifiedTradesCount: 1
    riskClearance: [
      "low",
      "medium",
      "high"
    ]
    insuranceValid: false
    backgroundCheckValid: false
    backgroundCheckEnvironment: null
    backgroundCheckIsTest: false
    reason: "VERIFICATION_RESOLVED"
[20:43:27.804] [32mINFO[39m: [36mCapability recompute completed[39m
    userId: "9def1855-ce53-4f4e-8412-a6a1ece96cb1"
    verifiedTradesCount: 0
    riskClearance: [
      "low",
      "medium",
      "high"
    ]
    insuranceValid: false
    backgroundCheckValid: false
    backgroundCheckEnvironment: null
    backgroundCheckIsTest: false
    reason: "VERIFICATION_RESOLVED"
[20:43:27.854] [32mINFO[39m: [36mCapability recompute completed[39m
    userId: "55a62a8f-bac3-4a5c-99fe-a948f8480edf"
    verifiedTradesCount: 1
    riskClearance: [
      "low",
      "medium",
      "high"
    ]
    insuranceValid: false
    backgroundCheckValid: false
    backgroundCheckEnvironment: null
    backgroundCheckIsTest: false
    reason: "TEST"
 ✓ |database-serial| backend/tests/invariants/n2-4-e2e-resolution.test.ts (3 tests) 364ms
[20:43:27.870] [32mINFO[39m: [36mCapability recompute completed[39m
    userId: "55a62a8f-bac3-4a5c-99fe-a948f8480edf"
    verifiedTradesCount: 0
    riskClearance: [
      "low",
      "medium",
      "high"
    ]
    insuranceValid: false
    backgroundCheckValid: false
    backgroundCheckEnvironment: null
    backgroundCheckIsTest: false
    reason: "TEST"
 ✓ |database-serial| backend/tests/invariants/ai-budget-reservation-concurrency.test.ts (3 tests) 57ms
 ✓ |database-serial| backend/tests/system/universal-v1-task-draft-legacy-port.pg.test.ts (1 test) 122ms
stdout | backend/tests/invariants/inv-1.test.ts
Connected to database with schema version: 1.0.0

 ✓ |database-serial| backend/tests/invariants/inv-1.test.ts (8 tests) 783ms
 ✓ |database-serial| backend/tests/invariants/plan-gating-invariant.test.ts (5 tests) 193ms
 ✓ |database-serial| backend/tests/system/recurring-universal-v1-containment.pg.test.ts (1 test) 158ms
 ✓ |database-serial| backend/tests/system/nonproduction-financial-bootstrap-readiness.pg.test.ts (3 tests) 23288ms
     ✓ executes real restricted authority and all identity SQL, rejecting incorrect schema evidence  1567ms
 ✓ |database-serial| backend/tests/system/escrow-release-outbox.pg.test.ts (2 tests) 169ms
 ✓ |database-serial| backend/tests/system/universal-v1-occurrence-access-audit.pg.test.ts (3 tests) 248ms
 ✓ |database-serial| backend/tests/system/financial-provider-command-journal.pg.test.ts (4 tests) 210ms
 ✓ |database-serial| backend/tests/system/notification-batching-idempotency.pg.test.ts (1 test) 402ms
 ✓ |database-serial| backend/tests/system/xp-daily-cap-concurrency.pg.test.ts (1 test) 151ms
 ✓ |database-serial| backend/tests/system/universal-v1-lead-ingress.pg.test.ts (1 test) 215ms
 ✓ |database-serial| backend/tests/invariants/n5-query-performance.test.ts (4 tests) 230ms
 ✓ |database-serial| backend/tests/system/ai-spend-attempt-ledger.pg.test.ts (2 tests) 117ms
 ✓ |database-serial| backend/tests/system/fake-financial-outbox-transport.redis.test.ts (2 tests) 350ms
 ✓ |database-serial| backend/tests/invariants/transaction-error-handling.test.ts (3 tests) 10ms
 ✓ |database-serial| backend/tests/invariants/citadel-constitution.test.ts (8 tests) 9ms
 ✓ |database-serial| backend/tests/invariants/citadel-oracle.test.ts (3 tests) 10ms
 ✓ |database-serial| backend/tests/invariants/citadel-provenance.test.ts (2 tests) 76ms
 ✓ |database-serial| backend/tests/invariants/citadel-mutation.test.ts (1 test) 7ms

⎯⎯⎯⎯⎯⎯ Failed Suites 1 ⎯⎯⎯⎯⎯⎯⎯

 FAIL  |database-serial| backend/tests/system/universal-v1-work-order-command-ports-v1.pg.test.ts > Universal V1 PostgreSQL Work Order command ports v1
AssertionError: expected { trigger_count: 296, …(1) } to deeply equal { trigger_count: 169, …(1) }

- Expected
+ Received

  {
    "trigger_catalog_sha256": "e5b7e6773c0bde643bf02f7c0d88a2680d835ced21ab2cbc0c302347c99fd10a",
-   "trigger_count": 169,
+   "trigger_count": 296,
  }

 ❯ backend/tests/system/universal-v1-work-order-command-ports-v1.pg.test.ts:1642:29
    1640|       ]);
    1641|       expect(legacyCatalog).toEqual(canonicalCatalog);
    1642|       expect(legacyCatalog).toEqual({
       |                             ^
    1643|         trigger_count: 169,
    1644|         trigger_catalog_sha256: expect.stringMatching(/^[0-9a-f]{64}$/…

⎯⎯⎯⎯⎯⎯⎯⎯⎯⎯⎯⎯⎯⎯⎯⎯⎯⎯⎯⎯⎯⎯⎯[1/25]⎯


⎯⎯⎯⎯⎯⎯ Failed Tests 24 ⎯⎯⎯⎯⎯⎯⎯

 FAIL  |database-serial| backend/tests/system/hxos-canonical-lifecycle.pg.test.ts > HX/OS canonical PostgreSQL lifecycle > proves intent through bank payout with replay, concurrency, and failure evidence
Error: NONPRODUCTION_FAKE_FINANCE_REFUSED:LIVE_FAKE_FINANCE_SEALED_AUTHORITY_REQUIRED
 ❯ issueLiveFakeFinancialDatabaseCapability backend/src/services/payment/FakeFinancialProvider.ts:1116:11
    1114|     );
    1115|   } catch (error) {
    1116|     throw new Error(
       |           ^
    1117|       'NONPRODUCTION_FAKE_FINANCE_REFUSED:LIVE_FAKE_FINANCE_SEALED_AUT…
    1118|       { cause: error }
 ❯ backend/tests/system/hxos-canonical-lifecycle.pg.test.ts:351:28

Caused by: error: HXUV1-WOCMD-4: exactly one current target authority is required
 ❯ node_modules/pg-pool/index.js:45:11
 ❯ Object.query backend/src/test/disposable-database-runtime.ts:90:47
 ❯ issueLiveFakeFinancialDatabaseCapability backend/src/services/payment/FakeFinancialProvider.ts:1098:14
 ❯ backend/tests/system/hxos-canonical-lifecycle.pg.test.ts:351:28

⎯⎯⎯⎯⎯⎯⎯⎯⎯⎯⎯⎯⎯⎯⎯⎯⎯⎯⎯⎯⎯⎯⎯⎯⎯⎯⎯⎯⎯⎯
Serialized Error: { length: 676, severity: 'ERROR', code: 'P0001', detail: undefined, hint: undefined, position: undefined, internalPosition: undefined, internalQuery: undefined, where: 'PL/pgSQL function hx_authority.read_universal_v1_work_order_target_authority_v1() line 17 at RAISE\nSQL statement "SELECT *                        FROM hx_authority.read_universal_v1_work_order_target_authority_v1()"\nPL/pgSQL function public.hxos_read_universal_v1_work_order_runtime_authority_v1() line 9 at SQL statement\nSQL statement "SELECT *                        FROM public.hxos_read_universal_v1_work_order_runtime_authority_v1()"\nPL/pgSQL function public.hxos_read_universal_v1_fake_financial_runtime_authority_v13() line 8 at SQL statement', schema: undefined, table: undefined, dataType: undefined, constraint: undefined, file: 'pl_exec.c', routine: 'exec_stmt_raise' }
⎯⎯⎯⎯⎯⎯⎯⎯⎯⎯⎯⎯⎯⎯⎯⎯⎯⎯⎯⎯⎯⎯⎯[2/25]⎯

 FAIL  |database-serial| backend/tests/system/hxos-canonical-lifecycle.pg.test.ts > HX/OS canonical PostgreSQL lifecycle > persists provider-account refresh with replay, conflict, concurrency, and no external effect
Error: NONPRODUCTION_FAKE_FINANCE_REFUSED:LIVE_FAKE_FINANCE_SEALED_AUTHORITY_REQUIRED
 ❯ issueLiveFakeFinancialDatabaseCapability backend/src/services/payment/FakeFinancialProvider.ts:1116:11
    1114|     );
    1115|   } catch (error) {
    1116|     throw new Error(
       |           ^
    1117|       'NONPRODUCTION_FAKE_FINANCE_REFUSED:LIVE_FAKE_FINANCE_SEALED_AUT…
    1118|       { cause: error }
 ❯ backend/tests/system/hxos-canonical-lifecycle.pg.test.ts:1263:7

Caused by: error: HXUV1-WOCMD-4: exactly one current target authority is required
 ❯ node_modules/pg-pool/index.js:45:11
 ❯ Object.query backend/src/test/disposable-database-runtime.ts:90:47
 ❯ issueLiveFakeFinancialDatabaseCapability backend/src/services/payment/FakeFinancialProvider.ts:1098:14
 ❯ backend/tests/system/hxos-canonical-lifecycle.pg.test.ts:1263:7

⎯⎯⎯⎯⎯⎯⎯⎯⎯⎯⎯⎯⎯⎯⎯⎯⎯⎯⎯⎯⎯⎯⎯⎯⎯⎯⎯⎯⎯⎯
Serialized Error: { length: 676, severity: 'ERROR', code: 'P0001', detail: undefined, hint: undefined, position: undefined, internalPosition: undefined, internalQuery: undefined, where: 'PL/pgSQL function hx_authority.read_universal_v1_work_order_target_authority_v1() line 17 at RAISE\nSQL statement "SELECT *                        FROM hx_authority.read_universal_v1_work_order_target_authority_v1()"\nPL/pgSQL function public.hxos_read_universal_v1_work_order_runtime_authority_v1() line 9 at SQL statement\nSQL statement "SELECT *                        FROM public.hxos_read_universal_v1_work_order_runtime_authority_v1()"\nPL/pgSQL function public.hxos_read_universal_v1_fake_financial_runtime_authority_v13() line 8 at SQL statement', schema: undefined, table: undefined, dataType: undefined, constraint: undefined, file: 'pl_exec.c', routine: 'exec_stmt_raise' }
⎯⎯⎯⎯⎯⎯⎯⎯⎯⎯⎯⎯⎯⎯⎯⎯⎯⎯⎯⎯⎯⎯⎯[3/25]⎯

 FAIL  |database-serial| backend/tests/system/prepared-financial-command-authority.pg.test.ts > Universal V1 PREPARED financial command PostgreSQL authority > serializes concurrent exact preparation into one committed immutable fact
AssertionError: expected [] to have a length of 6 but got +0

- Expected
+ Received

- 6
+ 0

 ❯ backend/tests/system/prepared-financial-command-authority.pg.test.ts:85:22
     83|       attempt.status === 'fulfilled' ? [attempt.value] : []
     84|     );
     85|     expect(receipts).toHaveLength(6);
       |                      ^
     86|     expect(attempts.filter(({ status }) => status === 'rejected')).toH…
     87|     const committed = receipts.filter(({ idempotencyReplayed }) => !id…

⎯⎯⎯⎯⎯⎯⎯⎯⎯⎯⎯⎯⎯⎯⎯⎯⎯⎯⎯⎯⎯⎯⎯[4/25]⎯

 FAIL  |database-serial| backend/tests/system/prepared-financial-command-authority.pg.test.ts > Universal V1 PREPARED financial command PostgreSQL authority > replays an exact request and rejects changed-key, changed-context, and occupied lifecycle identities
PreparedFinancialCommandAuthorityError: UNIVERSAL_V1_PREPARED_FINANCIAL_COMMAND_ACTOR_ATTESTATION_REQUIRED
 ❯ PostgresUniversalV1PreparedFinancialCommandAuthority.prepare backend/src/services/payment/PreparedFinancialCommandAuthority.ts:508:13
    506|     const input = Object.freeze(normalizeInput(rawInput));
    507|     if (!attestation)
    508|       throw new PreparedFinancialCommandAuthorityError('ACTOR_ATTESTAT…
       |             ^
    509|     const { recordedBy: _callerActor, ...intent } = input;
    510|     const payload = Object.freeze(FakeFinancialPreparationPayloadSchem…
 ❯ backend/tests/system/prepared-financial-command-authority.pg.test.ts:113:39

⎯⎯⎯⎯⎯⎯⎯⎯⎯⎯⎯⎯⎯⎯⎯⎯⎯⎯⎯⎯⎯⎯⎯[5/25]⎯

 FAIL  |database-serial| backend/tests/system/prepared-financial-command-authority.pg.test.ts > Universal V1 PREPARED financial command PostgreSQL authority > commits PREPARED and REQUESTED but refuses adapter entry without DISPATCH_ATTEMPTED
PreparedFinancialCommandAuthorityError: UNIVERSAL_V1_PREPARED_FINANCIAL_COMMAND_ACTOR_ATTESTATION_REQUIRED
 ❯ PostgresUniversalV1PreparedFinancialCommandAuthority.prepare backend/src/services/payment/PreparedFinancialCommandAuthority.ts:508:13
    506|     const input = Object.freeze(normalizeInput(rawInput));
    507|     if (!attestation)
    508|       throw new PreparedFinancialCommandAuthorityError('ACTOR_ATTESTAT…
       |             ^
    509|     const { recordedBy: _callerActor, ...intent } = input;
    510|     const payload = Object.freeze(FakeFinancialPreparationPayloadSchem…
 ❯ backend/tests/system/prepared-financial-command-authority.pg.test.ts:136:38

⎯⎯⎯⎯⎯⎯⎯⎯⎯⎯⎯⎯⎯⎯⎯⎯⎯⎯⎯⎯⎯⎯⎯[6/25]⎯

 FAIL  |database-serial| backend/tests/system/prepared-financial-command-authority.pg.test.ts > Universal V1 PREPARED financial command PostgreSQL authority > owns occurrence time in PostgreSQL rather than accepting caller wall clock
PreparedFinancialCommandAuthorityError: UNIVERSAL_V1_PREPARED_FINANCIAL_COMMAND_ACTOR_ATTESTATION_REQUIRED
 ❯ PostgresUniversalV1PreparedFinancialCommandAuthority.prepare backend/src/services/payment/PreparedFinancialCommandAuthority.ts:508:13
    506|     const input = Object.freeze(normalizeInput(rawInput));
    507|     if (!attestation)
    508|       throw new PreparedFinancialCommandAuthorityError('ACTOR_ATTESTAT…
       |             ^
    509|     const { recordedBy: _callerActor, ...intent } = input;
    510|     const payload = Object.freeze(FakeFinancialPreparationPayloadSchem…
 ❯ backend/tests/system/prepared-financial-command-authority.pg.test.ts:196:38

⎯⎯⎯⎯⎯⎯⎯⎯⎯⎯⎯⎯⎯⎯⎯⎯⎯⎯⎯⎯⎯⎯⎯[7/25]⎯

 FAIL  |database-serial| backend/tests/system/prepared-financial-command-authority.pg.test.ts > Universal V1 PREPARED financial command PostgreSQL authority > rejects approved-provider preparation and UPDATE, DELETE, and TRUNCATE
PreparedFinancialCommandAuthorityError: UNIVERSAL_V1_PREPARED_FINANCIAL_COMMAND_ACTOR_ATTESTATION_REQUIRED
 ❯ PostgresUniversalV1PreparedFinancialCommandAuthority.prepare backend/src/services/payment/PreparedFinancialCommandAuthority.ts:508:13
    506|     const input = Object.freeze(normalizeInput(rawInput));
    507|     if (!attestation)
    508|       throw new PreparedFinancialCommandAuthorityError('ACTOR_ATTESTAT…
       |             ^
    509|     const { recordedBy: _callerActor, ...intent } = input;
    510|     const payload = Object.freeze(FakeFinancialPreparationPayloadSchem…
 ❯ backend/tests/system/prepared-financial-command-authority.pg.test.ts:207:38

⎯⎯⎯⎯⎯⎯⎯⎯⎯⎯⎯⎯⎯⎯⎯⎯⎯⎯⎯⎯⎯⎯⎯[8/25]⎯

 FAIL  |database-serial| backend/tests/system/provider-observation-normalization.pg.test.ts > provider observation normalization PostgreSQL authority > corroborates an exact terminal observation without provider I/O or lifecycle success
PreparedFinancialCommandAuthorityError: UNIVERSAL_V1_PREPARED_FINANCIAL_COMMAND_ACTOR_ATTESTATION_REQUIRED
 ❯ PostgresUniversalV1PreparedFinancialCommandAuthority.prepare backend/src/services/payment/PreparedFinancialCommandAuthority.ts:508:13
    506|     const input = Object.freeze(normalizeInput(rawInput));
    507|     if (!attestation)
    508|       throw new PreparedFinancialCommandAuthorityError('ACTOR_ATTESTAT…
       |             ^
    509|     const { recordedBy: _callerActor, ...intent } = input;
    510|     const payload = Object.freeze(FakeFinancialPreparationPayloadSchem…
 ❯ backend/tests/system/provider-observation-normalization.pg.test.ts:54:89

⎯⎯⎯⎯⎯⎯⎯⎯⎯⎯⎯⎯⎯⎯⎯⎯⎯⎯⎯⎯⎯⎯⎯[9/25]⎯

 FAIL  |database-serial| backend/tests/system/stage1-legacy-authority-containment.pg.test.ts > Stage-1 contaminated-main PostgreSQL upgrade containment > preserves legacy rows and receipts while making every retired writer and bypass inert
error: HXUV1-WOCMD-0A: Work Order trigger catalog mismatch (151 / f82f820234a2fd838b14d49734b3a29f2fce3b0ed1b9cf782a8ac874ab2941c4)
 ❯ node_modules/pg/lib/client.js:545:17
 ❯ applyEngineAutomationMigration backend/src/jobs/engine-automation-migration.ts:600:5
    598|     }
    599|
    600|     await client.query(sql);
       |     ^
    601|     await client.query(
    602|       'INSERT INTO public.applied_migrations (name, sha256) VALUES ($1…
 ❯ runEngineAutomationMigrationsOnConnectedClientWithReceipt backend/src/jobs/engine-automation-migration.ts:662:21
 ❯ runEngineAutomationMigrationWithReceipt backend/src/jobs/engine-automation-migration.ts:706:12
 ❯ runEngineAutomationMigration backend/src/jobs/engine-automation-migration.ts:722:11
 ❯ backend/tests/system/stage1-legacy-authority-containment.pg.test.ts:646:38

⎯⎯⎯⎯⎯⎯⎯⎯⎯⎯⎯⎯⎯⎯⎯⎯⎯⎯⎯⎯⎯⎯[10/25]⎯

 FAIL  |database-serial| backend/tests/system/universal-v1-estimate-materialization.pg.test.ts > Universal V1 provider estimate PostgreSQL golden path > materializes one fake-secured unassigned Work Order, replays exactly, and rejects changed-context reuse
Error: WORK_ORDER_HISTORY_UNAVAILABLE
 ❯ refuse backend/src/services/UniversalV1WorkOrderHistory.ts:35:9
     33|   .strict();
     34| function refuse(reason: string): never {
     35|   throw new Error('WORK_ORDER_HISTORY_' + reason);
       |         ^
     36| }
     37|
 ❯ PostgresUniversalV1WorkOrderHistoryReader.read backend/src/services/UniversalV1WorkOrderHistory.ts:116:14
 ❯ readHistory backend/src/services/UniversalV1WorkOrderResume.ts:120:43
 ❯ resumeUniversalV1WorkOrder backend/src/services/UniversalV1WorkOrderResume.ts:163:23
 ❯ UniversalV1WorkOrderApplication.secureAndMaterializeFakeWorkOrder backend/src/services/UniversalV1WorkOrderApplication.ts:124:12
 ❯ backend/tests/system/universal-v1-estimate-materialization.pg.test.ts:2942:26

⎯⎯⎯⎯⎯⎯⎯⎯⎯⎯⎯⎯⎯⎯⎯⎯⎯⎯⎯⎯⎯⎯[11/25]⎯

 FAIL  |database-serial| backend/tests/system/universal-v1-estimate-materialization.pg.test.ts > Universal V1 provider estimate PostgreSQL golden path > preserves committed fake-finance evidence when terminal Work Order insertion fails
AssertionError: expected Error: WORK_ORDER_HISTORY_UNAVAILABLE to match object { code: 'XX999', …(1) }

- Expected
+ Received

- {
-   "code": "XX999",
-   "message": "INJECTED_WORK_ORDER_INSERT_FAILURE",
+ Error {
+   "message": "WORK_ORDER_HISTORY_UNAVAILABLE",
  }

 ❯ backend/tests/system/universal-v1-estimate-materialization.pg.test.ts:3093:7
    3091|           await actorAttestationHandle(lane.fixture.posterUserId)
    3092|         )
    3093|       ).rejects.toMatchObject({
       |       ^
    3094|         code: 'XX999',
    3095|         message: 'INJECTED_WORK_ORDER_INSERT_FAILURE',

⎯⎯⎯⎯⎯⎯⎯⎯⎯⎯⎯⎯⎯⎯⎯⎯⎯⎯⎯⎯⎯⎯[12/25]⎯

 FAIL  |database-serial| backend/tests/system/universal-v1-estimate-materialization.pg.test.ts > Universal V1 provider estimate PostgreSQL golden path > uses only the exact compensation claim when eligibility changes after SECURE
AssertionError: expected Error: WORK_ORDER_HISTORY_UNAVAILABLE to match object { Object (code) }

- Expected
+ Received

- {
-   "code": "WORK_ORDER_AUTHORITY_REVOKED",
+ Error {
+   "message": "WORK_ORDER_HISTORY_UNAVAILABLE",
  }

 ❯ backend/tests/system/universal-v1-estimate-materialization.pg.test.ts:3280:5
    3278|         await actorAttestationHandle(lane.fixture.posterUserId)
    3279|       )
    3280|     ).rejects.toMatchObject({ code: 'WORK_ORDER_AUTHORITY_REVOKED' });
       |     ^
    3281|     expect(successorEligibilityId).not.toBeNull();
    3282|

⎯⎯⎯⎯⎯⎯⎯⎯⎯⎯⎯⎯⎯⎯⎯⎯⎯⎯⎯⎯⎯⎯[13/25]⎯

 FAIL  |database-serial| backend/tests/system/universal-v1-estimate-materialization.pg.test.ts > Universal V1 provider estimate PostgreSQL golden path > voids the exact fake security event when legacy task state changes after SECURE
AssertionError: expected Error: WORK_ORDER_HISTORY_UNAVAILABLE to match object { Object (code) }

- Expected
+ Received

- {
-   "code": "WORK_ORDER_AUTHORITY_REVOKED",
+ Error {
+   "message": "WORK_ORDER_HISTORY_UNAVAILABLE",
  }

 ❯ backend/tests/system/universal-v1-estimate-materialization.pg.test.ts:3417:5
    3415|         await actorAttestationHandle(lane.fixture.posterUserId)
    3416|       )
    3417|     ).rejects.toMatchObject({ code: 'WORK_ORDER_AUTHORITY_REVOKED' });
       |     ^
    3418|     expect(cancellationInjected).toBe(true);
    3419|

⎯⎯⎯⎯⎯⎯⎯⎯⎯⎯⎯⎯⎯⎯⎯⎯⎯⎯⎯⎯⎯⎯[14/25]⎯

 FAIL  |database-serial| backend/tests/system/universal-v1-estimate-materialization.pg.test.ts > Universal V1 provider estimate PostgreSQL golden path > freezes the legacy task lifecycle projection after exact Work Order binding
Error: WORK_ORDER_HISTORY_UNAVAILABLE
 ❯ refuse backend/src/services/UniversalV1WorkOrderHistory.ts:35:9
     33|   .strict();
     34| function refuse(reason: string): never {
     35|   throw new Error('WORK_ORDER_HISTORY_' + reason);
       |         ^
     36| }
     37|
 ❯ PostgresUniversalV1WorkOrderHistoryReader.read backend/src/services/UniversalV1WorkOrderHistory.ts:116:14
 ❯ readHistory backend/src/services/UniversalV1WorkOrderResume.ts:120:43
 ❯ resumeUniversalV1WorkOrder backend/src/services/UniversalV1WorkOrderResume.ts:163:23
 ❯ UniversalV1WorkOrderApplication.secureAndMaterializeFakeWorkOrder backend/src/services/UniversalV1WorkOrderApplication.ts:124:12
 ❯ backend/tests/system/universal-v1-estimate-materialization.pg.test.ts:3478:26

⎯⎯⎯⎯⎯⎯⎯⎯⎯⎯⎯⎯⎯⎯⎯⎯⎯⎯⎯⎯⎯⎯[15/25]⎯

 FAIL  |database-serial| backend/tests/system/universal-v1-estimate-materialization.pg.test.ts > Universal V1 provider estimate PostgreSQL golden path > rejects Work Order materialization after provider authority is revoked with zero financial effects
AssertionError: expected Error: WORK_ORDER_HISTORY_UNAVAILABLE to match object { Object (code) }

- Expected
+ Received

- {
-   "code": "WORK_ORDER_AUTHORITY_REVOKED",
+ Error {
+   "message": "WORK_ORDER_HISTORY_UNAVAILABLE",
  }

 ❯ backend/tests/system/universal-v1-estimate-materialization.pg.test.ts:3561:5
    3559|         await actorAttestationHandle(lane.fixture.posterUserId)
    3560|       )
    3561|     ).rejects.toMatchObject({ code: 'WORK_ORDER_AUTHORITY_REVOKED' });
       |     ^
    3562|     expect(
    3563|       await workOrderEffectSnapshot({

⎯⎯⎯⎯⎯⎯⎯⎯⎯⎯⎯⎯⎯⎯⎯⎯⎯⎯⎯⎯⎯⎯[16/25]⎯

 FAIL  |database-serial| backend/tests/system/universal-v1-estimate-materialization.pg.test.ts > Universal V1 provider estimate PostgreSQL golden path > materializes and replays one dual-approved scope-only change on the exact execution chain
Error: WORK_ORDER_HISTORY_UNAVAILABLE
 ❯ refuse backend/src/services/UniversalV1WorkOrderHistory.ts:35:9
     33|   .strict();
     34| function refuse(reason: string): never {
     35|   throw new Error('WORK_ORDER_HISTORY_' + reason);
       |         ^
     36| }
     37|
 ❯ PostgresUniversalV1WorkOrderHistoryReader.read backend/src/services/UniversalV1WorkOrderHistory.ts:116:14
 ❯ readHistory backend/src/services/UniversalV1WorkOrderResume.ts:120:43
 ❯ resumeUniversalV1WorkOrder backend/src/services/UniversalV1WorkOrderResume.ts:163:23
 ❯ UniversalV1WorkOrderApplication.secureAndMaterializeFakeWorkOrder backend/src/services/UniversalV1WorkOrderApplication.ts:124:12
 ❯ backend/tests/system/universal-v1-estimate-materialization.pg.test.ts:3654:23

⎯⎯⎯⎯⎯⎯⎯⎯⎯⎯⎯⎯⎯⎯⎯⎯⎯⎯⎯⎯⎯⎯[17/25]⎯

 FAIL  |database-serial| backend/tests/system/universal-v1-estimate-materialization.pg.test.ts > Universal V1 provider estimate PostgreSQL golden path > commits, fake-authorizes, materializes, and exactly replays one price-and-scope change
Error: WORK_ORDER_HISTORY_UNAVAILABLE
 ❯ refuse backend/src/services/UniversalV1WorkOrderHistory.ts:35:9
     33|   .strict();
     34| function refuse(reason: string): never {
     35|   throw new Error('WORK_ORDER_HISTORY_' + reason);
       |         ^
     36| }
     37|
 ❯ PostgresUniversalV1WorkOrderHistoryReader.read backend/src/services/UniversalV1WorkOrderHistory.ts:116:14
 ❯ readHistory backend/src/services/UniversalV1WorkOrderResume.ts:120:43
 ❯ resumeUniversalV1WorkOrder backend/src/services/UniversalV1WorkOrderResume.ts:163:23
 ❯ UniversalV1WorkOrderApplication.secureAndMaterializeFakeWorkOrder backend/src/services/UniversalV1WorkOrderApplication.ts:124:12
 ❯ backend/tests/system/universal-v1-estimate-materialization.pg.test.ts:3890:23

⎯⎯⎯⎯⎯⎯⎯⎯⎯⎯⎯⎯⎯⎯⎯⎯⎯⎯⎯⎯⎯⎯[18/25]⎯

 FAIL  |database-serial| backend/tests/system/universal-v1-estimate-materialization.pg.test.ts > Universal V1 provider estimate PostgreSQL golden path > recovers every price-change crash boundary and terminally seals revoked authority
Error: WORK_ORDER_HISTORY_UNAVAILABLE
 ❯ refuse backend/src/services/UniversalV1WorkOrderHistory.ts:35:9
     33|   .strict();
     34| function refuse(reason: string): never {
     35|   throw new Error('WORK_ORDER_HISTORY_' + reason);
       |         ^
     36| }
     37|
 ❯ PostgresUniversalV1WorkOrderHistoryReader.read backend/src/services/UniversalV1WorkOrderHistory.ts:116:14
 ❯ readHistory backend/src/services/UniversalV1WorkOrderResume.ts:120:43
 ❯ resumeUniversalV1WorkOrder backend/src/services/UniversalV1WorkOrderResume.ts:163:23
 ❯ UniversalV1WorkOrderApplication.secureAndMaterializeFakeWorkOrder backend/src/services/UniversalV1WorkOrderApplication.ts:124:12
 ❯ approvedPriceAndScopeRecoveryLane backend/tests/system/universal-v1-estimate-materialization.pg.test.ts:1524:23
 ❯ preparedPriceAndScopeRecoveryLane backend/tests/system/universal-v1-estimate-materialization.pg.test.ts:1646:18
 ❯ backend/tests/system/universal-v1-estimate-materialization.pg.test.ts:4135:25

⎯⎯⎯⎯⎯⎯⎯⎯⎯⎯⎯⎯⎯⎯⎯⎯⎯⎯⎯⎯⎯⎯[19/25]⎯

 FAIL  |database-serial| backend/tests/system/universal-v1-estimate-materialization.pg.test.ts > Universal V1 provider estimate PostgreSQL golden path > serializes one organization account across owner/admin actors and rejects forged or out-of-order authority
error: HXFPCREC1-V13: DISPATCH requires one same-transaction sealed v13 admission
 ❯ node_modules/pg/lib/client.js:545:17
 ❯ query backend/tests/system/universal-v1-estimate-materialization.pg.test.ts:334:24
    332|         params?: unknown[]
    333|       ) => {
    334|         const result = await client.query(sql, params);
       |                        ^
    335|         return { rows: result.rows as Row[], rowCount: result.rowCount…
    336|       };
 ❯ PostgresFinancialProviderCommandRecoveryRepository.insertLease backend/src/services/payment/FinancialProviderCommandRecovery.ts:1064:22
 ❯ runTransaction backend/tests/system/universal-v1-estimate-materialization.pg.test.ts:337:21
 ❯ DurableFakeFinancialProviderCommandCoordinator.dispatch backend/src/services/payment/FinancialProviderCommandRecovery.ts:1380:19
 ❯ JournaledFinancialProviderInvoker.invokeAfterCommit backend/src/services/payment/FinancialProviderCommandJournal.ts:665:27
 ❯ UniversalV1FakeFinancialApplicationService.onboardProvider backend/src/services/payment/UniversalV1FinancialApplicationService.ts:1689:34
 ❯ UniversalV1FakeFinancialApplicationService.onboardProvider backend/src/services/payment/UniversalV1FinancialApplicationService.ts:2011:20
 ❯ evidence backend/tests/system/universal-v1-estimate-materialization.pg.test.ts:4673:23

⎯⎯⎯⎯⎯⎯⎯⎯⎯⎯⎯⎯⎯⎯⎯⎯⎯⎯⎯⎯⎯⎯[20/25]⎯

 FAIL  |database-serial| backend/tests/system/universal-v1-estimate-materialization.pg.test.ts > Universal V1 provider estimate PostgreSQL golden path > delivers one completion notice through the real worker and loopback SMTP sink
Error: WORK_ORDER_HISTORY_UNAVAILABLE
 ❯ refuse backend/src/services/UniversalV1WorkOrderHistory.ts:35:9
     33|   .strict();
     34| function refuse(reason: string): never {
     35|   throw new Error('WORK_ORDER_HISTORY_' + reason);
       |         ^
     36| }
     37|
 ❯ PostgresUniversalV1WorkOrderHistoryReader.read backend/src/services/UniversalV1WorkOrderHistory.ts:116:14
 ❯ readHistory backend/src/services/UniversalV1WorkOrderResume.ts:120:43
 ❯ resumeUniversalV1WorkOrder backend/src/services/UniversalV1WorkOrderResume.ts:163:23
 ❯ UniversalV1WorkOrderApplication.secureAndMaterializeFakeWorkOrder backend/src/services/UniversalV1WorkOrderApplication.ts:124:12
 ❯ backend/tests/system/universal-v1-estimate-materialization.pg.test.ts:4996:26

⎯⎯⎯⎯⎯⎯⎯⎯⎯⎯⎯⎯⎯⎯⎯⎯⎯⎯⎯⎯⎯⎯[21/25]⎯

 FAIL  |database-serial| backend/tests/system/universal-v1-estimate-materialization.pg.test.ts > Universal V1 provider estimate PostgreSQL golden path > continues an unassigned Work Order through evidence, completion, fake capture, 'settlement and reconciliation'
 FAIL  |database-serial| backend/tests/system/universal-v1-estimate-materialization.pg.test.ts > Universal V1 provider estimate PostgreSQL golden path > continues an unassigned Work Order through evidence, completion, fake capture, 'full refund and closed reconciliation'
Error: WORK_ORDER_HISTORY_UNAVAILABLE
 ❯ refuse backend/src/services/UniversalV1WorkOrderHistory.ts:35:9
     33|   .strict();
     34| function refuse(reason: string): never {
     35|   throw new Error('WORK_ORDER_HISTORY_' + reason);
       |         ^
     36| }
     37|
 ❯ PostgresUniversalV1WorkOrderHistoryReader.read backend/src/services/UniversalV1WorkOrderHistory.ts:116:14
 ❯ readHistory backend/src/services/UniversalV1WorkOrderResume.ts:120:43
 ❯ resumeUniversalV1WorkOrder backend/src/services/UniversalV1WorkOrderResume.ts:163:23
 ❯ UniversalV1WorkOrderApplication.secureAndMaterializeFakeWorkOrder backend/src/services/UniversalV1WorkOrderApplication.ts:124:12
 ❯ backend/tests/system/universal-v1-estimate-materialization.pg.test.ts:5238:28

⎯⎯⎯⎯⎯⎯⎯⎯⎯⎯⎯⎯⎯⎯⎯⎯⎯⎯⎯⎯⎯⎯[22/25]⎯

 FAIL  |database-serial| backend/tests/system/universal-v1-financial-security-expiry.pg.test.ts > Universal V1 financial-security expiry PostgreSQL authority > carries one millisecond provider observation through the real repository, application, lifecycle, and bridge path
PreparedFinancialCommandAuthorityError: UNIVERSAL_V1_PREPARED_FINANCIAL_COMMAND_ACTOR_ATTESTATION_REQUIRED
 ❯ PostgresUniversalV1PreparedFinancialCommandAuthority.prepare backend/src/services/payment/PreparedFinancialCommandAuthority.ts:508:13
    506|     const input = Object.freeze(normalizeInput(rawInput));
    507|     if (!attestation)
    508|       throw new PreparedFinancialCommandAuthorityError('ACTOR_ATTESTAT…
       |             ^
    509|     const { recordedBy: _callerActor, ...intent } = input;
    510|     const payload = Object.freeze(FakeFinancialPreparationPayloadSchem…
 ❯ UniversalV1FakeFinancialApplicationService.executeFinancialEvent backend/src/services/payment/UniversalV1FinancialApplicationService.ts:1616:51
 ❯ backend/tests/system/universal-v1-financial-security-expiry.pg.test.ts:1610:41

⎯⎯⎯⎯⎯⎯⎯⎯⎯⎯⎯⎯⎯⎯⎯⎯⎯⎯⎯⎯⎯⎯[23/25]⎯

 FAIL  |database-serial| backend/tests/system/universal-v1-financial-security-expiry.pg.test.ts > Universal V1 financial-security expiry PostgreSQL authority > compensates a raw-only pre-v9 null-expiry success without an UNKNOWN loop or new positive authority
PreparedFinancialCommandAuthorityError: UNIVERSAL_V1_PREPARED_FINANCIAL_COMMAND_ACTOR_ATTESTATION_REQUIRED
 ❯ PostgresUniversalV1PreparedFinancialCommandAuthority.prepare backend/src/services/payment/PreparedFinancialCommandAuthority.ts:508:13
    506|     const input = Object.freeze(normalizeInput(rawInput));
    507|     if (!attestation)
    508|       throw new PreparedFinancialCommandAuthorityError('ACTOR_ATTESTAT…
       |             ^
    509|     const { recordedBy: _callerActor, ...intent } = input;
    510|     const payload = Object.freeze(FakeFinancialPreparationPayloadSchem…
 ❯ UniversalV1FakeFinancialApplicationService.executeFinancialEvent backend/src/services/payment/UniversalV1FinancialApplicationService.ts:1616:51
 ❯ backend/tests/system/universal-v1-financial-security-expiry.pg.test.ts:1704:41

⎯⎯⎯⎯⎯⎯⎯⎯⎯⎯⎯⎯⎯⎯⎯⎯⎯⎯⎯⎯⎯⎯[24/25]⎯


 Test Files  7 failed | 690 passed (697)
      Tests  24 failed | 11034 passed | 15 skipped (11073)
   Start at  13:14:33
   Duration  1776.61s (transform 36.10s, setup 45.71s, import 279.97s, tests 1606.91s, environment 147ms)

JSON report written to C:/Users/Manfish/Documents/Codex/2026-09-04/let/work/backend-validation-checkout/reports/vitest-required.json
file:///C:/Users/Manfish/Documents/Codex/2026-09-04/let/work/backend-validation-checkout/scripts/run-required-tests.mjs:270
        new Error(
        ^

Error: Required-test command failed (exit 1): node node_modules/vitest/vitest.mjs run --config vitest.required.config.ts --configLoader=runner --reporter=default --reporter=json --outputFile.json=C:\Users\Manfish\Documents\Codex\2026-09-04\let\work\backend-validation-checkout\reports\vitest-required.json
    at ChildProcess.<anonymous> (file:///C:/Users/Manfish/Documents/Codex/2026-09-04/let/work/backend-validation-checkout/scripts/run-required-tests.mjs:270:9)
    at Object.onceWrapper (node:events:634:26)
    at ChildProcess.emit (node:events:519:28)
    at ChildProcess._handle.onexit (node:internal/child_process:293:12)

Node.js v22.23.2
