HXOS_LOCAL_TOOLS_ABSENT {"ok":true,"revision":"1da48aed847099956619763af40aaaaa04bb719d","git_tree_entries":0,"git_index_entries":0,"filesystem_entries":0}
HustleXP engine build identity: 1da48aed847099956619763af40aaaaa04bb719d
TAP version 13
# Subtest: accepts only an explicitly authorized loopback CI admin database
ok 1 - accepts only an explicitly authorized loopback CI admin database
  ---
  duration_ms: 3.9229
  type: 'test'
  ...
# Subtest: refuses production, remote, unapproved, or broadly named database targets
ok 2 - refuses production, remote, unapproved, or broadly named database targets
  ---
  duration_ms: 0.8568
  type: 'test'
  ...
# Subtest: prepared test URLs remain fixed to the isolated user and database names
ok 3 - prepared test URLs remain fixed to the isolated user and database names
  ---
  duration_ms: 0.5102
  type: 'test'
  ...
# Subtest: pins the required-test fake-finance fixture to the append-only nonproduction migration
ok 4 - pins the required-test fake-finance fixture to the append-only nonproduction migration
  ---
  duration_ms: 25.9517
  type: 'test'
  ...
# Subtest: required Vitest uses the bounded two-project config and cross-platform loader
ok 5 - required Vitest uses the bounded two-project config and cross-platform loader
  ---
  duration_ms: 2.7918
  type: 'test'
  ...
# Subtest: required Vitest preserves console diagnostics alongside exact JSON accounting
ok 6 - required Vitest preserves console diagnostics alongside exact JSON accounting
  ---
  duration_ms: 0.4616
  type: 'test'
  ...
# Subtest: direct-execution detection canonicalizes aliases and covers platform path semantics
ok 7 - direct-execution detection canonicalizes aliases and covers platform path semantics
  ---
  duration_ms: 1.7923
  type: 'test'
  ...
# Subtest: direct-execution detection fails closed when canonical identity is unavailable
ok 8 - direct-execution detection fails closed when canonical identity is unavailable
  ---
  duration_ms: 0.9852
  type: 'test'
  ...
# Subtest: direct required-test invocation fails closed for an invalid policy
ok 9 - direct required-test invocation fails closed for an invalid policy
  ---
  duration_ms: 191.1608
  type: 'test'
  ...
# Subtest: required local test environment derives only fixed isolated database targets
ok 10 - required local test environment derives only fixed isolated database targets
  ---
  duration_ms: 3.8203
  type: 'test'
  ...
# Subtest: required local tests reject remote, production, and mismatched test infrastructure
ok 11 - required local tests reject remote, production, and mismatched test infrastructure
  ---
  duration_ms: 1.6364
  type: 'test'
  ...
# Subtest: required local test gates are exact and bind the container flag to non-admin targets
ok 12 - required local test gates are exact and bind the container flag to non-admin targets
  ---
  duration_ms: 1.2148
  type: 'test'
  ...
# Subtest: required child environments scrub every external provider credential and selector
ok 13 - required child environments scrub every external provider credential and selector
  ---
  duration_ms: 1.6405
  type: 'test'
  ...
# Subtest: required child environments scrub ambient internal authority credentials and actors
ok 14 - required child environments scrub ambient internal authority credentials and actors
  ---
  duration_ms: 1.033
  type: 'test'
  ...
# Subtest: external provider scrub inventory covers every matching backend environment read
ok 15 - external provider scrub inventory covers every matching backend environment read
  ---
  duration_ms: 0.8281
  type: 'test'
  ...
# Subtest: required child environments replace ambient providers with fixed synthetic values only
ok 16 - required child environments replace ambient providers with fixed synthetic values only
  ---
  duration_ms: 0.6605
  type: 'test'
  ...
# Subtest: required runner owns the exact source gate inventory and scopes every gate to Vitest
ok 17 - required runner owns the exact source gate inventory and scopes every gate to Vitest
  ---
  duration_ms: 137.8697
  type: 'test'
  ...
# Subtest: required runner fixes money creation frozen and preserves exact hosted commit identity
ok 18 - required runner fixes money creation frozen and preserves exact hosted commit identity
  ---
  duration_ms: 0.3719
  type: 'test'
  ...
# Subtest: required runner owns every release contract and executes in fail-closed order
ok 19 - required runner owns every release contract and executes in fail-closed order
  ---
  duration_ms: 0.2684
  type: 'test'
  ...
# Subtest: the exact consequential-admin inventory covers every current administrator surface
ok 20 - the exact consequential-admin inventory covers every current administrator surface
  ---
  duration_ms: 81.3142
  type: 'test'
  ...
# Subtest: an added administrator mutation fails until it is explicitly classified
ok 21 - an added administrator mutation fails until it is explicitly classified
  ---
  duration_ms: 39.922
  type: 'test'
  ...
# Subtest: stale inventory entries fail instead of silently outliving removed routes
ok 22 - stale inventory entries fail instead of silently outliving removed routes
  ---
  duration_ms: 34.5461
  type: 'test'
  ...
# Subtest: held, two-person, and forbidden labels are verified against executable controls
ok 23 - held, two-person, and forbidden labels are verified against executable controls
  ---
  duration_ms: 26.2274
  type: 'test'
  ...
# Subtest: every uncovered trust and safety mutation is explicitly terminally held
ok 24 - every uncovered trust and safety mutation is explicitly terminally held
  ---
  duration_ms: 27.2706
  type: 'test'
  ...
# Subtest: direct feature-flag mutation or enablement fails the authority verifier
ok 25 - direct feature-flag mutation or enablement fails the authority verifier
  ---
  duration_ms: 1.1565
  type: 'test'
  ...
# Subtest: migration verification accepts only the explicit isolated recreate authority
ok 26 - migration verification accepts only the explicit isolated recreate authority
  ---
  duration_ms: 2.4003
  type: 'test'
  ...
# Subtest: migration verification refuses production, remote, wrong-user, and broad database authority
ok 27 - migration verification refuses production, remote, wrong-user, and broad database authority
  ---
  duration_ms: 0.3648
  type: 'test'
  ...
# Subtest: engine execution authority accepts only exact disposable verifier targets, never admin
ok 28 - engine execution authority accepts only exact disposable verifier targets, never admin
  ---
  duration_ms: 1.0929
  type: 'test'
  ...
# Subtest: force-drop implementation checks exact recreate authority before connecting or dropping
ok 29 - force-drop implementation checks exact recreate authority before connecting or dropping
  ---
  duration_ms: 7.7876
  type: 'test'
  ...
# Subtest: PostgreSQL verifier binds and consumes one stateful exact plan per migration client
ok 30 - PostgreSQL verifier binds and consumes one stateful exact plan per migration client
  ---
  duration_ms: 3.25
  type: 'test'
  ...
# Subtest: PostgreSQL verification executes the legacy assignment-alias bypass proof
ok 31 - PostgreSQL verification executes the legacy assignment-alias bypass proof
  ---
  duration_ms: 1.5072
  type: 'test'
  ...
# Subtest: PostgreSQL verification executes the TaskDraft claim upgrade and raw-rerun matrix
ok 32 - PostgreSQL verification executes the TaskDraft claim upgrade and raw-rerun matrix
  ---
  duration_ms: 1.4849
  type: 'test'
  ...
# Subtest: PostgreSQL verification refuses partial completion audit truth and raw-replays 138
ok 33 - PostgreSQL verification refuses partial completion audit truth and raw-replays 138
  ---
  duration_ms: 1.8058
  type: 'test'
  ...
# Subtest: PostgreSQL verification certifies purpose-bound occurrence audit migration 139
ok 34 - PostgreSQL verification certifies purpose-bound occurrence audit migration 139
  ---
  duration_ms: 1.8748
  type: 'test'
  ...
# Subtest: clean exact candidate returns a zero-entry receipt bound to its revision
ok 35 - clean exact candidate returns a zero-entry receipt bound to its revision
  ---
  duration_ms: 4.0087
  type: 'test'
  ...
# Subtest: Git tree inspection is recursive and index inspection covers every cached path
ok 36 - Git tree inspection is recursive and index inspection covers every cached path
  ---
  duration_ms: 0.6277
  type: 'test'
  ...
# Subtest: Git tree contamination fails even when index and filesystem are clean
ok 37 - Git tree contamination fails even when index and filesystem are clean
  ---
  duration_ms: 1.2657
  type: 'test'
  ...
# Subtest: Git index contamination catches case variants and Windows separators
ok 38 - Git index contamination catches case variants and Windows separators
  ---
  duration_ms: 0.6327
  type: 'test'
  ...
# Subtest: filesystem inspection catches nested entries and case variants
ok 39 - filesystem inspection catches nested entries and case variants
  ---
  duration_ms: 0.6309
  type: 'test'
  ...
# Subtest: expected revision input is exact and mismatches fail closed
ok 40 - expected revision input is exact and mismatches fail closed
  ---
  duration_ms: 0.5342
  type: 'test'
  ...
# Subtest: Git and filesystem inspection errors are not treated as empty evidence
ok 41 - Git and filesystem inspection errors are not treated as empty evidence
  ---
  duration_ms: 0.652
  type: 'test'
  ...
# Subtest: NUL parsing is newline-safe and every exact path component is forbidden
ok 42 - NUL parsing is newline-safe and every exact path component is forbidden
  ---
  duration_ms: 0.6075
  type: 'test'
  ...
# Subtest: ignore contracts keep local tooling out of Git and both Docker contexts
ok 43 - ignore contracts keep local tooling out of Git and both Docker contexts
  ---
  duration_ms: 21.21
  type: 'test'
  ...
# Subtest: required CI has read-only repository authority and never persists checkout credentials
ok 44 - required CI has read-only repository authority and never persists checkout credentials
  ---
  duration_ms: 36.7045
  type: 'test'
  ...
# Subtest: every install lane proves exact-candidate local-tooling absence before npm install
ok 45 - every install lane proves exact-candidate local-tooling absence before npm install
  ---
  duration_ms: 8.8027
  type: 'test'
  ...
# Subtest: required test check provisions only isolated PostgreSQL and loopback Redis services
ok 46 - required test check provisions only isolated PostgreSQL and loopback Redis services
  ---
  duration_ms: 6.8047
  type: 'test'
  ...
# Subtest: CI delegates the complete suite and deterministic provider policy to one runner
ok 47 - CI delegates the complete suite and deterministic provider policy to one runner
  ---
  duration_ms: 8.067
  type: 'test'
  ...
# Subtest: database recreation authority is scoped only to the runner and migration proof
ok 48 - database recreation authority is scoped only to the runner and migration proof
  ---
  duration_ms: 8.2504
  type: 'test'
  ...
# Subtest: required test stages preserve install-runner-evidence-role-legal ordering
ok 49 - required test stages preserve install-runner-evidence-role-legal ordering
  ---
  duration_ms: 5.4962
  type: 'test'
  ...
# Subtest: required test evidence is exact-SHA named and cannot pass without a report
ok 50 - required test evidence is exact-SHA named and cannot pass without a report
  ---
  duration_ms: 6.0379
  type: 'test'
  ...
# Subtest: required test check does not depend on ambient shared infrastructure secrets
ok 51 - required test check does not depend on ambient shared infrastructure secrets
  ---
  duration_ms: 1.977
  type: 'test'
  ...
# Subtest: package exposes cross-platform fail-closed required and hygiene runners
ok 52 - package exposes cross-platform fail-closed required and hygiene runners
  ---
  duration_ms: 4.8196
  type: 'test'
  ...
# Subtest: public-repository security checks are enforcing and bind to the PR head candidate
ok 53 - public-repository security checks are enforcing and bind to the PR head candidate
  ---
  duration_ms: 24.0582
  type: 'test'
  ...
# Subtest: build validation executes PostgreSQL proofs and verifies the exact candidate image
ok 54 - build validation executes PostgreSQL proofs and verifies the exact candidate image
  ---
  duration_ms: 12.6157
  type: 'test'
  ...
# Subtest: required tests delegate isolated infrastructure and frozen-provider policy to one runner
ok 55 - required tests delegate isolated infrastructure and frozen-provider policy to one runner
  ---
  duration_ms: 5.7683
  type: 'test'
  ...
# Subtest: recreate authority and required-test ordering stay narrow and fail closed
ok 56 - recreate authority and required-test ordering stay narrow and fail closed
  ---
  duration_ms: 5.6541
  type: 'test'
  ...
# Subtest: root README exposes the common repository authority contract
ok 57 - root README exposes the common repository authority contract
  ---
  duration_ms: 13.6401
  type: 'test'
  ...
# Subtest: agent and reviewer instructions enforce Universal V1 rather than a collapsed pay-first lifecycle
ok 58 - agent and reviewer instructions enforce Universal V1 rather than a collapsed pay-first lifecycle
  ---
  duration_ms: 4.046
  type: 'test'
  ...
# Subtest: team target binds the active V1A Gate 0-10 boundary and excludes Gates 11-12
ok 59 - team target binds the active V1A Gate 0-10 boundary and excludes Gates 11-12
  ---
  duration_ms: 11.7806
  type: 'test'
  ...
# Subtest: CI documentation describes the checked-in hold and source-dates mutable external truth
ok 60 - CI documentation describes the checked-in hold and source-dates mutable external truth
  ---
  duration_ms: 4.7742
  type: 'test'
  ...
# Subtest: restricted underwriting and dirty local receipts remain subordinate and unpromotable
ok 61 - restricted underwriting and dirty local receipts remain subordinate and unpromotable
  ---
  duration_ms: 22.2183
  type: 'test'
  ...
# Subtest: accepts only a complete zero-failure zero-skip Vitest report
ok 62 - accepts only a complete zero-failure zero-skip Vitest report
  ---
  duration_ms: 5.4173
  type: 'test'
  ...
# Subtest: rejects failures, skips, todo tests, and incomplete accounting
ok 63 - rejects failures, skips, todo tests, and incomplete accounting
  ---
  duration_ms: 3.1554
  type: 'test'
  ...
# Subtest: rejects malformed or empty reports instead of inventing success
ok 64 - rejects malformed or empty reports instead of inventing success
  ---
  duration_ms: 0.7698
  type: 'test'
  ...
# Subtest: requires exact per-assertion and per-file evidence instead of trusting aggregate counts
ok 65 - requires exact per-assertion and per-file evidence instead of trusting aggregate counts
  ---
  duration_ms: 1.5533
  type: 'test'
  ...
# Subtest: requires a one-to-one report for the exact filesystem inventory
ok 66 - requires a one-to-one report for the exact filesystem inventory
  ---
  duration_ms: 1.7483
  type: 'test'
  ...
# Subtest: rejects empty file evidence and paths outside the candidate checkout
ok 67 - rejects empty file evidence and paths outside the candidate checkout
  ---
  duration_ms: 0.7345
  type: 'test'
  ...
# Subtest: discovers every candidate test file across the required cohort directories
ok 68 - discovers every candidate test file across the required cohort directories
  ---
  duration_ms: 36.8331
  type: 'test'
  ...
1..68
# tests 68
# suites 0
# pass 68
# fail 0
# cancelled 0
# skipped 0
# todo 0
# duration_ms 831.1666
[21:05:40.253] [32mINFO[39m: [36mRequired engine migration verified[39m
    module: "worker"
    status: "applied"
    migration: "add_missing_tables_v2"
    sourcePath: "C:\Users\Manfish\Documents\Codex\2026-09-04\let\work\backend-validation-checkout\backend\database\migrations\add_missing_tables_v2.sql"
    sha256: "0e82957e8c8ac0cdb2da99faaad235f64e8eda817ff60681e4455719b48a403e"
[21:05:40.464] [32mINFO[39m: [36mRequired engine migration verified[39m
    module: "worker"
    status: "applied"
    migration: "20260710_engine_automation_contracts"
    sourcePath: "C:\Users\Manfish\Documents\Codex\2026-09-04\let\work\backend-validation-checkout\backend\database\migrations\20260710_engine_automation_contracts.sql"
    sha256: "7581c779b858864ba4f1d7ec1af1fb8da613c53b8986adafcfd4de2cf07938a7"
[21:05:40.497] [32mINFO[39m: [36mRequired engine migration verified[39m
    module: "worker"
    status: "applied"
    migration: "20260711_required_proof_alignment"
    sourcePath: "C:\Users\Manfish\Documents\Codex\2026-09-04\let\work\backend-validation-checkout\backend\database\migrations\011-proof-alignment.sql"
    sha256: "aa042a77dc4f8b8fcad8b53f6e678a6c2ec4edf39d7c18f63399d184369759c3"
[21:05:40.622] [32mINFO[39m: [36mRequired engine migration verified[39m
    module: "worker"
    status: "applied"
    migration: "20260711_required_expertise_supply"
    sourcePath: "C:\Users\Manfish\Documents\Codex\2026-09-04\let\work\backend-validation-checkout\backend\database\migrations\expertise_supply_control.sql"
    sha256: "104803408da1a0196291254866cefb2944b4b45be5a2c81df334ecaac828cf39"
[21:05:40.645] [32mINFO[39m: [36mRequired engine migration verified[39m
    module: "worker"
    status: "applied"
    migration: "20260711_task_outcome_classification"
    sourcePath: "C:\Users\Manfish\Documents\Codex\2026-09-04\let\work\backend-validation-checkout\backend\database\migrations\20260711_task_outcome_classification.sql"
    sha256: "c723901db04a66d60ec231ac10324fe8834a32b9b6019b7a5aa0a651638cf791"
[21:05:40.689] [32mINFO[39m: [36mRequired engine migration verified[39m
    module: "worker"
    status: "applied"
    migration: "20260712_hustler_identity_link"
    sourcePath: "C:\Users\Manfish\Documents\Codex\2026-09-04\let\work\backend-validation-checkout\backend\database\migrations\20260712_hustler_identity_link.sql"
    sha256: "4ea3685d374532f90122a58b596d04a544c06bd701d0697037af15a964af3518"
[21:05:40.714] [32mINFO[39m: [36mRequired engine migration verified[39m
    module: "worker"
    status: "applied"
    migration: "20260712_dispatch_expiry_pending_payment_cancel"
    sourcePath: "C:\Users\Manfish\Documents\Codex\2026-09-04\let\work\backend-validation-checkout\backend\database\migrations\20260712_dispatch_expiry_pending_payment_cancel.sql"
    sha256: "4b29f0612985dbf9e90c2f437cc49dbf88223d3a78c67bfd48ebc88e16249a7f"
[21:05:40.728] [32mINFO[39m: [36mRequired engine migration verified[39m
    module: "worker"
    status: "applied"
    migration: "20260712_dispatch_expiry_no_payment_reconcile"
    sourcePath: "C:\Users\Manfish\Documents\Codex\2026-09-04\let\work\backend-validation-checkout\backend\database\migrations\20260712_dispatch_expiry_no_payment_reconcile.sql"
    sha256: "12d4e967e5b0a910debe5c187a5dc3bb18d3c2ce49375e6698aa856e12a60b72"
[21:05:40.802] [32mINFO[39m: [36mRequired engine migration verified[39m
    module: "worker"
    status: "applied"
    migration: "performance_indexes_v1"
    sourcePath: "C:\Users\Manfish\Documents\Codex\2026-09-04\let\work\backend-validation-checkout\backend\database\migrations\20260713_performance_indexes_alignment.sql"
    sha256: "3696d6feeed5f058d286ad62cbe8fb75a72e43cecc93cfcb162bb2ef61cb33cf"
[21:05:40.886] [32mINFO[39m: [36mRequired engine migration verified[39m
    module: "worker"
    status: "applied"
    migration: "chargeback_lifecycle_v1"
    sourcePath: "C:\Users\Manfish\Documents\Codex\2026-09-04\let\work\backend-validation-checkout\backend\database\migrations\chargeback_lifecycle.sql"
    sha256: "32905444b29504044c3f91a5398a0a2c064398d833e66d486e6ca513fddff6f7"
[21:05:40.969] [32mINFO[39m: [36mRequired engine migration verified[39m
    module: "worker"
    status: "applied"
    migration: "20260718_revenue_audit_rail"
    sourcePath: "C:\Users\Manfish\Documents\Codex\2026-09-04\let\work\backend-validation-checkout\backend\database\migrations\20260718_revenue_audit_rail.sql"
    sha256: "f11a5eb964f2c09b9e9592533fd32b35c24c9de8511e79b6096f2cf7627134a0"
[21:05:40.990] [32mINFO[39m: [36mRequired engine migration verified[39m
    module: "worker"
    status: "applied"
    migration: "20260718_quote_economics_contract"
    sourcePath: "C:\Users\Manfish\Documents\Codex\2026-09-04\let\work\backend-validation-checkout\backend\database\migrations\20260718_quote_economics_contract.sql"
    sha256: "1eb1a06963af0d740b488154d5803ab050f322d501feae130ac02e6e5669ecef"
[21:05:41.080] [32mINFO[39m: [36mRequired engine migration verified[39m
    module: "worker"
    status: "applied"
    migration: "20260718_task_scope_versions"
    sourcePath: "C:\Users\Manfish\Documents\Codex\2026-09-04\let\work\backend-validation-checkout\backend\database\migrations\20260718_task_scope_versions.sql"
    sha256: "71098ed2d76562e33e7439b6bbeaa2648c19174a3c19195460238aeaf5abcd6e"
[21:05:41.106] [32mINFO[39m: [36mRequired engine migration verified[39m
    module: "worker"
    status: "applied"
    migration: "20260718_task_location_encryption"
    sourcePath: "C:\Users\Manfish\Documents\Codex\2026-09-04\let\work\backend-validation-checkout\backend\database\migrations\20260718_task_location_encryption.sql"
    sha256: "084ef950e086b7aa5040e4fba37277d18f65a15f6cbea75d52dd5729b00386f2"
[21:05:41.126] [32mINFO[39m: [36mRequired engine migration verified[39m
    module: "worker"
    status: "applied"
    migration: "20260718_proof_submission_atomicity"
    sourcePath: "C:\Users\Manfish\Documents\Codex\2026-09-04\let\work\backend-validation-checkout\backend\database\migrations\20260718_proof_submission_atomicity.sql"
    sha256: "6d5dfced166382beed083351a6c75aa5bbf972dcb0eb8704003cae40aa8d5768"
[21:05:41.204] [32mINFO[39m: [36mRequired engine migration verified[39m
    module: "worker"
    status: "applied"
    migration: "20260718_task_safety_incident_cases"
    sourcePath: "C:\Users\Manfish\Documents\Codex\2026-09-04\let\work\backend-validation-checkout\backend\database\migrations\20260718_task_safety_incident_cases.sql"
    sha256: "a73437cc7e7f152a195b730f4c1d622ca2461bc682665c26f31760a3d1fa3800"
[21:05:41.227] [32mINFO[39m: [36mRequired engine migration verified[39m
    module: "worker"
    status: "applied"
    migration: "20260718_task_safety_delivery_contract"
    sourcePath: "C:\Users\Manfish\Documents\Codex\2026-09-04\let\work\backend-validation-checkout\backend\database\migrations\20260718_task_safety_delivery_contract.sql"
    sha256: "26c8241b9526f77980121afa98089dcf55162204979c0ee0465b1d7c55416c7d"
[21:05:41.303] [32mINFO[39m: [36mRequired engine migration verified[39m
    module: "worker"
    status: "applied"
    migration: "20260718_task_safety_checkins"
    sourcePath: "C:\Users\Manfish\Documents\Codex\2026-09-04\let\work\backend-validation-checkout\backend\database\migrations\20260718_task_safety_checkins.sql"
    sha256: "f9278e4a9cb7c7345f321712a4204280129d6e31aba31d03a987c31cb40781e5"
[21:05:41.356] [32mINFO[39m: [36mRequired engine migration verified[39m
    module: "worker"
    status: "applied"
    migration: "20260718_task_safety_location_encryption"
    sourcePath: "C:\Users\Manfish\Documents\Codex\2026-09-04\let\work\backend-validation-checkout\backend\database\migrations\20260718_task_safety_location_encryption.sql"
    sha256: "2cd76dff8f126da4bec2d6f58e2c6de5c3c93a3fabd1024536a7c007dce07e46"
[21:05:41.439] [32mINFO[39m: [36mRequired engine migration verified[39m
    module: "worker"
    status: "applied"
    migration: "20260718_zone_category_liquidity_cells"
    sourcePath: "C:\Users\Manfish\Documents\Codex\2026-09-04\let\work\backend-validation-checkout\backend\database\migrations\20260718_zone_category_liquidity_cells.sql"
    sha256: "8c427c29ac142a7543c08768be5823b1dcd6d4630b1a3b5128e2e88afce77a2c"
[21:05:41.544] [32mINFO[39m: [36mRequired engine migration verified[39m
    module: "worker"
    status: "applied"
    migration: "20260718_worker_offer_decision_contract"
    sourcePath: "C:\Users\Manfish\Documents\Codex\2026-09-04\let\work\backend-validation-checkout\backend\database\migrations\20260718_worker_offer_decision_contract.sql"
    sha256: "81defc49577f106e03e682814dd2bc302f7435adfb1711a8801d68ada75d4e02"
[21:05:41.712] [32mINFO[39m: [36mRequired engine migration verified[39m
    module: "worker"
    status: "applied"
    migration: "20260718_worker_screening_rights_contract"
    sourcePath: "C:\Users\Manfish\Documents\Codex\2026-09-04\let\work\backend-validation-checkout\backend\database\migrations\20260718_worker_screening_rights_contract.sql"
    sha256: "3c1d98eb3a8e5f59811dc7a937584bc96b0d37bae87a04f7bac58b41e1a4d20d"
[21:05:41.789] [32mINFO[39m: [36mRequired engine migration verified[39m
    module: "worker"
    status: "applied"
    migration: "20260718_region_policy_contract"
    sourcePath: "C:\Users\Manfish\Documents\Codex\2026-09-04\let\work\backend-validation-checkout\backend\database\migrations\20260718_region_policy_contract.sql"
    sha256: "01c65eb106aa9ad3a9909e08b882f6ba908bf626e0c23a68136c64fe39ec9311"
[21:05:41.824] [32mINFO[39m: [36mRequired engine migration verified[39m
    module: "worker"
    status: "applied"
    migration: "20260718_completion_retention_contract"
    sourcePath: "C:\Users\Manfish\Documents\Codex\2026-09-04\let\work\backend-validation-checkout\backend\database\migrations\20260718_completion_retention_contract.sql"
    sha256: "b55d86d2438505a7e38b330de642ca1711ab14e8f970da9e9eca8d975da38ef0"
[21:05:41.907] [32mINFO[39m: [36mRequired engine migration verified[39m
    module: "worker"
    status: "applied"
    migration: "20260718_task_public_clarifications"
    sourcePath: "C:\Users\Manfish\Documents\Codex\2026-09-04\let\work\backend-validation-checkout\backend\database\migrations\20260718_task_public_clarifications.sql"
    sha256: "5dd2cca338998318447069a4c47fcaaf8a48e2d9bb7004e24576bc76849c9155"
[21:05:42.072] [32mINFO[39m: [36mRequired engine migration verified[39m
    module: "worker"
    status: "applied"
    migration: "20260718_marketplace_reputation_contract"
    sourcePath: "C:\Users\Manfish\Documents\Codex\2026-09-04\let\work\backend-validation-checkout\backend\database\migrations\20260718_marketplace_reputation_contract.sql"
    sha256: "df565bff5dd411e74c6714e3353d22e28af6438b8a2a16c34fb574dd46d50933"
[21:05:42.190] [32mINFO[39m: [36mRequired engine migration verified[39m
    module: "worker"
    status: "applied"
    migration: "20260718_business_workspace_contract"
    sourcePath: "C:\Users\Manfish\Documents\Codex\2026-09-04\let\work\backend-validation-checkout\backend\database\migrations\20260718_business_workspace_contract.sql"
    sha256: "a22965906807502d81f7fc6fb085b1f71ee4cf8171986eb61be292dccc137c45"
[21:05:42.410] [32mINFO[39m: [36mRequired engine migration verified[39m
    module: "worker"
    status: "applied"
    migration: "20260718_business_operations_contract"
    sourcePath: "C:\Users\Manfish\Documents\Codex\2026-09-04\let\work\backend-validation-checkout\backend\database\migrations\20260718_business_operations_contract.sql"
    sha256: "23fdb635e6768e7cfabc299ba4babab7aa37e29d319f124e8cf96e152ff7a0cb"
[21:05:42.555] [32mINFO[39m: [36mRequired engine migration verified[39m
    module: "worker"
    status: "applied"
    migration: "20260718_business_execution_contract"
    sourcePath: "C:\Users\Manfish\Documents\Codex\2026-09-04\let\work\backend-validation-checkout\backend\database\migrations\20260718_business_execution_contract.sql"
    sha256: "b4bad697897f51aa69f4c435d194bcb0730e1c357110c56aeeeccc61ec0c8d2d"
[21:05:42.746] [32mINFO[39m: [36mRequired engine migration verified[39m
    module: "worker"
    status: "applied"
    migration: "20260718_recurring_work_contract"
    sourcePath: "C:\Users\Manfish\Documents\Codex\2026-09-04\let\work\backend-validation-checkout\backend\database\migrations\20260718_recurring_work_contract.sql"
    sha256: "65bbbe96e1af6d909cd9a454c201bf4e62c99e60ec6bddbaa2454a3e3de4ed4b"
[21:05:42.782] [32mINFO[39m: [36mRequired engine migration verified[39m
    module: "worker"
    status: "applied"
    migration: "20260718_business_recurring_contract"
    sourcePath: "C:\Users\Manfish\Documents\Codex\2026-09-04\let\work\backend-validation-checkout\backend\database\migrations\20260718_business_recurring_contract.sql"
    sha256: "e068a0aa68b7baf4a7c13f217536251708913b854119a3da350455230355f5d3"
[21:05:42.873] [32mINFO[39m: [36mRequired engine migration verified[39m
    module: "worker"
    status: "applied"
    migration: "20260719_recommendation_contract"
    sourcePath: "C:\Users\Manfish\Documents\Codex\2026-09-04\let\work\backend-validation-checkout\backend\database\migrations\20260719_recommendation_contract.sql"
    sha256: "3345c3fdce3aef451c89fd8245dff11096dffe1108309e19c1470f2138641ab4"
[21:05:42.981] [32mINFO[39m: [36mRequired engine migration verified[39m
    module: "worker"
    status: "applied"
    migration: "20260719_hustler_wallet_contract"
    sourcePath: "C:\Users\Manfish\Documents\Codex\2026-09-04\let\work\backend-validation-checkout\backend\database\migrations\20260719_hustler_wallet_contract.sql"
    sha256: "153809d4d570a54b27357e2ebff51c3b35fa303e69da29c570816acca89f29ab"
[21:05:43.008] [32mINFO[39m: [36mRequired engine migration verified[39m
    module: "worker"
    status: "applied"
    migration: "20260719_wallet_provider_event_integrity"
    sourcePath: "C:\Users\Manfish\Documents\Codex\2026-09-04\let\work\backend-validation-checkout\backend\database\migrations\20260719_wallet_provider_event_integrity.sql"
    sha256: "1ee57eb0d4c3d157632b8db3fbc8cc232ac1241c1ca76944250ca42e1fdbc8de"
[21:05:43.028] [32mINFO[39m: [36mRequired engine migration verified[39m
    module: "worker"
    status: "applied"
    migration: "20260719_wallet_provider_event_integrity_repair"
    sourcePath: "C:\Users\Manfish\Documents\Codex\2026-09-04\let\work\backend-validation-checkout\backend\database\migrations\20260719_wallet_provider_event_integrity_repair.sql"
    sha256: "96ff51a6414cb261fa2791281c076e4e5b7fafd73cbacc2db939402e4219a6a5"
[21:05:43.287] [32mINFO[39m: [36mRequired engine migration verified[39m
    module: "worker"
    status: "applied"
    migration: "20260719_lifecycle_service_foundations"
    sourcePath: "C:\Users\Manfish\Documents\Codex\2026-09-04\let\work\backend-validation-checkout\backend\database\migrations\20260719_lifecycle_service_foundations.sql"
    sha256: "4c1edaecda49afeae3950afe832074f8903d64aa6f726bbee2a0717f26113596"
[21:05:43.302] [32mINFO[39m: [36mRequired engine migration verified[39m
    module: "worker"
    status: "applied"
    migration: "20260719_task_worker_eligibility_contract"
    sourcePath: "C:\Users\Manfish\Documents\Codex\2026-09-04\let\work\backend-validation-checkout\backend\database\migrations\20260719_task_worker_eligibility_contract.sql"
    sha256: "a1fb5d0387d61fef4b484be82d15153031b14860bcc8b4bbaa690a4ca096a0fb"
[21:05:43.337] [32mINFO[39m: [36mRequired engine migration verified[39m
    module: "worker"
    status: "applied"
    migration: "20260719_append_only_truncate_contract"
    sourcePath: "C:\Users\Manfish\Documents\Codex\2026-09-04\let\work\backend-validation-checkout\backend\database\migrations\20260719_append_only_truncate_contract.sql"
    sha256: "1b105f37e52b19435aacc7b04b2496bbef7f5cd0b0b1681487342e2e411544b4"
[21:05:43.370] [32mINFO[39m: [36mRequired engine migration verified[39m
    module: "worker"
    status: "applied"
    migration: "20260719_admin_user_search_trigram_contract"
    sourcePath: "C:\Users\Manfish\Documents\Codex\2026-09-04\let\work\backend-validation-checkout\backend\database\migrations\20260719_admin_user_search_trigram_contract.sql"
    sha256: "89a20a0c588af79ae8c0cd8e06949f4a542928b826adafa822d5a02b20694090"
[21:05:43.402] [32mINFO[39m: [36mRequired engine migration verified[39m
    module: "worker"
    status: "applied"
    migration: "20260719_admin_capability_contract"
    sourcePath: "C:\Users\Manfish\Documents\Codex\2026-09-04\let\work\backend-validation-checkout\backend\database\migrations\20260719_admin_capability_contract.sql"
    sha256: "cacc11cfe40b498767acbbaa736f2462e21a758018bcda1a667430a3c441c0f4"
[21:05:43.426] [32mINFO[39m: [36mRequired engine migration verified[39m
    module: "worker"
    status: "applied"
    migration: "20260719_tier0_browse_only_contract"
    sourcePath: "C:\Users\Manfish\Documents\Codex\2026-09-04\let\work\backend-validation-checkout\backend\database\migrations\20260719_tier0_browse_only_contract.sql"
    sha256: "336d976adfc3ce6e892b16c67a08bbc692165d2373084c3e51ab3e0a3db7a9d5"
[21:05:43.445] [32mINFO[39m: [36mRequired engine migration verified[39m
    module: "worker"
    status: "applied"
    migration: "20260719_task_template_policy_contract"
    sourcePath: "C:\Users\Manfish\Documents\Codex\2026-09-04\let\work\backend-validation-checkout\backend\database\migrations\20260719_task_template_policy_contract.sql"
    sha256: "1b4e180c34fce08ea00076e1f02f9c57d698c532db1eff84d9973e68c189ff8f"
[21:05:43.500] [32mINFO[39m: [36mRequired engine migration verified[39m
    module: "worker"
    status: "applied"
    migration: "20260719_compliance_guardian_persistence_contract"
    sourcePath: "C:\Users\Manfish\Documents\Codex\2026-09-04\let\work\backend-validation-checkout\backend\database\migrations\20260719_compliance_guardian_persistence_contract.sql"
    sha256: "ad0d747354fd6040df2669ffc0fbe485526240aca38887e27a069f49ab67767c"
[21:05:43.516] [32mINFO[39m: [36mRequired engine migration verified[39m
    module: "worker"
    status: "applied"
    migration: "20260719_worker_offer_retake_contract"
    sourcePath: "C:\Users\Manfish\Documents\Codex\2026-09-04\let\work\backend-validation-checkout\backend\database\migrations\20260719_worker_offer_retake_contract.sql"
    sha256: "0e5c8b6dde2fe27aecb7eed4ea1c329a4872cee9cc54c7a42505e431e5df0301"
[21:05:43.570] [32mINFO[39m: [36mRequired engine migration verified[39m
    module: "worker"
    status: "applied"
    migration: "20260719_liquidity_expansion_contract"
    sourcePath: "C:\Users\Manfish\Documents\Codex\2026-09-04\let\work\backend-validation-checkout\backend\database\migrations\20260719_liquidity_expansion_contract.sql"
    sha256: "6ba06780137ac5142e4560d465300cdb21105c690cfb320a588b35b37f69d795"
[21:05:43.591] [32mINFO[39m: [36mRequired engine migration verified[39m
    module: "worker"
    status: "applied"
    migration: "20260719_liquidity_expansion_fk_repair"
    sourcePath: "C:\Users\Manfish\Documents\Codex\2026-09-04\let\work\backend-validation-checkout\backend\database\migrations\20260719_liquidity_expansion_fk_repair.sql"
    sha256: "3ab131b4dbc128a99cd9eb7512888282df572f0ca61519d0453ebaa8be686c17"
[21:05:43.692] [32mINFO[39m: [36mRequired engine migration verified[39m
    module: "worker"
    status: "applied"
    migration: "20260719_worker_counter_offer_contract"
    sourcePath: "C:\Users\Manfish\Documents\Codex\2026-09-04\let\work\backend-validation-checkout\backend\database\migrations\20260719_worker_counter_offer_contract.sql"
    sha256: "1c6376dc07f95465f0925134f9d30990ed0da52c869cb9e039f3865508f85696"
[21:05:43.712] [32mINFO[39m: [36mRequired engine migration verified[39m
    module: "worker"
    status: "applied"
    migration: "20260719_worker_counter_offer_exclusivity"
    sourcePath: "C:\Users\Manfish\Documents\Codex\2026-09-04\let\work\backend-validation-checkout\backend\database\migrations\20260719_worker_counter_offer_exclusivity.sql"
    sha256: "5f72eb8f7bacc3c45c3dfba2527f7ccd5571ea6db0bcb4dd119a32ed0436e78f"
[21:05:43.851] [32mINFO[39m: [36mRequired engine migration verified[39m
    module: "worker"
    status: "applied"
    migration: "20260719_external_task_bridge_contract"
    sourcePath: "C:\Users\Manfish\Documents\Codex\2026-09-04\let\work\backend-validation-checkout\backend\database\migrations\20260719_external_task_bridge_contract.sql"
    sha256: "33080f06754d9ed04bf6624ac0dbf5c7817c8324af9be25ecb01ebf50ecffb69"
[21:05:43.914] [32mINFO[39m: [36mRequired engine migration verified[39m
    module: "worker"
    status: "applied"
    migration: "20260720_task_geofence_event_contract"
    sourcePath: "C:\Users\Manfish\Documents\Codex\2026-09-04\let\work\backend-validation-checkout\backend\database\migrations\20260720_task_geofence_event_contract.sql"
    sha256: "c2a31559936f1d1db684a27f3cca8554fe3b6986830ff6795e547c17409e24af"
[21:05:44.084] [32mINFO[39m: [36mRequired engine migration verified[39m
    module: "worker"
    status: "applied"
    migration: "20260720_major_action_telemetry_contract"
    sourcePath: "C:\Users\Manfish\Documents\Codex\2026-09-04\let\work\backend-validation-checkout\backend\database\migrations\20260720_major_action_telemetry_contract.sql"
    sha256: "0939eb301dba2a9b8e50c759fd794c19cfd19b7ac8c761449dccc5d346a5fd07"
[21:05:44.100] [32mINFO[39m: [36mRequired engine migration verified[39m
    module: "worker"
    status: "applied"
    migration: "20260720_major_action_telemetry_contract_repair"
    sourcePath: "C:\Users\Manfish\Documents\Codex\2026-09-04\let\work\backend-validation-checkout\backend\database\migrations\20260720_major_action_telemetry_contract_repair.sql"
    sha256: "7aebc9a96ca0eb516d6eaabff5c8ea44a1c99ef452328abfdc31e423fcb50960"
[21:05:44.113] [32mINFO[39m: [36mRequired engine migration verified[39m
    module: "worker"
    status: "applied"
    migration: "20260720_major_action_source_registry_repair"
    sourcePath: "C:\Users\Manfish\Documents\Codex\2026-09-04\let\work\backend-validation-checkout\backend\database\migrations\20260720_major_action_source_registry_repair.sql"
    sha256: "dd0641389a561a02ee7bc211494baeecad4a584f4ae878e367d7bd6ec41ef99d"
[21:05:44.204] [32mINFO[39m: [36mRequired engine migration verified[39m
    module: "worker"
    status: "applied"
    migration: "20260720_offline_action_sync_contract"
    sourcePath: "C:\Users\Manfish\Documents\Codex\2026-09-04\let\work\backend-validation-checkout\backend\database\migrations\20260720_offline_action_sync_contract.sql"
    sha256: "a24c7a3a1fc6d248e7ed84850c282b1d70e136470a5814e5cf73d354fb71a225"
[21:05:44.222] [32mINFO[39m: [36mRequired engine migration verified[39m
    module: "worker"
    status: "applied"
    migration: "20260720_offline_action_sync_contract_repair"
    sourcePath: "C:\Users\Manfish\Documents\Codex\2026-09-04\let\work\backend-validation-checkout\backend\database\migrations\20260720_offline_action_sync_contract_repair.sql"
    sha256: "dd3ebeb8b7660ce2a7e7dc0c90c75b8c44368ed464dd80d5a48db74c608fe2ad"
[21:05:44.261] [32mINFO[39m: [36mRequired engine migration verified[39m
    module: "worker"
    status: "applied"
    migration: "20260720_proof_verification_signal_contract"
    sourcePath: "C:\Users\Manfish\Documents\Codex\2026-09-04\let\work\backend-validation-checkout\backend\database\migrations\20260720_proof_verification_signal_contract.sql"
    sha256: "7956522e446ae42141b204c0f32d6cc1843c8deb54d474f5bc3d5687577e18fb"
[21:05:44.277] [32mINFO[39m: [36mRequired engine migration verified[39m
    module: "worker"
    status: "applied"
    migration: "20260720_proof_media_metadata_minimization"
    sourcePath: "C:\Users\Manfish\Documents\Codex\2026-09-04\let\work\backend-validation-checkout\backend\database\migrations\20260720_proof_media_metadata_minimization.sql"
    sha256: "d8b3f516a303744ab8bfe467d528f552f0c444466d64ab1e881d6ae5f422e396"
[21:05:44.341] [32mINFO[39m: [36mRequired engine migration verified[39m
    module: "worker"
    status: "applied"
    migration: "20260720_media_upload_finalization_contract"
    sourcePath: "C:\Users\Manfish\Documents\Codex\2026-09-04\let\work\backend-validation-checkout\backend\database\migrations\20260720_media_upload_finalization_contract.sql"
    sha256: "c7cb31234baeb3ec101b44a73df6fd93198d3c442ceaa0713188e912bae10715"
[21:05:44.405] [32mINFO[39m: [36mRequired engine migration verified[39m
    module: "worker"
    status: "applied"
    migration: "20260720_private_media_delivery_contract"
    sourcePath: "C:\Users\Manfish\Documents\Codex\2026-09-04\let\work\backend-validation-checkout\backend\database\migrations\20260720_private_media_delivery_contract.sql"
    sha256: "dab4cace45c99879d1a6f3e978198fe8ec4e1840607319522b8addfc20cda608"
[21:05:44.550] [32mINFO[39m: [36mRequired engine migration verified[39m
    module: "worker"
    status: "applied"
    migration: "20260720_worker_standing_appeals"
    sourcePath: "C:\Users\Manfish\Documents\Codex\2026-09-04\let\work\backend-validation-checkout\backend\database\migrations\20260720_worker_standing_appeals.sql"
    sha256: "02e2a7c9d91a10b780ea1c01444a57c257faecb7c1ec2f129c82ae8fb4004608"
[21:05:44.588] [32mINFO[39m: [36mRequired engine migration verified[39m
    module: "worker"
    status: "applied"
    migration: "20260720_offline_action_reconciliation"
    sourcePath: "C:\Users\Manfish\Documents\Codex\2026-09-04\let\work\backend-validation-checkout\backend\database\migrations\20260720_offline_action_reconciliation.sql"
    sha256: "12e245da2e45ce917516fdd4dfd2610348eb5c0420c1490987e378ad5f485f94"
[21:05:44.600] [32mINFO[39m: [36mRequired engine migration verified[39m
    module: "worker"
    status: "applied"
    migration: "20260720_dispute_release_authority_contract"
    sourcePath: "C:\Users\Manfish\Documents\Codex\2026-09-04\let\work\backend-validation-checkout\backend\database\migrations\20260720_dispute_release_authority_contract.sql"
    sha256: "0b7cadab9f4c40170d31c5e21921adb42b36935e6f3df81a87991fda9c0029fd"
[21:05:44.654] [32mINFO[39m: [36mRequired engine migration verified[39m
    module: "worker"
    status: "applied"
    migration: "20260720_notification_delivery_contract"
    sourcePath: "C:\Users\Manfish\Documents\Codex\2026-09-04\let\work\backend-validation-checkout\backend\database\migrations\20260720_notification_delivery_contract.sql"
    sha256: "a2264390a09a6ae20ce0011683ab870c631feebfde87ed80a872e986a575bb0b"
[21:05:44.669] [32mINFO[39m: [36mRequired engine migration verified[39m
    module: "worker"
    status: "applied"
    migration: "20260720_notification_delivery_contract_repair"
    sourcePath: "C:\Users\Manfish\Documents\Codex\2026-09-04\let\work\backend-validation-checkout\backend\database\migrations\20260720_notification_delivery_contract_repair.sql"
    sha256: "e0aaa1a3cb653917924183fcf67291b33a2dbf38579eb01b17122e649c71c40f"
[21:05:44.693] [32mINFO[39m: [36mRequired engine migration verified[39m
    module: "worker"
    status: "applied"
    migration: "20260720_notification_focus_suppression"
    sourcePath: "C:\Users\Manfish\Documents\Codex\2026-09-04\let\work\backend-validation-checkout\backend\database\migrations\20260720_notification_focus_suppression.sql"
    sha256: "e320ed83af84fd2c3781a1229db74126778b7c2d8eeb41dbddc432c634faba05"
[21:05:44.713] [32mINFO[39m: [36mRequired engine migration verified[39m
    module: "worker"
    status: "applied"
    migration: "20260720_schema_convergence_repair"
    sourcePath: "C:\Users\Manfish\Documents\Codex\2026-09-04\let\work\backend-validation-checkout\backend\database\migrations\20260720_schema_convergence_repair.sql"
    sha256: "5151894b324679c19cc7a70179aec8f0248a3c66c5325b97d8bdcf618f684da2"
[21:05:44.790] [32mINFO[39m: [36mRequired engine migration verified[39m
    module: "worker"
    status: "applied"
    migration: "20260720_local_certification_payment_provider"
    sourcePath: "C:\Users\Manfish\Documents\Codex\2026-09-04\let\work\backend-validation-checkout\backend\database\migrations\20260720_local_certification_payment_provider.sql"
    sha256: "413a1183e48dd0c3aa8131390481e7acfb17229727445023dfe659b20c123392"
[21:05:44.812] [32mINFO[39m: [36mRequired engine migration verified[39m
    module: "worker"
    status: "applied"
    migration: "20260720_region_policy_price_book_alignment"
    sourcePath: "C:\Users\Manfish\Documents\Codex\2026-09-04\let\work\backend-validation-checkout\backend\database\migrations\20260720_region_policy_price_book_alignment.sql"
    sha256: "614ac15399457b310f60e4bf637ee1d394a0da97e9cbcd9d6a8367a219af68e0"
[21:05:44.934] [32mINFO[39m: [36mRequired engine migration verified[39m
    module: "worker"
    status: "applied"
    migration: "20260720_local_certification_payout_provider"
    sourcePath: "C:\Users\Manfish\Documents\Codex\2026-09-04\let\work\backend-validation-checkout\backend\database\migrations\20260720_local_certification_payout_provider.sql"
    sha256: "1435947ebbdfa50dec2d0d812fe8d332287be1f0a6b7fd1c50cd96a5bfa9e097"
[21:05:45.035] [32mINFO[39m: [36mRequired engine migration verified[39m
    module: "worker"
    status: "applied"
    migration: "20260720_local_certification_screening_provider"
    sourcePath: "C:\Users\Manfish\Documents\Codex\2026-09-04\let\work\backend-validation-checkout\backend\database\migrations\20260720_local_certification_screening_provider.sql"
    sha256: "626ff1f60a8f8f6b6acd2a9aba621409bd3eab3142004361a89ae77a5c26f1cc"
[21:05:45.103] [32mINFO[39m: [36mRequired engine migration verified[39m
    module: "worker"
    status: "applied"
    migration: "20260720_controlled_test_liquidity_cell"
    sourcePath: "C:\Users\Manfish\Documents\Codex\2026-09-04\let\work\backend-validation-checkout\backend\database\migrations\20260720_controlled_test_liquidity_cell.sql"
    sha256: "1826b8b06b3b0de634f2420a40a00bcce2ce2a370d2349192b5dd6a7e981493d"
[21:05:45.121] [32mINFO[39m: [36mRequired engine migration verified[39m
    module: "worker"
    status: "applied"
    migration: "20260720_controlled_test_liquidity_marker_repair"
    sourcePath: "C:\Users\Manfish\Documents\Codex\2026-09-04\let\work\backend-validation-checkout\backend\database\migrations\20260720_controlled_test_liquidity_marker_repair.sql"
    sha256: "e9d3e3dbd829fdf0dad577701b22070218577a8bc9f6b70e8e0ec207eb06af28"
[21:05:45.137] [32mINFO[39m: [36mRequired engine migration verified[39m
    module: "worker"
    status: "applied"
    migration: "20260720_controlled_test_liquidity_lifecycle_repair"
    sourcePath: "C:\Users\Manfish\Documents\Codex\2026-09-04\let\work\backend-validation-checkout\backend\database\migrations\20260720_controlled_test_liquidity_lifecycle_repair.sql"
    sha256: "f921c0c7a374e4a7f4bd0b0a81af34667c52f1264d3f3c0ad57b017e0583e0cc"
[21:05:45.188] [32mINFO[39m: [36mRequired engine migration verified[39m
    module: "worker"
    status: "applied"
    migration: "20260720_controlled_test_duration_evidence"
    sourcePath: "C:\Users\Manfish\Documents\Codex\2026-09-04\let\work\backend-validation-checkout\backend\database\migrations\20260720_controlled_test_duration_evidence.sql"
    sha256: "9b2b0630d0fa0e24552547940c5ee1097e6b7a32cb5b90f5cc5426a25606ae77"
[21:05:45.238] [32mINFO[39m: [36mRequired engine migration verified[39m
    module: "worker"
    status: "applied"
    migration: "20260720_controlled_test_provider_capability"
    sourcePath: "C:\Users\Manfish\Documents\Codex\2026-09-04\let\work\backend-validation-checkout\backend\database\migrations\20260720_controlled_test_provider_capability.sql"
    sha256: "079baedf700badc9c00e1e91f83f96d409bee7f713c9e7d349767a92c112fcc1"
[21:05:45.260] [32mINFO[39m: [36mRequired engine migration verified[39m
    module: "worker"
    status: "applied"
    migration: "20260720_controlled_test_provider_capability_expiry"
    sourcePath: "C:\Users\Manfish\Documents\Codex\2026-09-04\let\work\backend-validation-checkout\backend\database\migrations\20260720_controlled_test_provider_capability_expiry.sql"
    sha256: "770a9973510b499f6e9c1b3428f5ba8dccbbca45c6aef62e463372dcdd2640a5"
[21:05:45.279] [32mINFO[39m: [36mRequired engine migration verified[39m
    module: "worker"
    status: "applied"
    migration: "20260720_controlled_test_provider_capability_refresh"
    sourcePath: "C:\Users\Manfish\Documents\Codex\2026-09-04\let\work\backend-validation-checkout\backend\database\migrations\20260720_controlled_test_provider_capability_refresh.sql"
    sha256: "fce9cbe6df1865581bc414ee1d102afe140899a4b3d0f35697c894edfb375011"
[21:05:45.295] [32mINFO[39m: [36mRequired engine migration verified[39m
    module: "worker"
    status: "applied"
    migration: "20260720_controlled_test_provider_capability_refresh_repair"
    sourcePath: "C:\Users\Manfish\Documents\Codex\2026-09-04\let\work\backend-validation-checkout\backend\database\migrations\20260720_controlled_test_provider_capability_refresh_repair.sql"
    sha256: "fa0600c70a92f0c25112bded13e6e45c5402bfca9aaea45540c08a9a83edcb9d"
[21:05:45.356] [32mINFO[39m: [36mRequired engine migration verified[39m
    module: "worker"
    status: "applied"
    migration: "20260720_controlled_test_offer_review"
    sourcePath: "C:\Users\Manfish\Documents\Codex\2026-09-04\let\work\backend-validation-checkout\backend\database\migrations\20260720_controlled_test_offer_review.sql"
    sha256: "29f42e272b46974910354ed0c32db10744ab771aae92bc83b5c70b84aba9d6e1"
[21:05:45.380] [32mINFO[39m: [36mRequired engine migration verified[39m
    module: "worker"
    status: "applied"
    migration: "20260720_task_safety_state_integrity"
    sourcePath: "C:\Users\Manfish\Documents\Codex\2026-09-04\let\work\backend-validation-checkout\backend\database\migrations\20260720_task_safety_state_integrity.sql"
    sha256: "b0548ea104c938f55f383f777b298427f863792cc440829453fdf9915c33f657"
[21:05:45.397] [32mINFO[39m: [36mRequired engine migration verified[39m
    module: "worker"
    status: "applied"
    migration: "20260720_task_safety_resolution_integrity"
    sourcePath: "C:\Users\Manfish\Documents\Codex\2026-09-04\let\work\backend-validation-checkout\backend\database\migrations\20260720_task_safety_resolution_integrity.sql"
    sha256: "c3f420fa5880355f5fecd84b9b9df5945991cd46d2cb5a4bcca41b2aa024fd62"
[21:05:45.443] [32mINFO[39m: [36mRequired engine migration verified[39m
    module: "worker"
    status: "applied"
    migration: "20260720_task_safety_case_access_integrity"
    sourcePath: "C:\Users\Manfish\Documents\Codex\2026-09-04\let\work\backend-validation-checkout\backend\database\migrations\20260720_task_safety_case_access_integrity.sql"
    sha256: "82d88d339eb6f89e4daae78669c1cd3b8cfad00e3c9865611e02381c744a4778"
[21:05:45.594] [32mINFO[39m: [36mRequired engine migration verified[39m
    module: "worker"
    status: "applied"
    migration: "20260720_operations_exception_contract"
    sourcePath: "C:\Users\Manfish\Documents\Codex\2026-09-04\let\work\backend-validation-checkout\backend\database\migrations\20260720_operations_exception_contract.sql"
    sha256: "f912b02c0d804e06cdabcef8fde8ec3345806c8463ef321211dbe11e9ae021e9"
[21:05:45.613] [32mINFO[39m: [36mRequired engine migration verified[39m
    module: "worker"
    status: "applied"
    migration: "20260721_hustler_trust_progression_contract"
    sourcePath: "C:\Users\Manfish\Documents\Codex\2026-09-04\let\work\backend-validation-checkout\backend\database\migrations\20260721_hustler_trust_progression_contract.sql"
    sha256: "efb7fc4b8f41df8d90f4b63183d3bdb244a41c03b5a73ae673edcab85575b43b"
[21:05:45.658] [32mINFO[39m: [36mRequired engine migration verified[39m
    module: "worker"
    status: "applied"
    migration: "20260721_task_quote_shortlist_messaging_contract"
    sourcePath: "C:\Users\Manfish\Documents\Codex\2026-09-04\let\work\backend-validation-checkout\backend\database\migrations\20260721_task_quote_shortlist_messaging_contract.sql"
    sha256: "33d43cc99215f79b7658d51d781f3923c481fcb6e2b7b7c36aa6d53f26283dd0"
[21:05:45.696] [32mINFO[39m: [36mRequired engine migration verified[39m
    module: "worker"
    status: "applied"
    migration: "20260721_unit_economics_guardrails"
    sourcePath: "C:\Users\Manfish\Documents\Codex\2026-09-04\let\work\backend-validation-checkout\backend\database\migrations\20260721_unit_economics_guardrails.sql"
    sha256: "f0139e1a336cb37bd3a0a92c64d1aabad7adc2cf11527034b50bf5e3007ea720"
[21:05:45.788] [32mINFO[39m: [36mRequired engine migration verified[39m
    module: "worker"
    status: "applied"
    migration: "20260721_build_now_spend_promotion_guardrails"
    sourcePath: "C:\Users\Manfish\Documents\Codex\2026-09-04\let\work\backend-validation-checkout\backend\database\migrations\20260721_build_now_spend_promotion_guardrails.sql"
    sha256: "eff21cecd9f2d714168e989e9bb712ac7b30286f8b0de724f4ca7a7cef8a661d"
[21:05:45.895] [32mINFO[39m: [36mRequired engine migration verified[39m
    module: "worker"
    status: "applied"
    migration: "20260721_private_identity_verification_contract"
    sourcePath: "C:\Users\Manfish\Documents\Codex\2026-09-04\let\work\backend-validation-checkout\backend\database\migrations\20260721_private_identity_verification_contract.sql"
    sha256: "90828c3109521c3f46333876e71c3e0b2e2feee2aab5820b34a7e3731f160117"
[21:05:45.920] [32mINFO[39m: [36mRequired engine migration verified[39m
    module: "worker"
    status: "applied"
    migration: "20260721_sensitive_media_ingestion_shutdown"
    sourcePath: "C:\Users\Manfish\Documents\Codex\2026-09-04\let\work\backend-validation-checkout\backend\database\migrations\20260721_sensitive_media_ingestion_shutdown.sql"
    sha256: "c83366b0b5f4c8ccca98ee5a31d95febaa0107f75e0e0ce60cb2d735c503fc20"
[21:05:46.043] [32mINFO[39m: [36mRequired engine migration verified[39m
    module: "worker"
    status: "applied"
    migration: "20260721_ai_observability_contract"
    sourcePath: "C:\Users\Manfish\Documents\Codex\2026-09-04\let\work\backend-validation-checkout\backend\database\migrations\20260721_ai_observability_contract.sql"
    sha256: "9ec88bb073608316014ed3529ca5632fdbb39394b265e9d2d4163303601ab3e0"
[21:05:46.059] [32mINFO[39m: [36mRequired engine migration verified[39m
    module: "worker"
    status: "applied"
    migration: "20260721_controlled_test_retake_acceptance_repair"
    sourcePath: "C:\Users\Manfish\Documents\Codex\2026-09-04\let\work\backend-validation-checkout\backend\database\migrations\20260721_controlled_test_retake_acceptance_repair.sql"
    sha256: "a1b2a9eb450a0ac4add500620bbcb6738d708603e794a86fcb8ce311adec8fe5"
[21:05:46.074] [32mINFO[39m: [36mRequired engine migration verified[39m
    module: "worker"
    status: "applied"
    migration: "20260721_controlled_test_retake_liquidity_repair"
    sourcePath: "C:\Users\Manfish\Documents\Codex\2026-09-04\let\work\backend-validation-checkout\backend\database\migrations\20260721_controlled_test_retake_liquidity_repair.sql"
    sha256: "edc5ca1a19dbb27ed4ae60efcdfedf2d91a09a86cb2bc0f5cee94bb39837f490"
[21:05:46.090] [32mINFO[39m: [36mRequired engine migration verified[39m
    module: "worker"
    status: "applied"
    migration: "20260721_controlled_test_retake_guard_convergence"
    sourcePath: "C:\Users\Manfish\Documents\Codex\2026-09-04\let\work\backend-validation-checkout\backend\database\migrations\20260721_controlled_test_retake_guard_convergence.sql"
    sha256: "6a2b108d6fe844e4a0235162f25066427eebb1952dbe41e29e7b483c267472b1"
[21:05:46.111] [32mINFO[39m: [36mRequired engine migration verified[39m
    module: "worker"
    status: "applied"
    migration: "20260721_same_worker_retake_assignment_guard_repair"
    sourcePath: "C:\Users\Manfish\Documents\Codex\2026-09-04\let\work\backend-validation-checkout\backend\database\migrations\20260721_same_worker_retake_assignment_guard_repair.sql"
    sha256: "c3500b95949b80004262a9c638f2eca8ef19ad5b446d430aecbe83bc628c7863"
[21:05:46.150] [32mINFO[39m: [36mRequired engine migration verified[39m
    module: "worker"
    status: "applied"
    migration: "20260722_region_policy_legal_approval_activation"
    sourcePath: "C:\Users\Manfish\Documents\Codex\2026-09-04\let\work\backend-validation-checkout\backend\database\migrations\20260722_region_policy_legal_approval_activation.sql"
    sha256: "2be054f21aa0168aad360dd755d52fd5b028a8106129206f47ccfbbc7f081e02"
[21:05:46.174] [32mINFO[39m: [36mRequired engine migration verified[39m
    module: "worker"
    status: "applied"
    migration: "20260722_recurring_payment_dispatch_gate"
    sourcePath: "C:\Users\Manfish\Documents\Codex\2026-09-04\let\work\backend-validation-checkout\backend\database\migrations\20260722_recurring_payment_dispatch_gate.sql"
    sha256: "47c04b2e55a275220c6c1a01fa283628e43fcea869096acd13db8bb59b659c8e"
[21:05:46.395] [32mINFO[39m: [36mRequired engine migration verified[39m
    module: "worker"
    status: "applied"
    migration: "20260722_service_business_assignment_contract"
    sourcePath: "C:\Users\Manfish\Documents\Codex\2026-09-04\let\work\backend-validation-checkout\backend\database\migrations\20260722_service_business_assignment_contract.sql"
    sha256: "258e56009e35228a4e2ad294d879143f4985bdbae7853d1c3c2c9fcda61777af"
[21:05:46.621] [32mINFO[39m: [36mRequired engine migration verified[39m
    module: "worker"
    status: "applied"
    migration: "010_web_platform_tables"
    sourcePath: "C:\Users\Manfish\Documents\Codex\2026-09-04\let\work\backend-validation-checkout\backend\database\migrations\010_web_platform_tables.sql"
    sha256: "8ddd4b374bf8d5c7635214c5d26a84d2e6d81cab10aa8a7049d7b3da1da8b5e2"
[21:05:46.664] [32mINFO[39m: [36mRequired engine migration verified[39m
    module: "worker"
    status: "applied"
    migration: "20260814_quote_price_book"
    sourcePath: "C:\Users\Manfish\Documents\Codex\2026-09-04\let\work\backend-validation-checkout\backend\database\migrations\20260814_quote_price_book.sql"
    sha256: "4d49f31e83b6ba5352ee1c16da45e2b7ce8f84a4d5d9ee0b50bee57e2cafed69"
[21:05:46.720] [32mINFO[39m: [36mRequired engine migration verified[39m
    module: "worker"
    status: "applied"
    migration: "20260814_price_book_quote_decisions"
    sourcePath: "C:\Users\Manfish\Documents\Codex\2026-09-04\let\work\backend-validation-checkout\backend\database\migrations\20260814_price_book_quote_decisions.sql"
    sha256: "77d1a1e17e300f83c1dc7e6f5e57e3ecef617a69066f1806d9d44aea3cf6a4f1"
[21:05:46.813] [32mINFO[39m: [36mRequired engine migration verified[39m
    module: "worker"
    status: "applied"
    migration: "20260814_task_supply_confidence"
    sourcePath: "C:\Users\Manfish\Documents\Codex\2026-09-04\let\work\backend-validation-checkout\backend\database\migrations\20260814_task_supply_confidence.sql"
    sha256: "5c64425fef6a52b4abb7e00f42f2c7322be9d777b58c1efbb1d8f5bd71815e9e"
[21:05:46.842] [32mINFO[39m: [36mRequired engine migration verified[39m
    module: "worker"
    status: "applied"
    migration: "20260815_quote_columns_extra_v4"
    sourcePath: "C:\Users\Manfish\Documents\Codex\2026-09-04\let\work\backend-validation-checkout\backend\database\migrations\20260815_quote_columns_extra_v4.sql"
    sha256: "2c45fbed303842c44ee20d24df090e54de05519d9e7ff5e8f74d4283763be7ee"
[21:05:46.888] [32mINFO[39m: [36mRequired engine migration verified[39m
    module: "worker"
    status: "applied"
    migration: "20260819_quote_payments"
    sourcePath: "C:\Users\Manfish\Documents\Codex\2026-09-04\let\work\backend-validation-checkout\backend\database\migrations\20260819_quote_payments.sql"
    sha256: "bcd90a6905e374568042b589c5c85931f93ea3c9a92fc28afbd0693bcc0e4286"
[21:05:46.982] [32mINFO[39m: [36mRequired engine migration verified[39m
    module: "worker"
    status: "applied"
    migration: "20260823_quote_payment_recovery"
    sourcePath: "C:\Users\Manfish\Documents\Codex\2026-09-04\let\work\backend-validation-checkout\backend\database\migrations\20260823_quote_payment_recovery.sql"
    sha256: "b0d75f09f523fdf1a11ffd5cea7a1c4cd78d431e7e55cb5723f6ce6f243eebc8"
[21:05:47.547] [32mINFO[39m: [36mRequired engine migration verified[39m
    module: "worker"
    status: "applied"
    migration: "20260827_universal_v1_lifecycle_contract"
    sourcePath: "C:\Users\Manfish\Documents\Codex\2026-09-04\let\work\backend-validation-checkout\backend\database\migrations\20260827_universal_v1_lifecycle_contract.sql"
    sha256: "43224cc43d132d1dfa517f5150f28457fc27fda3fb85641d5c836f40406cf513"
[21:05:47.648] [32mINFO[39m: [36mRequired engine migration verified[39m
    module: "worker"
    status: "applied"
    migration: "20260828_operator_authority_contract"
    sourcePath: "C:\Users\Manfish\Documents\Codex\2026-09-04\let\work\backend-validation-checkout\backend\database\migrations\20260828_operator_authority_contract.sql"
    sha256: "6e813f7266e057aeaa840b6924abb8ec1a763ed352c567b0b601aeac0d69d908"
[21:05:47.675] [32mINFO[39m: [36mRequired engine migration verified[39m
    module: "worker"
    status: "applied"
    migration: "20260829_task_matching_state_contract"
    sourcePath: "C:\Users\Manfish\Documents\Codex\2026-09-04\let\work\backend-validation-checkout\backend\database\migrations\20260829_task_matching_state_contract.sql"
    sha256: "07c9ad6227bb5e6dcb2bc1f2c048032a6e32df8cb0ff2087e6fc9248fdfe08c8"
[21:05:47.693] [32mINFO[39m: [36mRequired engine migration verified[39m
    module: "worker"
    status: "applied"
    migration: "20260830_ai_agent_judge_audit_convergence"
    sourcePath: "C:\Users\Manfish\Documents\Codex\2026-09-04\let\work\backend-validation-checkout\backend\database\migrations\20260830_ai_agent_judge_audit_convergence.sql"
    sha256: "47346ca99af25235a6dfdca3a05c6a2734d8bd190f06d02e6fadbd21c13fc705"
[21:05:47.707] [32mINFO[39m: [36mRequired engine migration verified[39m
    module: "worker"
    status: "applied"
    migration: "20260831_provider_neutral_outbound_communication"
    sourcePath: "C:\Users\Manfish\Documents\Codex\2026-09-04\let\work\backend-validation-checkout\backend\database\migrations\20260831_provider_neutral_outbound_communication.sql"
    sha256: "7163e1269dabe9229c15c2515e417349bb57d8d6f4d30653dc18e195b31ef232"
[21:05:47.723] [32mINFO[39m: [36mRequired engine migration verified[39m
    module: "worker"
    status: "applied"
    migration: "20260901_universal_v1_lead_ingress_port"
    sourcePath: "C:\Users\Manfish\Documents\Codex\2026-09-04\let\work\backend-validation-checkout\backend\database\migrations\20260901_universal_v1_lead_ingress_port.sql"
    sha256: "3640d1f62dd029db0bdd23a1cad7c9456b0c65c4a0c0b17c89781a9a32684dea"
[21:05:47.895] [32mINFO[39m: [36mRequired engine migration verified[39m
    module: "worker"
    status: "applied"
    migration: "20260902_universal_v1_task_draft_public_port"
    sourcePath: "C:\Users\Manfish\Documents\Codex\2026-09-04\let\work\backend-validation-checkout\backend\database\migrations\20260902_universal_v1_task_draft_public_port.sql"
    sha256: "dbf11f4ef967c17ac32fe3d4cb5710671fa4092649650d54d5f071b1aa85582e"
[21:05:47.969] [32mINFO[39m: [36mRequired engine migration verified[39m
    module: "worker"
    status: "applied"
    migration: "20260903_universal_v1_task_draft_account_claim"
    sourcePath: "C:\Users\Manfish\Documents\Codex\2026-09-04\let\work\backend-validation-checkout\backend\database\migrations\20260903_universal_v1_task_draft_account_claim.sql"
    sha256: "d2141ef2d979c69af21653750ff4dc9e94085c53072b87324fafb6cfb114f614"
[21:05:47.996] [32mINFO[39m: [36mRequired engine migration verified[39m
    module: "worker"
    status: "applied"
    migration: "20260904_canonical_user_email_identity"
    sourcePath: "C:\Users\Manfish\Documents\Codex\2026-09-04\let\work\backend-validation-checkout\backend\database\migrations\20260904_canonical_user_email_identity.sql"
    sha256: "3efc1ed89a01b95037837fb075015d027b0f0e72047fa013839299378c5dcf57"
[21:05:48.017] [32mINFO[39m: [36mRequired engine migration verified[39m
    module: "worker"
    status: "applied"
    migration: "20260905_universal_v1_task_draft_legacy_claim_import_repair"
    sourcePath: "C:\Users\Manfish\Documents\Codex\2026-09-04\let\work\backend-validation-checkout\backend\database\migrations\20260905_universal_v1_task_draft_legacy_claim_import_repair.sql"
    sha256: "67990edf9f231d953e519eacf796aa0fcada492f8fe8ce4b7f7889560a07e827"
[21:05:48.136] [32mINFO[39m: [36mRequired engine migration verified[39m
    module: "worker"
    status: "applied"
    migration: "20260906_universal_v1_estimate_acceptance_materialization"
    sourcePath: "C:\Users\Manfish\Documents\Codex\2026-09-04\let\work\backend-validation-checkout\backend\database\migrations\20260906_universal_v1_estimate_acceptance_materialization.sql"
    sha256: "671d0c9cbb1507a6303165d319e08441f69e5027d6ab2d075561b70a063191e6"
[21:05:48.217] [32mINFO[39m: [36mRequired engine migration verified[39m
    module: "worker"
    status: "applied"
    migration: "20260907_universal_v1_provider_estimate_invitation"
    sourcePath: "C:\Users\Manfish\Documents\Codex\2026-09-04\let\work\backend-validation-checkout\backend\database\migrations\20260907_universal_v1_provider_estimate_invitation.sql"
    sha256: "aac7221f4cd1dca94d26a90e96b5de7078c50cf7660bb934582faecb1a70001e"
[21:05:48.291] [32mINFO[39m: [36mRequired engine migration verified[39m
    module: "worker"
    status: "applied"
    migration: "20260908_universal_v1_provider_work_order_authority"
    sourcePath: "C:\Users\Manfish\Documents\Codex\2026-09-04\let\work\backend-validation-checkout\backend\database\migrations\20260908_universal_v1_provider_work_order_authority.sql"
    sha256: "53bcfc5cc6aa79c3fc8470db293aa0e8ad411a05db958a46c67389d5bc0e1d4c"
[21:05:48.309] [32mINFO[39m: [36mRequired engine migration verified[39m
    module: "worker"
    status: "applied"
    migration: "20260909_universal_v1_reconciliation_alias_repair"
    sourcePath: "C:\Users\Manfish\Documents\Codex\2026-09-04\let\work\backend-validation-checkout\backend\database\migrations\20260909_universal_v1_reconciliation_alias_repair.sql"
    sha256: "422e138cce00ef672092869a758ca752a08717b81cf822b90a509319c1b610a3"
[21:05:48.369] [32mINFO[39m: [36mRequired engine migration verified[39m
    module: "worker"
    status: "applied"
    migration: "20260911_universal_v1_change_order_application"
    sourcePath: "C:\Users\Manfish\Documents\Codex\2026-09-04\let\work\backend-validation-checkout\backend\database\migrations\20260911_universal_v1_change_order_application.sql"
    sha256: "c89f3cc97feae9563764e0cae8f3df4391204277aaa0fed344ae8dad91c17a43"
[21:05:48.456] [32mINFO[39m: [36mRequired engine migration verified[39m
    module: "worker"
    status: "applied"
    migration: "20260912_universal_v1_work_order_execution_facts"
    sourcePath: "C:\Users\Manfish\Documents\Codex\2026-09-04\let\work\backend-validation-checkout\backend\database\migrations\20260912_universal_v1_work_order_execution_facts.sql"
    sha256: "fdbea47445c8a131c2b41f54f0ba4c57caa359ca2453b5bbe3ab6c12c494ce14"
[21:05:48.492] [32mINFO[39m: [36mRequired engine migration verified[39m
    module: "worker"
    status: "applied"
    migration: "20260913_universal_v1_completion_delivery_receipt"
    sourcePath: "C:\Users\Manfish\Documents\Codex\2026-09-04\let\work\backend-validation-checkout\backend\database\migrations\20260913_universal_v1_completion_delivery_receipt.sql"
    sha256: "6299c82b5bdd2383e6dbb4f5d4c2d3c59b21c5b4f985d4b80331713f4ceeb7af"
[21:05:48.562] [32mINFO[39m: [36mRequired engine migration verified[39m
    module: "worker"
    status: "applied"
    migration: "20260914_notification_provider_in_flight"
    sourcePath: "C:\Users\Manfish\Documents\Codex\2026-09-04\let\work\backend-validation-checkout\backend\database\migrations\20260914_notification_provider_in_flight.sql"
    sha256: "0b9a9e162477efd65db5204b667665197c5b7ffbb50efe86b041093f73d2cc2f"
[21:05:48.581] [32mINFO[39m: [36mRequired engine migration verified[39m
    module: "worker"
    status: "applied"
    migration: "20260915_ai_spend_attempt_ledger"
    sourcePath: "C:\Users\Manfish\Documents\Codex\2026-09-04\let\work\backend-validation-checkout\backend\database\migrations\20260915_ai_spend_attempt_ledger.sql"
    sha256: "63b2615ec02c6193c3a8e8b93de263a5b65ac5ec0cfb93cac1869fdf425bfb77"
[21:05:48.607] [32mINFO[39m: [36mRequired engine migration verified[39m
    module: "worker"
    status: "applied"
    migration: "20260916_provider_event_inbox_v1"
    sourcePath: "C:\Users\Manfish\Documents\Codex\2026-09-04\let\work\backend-validation-checkout\backend\database\migrations\20260916_provider_event_inbox_v1.sql"
    sha256: "452b2534f7559326b3772c84d2c3b12bf2c4b6e7623b2a214cd0d20bd09f07a4"
[21:05:48.625] [32mINFO[39m: [36mRequired engine migration verified[39m
    module: "worker"
    status: "applied"
    migration: "20260917_financial_provider_command_journal_v1"
    sourcePath: "C:\Users\Manfish\Documents\Codex\2026-09-04\let\work\backend-validation-checkout\backend\database\migrations\20260917_financial_provider_command_journal_v1.sql"
    sha256: "1ef51473dda118ffe7ff7799ae66e388a66ff9fa34f71df0fa1dc281b1b72577"
[21:05:48.706] [32mINFO[39m: [36mRequired engine migration verified[39m
    module: "worker"
    status: "applied"
    migration: "20260918_universal_v1_prepared_financial_command_v1"
    sourcePath: "C:\Users\Manfish\Documents\Codex\2026-09-04\let\work\backend-validation-checkout\backend\database\migrations\20260918_universal_v1_prepared_financial_command_v1.sql"
    sha256: "dccae61700235f6e0609bef77e454b808af148c347978ae08b422ded77bd8920"
[21:05:48.814] [32mINFO[39m: [36mRequired engine migration verified[39m
    module: "worker"
    status: "applied"
    migration: "20260919_provider_event_processing_v1"
    sourcePath: "C:\Users\Manfish\Documents\Codex\2026-09-04\let\work\backend-validation-checkout\backend\database\migrations\20260919_provider_event_processing_v1.sql"
    sha256: "48a0874f8cf045c5507071ee7013605101c9d50988fd55a97a6148b979b9e798"
[21:05:48.942] [32mINFO[39m: [36mRequired engine migration verified[39m
    module: "worker"
    status: "applied"
    migration: "20260920_financial_provider_command_recovery_v1"
    sourcePath: "C:\Users\Manfish\Documents\Codex\2026-09-04\let\work\backend-validation-checkout\backend\database\migrations\20260920_financial_provider_command_recovery_v1.sql"
    sha256: "f7e8b62942c1aed5435d2d7d805273effd52fc8041e78561d8ad9d3f69a77daf"
[21:05:48.960] [32mINFO[39m: [36mRequired engine migration verified[39m
    module: "worker"
    status: "applied"
    migration: "20260923_legacy_escrow_insert_containment_v1"
    sourcePath: "C:\Users\Manfish\Documents\Codex\2026-09-04\let\work\backend-validation-checkout\backend\database\migrations\20260923_legacy_escrow_insert_containment_v1.sql"
    sha256: "6b9a51a3aa3e963c13585ba5c374c55164a76be9dfffc91303175a523c9ab5d1"
[21:05:49.019] [32mINFO[39m: [36mRequired engine migration verified[39m
    module: "worker"
    status: "applied"
    migration: "20260924_universal_v1_task_draft_route_context_v1"
    sourcePath: "C:\Users\Manfish\Documents\Codex\2026-09-04\let\work\backend-validation-checkout\backend\database\migrations\20260924_universal_v1_task_draft_route_context_v1.sql"
    sha256: "530539ce2d5b3a002bb7ee5e41666334fd4a1d642dc3ac410cd5bae719b2e76f"
[21:05:49.105] [32mINFO[39m: [36mRequired engine migration verified[39m
    module: "worker"
    status: "applied"
    migration: "20260925_universal_v1_work_order_compensation_v1"
    sourcePath: "C:\Users\Manfish\Documents\Codex\2026-09-04\let\work\backend-validation-checkout\backend\database\migrations\20260925_universal_v1_work_order_compensation_v1.sql"
    sha256: "eca44af1528e1a21b718bc765cd8bc740e779bc02497195ddba7da00607f9169"
[21:05:49.169] [32mINFO[39m: [36mRequired engine migration verified[39m
    module: "worker"
    status: "applied"
    migration: "20260928_provider_observation_normalization_v1"
    sourcePath: "C:\Users\Manfish\Documents\Codex\2026-09-04\let\work\backend-validation-checkout\backend\database\migrations\20260928_provider_observation_normalization_v1.sql"
    sha256: "526872fabf6ee65126e3e864ec7d7fb7b830d08d95b8b35799fad8aadc8e7607"
[21:05:49.335] [32mINFO[39m: [36mRequired engine migration verified[39m
    module: "worker"
    status: "applied"
    migration: "20260929_universal_v1_double_entry_ledger_v1"
    sourcePath: "C:\Users\Manfish\Documents\Codex\2026-09-04\let\work\backend-validation-checkout\backend\database\migrations\20260929_universal_v1_double_entry_ledger_v1.sql"
    sha256: "1ad5d75901ad4de964ca821ca8a78bf37bfdb7322b2a2a2119c7bc60325f3102"
[21:05:49.520] [32mINFO[39m: [36mRequired engine migration verified[39m
    module: "worker"
    status: "applied"
    migration: "20260930_universal_v1_ops_cases_v1"
    sourcePath: "C:\Users\Manfish\Documents\Codex\2026-09-04\let\work\backend-validation-checkout\backend\database\migrations\20260930_universal_v1_ops_cases_v1.sql"
    sha256: "5a60b4ec860d26c1e5251cde4fd8a2f7a5aa9f567dc52adc87a2fb6d72cab104"
[21:05:49.689] [32mINFO[39m: [36mRequired engine migration verified[39m
    module: "worker"
    status: "applied"
    migration: "20261001_universal_v1_relationship_origin_v1"
    sourcePath: "C:\Users\Manfish\Documents\Codex\2026-09-04\let\work\backend-validation-checkout\backend\database\migrations\20261001_universal_v1_relationship_origin_v1.sql"
    sha256: "099372b9a542f268661d61d4ac618a11170fe81a26ae13af0512a82c2405e077"
[21:05:49.932] [32mINFO[39m: [36mRequired engine migration verified[39m
    module: "worker"
    status: "applied"
    migration: "20261002_universal_v1_dispute_recovery_v1"
    sourcePath: "C:\Users\Manfish\Documents\Codex\2026-09-04\let\work\backend-validation-checkout\backend\database\migrations\20261002_universal_v1_dispute_recovery_v1.sql"
    sha256: "6137ad651293d9a7f074b225bbd0f861911892427868ad84aff17425673fa189"
[21:05:49.997] [32mINFO[39m: [36mRequired engine migration verified[39m
    module: "worker"
    status: "applied"
    migration: "20261003_universal_v1_task_opportunities_v1"
    sourcePath: "C:\Users\Manfish\Documents\Codex\2026-09-04\let\work\backend-validation-checkout\backend\database\migrations\20261003_universal_v1_task_opportunities_v1.sql"
    sha256: "8f2e2e0edf387fd89cd936bbab6059cd4a4e22abbb3aae73951f3f466eca84b7"
[21:05:50.110] [32mINFO[39m: [36mRequired engine migration verified[39m
    module: "worker"
    status: "applied"
    migration: "20261004_universal_v1_completion_notice_dispatch_v1"
    sourcePath: "C:\Users\Manfish\Documents\Codex\2026-09-04\let\work\backend-validation-checkout\backend\database\migrations\20261004_universal_v1_completion_notice_dispatch_v1.sql"
    sha256: "f5723941769d027e496d0a3a7fed32b29b1a02ff76db97ead815acd46a7fdee8"
[21:05:50.164] [32mINFO[39m: [36mRequired engine migration verified[39m
    module: "worker"
    status: "applied"
    migration: "20261005_universal_v1_occurrence_access_audit_v1"
    sourcePath: "C:\Users\Manfish\Documents\Codex\2026-09-04\let\work\backend-validation-checkout\backend\database\migrations\20261005_universal_v1_occurrence_access_audit_v1.sql"
    sha256: "d805ce946b7aba804be55aea9f131cff99047adaa7d46cd3d21242ac492ec364"
[21:05:50.214] [32mINFO[39m: [36mRequired engine migration verified[39m
    module: "worker"
    status: "applied"
    migration: "20261006_stage1_legacy_authority_containment_v1"
    sourcePath: "C:\Users\Manfish\Documents\Codex\2026-09-04\let\work\backend-validation-checkout\backend\database\migrations\20261006_stage1_legacy_authority_containment_v1.sql"
    sha256: "5cc6f5710696048b98c97ea06993a56aefaf711bac7a04dd973059f957d4eb63"
[21:05:50.272] [32mINFO[39m: [36mRequired engine migration verified[39m
    module: "worker"
    status: "applied"
    migration: "20261007_subscription_cancellation_recovery_v1"
    sourcePath: "C:\Users\Manfish\Documents\Codex\2026-09-04\let\work\backend-validation-checkout\backend\database\migrations\20261007_subscription_cancellation_recovery_v1.sql"
    sha256: "b6671677f556655c2cc3bad374a341a7667a0c431155397dbc0f5ad8029ffdb4"
[21:05:50.291] [32mINFO[39m: [36mRequired engine migration verified[39m
    module: "worker"
    status: "applied"
    migration: "20261008_universal_v1_work_order_task_state_containment_v1"
    sourcePath: "C:\Users\Manfish\Documents\Codex\2026-09-04\let\work\backend-validation-checkout\backend\database\migrations\20261008_universal_v1_work_order_task_state_containment_v1.sql"
    sha256: "2c3a3050a5a4efb3380e9746d77526a22adf33438c7e31521c589998b860ba04"
[21:05:50.527] [32mINFO[39m: [36mRequired engine migration verified[39m
    module: "worker"
    status: "applied"
    migration: "20261009_universal_v1_standardized_quote_readiness_v1"
    sourcePath: "C:\Users\Manfish\Documents\Codex\2026-09-04\let\work\backend-validation-checkout\backend\database\migrations\20261009_universal_v1_standardized_quote_readiness_v1.sql"
    sha256: "e088ec77e6dde547c5125807b6b6a83a318cc31a3c23a60233a87040a4ae8a2a"
[21:05:50.555] [32mINFO[39m: [36mRequired engine migration verified[39m
    module: "worker"
    status: "applied"
    migration: "20261010_universal_v1_financial_security_event_expiry_v1"
    sourcePath: "C:\Users\Manfish\Documents\Codex\2026-09-04\let\work\backend-validation-checkout\backend\database\migrations\20261010_universal_v1_financial_security_event_expiry_v1.sql"
    sha256: "1203de8b3a8a3457d439e51b7cc17d446ab1c9ae9a0c416b677f114d91e08a7b"
[21:05:50.691] [32mINFO[39m: [36mRequired engine migration verified[39m
    module: "worker"
    status: "applied"
    migration: "20261012_universal_v1_work_order_command_authority_v2"
    sourcePath: "C:\Users\Manfish\Documents\Codex\2026-09-04\let\work\backend-validation-checkout\backend\database\migrations\20261012_universal_v1_work_order_command_authority_v2.sql"
    sha256: "646a94805c9f6df5a487e4af11167329e82a9739ff81c5198c8d1db6f6bfd30d"
Prepared isolated invariant PostgreSQL test database (146 migrations)
[21:05:50.862] [32mINFO[39m: [36mRequired engine migration verified[39m
    module: "worker"
    status: "applied"
    migration: "20261014_universal_v1_work_order_command_ports_v1"
    sourcePath: "C:\Users\Manfish\Documents\Codex\2026-09-04\let\work\backend-validation-checkout\backend\database\migrations\20261014_universal_v1_work_order_command_ports_v1.sql"
    sha256: "3920ac8d3208b9f573dc331cab60c373d0349611700c6e14a6e4c1dd8c53aac4"
[21:05:50.870] [32mINFO[39m: [36mLegacy exact-location encryption backfill verified[39m
    module: "worker"
    backfilledLocationCount: 0
[21:05:53.440] [32mINFO[39m: [36mRequired engine migration verified[39m
    module: "worker"
    status: "applied"
    migration: "add_missing_tables_v2"
    sourcePath: "C:\Users\Manfish\Documents\Codex\2026-09-04\let\work\backend-validation-checkout\backend\database\migrations\add_missing_tables_v2.sql"
    sha256: "0e82957e8c8ac0cdb2da99faaad235f64e8eda817ff60681e4455719b48a403e"
[21:05:53.653] [32mINFO[39m: [36mRequired engine migration verified[39m
    module: "worker"
    status: "applied"
    migration: "20260710_engine_automation_contracts"
    sourcePath: "C:\Users\Manfish\Documents\Codex\2026-09-04\let\work\backend-validation-checkout\backend\database\migrations\20260710_engine_automation_contracts.sql"
    sha256: "7581c779b858864ba4f1d7ec1af1fb8da613c53b8986adafcfd4de2cf07938a7"
[21:05:53.692] [32mINFO[39m: [36mRequired engine migration verified[39m
    module: "worker"
    status: "applied"
    migration: "20260711_required_proof_alignment"
    sourcePath: "C:\Users\Manfish\Documents\Codex\2026-09-04\let\work\backend-validation-checkout\backend\database\migrations\011-proof-alignment.sql"
    sha256: "aa042a77dc4f8b8fcad8b53f6e678a6c2ec4edf39d7c18f63399d184369759c3"
[21:05:53.828] [32mINFO[39m: [36mRequired engine migration verified[39m
    module: "worker"
    status: "applied"
    migration: "20260711_required_expertise_supply"
    sourcePath: "C:\Users\Manfish\Documents\Codex\2026-09-04\let\work\backend-validation-checkout\backend\database\migrations\expertise_supply_control.sql"
    sha256: "104803408da1a0196291254866cefb2944b4b45be5a2c81df334ecaac828cf39"
[21:05:53.850] [32mINFO[39m: [36mRequired engine migration verified[39m
    module: "worker"
    status: "applied"
    migration: "20260711_task_outcome_classification"
    sourcePath: "C:\Users\Manfish\Documents\Codex\2026-09-04\let\work\backend-validation-checkout\backend\database\migrations\20260711_task_outcome_classification.sql"
    sha256: "c723901db04a66d60ec231ac10324fe8834a32b9b6019b7a5aa0a651638cf791"
[21:05:53.887] [32mINFO[39m: [36mRequired engine migration verified[39m
    module: "worker"
    status: "applied"
    migration: "20260712_hustler_identity_link"
    sourcePath: "C:\Users\Manfish\Documents\Codex\2026-09-04\let\work\backend-validation-checkout\backend\database\migrations\20260712_hustler_identity_link.sql"
    sha256: "4ea3685d374532f90122a58b596d04a544c06bd701d0697037af15a964af3518"
[21:05:53.912] [32mINFO[39m: [36mRequired engine migration verified[39m
    module: "worker"
    status: "applied"
    migration: "20260712_dispatch_expiry_pending_payment_cancel"
    sourcePath: "C:\Users\Manfish\Documents\Codex\2026-09-04\let\work\backend-validation-checkout\backend\database\migrations\20260712_dispatch_expiry_pending_payment_cancel.sql"
    sha256: "4b29f0612985dbf9e90c2f437cc49dbf88223d3a78c67bfd48ebc88e16249a7f"
[21:05:53.926] [32mINFO[39m: [36mRequired engine migration verified[39m
    module: "worker"
    status: "applied"
    migration: "20260712_dispatch_expiry_no_payment_reconcile"
    sourcePath: "C:\Users\Manfish\Documents\Codex\2026-09-04\let\work\backend-validation-checkout\backend\database\migrations\20260712_dispatch_expiry_no_payment_reconcile.sql"
    sha256: "12d4e967e5b0a910debe5c187a5dc3bb18d3c2ce49375e6698aa856e12a60b72"
[21:05:54.009] [32mINFO[39m: [36mRequired engine migration verified[39m
    module: "worker"
    status: "applied"
    migration: "performance_indexes_v1"
    sourcePath: "C:\Users\Manfish\Documents\Codex\2026-09-04\let\work\backend-validation-checkout\backend\database\migrations\20260713_performance_indexes_alignment.sql"
    sha256: "3696d6feeed5f058d286ad62cbe8fb75a72e43cecc93cfcb162bb2ef61cb33cf"
[21:05:54.089] [32mINFO[39m: [36mRequired engine migration verified[39m
    module: "worker"
    status: "applied"
    migration: "chargeback_lifecycle_v1"
    sourcePath: "C:\Users\Manfish\Documents\Codex\2026-09-04\let\work\backend-validation-checkout\backend\database\migrations\chargeback_lifecycle.sql"
    sha256: "32905444b29504044c3f91a5398a0a2c064398d833e66d486e6ca513fddff6f7"
[21:05:54.162] [32mINFO[39m: [36mRequired engine migration verified[39m
    module: "worker"
    status: "applied"
    migration: "20260718_revenue_audit_rail"
    sourcePath: "C:\Users\Manfish\Documents\Codex\2026-09-04\let\work\backend-validation-checkout\backend\database\migrations\20260718_revenue_audit_rail.sql"
    sha256: "f11a5eb964f2c09b9e9592533fd32b35c24c9de8511e79b6096f2cf7627134a0"
[21:05:54.180] [32mINFO[39m: [36mRequired engine migration verified[39m
    module: "worker"
    status: "applied"
    migration: "20260718_quote_economics_contract"
    sourcePath: "C:\Users\Manfish\Documents\Codex\2026-09-04\let\work\backend-validation-checkout\backend\database\migrations\20260718_quote_economics_contract.sql"
    sha256: "1eb1a06963af0d740b488154d5803ab050f322d501feae130ac02e6e5669ecef"
[21:05:54.286] [32mINFO[39m: [36mRequired engine migration verified[39m
    module: "worker"
    status: "applied"
    migration: "20260718_task_scope_versions"
    sourcePath: "C:\Users\Manfish\Documents\Codex\2026-09-04\let\work\backend-validation-checkout\backend\database\migrations\20260718_task_scope_versions.sql"
    sha256: "71098ed2d76562e33e7439b6bbeaa2648c19174a3c19195460238aeaf5abcd6e"
[21:05:54.313] [32mINFO[39m: [36mRequired engine migration verified[39m
    module: "worker"
    status: "applied"
    migration: "20260718_task_location_encryption"
    sourcePath: "C:\Users\Manfish\Documents\Codex\2026-09-04\let\work\backend-validation-checkout\backend\database\migrations\20260718_task_location_encryption.sql"
    sha256: "084ef950e086b7aa5040e4fba37277d18f65a15f6cbea75d52dd5729b00386f2"
[21:05:54.334] [32mINFO[39m: [36mRequired engine migration verified[39m
    module: "worker"
    status: "applied"
    migration: "20260718_proof_submission_atomicity"
    sourcePath: "C:\Users\Manfish\Documents\Codex\2026-09-04\let\work\backend-validation-checkout\backend\database\migrations\20260718_proof_submission_atomicity.sql"
    sha256: "6d5dfced166382beed083351a6c75aa5bbf972dcb0eb8704003cae40aa8d5768"
[21:05:54.404] [32mINFO[39m: [36mRequired engine migration verified[39m
    module: "worker"
    status: "applied"
    migration: "20260718_task_safety_incident_cases"
    sourcePath: "C:\Users\Manfish\Documents\Codex\2026-09-04\let\work\backend-validation-checkout\backend\database\migrations\20260718_task_safety_incident_cases.sql"
    sha256: "a73437cc7e7f152a195b730f4c1d622ca2461bc682665c26f31760a3d1fa3800"
[21:05:54.428] [32mINFO[39m: [36mRequired engine migration verified[39m
    module: "worker"
    status: "applied"
    migration: "20260718_task_safety_delivery_contract"
    sourcePath: "C:\Users\Manfish\Documents\Codex\2026-09-04\let\work\backend-validation-checkout\backend\database\migrations\20260718_task_safety_delivery_contract.sql"
    sha256: "26c8241b9526f77980121afa98089dcf55162204979c0ee0465b1d7c55416c7d"
[21:05:54.521] [32mINFO[39m: [36mRequired engine migration verified[39m
    module: "worker"
    status: "applied"
    migration: "20260718_task_safety_checkins"
    sourcePath: "C:\Users\Manfish\Documents\Codex\2026-09-04\let\work\backend-validation-checkout\backend\database\migrations\20260718_task_safety_checkins.sql"
    sha256: "f9278e4a9cb7c7345f321712a4204280129d6e31aba31d03a987c31cb40781e5"
[21:05:54.566] [32mINFO[39m: [36mRequired engine migration verified[39m
    module: "worker"
    status: "applied"
    migration: "20260718_task_safety_location_encryption"
    sourcePath: "C:\Users\Manfish\Documents\Codex\2026-09-04\let\work\backend-validation-checkout\backend\database\migrations\20260718_task_safety_location_encryption.sql"
    sha256: "2cd76dff8f126da4bec2d6f58e2c6de5c3c93a3fabd1024536a7c007dce07e46"
[21:05:54.640] [32mINFO[39m: [36mRequired engine migration verified[39m
    module: "worker"
    status: "applied"
    migration: "20260718_zone_category_liquidity_cells"
    sourcePath: "C:\Users\Manfish\Documents\Codex\2026-09-04\let\work\backend-validation-checkout\backend\database\migrations\20260718_zone_category_liquidity_cells.sql"
    sha256: "8c427c29ac142a7543c08768be5823b1dcd6d4630b1a3b5128e2e88afce77a2c"
[21:05:54.749] [32mINFO[39m: [36mRequired engine migration verified[39m
    module: "worker"
    status: "applied"
    migration: "20260718_worker_offer_decision_contract"
    sourcePath: "C:\Users\Manfish\Documents\Codex\2026-09-04\let\work\backend-validation-checkout\backend\database\migrations\20260718_worker_offer_decision_contract.sql"
    sha256: "81defc49577f106e03e682814dd2bc302f7435adfb1711a8801d68ada75d4e02"
[21:05:54.898] [32mINFO[39m: [36mRequired engine migration verified[39m
    module: "worker"
    status: "applied"
    migration: "20260718_worker_screening_rights_contract"
    sourcePath: "C:\Users\Manfish\Documents\Codex\2026-09-04\let\work\backend-validation-checkout\backend\database\migrations\20260718_worker_screening_rights_contract.sql"
    sha256: "3c1d98eb3a8e5f59811dc7a937584bc96b0d37bae87a04f7bac58b41e1a4d20d"
[21:05:54.976] [32mINFO[39m: [36mRequired engine migration verified[39m
    module: "worker"
    status: "applied"
    migration: "20260718_region_policy_contract"
    sourcePath: "C:\Users\Manfish\Documents\Codex\2026-09-04\let\work\backend-validation-checkout\backend\database\migrations\20260718_region_policy_contract.sql"
    sha256: "01c65eb106aa9ad3a9909e08b882f6ba908bf626e0c23a68136c64fe39ec9311"
[21:05:55.026] [32mINFO[39m: [36mRequired engine migration verified[39m
    module: "worker"
    status: "applied"
    migration: "20260718_completion_retention_contract"
    sourcePath: "C:\Users\Manfish\Documents\Codex\2026-09-04\let\work\backend-validation-checkout\backend\database\migrations\20260718_completion_retention_contract.sql"
    sha256: "b55d86d2438505a7e38b330de642ca1711ab14e8f970da9e9eca8d975da38ef0"
[21:05:55.116] [32mINFO[39m: [36mRequired engine migration verified[39m
    module: "worker"
    status: "applied"
    migration: "20260718_task_public_clarifications"
    sourcePath: "C:\Users\Manfish\Documents\Codex\2026-09-04\let\work\backend-validation-checkout\backend\database\migrations\20260718_task_public_clarifications.sql"
    sha256: "5dd2cca338998318447069a4c47fcaaf8a48e2d9bb7004e24576bc76849c9155"
[21:05:55.283] [32mINFO[39m: [36mRequired engine migration verified[39m
    module: "worker"
    status: "applied"
    migration: "20260718_marketplace_reputation_contract"
    sourcePath: "C:\Users\Manfish\Documents\Codex\2026-09-04\let\work\backend-validation-checkout\backend\database\migrations\20260718_marketplace_reputation_contract.sql"
    sha256: "df565bff5dd411e74c6714e3353d22e28af6438b8a2a16c34fb574dd46d50933"
[21:05:55.394] [32mINFO[39m: [36mRequired engine migration verified[39m
    module: "worker"
    status: "applied"
    migration: "20260718_business_workspace_contract"
    sourcePath: "C:\Users\Manfish\Documents\Codex\2026-09-04\let\work\backend-validation-checkout\backend\database\migrations\20260718_business_workspace_contract.sql"
    sha256: "a22965906807502d81f7fc6fb085b1f71ee4cf8171986eb61be292dccc137c45"
[21:05:55.628] [32mINFO[39m: [36mRequired engine migration verified[39m
    module: "worker"
    status: "applied"
    migration: "20260718_business_operations_contract"
    sourcePath: "C:\Users\Manfish\Documents\Codex\2026-09-04\let\work\backend-validation-checkout\backend\database\migrations\20260718_business_operations_contract.sql"
    sha256: "23fdb635e6768e7cfabc299ba4babab7aa37e29d319f124e8cf96e152ff7a0cb"
[21:05:55.784] [32mINFO[39m: [36mRequired engine migration verified[39m
    module: "worker"
    status: "applied"
    migration: "20260718_business_execution_contract"
    sourcePath: "C:\Users\Manfish\Documents\Codex\2026-09-04\let\work\backend-validation-checkout\backend\database\migrations\20260718_business_execution_contract.sql"
    sha256: "b4bad697897f51aa69f4c435d194bcb0730e1c357110c56aeeeccc61ec0c8d2d"
[21:05:56.025] [32mINFO[39m: [36mRequired engine migration verified[39m
    module: "worker"
    status: "applied"
    migration: "20260718_recurring_work_contract"
    sourcePath: "C:\Users\Manfish\Documents\Codex\2026-09-04\let\work\backend-validation-checkout\backend\database\migrations\20260718_recurring_work_contract.sql"
    sha256: "65bbbe96e1af6d909cd9a454c201bf4e62c99e60ec6bddbaa2454a3e3de4ed4b"
[21:05:56.067] [32mINFO[39m: [36mRequired engine migration verified[39m
    module: "worker"
    status: "applied"
    migration: "20260718_business_recurring_contract"
    sourcePath: "C:\Users\Manfish\Documents\Codex\2026-09-04\let\work\backend-validation-checkout\backend\database\migrations\20260718_business_recurring_contract.sql"
    sha256: "e068a0aa68b7baf4a7c13f217536251708913b854119a3da350455230355f5d3"
[21:05:56.168] [32mINFO[39m: [36mRequired engine migration verified[39m
    module: "worker"
    status: "applied"
    migration: "20260719_recommendation_contract"
    sourcePath: "C:\Users\Manfish\Documents\Codex\2026-09-04\let\work\backend-validation-checkout\backend\database\migrations\20260719_recommendation_contract.sql"
    sha256: "3345c3fdce3aef451c89fd8245dff11096dffe1108309e19c1470f2138641ab4"
[21:05:56.274] [32mINFO[39m: [36mRequired engine migration verified[39m
    module: "worker"
    status: "applied"
    migration: "20260719_hustler_wallet_contract"
    sourcePath: "C:\Users\Manfish\Documents\Codex\2026-09-04\let\work\backend-validation-checkout\backend\database\migrations\20260719_hustler_wallet_contract.sql"
    sha256: "153809d4d570a54b27357e2ebff51c3b35fa303e69da29c570816acca89f29ab"
[21:05:56.302] [32mINFO[39m: [36mRequired engine migration verified[39m
    module: "worker"
    status: "applied"
    migration: "20260719_wallet_provider_event_integrity"
    sourcePath: "C:\Users\Manfish\Documents\Codex\2026-09-04\let\work\backend-validation-checkout\backend\database\migrations\20260719_wallet_provider_event_integrity.sql"
    sha256: "1ee57eb0d4c3d157632b8db3fbc8cc232ac1241c1ca76944250ca42e1fdbc8de"
[21:05:56.320] [32mINFO[39m: [36mRequired engine migration verified[39m
    module: "worker"
    status: "applied"
    migration: "20260719_wallet_provider_event_integrity_repair"
    sourcePath: "C:\Users\Manfish\Documents\Codex\2026-09-04\let\work\backend-validation-checkout\backend\database\migrations\20260719_wallet_provider_event_integrity_repair.sql"
    sha256: "96ff51a6414cb261fa2791281c076e4e5b7fafd73cbacc2db939402e4219a6a5"
[21:05:56.599] [32mINFO[39m: [36mRequired engine migration verified[39m
    module: "worker"
    status: "applied"
    migration: "20260719_lifecycle_service_foundations"
    sourcePath: "C:\Users\Manfish\Documents\Codex\2026-09-04\let\work\backend-validation-checkout\backend\database\migrations\20260719_lifecycle_service_foundations.sql"
    sha256: "4c1edaecda49afeae3950afe832074f8903d64aa6f726bbee2a0717f26113596"
[21:05:56.616] [32mINFO[39m: [36mRequired engine migration verified[39m
    module: "worker"
    status: "applied"
    migration: "20260719_task_worker_eligibility_contract"
    sourcePath: "C:\Users\Manfish\Documents\Codex\2026-09-04\let\work\backend-validation-checkout\backend\database\migrations\20260719_task_worker_eligibility_contract.sql"
    sha256: "a1fb5d0387d61fef4b484be82d15153031b14860bcc8b4bbaa690a4ca096a0fb"
[21:05:56.652] [32mINFO[39m: [36mRequired engine migration verified[39m
    module: "worker"
    status: "applied"
    migration: "20260719_append_only_truncate_contract"
    sourcePath: "C:\Users\Manfish\Documents\Codex\2026-09-04\let\work\backend-validation-checkout\backend\database\migrations\20260719_append_only_truncate_contract.sql"
    sha256: "1b105f37e52b19435aacc7b04b2496bbef7f5cd0b0b1681487342e2e411544b4"
[21:05:56.688] [32mINFO[39m: [36mRequired engine migration verified[39m
    module: "worker"
    status: "applied"
    migration: "20260719_admin_user_search_trigram_contract"
    sourcePath: "C:\Users\Manfish\Documents\Codex\2026-09-04\let\work\backend-validation-checkout\backend\database\migrations\20260719_admin_user_search_trigram_contract.sql"
    sha256: "89a20a0c588af79ae8c0cd8e06949f4a542928b826adafa822d5a02b20694090"
[21:05:56.718] [32mINFO[39m: [36mRequired engine migration verified[39m
    module: "worker"
    status: "applied"
    migration: "20260719_admin_capability_contract"
    sourcePath: "C:\Users\Manfish\Documents\Codex\2026-09-04\let\work\backend-validation-checkout\backend\database\migrations\20260719_admin_capability_contract.sql"
    sha256: "cacc11cfe40b498767acbbaa736f2462e21a758018bcda1a667430a3c441c0f4"
[21:05:56.738] [32mINFO[39m: [36mRequired engine migration verified[39m
    module: "worker"
    status: "applied"
    migration: "20260719_tier0_browse_only_contract"
    sourcePath: "C:\Users\Manfish\Documents\Codex\2026-09-04\let\work\backend-validation-checkout\backend\database\migrations\20260719_tier0_browse_only_contract.sql"
    sha256: "336d976adfc3ce6e892b16c67a08bbc692165d2373084c3e51ab3e0a3db7a9d5"
[21:05:56.759] [32mINFO[39m: [36mRequired engine migration verified[39m
    module: "worker"
    status: "applied"
    migration: "20260719_task_template_policy_contract"
    sourcePath: "C:\Users\Manfish\Documents\Codex\2026-09-04\let\work\backend-validation-checkout\backend\database\migrations\20260719_task_template_policy_contract.sql"
    sha256: "1b4e180c34fce08ea00076e1f02f9c57d698c532db1eff84d9973e68c189ff8f"
[21:05:56.825] [32mINFO[39m: [36mRequired engine migration verified[39m
    module: "worker"
    status: "applied"
    migration: "20260719_compliance_guardian_persistence_contract"
    sourcePath: "C:\Users\Manfish\Documents\Codex\2026-09-04\let\work\backend-validation-checkout\backend\database\migrations\20260719_compliance_guardian_persistence_contract.sql"
    sha256: "ad0d747354fd6040df2669ffc0fbe485526240aca38887e27a069f49ab67767c"
[21:05:56.841] [32mINFO[39m: [36mRequired engine migration verified[39m
    module: "worker"
    status: "applied"
    migration: "20260719_worker_offer_retake_contract"
    sourcePath: "C:\Users\Manfish\Documents\Codex\2026-09-04\let\work\backend-validation-checkout\backend\database\migrations\20260719_worker_offer_retake_contract.sql"
    sha256: "0e5c8b6dde2fe27aecb7eed4ea1c329a4872cee9cc54c7a42505e431e5df0301"
[21:05:56.897] [32mINFO[39m: [36mRequired engine migration verified[39m
    module: "worker"
    status: "applied"
    migration: "20260719_liquidity_expansion_contract"
    sourcePath: "C:\Users\Manfish\Documents\Codex\2026-09-04\let\work\backend-validation-checkout\backend\database\migrations\20260719_liquidity_expansion_contract.sql"
    sha256: "6ba06780137ac5142e4560d465300cdb21105c690cfb320a588b35b37f69d795"
[21:05:56.919] [32mINFO[39m: [36mRequired engine migration verified[39m
    module: "worker"
    status: "applied"
    migration: "20260719_liquidity_expansion_fk_repair"
    sourcePath: "C:\Users\Manfish\Documents\Codex\2026-09-04\let\work\backend-validation-checkout\backend\database\migrations\20260719_liquidity_expansion_fk_repair.sql"
    sha256: "3ab131b4dbc128a99cd9eb7512888282df572f0ca61519d0453ebaa8be686c17"
[21:05:57.021] [32mINFO[39m: [36mRequired engine migration verified[39m
    module: "worker"
    status: "applied"
    migration: "20260719_worker_counter_offer_contract"
    sourcePath: "C:\Users\Manfish\Documents\Codex\2026-09-04\let\work\backend-validation-checkout\backend\database\migrations\20260719_worker_counter_offer_contract.sql"
    sha256: "1c6376dc07f95465f0925134f9d30990ed0da52c869cb9e039f3865508f85696"
[21:05:57.048] [32mINFO[39m: [36mRequired engine migration verified[39m
    module: "worker"
    status: "applied"
    migration: "20260719_worker_counter_offer_exclusivity"
    sourcePath: "C:\Users\Manfish\Documents\Codex\2026-09-04\let\work\backend-validation-checkout\backend\database\migrations\20260719_worker_counter_offer_exclusivity.sql"
    sha256: "5f72eb8f7bacc3c45c3dfba2527f7ccd5571ea6db0bcb4dd119a32ed0436e78f"
[21:05:57.191] [32mINFO[39m: [36mRequired engine migration verified[39m
    module: "worker"
    status: "applied"
    migration: "20260719_external_task_bridge_contract"
    sourcePath: "C:\Users\Manfish\Documents\Codex\2026-09-04\let\work\backend-validation-checkout\backend\database\migrations\20260719_external_task_bridge_contract.sql"
    sha256: "33080f06754d9ed04bf6624ac0dbf5c7817c8324af9be25ecb01ebf50ecffb69"
[21:05:57.255] [32mINFO[39m: [36mRequired engine migration verified[39m
    module: "worker"
    status: "applied"
    migration: "20260720_task_geofence_event_contract"
    sourcePath: "C:\Users\Manfish\Documents\Codex\2026-09-04\let\work\backend-validation-checkout\backend\database\migrations\20260720_task_geofence_event_contract.sql"
    sha256: "c2a31559936f1d1db684a27f3cca8554fe3b6986830ff6795e547c17409e24af"
[21:05:57.422] [32mINFO[39m: [36mRequired engine migration verified[39m
    module: "worker"
    status: "applied"
    migration: "20260720_major_action_telemetry_contract"
    sourcePath: "C:\Users\Manfish\Documents\Codex\2026-09-04\let\work\backend-validation-checkout\backend\database\migrations\20260720_major_action_telemetry_contract.sql"
    sha256: "0939eb301dba2a9b8e50c759fd794c19cfd19b7ac8c761449dccc5d346a5fd07"
[21:05:57.437] [32mINFO[39m: [36mRequired engine migration verified[39m
    module: "worker"
    status: "applied"
    migration: "20260720_major_action_telemetry_contract_repair"
    sourcePath: "C:\Users\Manfish\Documents\Codex\2026-09-04\let\work\backend-validation-checkout\backend\database\migrations\20260720_major_action_telemetry_contract_repair.sql"
    sha256: "7aebc9a96ca0eb516d6eaabff5c8ea44a1c99ef452328abfdc31e423fcb50960"
[21:05:57.451] [32mINFO[39m: [36mRequired engine migration verified[39m
    module: "worker"
    status: "applied"
    migration: "20260720_major_action_source_registry_repair"
    sourcePath: "C:\Users\Manfish\Documents\Codex\2026-09-04\let\work\backend-validation-checkout\backend\database\migrations\20260720_major_action_source_registry_repair.sql"
    sha256: "dd0641389a561a02ee7bc211494baeecad4a584f4ae878e367d7bd6ec41ef99d"
[21:05:57.551] [32mINFO[39m: [36mRequired engine migration verified[39m
    module: "worker"
    status: "applied"
    migration: "20260720_offline_action_sync_contract"
    sourcePath: "C:\Users\Manfish\Documents\Codex\2026-09-04\let\work\backend-validation-checkout\backend\database\migrations\20260720_offline_action_sync_contract.sql"
    sha256: "a24c7a3a1fc6d248e7ed84850c282b1d70e136470a5814e5cf73d354fb71a225"
[21:05:57.574] [32mINFO[39m: [36mRequired engine migration verified[39m
    module: "worker"
    status: "applied"
    migration: "20260720_offline_action_sync_contract_repair"
    sourcePath: "C:\Users\Manfish\Documents\Codex\2026-09-04\let\work\backend-validation-checkout\backend\database\migrations\20260720_offline_action_sync_contract_repair.sql"
    sha256: "dd3ebeb8b7660ce2a7e7dc0c90c75b8c44368ed464dd80d5a48db74c608fe2ad"
[21:05:57.609] [32mINFO[39m: [36mRequired engine migration verified[39m
    module: "worker"
    status: "applied"
    migration: "20260720_proof_verification_signal_contract"
    sourcePath: "C:\Users\Manfish\Documents\Codex\2026-09-04\let\work\backend-validation-checkout\backend\database\migrations\20260720_proof_verification_signal_contract.sql"
    sha256: "7956522e446ae42141b204c0f32d6cc1843c8deb54d474f5bc3d5687577e18fb"
[21:05:57.628] [32mINFO[39m: [36mRequired engine migration verified[39m
    module: "worker"
    status: "applied"
    migration: "20260720_proof_media_metadata_minimization"
    sourcePath: "C:\Users\Manfish\Documents\Codex\2026-09-04\let\work\backend-validation-checkout\backend\database\migrations\20260720_proof_media_metadata_minimization.sql"
    sha256: "d8b3f516a303744ab8bfe467d528f552f0c444466d64ab1e881d6ae5f422e396"
[21:05:57.698] [32mINFO[39m: [36mRequired engine migration verified[39m
    module: "worker"
    status: "applied"
    migration: "20260720_media_upload_finalization_contract"
    sourcePath: "C:\Users\Manfish\Documents\Codex\2026-09-04\let\work\backend-validation-checkout\backend\database\migrations\20260720_media_upload_finalization_contract.sql"
    sha256: "c7cb31234baeb3ec101b44a73df6fd93198d3c442ceaa0713188e912bae10715"
[21:05:57.773] [32mINFO[39m: [36mRequired engine migration verified[39m
    module: "worker"
    status: "applied"
    migration: "20260720_private_media_delivery_contract"
    sourcePath: "C:\Users\Manfish\Documents\Codex\2026-09-04\let\work\backend-validation-checkout\backend\database\migrations\20260720_private_media_delivery_contract.sql"
    sha256: "dab4cace45c99879d1a6f3e978198fe8ec4e1840607319522b8addfc20cda608"
[21:05:57.934] [32mINFO[39m: [36mRequired engine migration verified[39m
    module: "worker"
    status: "applied"
    migration: "20260720_worker_standing_appeals"
    sourcePath: "C:\Users\Manfish\Documents\Codex\2026-09-04\let\work\backend-validation-checkout\backend\database\migrations\20260720_worker_standing_appeals.sql"
    sha256: "02e2a7c9d91a10b780ea1c01444a57c257faecb7c1ec2f129c82ae8fb4004608"
[21:05:57.973] [32mINFO[39m: [36mRequired engine migration verified[39m
    module: "worker"
    status: "applied"
    migration: "20260720_offline_action_reconciliation"
    sourcePath: "C:\Users\Manfish\Documents\Codex\2026-09-04\let\work\backend-validation-checkout\backend\database\migrations\20260720_offline_action_reconciliation.sql"
    sha256: "12e245da2e45ce917516fdd4dfd2610348eb5c0420c1490987e378ad5f485f94"
[21:05:57.987] [32mINFO[39m: [36mRequired engine migration verified[39m
    module: "worker"
    status: "applied"
    migration: "20260720_dispute_release_authority_contract"
    sourcePath: "C:\Users\Manfish\Documents\Codex\2026-09-04\let\work\backend-validation-checkout\backend\database\migrations\20260720_dispute_release_authority_contract.sql"
    sha256: "0b7cadab9f4c40170d31c5e21921adb42b36935e6f3df81a87991fda9c0029fd"
[21:05:58.045] [32mINFO[39m: [36mRequired engine migration verified[39m
    module: "worker"
    status: "applied"
    migration: "20260720_notification_delivery_contract"
    sourcePath: "C:\Users\Manfish\Documents\Codex\2026-09-04\let\work\backend-validation-checkout\backend\database\migrations\20260720_notification_delivery_contract.sql"
    sha256: "a2264390a09a6ae20ce0011683ab870c631feebfde87ed80a872e986a575bb0b"
[21:05:58.065] [32mINFO[39m: [36mRequired engine migration verified[39m
    module: "worker"
    status: "applied"
    migration: "20260720_notification_delivery_contract_repair"
    sourcePath: "C:\Users\Manfish\Documents\Codex\2026-09-04\let\work\backend-validation-checkout\backend\database\migrations\20260720_notification_delivery_contract_repair.sql"
    sha256: "e0aaa1a3cb653917924183fcf67291b33a2dbf38579eb01b17122e649c71c40f"
[21:05:58.090] [32mINFO[39m: [36mRequired engine migration verified[39m
    module: "worker"
    status: "applied"
    migration: "20260720_notification_focus_suppression"
    sourcePath: "C:\Users\Manfish\Documents\Codex\2026-09-04\let\work\backend-validation-checkout\backend\database\migrations\20260720_notification_focus_suppression.sql"
    sha256: "e320ed83af84fd2c3781a1229db74126778b7c2d8eeb41dbddc432c634faba05"
[21:05:58.107] [32mINFO[39m: [36mRequired engine migration verified[39m
    module: "worker"
    status: "applied"
    migration: "20260720_schema_convergence_repair"
    sourcePath: "C:\Users\Manfish\Documents\Codex\2026-09-04\let\work\backend-validation-checkout\backend\database\migrations\20260720_schema_convergence_repair.sql"
    sha256: "5151894b324679c19cc7a70179aec8f0248a3c66c5325b97d8bdcf618f684da2"
[21:05:58.177] [32mINFO[39m: [36mRequired engine migration verified[39m
    module: "worker"
    status: "applied"
    migration: "20260720_local_certification_payment_provider"
    sourcePath: "C:\Users\Manfish\Documents\Codex\2026-09-04\let\work\backend-validation-checkout\backend\database\migrations\20260720_local_certification_payment_provider.sql"
    sha256: "413a1183e48dd0c3aa8131390481e7acfb17229727445023dfe659b20c123392"
[21:05:58.198] [32mINFO[39m: [36mRequired engine migration verified[39m
    module: "worker"
    status: "applied"
    migration: "20260720_region_policy_price_book_alignment"
    sourcePath: "C:\Users\Manfish\Documents\Codex\2026-09-04\let\work\backend-validation-checkout\backend\database\migrations\20260720_region_policy_price_book_alignment.sql"
    sha256: "614ac15399457b310f60e4bf637ee1d394a0da97e9cbcd9d6a8367a219af68e0"
[21:05:58.322] [32mINFO[39m: [36mRequired engine migration verified[39m
    module: "worker"
    status: "applied"
    migration: "20260720_local_certification_payout_provider"
    sourcePath: "C:\Users\Manfish\Documents\Codex\2026-09-04\let\work\backend-validation-checkout\backend\database\migrations\20260720_local_certification_payout_provider.sql"
    sha256: "1435947ebbdfa50dec2d0d812fe8d332287be1f0a6b7fd1c50cd96a5bfa9e097"
[21:05:58.412] [32mINFO[39m: [36mRequired engine migration verified[39m
    module: "worker"
    status: "applied"
    migration: "20260720_local_certification_screening_provider"
    sourcePath: "C:\Users\Manfish\Documents\Codex\2026-09-04\let\work\backend-validation-checkout\backend\database\migrations\20260720_local_certification_screening_provider.sql"
    sha256: "626ff1f60a8f8f6b6acd2a9aba621409bd3eab3142004361a89ae77a5c26f1cc"
[21:05:58.478] [32mINFO[39m: [36mRequired engine migration verified[39m
    module: "worker"
    status: "applied"
    migration: "20260720_controlled_test_liquidity_cell"
    sourcePath: "C:\Users\Manfish\Documents\Codex\2026-09-04\let\work\backend-validation-checkout\backend\database\migrations\20260720_controlled_test_liquidity_cell.sql"
    sha256: "1826b8b06b3b0de634f2420a40a00bcce2ce2a370d2349192b5dd6a7e981493d"
[21:05:58.494] [32mINFO[39m: [36mRequired engine migration verified[39m
    module: "worker"
    status: "applied"
    migration: "20260720_controlled_test_liquidity_marker_repair"
    sourcePath: "C:\Users\Manfish\Documents\Codex\2026-09-04\let\work\backend-validation-checkout\backend\database\migrations\20260720_controlled_test_liquidity_marker_repair.sql"
    sha256: "e9d3e3dbd829fdf0dad577701b22070218577a8bc9f6b70e8e0ec207eb06af28"
[21:05:58.510] [32mINFO[39m: [36mRequired engine migration verified[39m
    module: "worker"
    status: "applied"
    migration: "20260720_controlled_test_liquidity_lifecycle_repair"
    sourcePath: "C:\Users\Manfish\Documents\Codex\2026-09-04\let\work\backend-validation-checkout\backend\database\migrations\20260720_controlled_test_liquidity_lifecycle_repair.sql"
    sha256: "f921c0c7a374e4a7f4bd0b0a81af34667c52f1264d3f3c0ad57b017e0583e0cc"
[21:05:58.591] [32mINFO[39m: [36mRequired engine migration verified[39m
    module: "worker"
    status: "applied"
    migration: "20260720_controlled_test_duration_evidence"
    sourcePath: "C:\Users\Manfish\Documents\Codex\2026-09-04\let\work\backend-validation-checkout\backend\database\migrations\20260720_controlled_test_duration_evidence.sql"
    sha256: "9b2b0630d0fa0e24552547940c5ee1097e6b7a32cb5b90f5cc5426a25606ae77"
[21:05:58.641] [32mINFO[39m: [36mRequired engine migration verified[39m
    module: "worker"
    status: "applied"
    migration: "20260720_controlled_test_provider_capability"
    sourcePath: "C:\Users\Manfish\Documents\Codex\2026-09-04\let\work\backend-validation-checkout\backend\database\migrations\20260720_controlled_test_provider_capability.sql"
    sha256: "079baedf700badc9c00e1e91f83f96d409bee7f713c9e7d349767a92c112fcc1"
[21:05:58.661] [32mINFO[39m: [36mRequired engine migration verified[39m
    module: "worker"
    status: "applied"
    migration: "20260720_controlled_test_provider_capability_expiry"
    sourcePath: "C:\Users\Manfish\Documents\Codex\2026-09-04\let\work\backend-validation-checkout\backend\database\migrations\20260720_controlled_test_provider_capability_expiry.sql"
    sha256: "770a9973510b499f6e9c1b3428f5ba8dccbbca45c6aef62e463372dcdd2640a5"
[21:05:58.679] [32mINFO[39m: [36mRequired engine migration verified[39m
    module: "worker"
    status: "applied"
    migration: "20260720_controlled_test_provider_capability_refresh"
    sourcePath: "C:\Users\Manfish\Documents\Codex\2026-09-04\let\work\backend-validation-checkout\backend\database\migrations\20260720_controlled_test_provider_capability_refresh.sql"
    sha256: "fce9cbe6df1865581bc414ee1d102afe140899a4b3d0f35697c894edfb375011"
[21:05:58.696] [32mINFO[39m: [36mRequired engine migration verified[39m
    module: "worker"
    status: "applied"
    migration: "20260720_controlled_test_provider_capability_refresh_repair"
    sourcePath: "C:\Users\Manfish\Documents\Codex\2026-09-04\let\work\backend-validation-checkout\backend\database\migrations\20260720_controlled_test_provider_capability_refresh_repair.sql"
    sha256: "fa0600c70a92f0c25112bded13e6e45c5402bfca9aaea45540c08a9a83edcb9d"
[21:05:58.758] [32mINFO[39m: [36mRequired engine migration verified[39m
    module: "worker"
    status: "applied"
    migration: "20260720_controlled_test_offer_review"
    sourcePath: "C:\Users\Manfish\Documents\Codex\2026-09-04\let\work\backend-validation-checkout\backend\database\migrations\20260720_controlled_test_offer_review.sql"
    sha256: "29f42e272b46974910354ed0c32db10744ab771aae92bc83b5c70b84aba9d6e1"
[21:05:58.782] [32mINFO[39m: [36mRequired engine migration verified[39m
    module: "worker"
    status: "applied"
    migration: "20260720_task_safety_state_integrity"
    sourcePath: "C:\Users\Manfish\Documents\Codex\2026-09-04\let\work\backend-validation-checkout\backend\database\migrations\20260720_task_safety_state_integrity.sql"
    sha256: "b0548ea104c938f55f383f777b298427f863792cc440829453fdf9915c33f657"
[21:05:58.799] [32mINFO[39m: [36mRequired engine migration verified[39m
    module: "worker"
    status: "applied"
    migration: "20260720_task_safety_resolution_integrity"
    sourcePath: "C:\Users\Manfish\Documents\Codex\2026-09-04\let\work\backend-validation-checkout\backend\database\migrations\20260720_task_safety_resolution_integrity.sql"
    sha256: "c3f420fa5880355f5fecd84b9b9df5945991cd46d2cb5a4bcca41b2aa024fd62"
[21:05:58.851] [32mINFO[39m: [36mRequired engine migration verified[39m
    module: "worker"
    status: "applied"
    migration: "20260720_task_safety_case_access_integrity"
    sourcePath: "C:\Users\Manfish\Documents\Codex\2026-09-04\let\work\backend-validation-checkout\backend\database\migrations\20260720_task_safety_case_access_integrity.sql"
    sha256: "82d88d339eb6f89e4daae78669c1cd3b8cfad00e3c9865611e02381c744a4778"
[21:05:58.984] [32mINFO[39m: [36mRequired engine migration verified[39m
    module: "worker"
    status: "applied"
    migration: "20260720_operations_exception_contract"
    sourcePath: "C:\Users\Manfish\Documents\Codex\2026-09-04\let\work\backend-validation-checkout\backend\database\migrations\20260720_operations_exception_contract.sql"
    sha256: "f912b02c0d804e06cdabcef8fde8ec3345806c8463ef321211dbe11e9ae021e9"
[21:05:59.005] [32mINFO[39m: [36mRequired engine migration verified[39m
    module: "worker"
    status: "applied"
    migration: "20260721_hustler_trust_progression_contract"
    sourcePath: "C:\Users\Manfish\Documents\Codex\2026-09-04\let\work\backend-validation-checkout\backend\database\migrations\20260721_hustler_trust_progression_contract.sql"
    sha256: "efb7fc4b8f41df8d90f4b63183d3bdb244a41c03b5a73ae673edcab85575b43b"
[21:05:59.059] [32mINFO[39m: [36mRequired engine migration verified[39m
    module: "worker"
    status: "applied"
    migration: "20260721_task_quote_shortlist_messaging_contract"
    sourcePath: "C:\Users\Manfish\Documents\Codex\2026-09-04\let\work\backend-validation-checkout\backend\database\migrations\20260721_task_quote_shortlist_messaging_contract.sql"
    sha256: "33d43cc99215f79b7658d51d781f3923c481fcb6e2b7b7c36aa6d53f26283dd0"
[21:05:59.118] [32mINFO[39m: [36mRequired engine migration verified[39m
    module: "worker"
    status: "applied"
    migration: "20260721_unit_economics_guardrails"
    sourcePath: "C:\Users\Manfish\Documents\Codex\2026-09-04\let\work\backend-validation-checkout\backend\database\migrations\20260721_unit_economics_guardrails.sql"
    sha256: "f0139e1a336cb37bd3a0a92c64d1aabad7adc2cf11527034b50bf5e3007ea720"
[21:05:59.207] [32mINFO[39m: [36mRequired engine migration verified[39m
    module: "worker"
    status: "applied"
    migration: "20260721_build_now_spend_promotion_guardrails"
    sourcePath: "C:\Users\Manfish\Documents\Codex\2026-09-04\let\work\backend-validation-checkout\backend\database\migrations\20260721_build_now_spend_promotion_guardrails.sql"
    sha256: "eff21cecd9f2d714168e989e9bb712ac7b30286f8b0de724f4ca7a7cef8a661d"
[21:05:59.318] [32mINFO[39m: [36mRequired engine migration verified[39m
    module: "worker"
    status: "applied"
    migration: "20260721_private_identity_verification_contract"
    sourcePath: "C:\Users\Manfish\Documents\Codex\2026-09-04\let\work\backend-validation-checkout\backend\database\migrations\20260721_private_identity_verification_contract.sql"
    sha256: "90828c3109521c3f46333876e71c3e0b2e2feee2aab5820b34a7e3731f160117"
[21:05:59.355] [32mINFO[39m: [36mRequired engine migration verified[39m
    module: "worker"
    status: "applied"
    migration: "20260721_sensitive_media_ingestion_shutdown"
    sourcePath: "C:\Users\Manfish\Documents\Codex\2026-09-04\let\work\backend-validation-checkout\backend\database\migrations\20260721_sensitive_media_ingestion_shutdown.sql"
    sha256: "c83366b0b5f4c8ccca98ee5a31d95febaa0107f75e0e0ce60cb2d735c503fc20"
[21:05:59.481] [32mINFO[39m: [36mRequired engine migration verified[39m
    module: "worker"
    status: "applied"
    migration: "20260721_ai_observability_contract"
    sourcePath: "C:\Users\Manfish\Documents\Codex\2026-09-04\let\work\backend-validation-checkout\backend\database\migrations\20260721_ai_observability_contract.sql"
    sha256: "9ec88bb073608316014ed3529ca5632fdbb39394b265e9d2d4163303601ab3e0"
[21:05:59.499] [32mINFO[39m: [36mRequired engine migration verified[39m
    module: "worker"
    status: "applied"
    migration: "20260721_controlled_test_retake_acceptance_repair"
    sourcePath: "C:\Users\Manfish\Documents\Codex\2026-09-04\let\work\backend-validation-checkout\backend\database\migrations\20260721_controlled_test_retake_acceptance_repair.sql"
    sha256: "a1b2a9eb450a0ac4add500620bbcb6738d708603e794a86fcb8ce311adec8fe5"
[21:05:59.517] [32mINFO[39m: [36mRequired engine migration verified[39m
    module: "worker"
    status: "applied"
    migration: "20260721_controlled_test_retake_liquidity_repair"
    sourcePath: "C:\Users\Manfish\Documents\Codex\2026-09-04\let\work\backend-validation-checkout\backend\database\migrations\20260721_controlled_test_retake_liquidity_repair.sql"
    sha256: "edc5ca1a19dbb27ed4ae60efcdfedf2d91a09a86cb2bc0f5cee94bb39837f490"
[21:05:59.538] [32mINFO[39m: [36mRequired engine migration verified[39m
    module: "worker"
    status: "applied"
    migration: "20260721_controlled_test_retake_guard_convergence"
    sourcePath: "C:\Users\Manfish\Documents\Codex\2026-09-04\let\work\backend-validation-checkout\backend\database\migrations\20260721_controlled_test_retake_guard_convergence.sql"
    sha256: "6a2b108d6fe844e4a0235162f25066427eebb1952dbe41e29e7b483c267472b1"
[21:05:59.562] [32mINFO[39m: [36mRequired engine migration verified[39m
    module: "worker"
    status: "applied"
    migration: "20260721_same_worker_retake_assignment_guard_repair"
    sourcePath: "C:\Users\Manfish\Documents\Codex\2026-09-04\let\work\backend-validation-checkout\backend\database\migrations\20260721_same_worker_retake_assignment_guard_repair.sql"
    sha256: "c3500b95949b80004262a9c638f2eca8ef19ad5b446d430aecbe83bc628c7863"
[21:05:59.613] [32mINFO[39m: [36mRequired engine migration verified[39m
    module: "worker"
    status: "applied"
    migration: "20260722_region_policy_legal_approval_activation"
    sourcePath: "C:\Users\Manfish\Documents\Codex\2026-09-04\let\work\backend-validation-checkout\backend\database\migrations\20260722_region_policy_legal_approval_activation.sql"
    sha256: "2be054f21aa0168aad360dd755d52fd5b028a8106129206f47ccfbbc7f081e02"
[21:05:59.638] [32mINFO[39m: [36mRequired engine migration verified[39m
    module: "worker"
    status: "applied"
    migration: "20260722_recurring_payment_dispatch_gate"
    sourcePath: "C:\Users\Manfish\Documents\Codex\2026-09-04\let\work\backend-validation-checkout\backend\database\migrations\20260722_recurring_payment_dispatch_gate.sql"
    sha256: "47c04b2e55a275220c6c1a01fa283628e43fcea869096acd13db8bb59b659c8e"
[21:05:59.928] [32mINFO[39m: [36mRequired engine migration verified[39m
    module: "worker"
    status: "applied"
    migration: "20260722_service_business_assignment_contract"
    sourcePath: "C:\Users\Manfish\Documents\Codex\2026-09-04\let\work\backend-validation-checkout\backend\database\migrations\20260722_service_business_assignment_contract.sql"
    sha256: "258e56009e35228a4e2ad294d879143f4985bdbae7853d1c3c2c9fcda61777af"
[21:06:00.173] [32mINFO[39m: [36mRequired engine migration verified[39m
    module: "worker"
    status: "applied"
    migration: "010_web_platform_tables"
    sourcePath: "C:\Users\Manfish\Documents\Codex\2026-09-04\let\work\backend-validation-checkout\backend\database\migrations\010_web_platform_tables.sql"
    sha256: "8ddd4b374bf8d5c7635214c5d26a84d2e6d81cab10aa8a7049d7b3da1da8b5e2"
[21:06:00.228] [32mINFO[39m: [36mRequired engine migration verified[39m
    module: "worker"
    status: "applied"
    migration: "20260814_quote_price_book"
    sourcePath: "C:\Users\Manfish\Documents\Codex\2026-09-04\let\work\backend-validation-checkout\backend\database\migrations\20260814_quote_price_book.sql"
    sha256: "4d49f31e83b6ba5352ee1c16da45e2b7ce8f84a4d5d9ee0b50bee57e2cafed69"
[21:06:00.283] [32mINFO[39m: [36mRequired engine migration verified[39m
    module: "worker"
    status: "applied"
    migration: "20260814_price_book_quote_decisions"
    sourcePath: "C:\Users\Manfish\Documents\Codex\2026-09-04\let\work\backend-validation-checkout\backend\database\migrations\20260814_price_book_quote_decisions.sql"
    sha256: "77d1a1e17e300f83c1dc7e6f5e57e3ecef617a69066f1806d9d44aea3cf6a4f1"
[21:06:00.387] [32mINFO[39m: [36mRequired engine migration verified[39m
    module: "worker"
    status: "applied"
    migration: "20260814_task_supply_confidence"
    sourcePath: "C:\Users\Manfish\Documents\Codex\2026-09-04\let\work\backend-validation-checkout\backend\database\migrations\20260814_task_supply_confidence.sql"
    sha256: "5c64425fef6a52b4abb7e00f42f2c7322be9d777b58c1efbb1d8f5bd71815e9e"
[21:06:00.418] [32mINFO[39m: [36mRequired engine migration verified[39m
    module: "worker"
    status: "applied"
    migration: "20260815_quote_columns_extra_v4"
    sourcePath: "C:\Users\Manfish\Documents\Codex\2026-09-04\let\work\backend-validation-checkout\backend\database\migrations\20260815_quote_columns_extra_v4.sql"
    sha256: "2c45fbed303842c44ee20d24df090e54de05519d9e7ff5e8f74d4283763be7ee"
[21:06:00.471] [32mINFO[39m: [36mRequired engine migration verified[39m
    module: "worker"
    status: "applied"
    migration: "20260819_quote_payments"
    sourcePath: "C:\Users\Manfish\Documents\Codex\2026-09-04\let\work\backend-validation-checkout\backend\database\migrations\20260819_quote_payments.sql"
    sha256: "bcd90a6905e374568042b589c5c85931f93ea3c9a92fc28afbd0693bcc0e4286"
[21:06:00.587] [32mINFO[39m: [36mRequired engine migration verified[39m
    module: "worker"
    status: "applied"
    migration: "20260823_quote_payment_recovery"
    sourcePath: "C:\Users\Manfish\Documents\Codex\2026-09-04\let\work\backend-validation-checkout\backend\database\migrations\20260823_quote_payment_recovery.sql"
    sha256: "b0d75f09f523fdf1a11ffd5cea7a1c4cd78d431e7e55cb5723f6ce6f243eebc8"
[21:06:01.219] [32mINFO[39m: [36mRequired engine migration verified[39m
    module: "worker"
    status: "applied"
    migration: "20260827_universal_v1_lifecycle_contract"
    sourcePath: "C:\Users\Manfish\Documents\Codex\2026-09-04\let\work\backend-validation-checkout\backend\database\migrations\20260827_universal_v1_lifecycle_contract.sql"
    sha256: "43224cc43d132d1dfa517f5150f28457fc27fda3fb85641d5c836f40406cf513"
[21:06:01.331] [32mINFO[39m: [36mRequired engine migration verified[39m
    module: "worker"
    status: "applied"
    migration: "20260828_operator_authority_contract"
    sourcePath: "C:\Users\Manfish\Documents\Codex\2026-09-04\let\work\backend-validation-checkout\backend\database\migrations\20260828_operator_authority_contract.sql"
    sha256: "6e813f7266e057aeaa840b6924abb8ec1a763ed352c567b0b601aeac0d69d908"
[21:06:01.364] [32mINFO[39m: [36mRequired engine migration verified[39m
    module: "worker"
    status: "applied"
    migration: "20260829_task_matching_state_contract"
    sourcePath: "C:\Users\Manfish\Documents\Codex\2026-09-04\let\work\backend-validation-checkout\backend\database\migrations\20260829_task_matching_state_contract.sql"
    sha256: "07c9ad6227bb5e6dcb2bc1f2c048032a6e32df8cb0ff2087e6fc9248fdfe08c8"
[21:06:01.399] [32mINFO[39m: [36mRequired engine migration verified[39m
    module: "worker"
    status: "applied"
    migration: "20260830_ai_agent_judge_audit_convergence"
    sourcePath: "C:\Users\Manfish\Documents\Codex\2026-09-04\let\work\backend-validation-checkout\backend\database\migrations\20260830_ai_agent_judge_audit_convergence.sql"
    sha256: "47346ca99af25235a6dfdca3a05c6a2734d8bd190f06d02e6fadbd21c13fc705"
[21:06:01.421] [32mINFO[39m: [36mRequired engine migration verified[39m
    module: "worker"
    status: "applied"
    migration: "20260831_provider_neutral_outbound_communication"
    sourcePath: "C:\Users\Manfish\Documents\Codex\2026-09-04\let\work\backend-validation-checkout\backend\database\migrations\20260831_provider_neutral_outbound_communication.sql"
    sha256: "7163e1269dabe9229c15c2515e417349bb57d8d6f4d30653dc18e195b31ef232"
[21:06:01.441] [32mINFO[39m: [36mRequired engine migration verified[39m
    module: "worker"
    status: "applied"
    migration: "20260901_universal_v1_lead_ingress_port"
    sourcePath: "C:\Users\Manfish\Documents\Codex\2026-09-04\let\work\backend-validation-checkout\backend\database\migrations\20260901_universal_v1_lead_ingress_port.sql"
    sha256: "3640d1f62dd029db0bdd23a1cad7c9456b0c65c4a0c0b17c89781a9a32684dea"
[21:06:01.562] [32mINFO[39m: [36mRequired engine migration verified[39m
    module: "worker"
    status: "applied"
    migration: "20260902_universal_v1_task_draft_public_port"
    sourcePath: "C:\Users\Manfish\Documents\Codex\2026-09-04\let\work\backend-validation-checkout\backend\database\migrations\20260902_universal_v1_task_draft_public_port.sql"
    sha256: "dbf11f4ef967c17ac32fe3d4cb5710671fa4092649650d54d5f071b1aa85582e"
[21:06:01.641] [32mINFO[39m: [36mRequired engine migration verified[39m
    module: "worker"
    status: "applied"
    migration: "20260903_universal_v1_task_draft_account_claim"
    sourcePath: "C:\Users\Manfish\Documents\Codex\2026-09-04\let\work\backend-validation-checkout\backend\database\migrations\20260903_universal_v1_task_draft_account_claim.sql"
    sha256: "d2141ef2d979c69af21653750ff4dc9e94085c53072b87324fafb6cfb114f614"
[21:06:01.677] [32mINFO[39m: [36mRequired engine migration verified[39m
    module: "worker"
    status: "applied"
    migration: "20260904_canonical_user_email_identity"
    sourcePath: "C:\Users\Manfish\Documents\Codex\2026-09-04\let\work\backend-validation-checkout\backend\database\migrations\20260904_canonical_user_email_identity.sql"
    sha256: "3efc1ed89a01b95037837fb075015d027b0f0e72047fa013839299378c5dcf57"
[21:06:01.700] [32mINFO[39m: [36mRequired engine migration verified[39m
    module: "worker"
    status: "applied"
    migration: "20260905_universal_v1_task_draft_legacy_claim_import_repair"
    sourcePath: "C:\Users\Manfish\Documents\Codex\2026-09-04\let\work\backend-validation-checkout\backend\database\migrations\20260905_universal_v1_task_draft_legacy_claim_import_repair.sql"
    sha256: "67990edf9f231d953e519eacf796aa0fcada492f8fe8ce4b7f7889560a07e827"
[21:06:01.799] [32mINFO[39m: [36mRequired engine migration verified[39m
    module: "worker"
    status: "applied"
    migration: "20260906_universal_v1_estimate_acceptance_materialization"
    sourcePath: "C:\Users\Manfish\Documents\Codex\2026-09-04\let\work\backend-validation-checkout\backend\database\migrations\20260906_universal_v1_estimate_acceptance_materialization.sql"
    sha256: "671d0c9cbb1507a6303165d319e08441f69e5027d6ab2d075561b70a063191e6"
[21:06:01.884] [32mINFO[39m: [36mRequired engine migration verified[39m
    module: "worker"
    status: "applied"
    migration: "20260907_universal_v1_provider_estimate_invitation"
    sourcePath: "C:\Users\Manfish\Documents\Codex\2026-09-04\let\work\backend-validation-checkout\backend\database\migrations\20260907_universal_v1_provider_estimate_invitation.sql"
    sha256: "aac7221f4cd1dca94d26a90e96b5de7078c50cf7660bb934582faecb1a70001e"
[21:06:01.973] [32mINFO[39m: [36mRequired engine migration verified[39m
    module: "worker"
    status: "applied"
    migration: "20260908_universal_v1_provider_work_order_authority"
    sourcePath: "C:\Users\Manfish\Documents\Codex\2026-09-04\let\work\backend-validation-checkout\backend\database\migrations\20260908_universal_v1_provider_work_order_authority.sql"
    sha256: "53bcfc5cc6aa79c3fc8470db293aa0e8ad411a05db958a46c67389d5bc0e1d4c"
[21:06:01.996] [32mINFO[39m: [36mRequired engine migration verified[39m
    module: "worker"
    status: "applied"
    migration: "20260909_universal_v1_reconciliation_alias_repair"
    sourcePath: "C:\Users\Manfish\Documents\Codex\2026-09-04\let\work\backend-validation-checkout\backend\database\migrations\20260909_universal_v1_reconciliation_alias_repair.sql"
    sha256: "422e138cce00ef672092869a758ca752a08717b81cf822b90a509319c1b610a3"
[21:06:02.052] [32mINFO[39m: [36mRequired engine migration verified[39m
    module: "worker"
    status: "applied"
    migration: "20260911_universal_v1_change_order_application"
    sourcePath: "C:\Users\Manfish\Documents\Codex\2026-09-04\let\work\backend-validation-checkout\backend\database\migrations\20260911_universal_v1_change_order_application.sql"
    sha256: "c89f3cc97feae9563764e0cae8f3df4391204277aaa0fed344ae8dad91c17a43"
[21:06:02.156] [32mINFO[39m: [36mRequired engine migration verified[39m
    module: "worker"
    status: "applied"
    migration: "20260912_universal_v1_work_order_execution_facts"
    sourcePath: "C:\Users\Manfish\Documents\Codex\2026-09-04\let\work\backend-validation-checkout\backend\database\migrations\20260912_universal_v1_work_order_execution_facts.sql"
    sha256: "fdbea47445c8a131c2b41f54f0ba4c57caa359ca2453b5bbe3ab6c12c494ce14"
[21:06:02.203] [32mINFO[39m: [36mRequired engine migration verified[39m
    module: "worker"
    status: "applied"
    migration: "20260913_universal_v1_completion_delivery_receipt"
    sourcePath: "C:\Users\Manfish\Documents\Codex\2026-09-04\let\work\backend-validation-checkout\backend\database\migrations\20260913_universal_v1_completion_delivery_receipt.sql"
    sha256: "6299c82b5bdd2383e6dbb4f5d4c2d3c59b21c5b4f985d4b80331713f4ceeb7af"
[21:06:02.279] [32mINFO[39m: [36mRequired engine migration verified[39m
    module: "worker"
    status: "applied"
    migration: "20260914_notification_provider_in_flight"
    sourcePath: "C:\Users\Manfish\Documents\Codex\2026-09-04\let\work\backend-validation-checkout\backend\database\migrations\20260914_notification_provider_in_flight.sql"
    sha256: "0b9a9e162477efd65db5204b667665197c5b7ffbb50efe86b041093f73d2cc2f"
[21:06:02.299] [32mINFO[39m: [36mRequired engine migration verified[39m
    module: "worker"
    status: "applied"
    migration: "20260915_ai_spend_attempt_ledger"
    sourcePath: "C:\Users\Manfish\Documents\Codex\2026-09-04\let\work\backend-validation-checkout\backend\database\migrations\20260915_ai_spend_attempt_ledger.sql"
    sha256: "63b2615ec02c6193c3a8e8b93de263a5b65ac5ec0cfb93cac1869fdf425bfb77"
[21:06:02.321] [32mINFO[39m: [36mRequired engine migration verified[39m
    module: "worker"
    status: "applied"
    migration: "20260916_provider_event_inbox_v1"
    sourcePath: "C:\Users\Manfish\Documents\Codex\2026-09-04\let\work\backend-validation-checkout\backend\database\migrations\20260916_provider_event_inbox_v1.sql"
    sha256: "452b2534f7559326b3772c84d2c3b12bf2c4b6e7623b2a214cd0d20bd09f07a4"
[21:06:02.343] [32mINFO[39m: [36mRequired engine migration verified[39m
    module: "worker"
    status: "applied"
    migration: "20260917_financial_provider_command_journal_v1"
    sourcePath: "C:\Users\Manfish\Documents\Codex\2026-09-04\let\work\backend-validation-checkout\backend\database\migrations\20260917_financial_provider_command_journal_v1.sql"
    sha256: "1ef51473dda118ffe7ff7799ae66e388a66ff9fa34f71df0fa1dc281b1b72577"
[21:06:02.450] [32mINFO[39m: [36mRequired engine migration verified[39m
    module: "worker"
    status: "applied"
    migration: "20260918_universal_v1_prepared_financial_command_v1"
    sourcePath: "C:\Users\Manfish\Documents\Codex\2026-09-04\let\work\backend-validation-checkout\backend\database\migrations\20260918_universal_v1_prepared_financial_command_v1.sql"
    sha256: "dccae61700235f6e0609bef77e454b808af148c347978ae08b422ded77bd8920"
[21:06:02.578] [32mINFO[39m: [36mRequired engine migration verified[39m
    module: "worker"
    status: "applied"
    migration: "20260919_provider_event_processing_v1"
    sourcePath: "C:\Users\Manfish\Documents\Codex\2026-09-04\let\work\backend-validation-checkout\backend\database\migrations\20260919_provider_event_processing_v1.sql"
    sha256: "48a0874f8cf045c5507071ee7013605101c9d50988fd55a97a6148b979b9e798"
[21:06:02.721] [32mINFO[39m: [36mRequired engine migration verified[39m
    module: "worker"
    status: "applied"
    migration: "20260920_financial_provider_command_recovery_v1"
    sourcePath: "C:\Users\Manfish\Documents\Codex\2026-09-04\let\work\backend-validation-checkout\backend\database\migrations\20260920_financial_provider_command_recovery_v1.sql"
    sha256: "f7e8b62942c1aed5435d2d7d805273effd52fc8041e78561d8ad9d3f69a77daf"
[21:06:02.742] [32mINFO[39m: [36mRequired engine migration verified[39m
    module: "worker"
    status: "applied"
    migration: "20260923_legacy_escrow_insert_containment_v1"
    sourcePath: "C:\Users\Manfish\Documents\Codex\2026-09-04\let\work\backend-validation-checkout\backend\database\migrations\20260923_legacy_escrow_insert_containment_v1.sql"
    sha256: "6b9a51a3aa3e963c13585ba5c374c55164a76be9dfffc91303175a523c9ab5d1"
[21:06:02.805] [32mINFO[39m: [36mRequired engine migration verified[39m
    module: "worker"
    status: "applied"
    migration: "20260924_universal_v1_task_draft_route_context_v1"
    sourcePath: "C:\Users\Manfish\Documents\Codex\2026-09-04\let\work\backend-validation-checkout\backend\database\migrations\20260924_universal_v1_task_draft_route_context_v1.sql"
    sha256: "530539ce2d5b3a002bb7ee5e41666334fd4a1d642dc3ac410cd5bae719b2e76f"
[21:06:02.890] [32mINFO[39m: [36mRequired engine migration verified[39m
    module: "worker"
    status: "applied"
    migration: "20260925_universal_v1_work_order_compensation_v1"
    sourcePath: "C:\Users\Manfish\Documents\Codex\2026-09-04\let\work\backend-validation-checkout\backend\database\migrations\20260925_universal_v1_work_order_compensation_v1.sql"
    sha256: "eca44af1528e1a21b718bc765cd8bc740e779bc02497195ddba7da00607f9169"
[21:06:02.962] [32mINFO[39m: [36mRequired engine migration verified[39m
    module: "worker"
    status: "applied"
    migration: "20260928_provider_observation_normalization_v1"
    sourcePath: "C:\Users\Manfish\Documents\Codex\2026-09-04\let\work\backend-validation-checkout\backend\database\migrations\20260928_provider_observation_normalization_v1.sql"
    sha256: "526872fabf6ee65126e3e864ec7d7fb7b830d08d95b8b35799fad8aadc8e7607"
[21:06:03.151] [32mINFO[39m: [36mRequired engine migration verified[39m
    module: "worker"
    status: "applied"
    migration: "20260929_universal_v1_double_entry_ledger_v1"
    sourcePath: "C:\Users\Manfish\Documents\Codex\2026-09-04\let\work\backend-validation-checkout\backend\database\migrations\20260929_universal_v1_double_entry_ledger_v1.sql"
    sha256: "1ad5d75901ad4de964ca821ca8a78bf37bfdb7322b2a2a2119c7bc60325f3102"
[21:06:03.346] [32mINFO[39m: [36mRequired engine migration verified[39m
    module: "worker"
    status: "applied"
    migration: "20260930_universal_v1_ops_cases_v1"
    sourcePath: "C:\Users\Manfish\Documents\Codex\2026-09-04\let\work\backend-validation-checkout\backend\database\migrations\20260930_universal_v1_ops_cases_v1.sql"
    sha256: "5a60b4ec860d26c1e5251cde4fd8a2f7a5aa9f567dc52adc87a2fb6d72cab104"
[21:06:03.485] [32mINFO[39m: [36mRequired engine migration verified[39m
    module: "worker"
    status: "applied"
    migration: "20261001_universal_v1_relationship_origin_v1"
    sourcePath: "C:\Users\Manfish\Documents\Codex\2026-09-04\let\work\backend-validation-checkout\backend\database\migrations\20261001_universal_v1_relationship_origin_v1.sql"
    sha256: "099372b9a542f268661d61d4ac618a11170fe81a26ae13af0512a82c2405e077"
[21:06:03.734] [32mINFO[39m: [36mRequired engine migration verified[39m
    module: "worker"
    status: "applied"
    migration: "20261002_universal_v1_dispute_recovery_v1"
    sourcePath: "C:\Users\Manfish\Documents\Codex\2026-09-04\let\work\backend-validation-checkout\backend\database\migrations\20261002_universal_v1_dispute_recovery_v1.sql"
    sha256: "6137ad651293d9a7f074b225bbd0f861911892427868ad84aff17425673fa189"
[21:06:03.796] [32mINFO[39m: [36mRequired engine migration verified[39m
    module: "worker"
    status: "applied"
    migration: "20261003_universal_v1_task_opportunities_v1"
    sourcePath: "C:\Users\Manfish\Documents\Codex\2026-09-04\let\work\backend-validation-checkout\backend\database\migrations\20261003_universal_v1_task_opportunities_v1.sql"
    sha256: "8f2e2e0edf387fd89cd936bbab6059cd4a4e22abbb3aae73951f3f466eca84b7"
[21:06:03.898] [32mINFO[39m: [36mRequired engine migration verified[39m
    module: "worker"
    status: "applied"
    migration: "20261004_universal_v1_completion_notice_dispatch_v1"
    sourcePath: "C:\Users\Manfish\Documents\Codex\2026-09-04\let\work\backend-validation-checkout\backend\database\migrations\20261004_universal_v1_completion_notice_dispatch_v1.sql"
    sha256: "f5723941769d027e496d0a3a7fed32b29b1a02ff76db97ead815acd46a7fdee8"
[21:06:03.951] [32mINFO[39m: [36mRequired engine migration verified[39m
    module: "worker"
    status: "applied"
    migration: "20261005_universal_v1_occurrence_access_audit_v1"
    sourcePath: "C:\Users\Manfish\Documents\Codex\2026-09-04\let\work\backend-validation-checkout\backend\database\migrations\20261005_universal_v1_occurrence_access_audit_v1.sql"
    sha256: "d805ce946b7aba804be55aea9f131cff99047adaa7d46cd3d21242ac492ec364"
[21:06:04.010] [32mINFO[39m: [36mRequired engine migration verified[39m
    module: "worker"
    status: "applied"
    migration: "20261006_stage1_legacy_authority_containment_v1"
    sourcePath: "C:\Users\Manfish\Documents\Codex\2026-09-04\let\work\backend-validation-checkout\backend\database\migrations\20261006_stage1_legacy_authority_containment_v1.sql"
    sha256: "5cc6f5710696048b98c97ea06993a56aefaf711bac7a04dd973059f957d4eb63"
[21:06:04.063] [32mINFO[39m: [36mRequired engine migration verified[39m
    module: "worker"
    status: "applied"
    migration: "20261007_subscription_cancellation_recovery_v1"
    sourcePath: "C:\Users\Manfish\Documents\Codex\2026-09-04\let\work\backend-validation-checkout\backend\database\migrations\20261007_subscription_cancellation_recovery_v1.sql"
    sha256: "b6671677f556655c2cc3bad374a341a7667a0c431155397dbc0f5ad8029ffdb4"
[21:06:04.081] [32mINFO[39m: [36mRequired engine migration verified[39m
    module: "worker"
    status: "applied"
    migration: "20261008_universal_v1_work_order_task_state_containment_v1"
    sourcePath: "C:\Users\Manfish\Documents\Codex\2026-09-04\let\work\backend-validation-checkout\backend\database\migrations\20261008_universal_v1_work_order_task_state_containment_v1.sql"
    sha256: "2c3a3050a5a4efb3380e9746d77526a22adf33438c7e31521c589998b860ba04"
[21:06:04.302] [32mINFO[39m: [36mRequired engine migration verified[39m
    module: "worker"
    status: "applied"
    migration: "20261009_universal_v1_standardized_quote_readiness_v1"
    sourcePath: "C:\Users\Manfish\Documents\Codex\2026-09-04\let\work\backend-validation-checkout\backend\database\migrations\20261009_universal_v1_standardized_quote_readiness_v1.sql"
    sha256: "e088ec77e6dde547c5125807b6b6a83a318cc31a3c23a60233a87040a4ae8a2a"
[21:06:04.326] [32mINFO[39m: [36mRequired engine migration verified[39m
    module: "worker"
    status: "applied"
    migration: "20261010_universal_v1_financial_security_event_expiry_v1"
    sourcePath: "C:\Users\Manfish\Documents\Codex\2026-09-04\let\work\backend-validation-checkout\backend\database\migrations\20261010_universal_v1_financial_security_event_expiry_v1.sql"
    sha256: "1203de8b3a8a3457d439e51b7cc17d446ab1c9ae9a0c416b677f114d91e08a7b"
[21:06:04.436] [32mINFO[39m: [36mRequired engine migration verified[39m
    module: "worker"
    status: "applied"
    migration: "20261012_universal_v1_work_order_command_authority_v2"
    sourcePath: "C:\Users\Manfish\Documents\Codex\2026-09-04\let\work\backend-validation-checkout\backend\database\migrations\20261012_universal_v1_work_order_command_authority_v2.sql"
    sha256: "646a94805c9f6df5a487e4af11167329e82a9739ff81c5198c8d1db6f6bfd30d"
Prepared isolated system PostgreSQL test database (146 migrations)
[21:06:04.628] [32mINFO[39m: [36mRequired engine migration verified[39m
    module: "worker"
    status: "applied"
    migration: "20261014_universal_v1_work_order_command_ports_v1"
    sourcePath: "C:\Users\Manfish\Documents\Codex\2026-09-04\let\work\backend-validation-checkout\backend\database\migrations\20261014_universal_v1_work_order_command_ports_v1.sql"
    sha256: "3920ac8d3208b9f573dc331cab60c373d0349611700c6e14a6e4c1dd8c53aac4"
[21:06:04.635] [32mINFO[39m: [36mLegacy exact-location encryption backfill verified[39m
    module: "worker"
    backfilledLocationCount: 0
Prepared isolated invariant fake-finance fixture (26d451ef2812b11cf221290635cee4c402d16012e19741e58663b86e6ae10ec8,74cfbdde587bccd761a6043571d5c9dc2fde797d428911a45cb6eef7d0bb1389,77432de4ab69f63f23ef2558a4ef2164ac8a233ad394d66bf70e0142517dc1ef,63075ae3094cc8d4d26999fbb1c2b31babe89b6bc2e7d99f092955452dd85e5e,f1bc0be5cb925734d909a83018f7528c4b3c31654ae9f5cae3b8993c4f5ef693,574d440fea618c4a44efaf56e0a5f6f4cd84fd46089a12c2d071aa813a295613,8ae30fd8e3b990e839fd6ed6dbed3c715ed6d9b8954fe8aaa49bbcbe09986078,41e76dfa7f3293e1f9cf1bfda7b7c25344beec218366492b6ffa217ccdc8a0dc,9c53bd9f8f9524b177c9b08f023bb3005d84ab6c159394ae6490ee1e48ad496d,739ce58699a11ea0078c0c2eb910ec8a2adb2278e6af2aeefe041cc07c3d6a25,e4204c41457be1ceb823b48baf228010e266172f6e081693475f05a670fcd35c,5bb8ee72b9113146b88c22c6751ebe527ba6246b4463a8611ef9c24b999b7ac5,c69825589193885d0f6a3b93930880998e95e1c5cd44bb9b5999cb457192b2bd,71d8ce41ec1437725559b687505d77e624817f532648b12a87567dfd6f205d27)
Prepared isolated system fake-finance fixture (26d451ef2812b11cf221290635cee4c402d16012e19741e58663b86e6ae10ec8,74cfbdde587bccd761a6043571d5c9dc2fde797d428911a45cb6eef7d0bb1389,77432de4ab69f63f23ef2558a4ef2164ac8a233ad394d66bf70e0142517dc1ef,63075ae3094cc8d4d26999fbb1c2b31babe89b6bc2e7d99f092955452dd85e5e,f1bc0be5cb925734d909a83018f7528c4b3c31654ae9f5cae3b8993c4f5ef693,574d440fea618c4a44efaf56e0a5f6f4cd84fd46089a12c2d071aa813a295613,8ae30fd8e3b990e839fd6ed6dbed3c715ed6d9b8954fe8aaa49bbcbe09986078,41e76dfa7f3293e1f9cf1bfda7b7c25344beec218366492b6ffa217ccdc8a0dc,9c53bd9f8f9524b177c9b08f023bb3005d84ab6c159394ae6490ee1e48ad496d,739ce58699a11ea0078c0c2eb910ec8a2adb2278e6af2aeefe041cc07c3d6a25,e4204c41457be1ceb823b48baf228010e266172f6e081693475f05a670fcd35c,5bb8ee72b9113146b88c22c6751ebe527ba6246b4463a8611ef9c24b999b7ac5,c69825589193885d0f6a3b93930880998e95e1c5cd44bb9b5999cb457192b2bd,71d8ce41ec1437725559b687505d77e624817f532648b12a87567dfd6f205d27)

 RUN  v4.1.10 C:/Users/Manfish/Documents/Codex/2026-09-04/let/work/backend-validation-checkout

 ✓ |isolated| backend/tests/unit/engine-migration-manifest.test.ts (5 tests) 1564ms
     ✓ binds the exact constitutional baseline bytes into the artifact digest  1063ms
     ✓ fails closed when the constitutional baseline is absent  417ms
 ✓ |isolated| backend/tests/unit/money.test.ts (14 tests) 1955ms
       ✓ fee + insurance + net === gross for EVERY cent value 1..20000 (exhaustive)  1917ms
[21:06:14.562] [32mINFO[39m: [36mNonproduction fake-financial migrations verified[39m
    module: "worker"
    outcomes: [
      {
        "status": "applied",
        "migration": "20260827_fake_financial_provider_v1",
        "sourcePath": "/app/backend/database/migrations/20260827_fake_financial_provider_v1.sql",
        "sha256": "26d451ef2812b11cf221290635cee4c402d16012e19741e58663b86e6ae10ec8"
      },
      {
        "status": "applied",
        "migration": "20260903_fake_financial_provider_account_refresh_v2",
        "sourcePath": "/app/backend/database/migrations/20260903_fake_financial_provider_account_refresh_v2.sql",
        "sha256": "74cfbdde587bccd761a6043571d5c9dc2fde797d428911a45cb6eef7d0bb1389"
      },
      {
        "status": "applied",
        "migration": "20260910_fake_financial_settlement_completion_v3",
        "sourcePath": "/app/backend/database/migrations/20260910_fake_financial_settlement_completion_v3.sql",
        "sha256": "77432de4ab69f63f23ef2558a4ef2164ac8a233ad394d66bf70e0142517dc1ef"
      },
      {
        "status": "applied",
        "migration": "20260921_universal_v1_fake_financial_lifecycle_bridge_v1",
        "sourcePath": "/app/backend/database/migrations/20260921_universal_v1_fake_financial_lifecycle_bridge_v1.sql",
        "sha256": "63075ae3094cc8d4d26999fbb1c2b31babe89b6bc2e7d99f092955452dd85e5e"
      },
      {
        "status": "applied",
        "migration": "20260922_universal_v1_fake_terminal_lifecycle_intent_v1",
        "sourcePath": "/app/backend/database/migrations/20260922_universal_v1_fake_terminal_lifecycle_intent_v1.sql",
        "sha256": "f1bc0be5cb925734d909a83018f7528c4b3c31654ae9f5cae3b8993c4f5ef693"
      },
      {
        "status": "applied",
        "migration": "20260926_universal_v1_change_order_three_phase_v1",
        "sourcePath": "/app/backend/database/migrations/20260926_universal_v1_change_order_three_phase_v1.sql",
        "sha256": "574d440fea618c4a44efaf56e0a5f6f4cd84fd46089a12c2d071aa813a295613"
      },
      {
        "status": "applied",
        "migration": "20260927_universal_v1_change_order_recovery_v1",
        "sourcePath": "/app/backend/database/migrations/20260927_universal_v1_change_order_recovery_v1.sql",
        "sha256": "8ae30fd8e3b990e839fd6ed6dbed3c715ed6d9b8954fe8aaa49bbcbe09986078"
      },
      {
        "status": "applied",
        "migration": "20261002_universal_v1_dispute_fake_release_gate_v8",
        "sourcePath": "/app/backend/database/migrations/20261002_universal_v1_dispute_fake_release_gate_v8.sql",
        "sha256": "41e76dfa7f3293e1f9cf1bfda7b7c25344beec218366492b6ffa217ccdc8a0dc"
      },
      {
        "status": "applied",
        "migration": "20261010_universal_v1_fake_financial_expiry_v9",
        "sourcePath": "/app/backend/database/migrations/20261010_universal_v1_fake_financial_expiry_v9.sql",
        "sha256": "9c53bd9f8f9524b177c9b08f023bb3005d84ab6c159394ae6490ee1e48ad496d"
      },
      {
        "status": "applied",
        "migration": "20261011_universal_v1_fake_financial_expiry_recovery_v10",
        "sourcePath": "/app/backend/database/migrations/20261011_universal_v1_fake_financial_expiry_recovery_v10.sql",
        "sha256": "739ce58699a11ea0078c0c2eb910ec8a2adb2278e6af2aeefe041cc07c3d6a25"
      },
      {
        "status": "applied",
        "migration": "20261013_nonproduction_runtime_insert_authority_v1",
        "sourcePath": "/app/backend/database/migrations/20261013_nonproduction_runtime_insert_authority_v1.sql",
        "sha256": "e4204c41457be1ceb823b48baf228010e266172f6e081693475f05a670fcd35c"
      },
      {
        "status": "applied",
        "migration": "20261015_universal_v1_work_order_fake_financial_authority_hardening_v12",
        "sourcePath": "/app/backend/database/migrations/20261015_universal_v1_work_order_fake_financial_authority_hardening_v12.sql",
        "sha256": "5bb8ee72b9113146b88c22c6751ebe527ba6246b4463a8611ef9c24b999b7ac5"
      },
      {
        "status": "applied",
        "migration": "20261015_universal_v1_work_order_bootstrap_seal_v1",
        "sourcePath": "/app/backend/database/migrations/20261015_universal_v1_work_order_bootstrap_seal_v1.sql",
        "sha256": "c69825589193885d0f6a3b93930880998e95e1c5cd44bb9b5999cb457192b2bd"
      },
      {
        "status": "applied",
        "migration": "20261016_universal_v1_fake_financial_command_outbox_authority_v13",
        "sourcePath": "/app/backend/database/migrations/20261016_universal_v1_fake_financial_command_outbox_authority_v13.sql",
        "sha256": "71d8ce41ec1437725559b687505d77e624817f532648b12a87567dfd6f205d27"
      }
    ]
[21:06:14.587] [41mFATAL[49m: [36mNonproduction fake-financial migration failed closed[39m
    module: "worker"
    err: {
      "type": "Error",
      "message": "fake migration commit outcome ambiguous",
      "stack":
          Error: fake migration commit outcome ambiguous
              at C:/Users/Manfish/Documents/Codex/2026-09-04/let/work/backend-validation-checkout/backend/tests/unit/nonproduction-financial-migration.test.ts:604:25
              at file:///C:/Users/Manfish/Documents/Codex/2026-09-04/let/work/backend-validation-checkout/node_modules/@vitest/runner/dist/chunk-artifact.js:302:11
              at file:///C:/Users/Manfish/Documents/Codex/2026-09-04/let/work/backend-validation-checkout/node_modules/@vitest/runner/dist/chunk-artifact.js:1903:26
              at file:///C:/Users/Manfish/Documents/Codex/2026-09-04/let/work/backend-validation-checkout/node_modules/@vitest/runner/dist/chunk-artifact.js:2326:20
              at new Promise (<anonymous>)
              at runWithCancel (file:///C:/Users/Manfish/Documents/Codex/2026-09-04/let/work/backend-validation-checkout/node_modules/@vitest/runner/dist/chunk-artifact.js:2323:10)
              at file:///C:/Users/Manfish/Documents/Codex/2026-09-04/let/work/backend-validation-checkout/node_modules/@vitest/runner/dist/chunk-artifact.js:2305:20
              at new Promise (<anonymous>)
              at runWithTimeout (file:///C:/Users/Manfish/Documents/Codex/2026-09-04/let/work/backend-validation-checkout/node_modules/@vitest/runner/dist/chunk-artifact.js:2272:10)
              at file:///C:/Users/Manfish/Documents/Codex/2026-09-04/let/work/backend-validation-checkout/node_modules/@vitest/runner/dist/chunk-artifact.js:2955:64
    }
[21:06:14.624] [32mINFO[39m: [36mNonproduction fake-financial migrations verified[39m
    module: "worker"
    outcomes: [
      {
        "status": "already_applied",
        "migration": "20260827_fake_financial_provider_v1",
        "sourcePath": "/app/backend/database/migrations/20260827_fake_financial_provider_v1.sql",
        "sha256": "26d451ef2812b11cf221290635cee4c402d16012e19741e58663b86e6ae10ec8"
      },
      {
        "status": "already_applied",
        "migration": "20260903_fake_financial_provider_account_refresh_v2",
        "sourcePath": "/app/backend/database/migrations/20260903_fake_financial_provider_account_refresh_v2.sql",
        "sha256": "74cfbdde587bccd761a6043571d5c9dc2fde797d428911a45cb6eef7d0bb1389"
      },
      {
        "status": "already_applied",
        "migration": "20260910_fake_financial_settlement_completion_v3",
        "sourcePath": "/app/backend/database/migrations/20260910_fake_financial_settlement_completion_v3.sql",
        "sha256": "77432de4ab69f63f23ef2558a4ef2164ac8a233ad394d66bf70e0142517dc1ef"
      },
      {
        "status": "already_applied",
        "migration": "20260921_universal_v1_fake_financial_lifecycle_bridge_v1",
        "sourcePath": "/app/backend/database/migrations/20260921_universal_v1_fake_financial_lifecycle_bridge_v1.sql",
        "sha256": "63075ae3094cc8d4d26999fbb1c2b31babe89b6bc2e7d99f092955452dd85e5e"
      },
      {
        "status": "already_applied",
        "migration": "20260922_universal_v1_fake_terminal_lifecycle_intent_v1",
        "sourcePath": "/app/backend/database/migrations/20260922_universal_v1_fake_terminal_lifecycle_intent_v1.sql",
        "sha256": "f1bc0be5cb925734d909a83018f7528c4b3c31654ae9f5cae3b8993c4f5ef693"
      },
      {
        "status": "already_applied",
        "migration": "20260926_universal_v1_change_order_three_phase_v1",
        "sourcePath": "/app/backend/database/migrations/20260926_universal_v1_change_order_three_phase_v1.sql",
        "sha256": "574d440fea618c4a44efaf56e0a5f6f4cd84fd46089a12c2d071aa813a295613"
      },
      {
        "status": "already_applied",
        "migration": "20260927_universal_v1_change_order_recovery_v1",
        "sourcePath": "/app/backend/database/migrations/20260927_universal_v1_change_order_recovery_v1.sql",
        "sha256": "8ae30fd8e3b990e839fd6ed6dbed3c715ed6d9b8954fe8aaa49bbcbe09986078"
      },
      {
        "status": "already_applied",
        "migration": "20261002_universal_v1_dispute_fake_release_gate_v8",
        "sourcePath": "/app/backend/database/migrations/20261002_universal_v1_dispute_fake_release_gate_v8.sql",
        "sha256": "41e76dfa7f3293e1f9cf1bfda7b7c25344beec218366492b6ffa217ccdc8a0dc"
      },
      {
        "status": "already_applied",
        "migration": "20261010_universal_v1_fake_financial_expiry_v9",
        "sourcePath": "/app/backend/database/migrations/20261010_universal_v1_fake_financial_expiry_v9.sql",
        "sha256": "9c53bd9f8f9524b177c9b08f023bb3005d84ab6c159394ae6490ee1e48ad496d"
      },
      {
        "status": "already_applied",
        "migration": "20261011_universal_v1_fake_financial_expiry_recovery_v10",
        "sourcePath": "/app/backend/database/migrations/20261011_universal_v1_fake_financial_expiry_recovery_v10.sql",
        "sha256": "739ce58699a11ea0078c0c2eb910ec8a2adb2278e6af2aeefe041cc07c3d6a25"
      },
      {
        "status": "already_applied",
        "migration": "20261013_nonproduction_runtime_insert_authority_v1",
        "sourcePath": "/app/backend/database/migrations/20261013_nonproduction_runtime_insert_authority_v1.sql",
        "sha256": "e4204c41457be1ceb823b48baf228010e266172f6e081693475f05a670fcd35c"
      },
      {
        "status": "already_applied",
        "migration": "20261015_universal_v1_work_order_fake_financial_authority_hardening_v12",
        "sourcePath": "/app/backend/database/migrations/20261015_universal_v1_work_order_fake_financial_authority_hardening_v12.sql",
        "sha256": "5bb8ee72b9113146b88c22c6751ebe527ba6246b4463a8611ef9c24b999b7ac5"
      },
      {
        "status": "already_applied",
        "migration": "20261015_universal_v1_work_order_bootstrap_seal_v1",
        "sourcePath": "/app/backend/database/migrations/20261015_universal_v1_work_order_bootstrap_seal_v1.sql",
        "sha256": "c69825589193885d0f6a3b93930880998e95e1c5cd44bb9b5999cb457192b2bd"
      },
      {
        "status": "already_applied",
        "migration": "20261016_universal_v1_fake_financial_command_outbox_authority_v13",
        "sourcePath": "/app/backend/database/migrations/20261016_universal_v1_fake_financial_command_outbox_authority_v13.sql",
        "sha256": "71d8ce41ec1437725559b687505d77e624817f532648b12a87567dfd6f205d27"
      }
    ]
[21:06:14.653] [32mINFO[39m: [36mNonproduction fake-financial migrations verified[39m
    module: "worker"
    outcomes: [
      {
        "status": "already_applied",
        "migration": "20260827_fake_financial_provider_v1",
        "sourcePath": "/app/backend/database/migrations/20260827_fake_financial_provider_v1.sql",
        "sha256": "26d451ef2812b11cf221290635cee4c402d16012e19741e58663b86e6ae10ec8"
      },
      {
        "status": "applied",
        "migration": "20260903_fake_financial_provider_account_refresh_v2",
        "sourcePath": "/app/backend/database/migrations/20260903_fake_financial_provider_account_refresh_v2.sql",
        "sha256": "74cfbdde587bccd761a6043571d5c9dc2fde797d428911a45cb6eef7d0bb1389"
      },
      {
        "status": "applied",
        "migration": "20260910_fake_financial_settlement_completion_v3",
        "sourcePath": "/app/backend/database/migrations/20260910_fake_financial_settlement_completion_v3.sql",
        "sha256": "77432de4ab69f63f23ef2558a4ef2164ac8a233ad394d66bf70e0142517dc1ef"
      },
      {
        "status": "applied",
        "migration": "20260921_universal_v1_fake_financial_lifecycle_bridge_v1",
        "sourcePath": "/app/backend/database/migrations/20260921_universal_v1_fake_financial_lifecycle_bridge_v1.sql",
        "sha256": "63075ae3094cc8d4d26999fbb1c2b31babe89b6bc2e7d99f092955452dd85e5e"
      },
      {
        "status": "applied",
        "migration": "20260922_universal_v1_fake_terminal_lifecycle_intent_v1",
        "sourcePath": "/app/backend/database/migrations/20260922_universal_v1_fake_terminal_lifecycle_intent_v1.sql",
        "sha256": "f1bc0be5cb925734d909a83018f7528c4b3c31654ae9f5cae3b8993c4f5ef693"
      },
      {
        "status": "applied",
        "migration": "20260926_universal_v1_change_order_three_phase_v1",
        "sourcePath": "/app/backend/database/migrations/20260926_universal_v1_change_order_three_phase_v1.sql",
        "sha256": "574d440fea618c4a44efaf56e0a5f6f4cd84fd46089a12c2d071aa813a295613"
      },
      {
        "status": "applied",
        "migration": "20260927_universal_v1_change_order_recovery_v1",
        "sourcePath": "/app/backend/database/migrations/20260927_universal_v1_change_order_recovery_v1.sql",
        "sha256": "8ae30fd8e3b990e839fd6ed6dbed3c715ed6d9b8954fe8aaa49bbcbe09986078"
      },
      {
        "status": "applied",
        "migration": "20261002_universal_v1_dispute_fake_release_gate_v8",
        "sourcePath": "/app/backend/database/migrations/20261002_universal_v1_dispute_fake_release_gate_v8.sql",
        "sha256": "41e76dfa7f3293e1f9cf1bfda7b7c25344beec218366492b6ffa217ccdc8a0dc"
      },
      {
        "status": "applied",
        "migration": "20261010_universal_v1_fake_financial_expiry_v9",
        "sourcePath": "/app/backend/database/migrations/20261010_universal_v1_fake_financial_expiry_v9.sql",
        "sha256": "9c53bd9f8f9524b177c9b08f023bb3005d84ab6c159394ae6490ee1e48ad496d"
      },
      {
        "status": "applied",
        "migration": "20261011_universal_v1_fake_financial_expiry_recovery_v10",
        "sourcePath": "/app/backend/database/migrations/20261011_universal_v1_fake_financial_expiry_recovery_v10.sql",
        "sha256": "739ce58699a11ea0078c0c2eb910ec8a2adb2278e6af2aeefe041cc07c3d6a25"
      },
      {
        "status": "applied",
        "migration": "20261013_nonproduction_runtime_insert_authority_v1",
        "sourcePath": "/app/backend/database/migrations/20261013_nonproduction_runtime_insert_authority_v1.sql",
        "sha256": "e4204c41457be1ceb823b48baf228010e266172f6e081693475f05a670fcd35c"
      },
      {
        "status": "applied",
        "migration": "20261015_universal_v1_work_order_fake_financial_authority_hardening_v12",
        "sourcePath": "/app/backend/database/migrations/20261015_universal_v1_work_order_fake_financial_authority_hardening_v12.sql",
        "sha256": "5bb8ee72b9113146b88c22c6751ebe527ba6246b4463a8611ef9c24b999b7ac5"
      },
      {
        "status": "applied",
        "migration": "20261015_universal_v1_work_order_bootstrap_seal_v1",
        "sourcePath": "/app/backend/database/migrations/20261015_universal_v1_work_order_bootstrap_seal_v1.sql",
        "sha256": "c69825589193885d0f6a3b93930880998e95e1c5cd44bb9b5999cb457192b2bd"
      },
      {
        "status": "applied",
        "migration": "20261016_universal_v1_fake_financial_command_outbox_authority_v13",
        "sourcePath": "/app/backend/database/migrations/20261016_universal_v1_fake_financial_command_outbox_authority_v13.sql",
        "sha256": "71d8ce41ec1437725559b687505d77e624817f532648b12a87567dfd6f205d27"
      }
    ]
[21:06:14.673] [41mFATAL[49m: [36mNonproduction fake-financial migration failed closed[39m
    module: "worker"
    err: {
      "type": "Error",
      "message": "NONPRODUCTION_FAKE_FINANCIAL_SCHEMA_DIGEST_MISMATCH",
      "stack":
          Error: NONPRODUCTION_FAKE_FINANCIAL_SCHEMA_DIGEST_MISMATCH
              at applyVerifiedFakeFinancialMigration (C:/Users/Manfish/Documents/Codex/2026-09-04/let/work/backend-validation-checkout/backend/src/jobs/nonproduction-financial-migration.ts:380:15)
              at applyFakeFinancialMigrationChainOnConnectedClient (C:/Users/Manfish/Documents/Codex/2026-09-04/let/work/backend-validation-checkout/backend/src/jobs/nonproduction-financial-migration.ts:415:7)
              at runNonproductionFinancialMigration (C:/Users/Manfish/Documents/Codex/2026-09-04/let/work/backend-validation-checkout/backend/src/jobs/nonproduction-financial-migration.ts:503:20)
              at C:/Users/Manfish/Documents/Codex/2026-09-04/let/work/backend-validation-checkout/backend/tests/unit/nonproduction-financial-migration.test.ts:737:7
              at file:///C:/Users/Manfish/Documents/Codex/2026-09-04/let/work/backend-validation-checkout/node_modules/@vitest/runner/dist/chunk-artifact.js:1903:20
    }
[21:06:14.702] [41mFATAL[49m: [36mNonproduction fake-financial migration failed closed[39m
    module: "worker"
    err: {
      "type": "Error",
      "message": "NONPRODUCTION_FAKE_FINANCIAL_SCHEMA_DIGEST_MISMATCH",
      "stack":
          Error: NONPRODUCTION_FAKE_FINANCIAL_SCHEMA_DIGEST_MISMATCH
              at applyVerifiedFakeFinancialMigration (C:/Users/Manfish/Documents/Codex/2026-09-04/let/work/backend-validation-checkout/backend/src/jobs/nonproduction-financial-migration.ts:380:15)
              at applyFakeFinancialMigrationChainOnConnectedClient (C:/Users/Manfish/Documents/Codex/2026-09-04/let/work/backend-validation-checkout/backend/src/jobs/nonproduction-financial-migration.ts:415:7)
              at runNonproductionFinancialMigration (C:/Users/Manfish/Documents/Codex/2026-09-04/let/work/backend-validation-checkout/backend/src/jobs/nonproduction-financial-migration.ts:503:20)
              at C:/Users/Manfish/Documents/Codex/2026-09-04/let/work/backend-validation-checkout/backend/tests/unit/nonproduction-financial-migration.test.ts:737:7
              at file:///C:/Users/Manfish/Documents/Codex/2026-09-04/let/work/backend-validation-checkout/node_modules/@vitest/runner/dist/chunk-artifact.js:1903:20
    }
[21:06:14.741] [41mFATAL[49m: [36mNonproduction fake-financial migration failed closed[39m
    module: "worker"
    err: {
      "type": "Error",
      "message": "NONPRODUCTION_FAKE_FINANCIAL_APPLIED_DIGEST_MISMATCH",
      "stack":
          Error: NONPRODUCTION_FAKE_FINANCIAL_APPLIED_DIGEST_MISMATCH
              at applyVerifiedFakeFinancialMigration (C:/Users/Manfish/Documents/Codex/2026-09-04/let/work/backend-validation-checkout/backend/src/jobs/nonproduction-financial-migration.ts:371:15)
              at applyFakeFinancialMigrationChainOnConnectedClient (C:/Users/Manfish/Documents/Codex/2026-09-04/let/work/backend-validation-checkout/backend/src/jobs/nonproduction-financial-migration.ts:415:7)
              at runNonproductionFinancialMigration (C:/Users/Manfish/Documents/Codex/2026-09-04/let/work/backend-validation-checkout/backend/src/jobs/nonproduction-financial-migration.ts:503:20)
              at C:/Users/Manfish/Documents/Codex/2026-09-04/let/work/backend-validation-checkout/backend/tests/unit/nonproduction-financial-migration.test.ts:754:7
              at file:///C:/Users/Manfish/Documents/Codex/2026-09-04/let/work/backend-validation-checkout/node_modules/@vitest/runner/dist/chunk-artifact.js:1903:20
    }
[21:06:14.756] [41mFATAL[49m: [36mNonproduction fake-financial migration failed closed[39m
    module: "worker"
    err: {
      "type": "Error",
      "message": "NONPRODUCTION_FAKE_FINANCIAL_APPLIED_DIGEST_MISMATCH",
      "stack":
          Error: NONPRODUCTION_FAKE_FINANCIAL_APPLIED_DIGEST_MISMATCH
              at applyVerifiedFakeFinancialMigration (C:/Users/Manfish/Documents/Codex/2026-09-04/let/work/backend-validation-checkout/backend/src/jobs/nonproduction-financial-migration.ts:371:15)
              at applyFakeFinancialMigrationChainOnConnectedClient (C:/Users/Manfish/Documents/Codex/2026-09-04/let/work/backend-validation-checkout/backend/src/jobs/nonproduction-financial-migration.ts:415:7)
              at runNonproductionFinancialMigration (C:/Users/Manfish/Documents/Codex/2026-09-04/let/work/backend-validation-checkout/backend/src/jobs/nonproduction-financial-migration.ts:503:20)
              at C:/Users/Manfish/Documents/Codex/2026-09-04/let/work/backend-validation-checkout/backend/tests/unit/nonproduction-financial-migration.test.ts:754:7
              at file:///C:/Users/Manfish/Documents/Codex/2026-09-04/let/work/backend-validation-checkout/node_modules/@vitest/runner/dist/chunk-artifact.js:1903:20
    }
 ✓ |isolated| backend/tests/unit/payment-creation-incident-guard.test.ts (13 tests) 2583ms
     ✓ guards every executable processor creation or test-confirmation call in the repository  2330ms
[21:06:14.901] [41mFATAL[49m: [36mNonproduction fake-financial migration failed closed[39m
    module: "worker"
    err: {
      "type": "Error",
      "message": "migration failed",
      "stack":
          Error: migration failed
              at Object.<anonymous> (C:/Users/Manfish/Documents/Codex/2026-09-04/let/work/backend-validation-checkout/backend/tests/unit/nonproduction-financial-migration.test.ts:1015:45)
              at Object.Mock [as query] (file:///C:/Users/Manfish/Documents/Codex/2026-09-04/let/work/backend-validation-checkout/node_modules/@vitest/spy/dist/index.js:332:34)
              at applyVerifiedFakeFinancialMigration (C:/Users/Manfish/Documents/Codex/2026-09-04/let/work/backend-validation-checkout/backend/src/jobs/nonproduction-financial-migration.ts:357:20)
              at applyFakeFinancialMigrationChainOnConnectedClient (C:/Users/Manfish/Documents/Codex/2026-09-04/let/work/backend-validation-checkout/backend/src/jobs/nonproduction-financial-migration.ts:415:7)
              at runNonproductionFinancialMigration (C:/Users/Manfish/Documents/Codex/2026-09-04/let/work/backend-validation-checkout/backend/src/jobs/nonproduction-financial-migration.ts:503:20)
              at C:/Users/Manfish/Documents/Codex/2026-09-04/let/work/backend-validation-checkout/backend/tests/unit/nonproduction-financial-migration.test.ts:1018:5
              at file:///C:/Users/Manfish/Documents/Codex/2026-09-04/let/work/backend-validation-checkout/node_modules/@vitest/runner/dist/chunk-artifact.js:1903:20
    }
[21:06:15.043] [32mINFO[39m: [36mRequired engine migration verified[39m
    module: "worker"
    status: "applied"
    migration: "add_missing_tables_v2"
    sourcePath: "C:\Users\Manfish\Documents\Codex\2026-09-04\let\work\backend-validation-checkout\backend\database\migrations\add_missing_tables_v2.sql"
    sha256: "0e82957e8c8ac0cdb2da99faaad235f64e8eda817ff60681e4455719b48a403e"
[21:06:15.043] [32mINFO[39m: [36mRequired engine migration verified[39m
    module: "worker"
    status: "applied"
    migration: "20260710_engine_automation_contracts"
    sourcePath: "C:\Users\Manfish\Documents\Codex\2026-09-04\let\work\backend-validation-checkout\backend\database\migrations\20260710_engine_automation_contracts.sql"
    sha256: "7581c779b858864ba4f1d7ec1af1fb8da613c53b8986adafcfd4de2cf07938a7"
[21:06:15.043] [32mINFO[39m: [36mRequired engine migration verified[39m
    module: "worker"
    status: "applied"
    migration: "20260711_required_proof_alignment"
    sourcePath: "C:\Users\Manfish\Documents\Codex\2026-09-04\let\work\backend-validation-checkout\backend\database\migrations\011-proof-alignment.sql"
    sha256: "aa042a77dc4f8b8fcad8b53f6e678a6c2ec4edf39d7c18f63399d184369759c3"
[21:06:15.043] [32mINFO[39m: [36mRequired engine migration verified[39m
    module: "worker"
    status: "applied"
    migration: "20260711_required_expertise_supply"
    sourcePath: "C:\Users\Manfish\Documents\Codex\2026-09-04\let\work\backend-validation-checkout\backend\database\migrations\expertise_supply_control.sql"
    sha256: "104803408da1a0196291254866cefb2944b4b45be5a2c81df334ecaac828cf39"
[21:06:15.044] [32mINFO[39m: [36mRequired engine migration verified[39m
    module: "worker"
    status: "applied"
    migration: "20260711_task_outcome_classification"
    sourcePath: "C:\Users\Manfish\Documents\Codex\2026-09-04\let\work\backend-validation-checkout\backend\database\migrations\20260711_task_outcome_classification.sql"
    sha256: "c723901db04a66d60ec231ac10324fe8834a32b9b6019b7a5aa0a651638cf791"
[21:06:15.044] [32mINFO[39m: [36mRequired engine migration verified[39m
    module: "worker"
    status: "applied"
    migration: "20260712_hustler_identity_link"
    sourcePath: "C:\Users\Manfish\Documents\Codex\2026-09-04\let\work\backend-validation-checkout\backend\database\migrations\20260712_hustler_identity_link.sql"
    sha256: "4ea3685d374532f90122a58b596d04a544c06bd701d0697037af15a964af3518"
[21:06:15.044] [32mINFO[39m: [36mRequired engine migration verified[39m
    module: "worker"
    status: "applied"
    migration: "20260712_dispatch_expiry_pending_payment_cancel"
    sourcePath: "C:\Users\Manfish\Documents\Codex\2026-09-04\let\work\backend-validation-checkout\backend\database\migrations\20260712_dispatch_expiry_pending_payment_cancel.sql"
    sha256: "4b29f0612985dbf9e90c2f437cc49dbf88223d3a78c67bfd48ebc88e16249a7f"
[21:06:15.044] [32mINFO[39m: [36mRequired engine migration verified[39m
    module: "worker"
    status: "applied"
    migration: "20260712_dispatch_expiry_no_payment_reconcile"
    sourcePath: "C:\Users\Manfish\Documents\Codex\2026-09-04\let\work\backend-validation-checkout\backend\database\migrations\20260712_dispatch_expiry_no_payment_reconcile.sql"
    sha256: "12d4e967e5b0a910debe5c187a5dc3bb18d3c2ce49375e6698aa856e12a60b72"
[21:06:15.044] [32mINFO[39m: [36mRequired engine migration verified[39m
    module: "worker"
    status: "applied"
    migration: "performance_indexes_v1"
    sourcePath: "C:\Users\Manfish\Documents\Codex\2026-09-04\let\work\backend-validation-checkout\backend\database\migrations\20260713_performance_indexes_alignment.sql"
    sha256: "3696d6feeed5f058d286ad62cbe8fb75a72e43cecc93cfcb162bb2ef61cb33cf"
[21:06:15.045] [32mINFO[39m: [36mRequired engine migration verified[39m
    module: "worker"
    status: "applied"
    migration: "chargeback_lifecycle_v1"
    sourcePath: "C:\Users\Manfish\Documents\Codex\2026-09-04\let\work\backend-validation-checkout\backend\database\migrations\chargeback_lifecycle.sql"
    sha256: "32905444b29504044c3f91a5398a0a2c064398d833e66d486e6ca513fddff6f7"
[21:06:15.045] [32mINFO[39m: [36mRequired engine migration verified[39m
    module: "worker"
    status: "applied"
    migration: "20260718_revenue_audit_rail"
    sourcePath: "C:\Users\Manfish\Documents\Codex\2026-09-04\let\work\backend-validation-checkout\backend\database\migrations\20260718_revenue_audit_rail.sql"
    sha256: "f11a5eb964f2c09b9e9592533fd32b35c24c9de8511e79b6096f2cf7627134a0"
[21:06:15.045] [32mINFO[39m: [36mRequired engine migration verified[39m
    module: "worker"
    status: "applied"
    migration: "20260718_quote_economics_contract"
    sourcePath: "C:\Users\Manfish\Documents\Codex\2026-09-04\let\work\backend-validation-checkout\backend\database\migrations\20260718_quote_economics_contract.sql"
    sha256: "1eb1a06963af0d740b488154d5803ab050f322d501feae130ac02e6e5669ecef"
[21:06:15.045] [32mINFO[39m: [36mRequired engine migration verified[39m
    module: "worker"
    status: "applied"
    migration: "20260718_task_scope_versions"
    sourcePath: "C:\Users\Manfish\Documents\Codex\2026-09-04\let\work\backend-validation-checkout\backend\database\migrations\20260718_task_scope_versions.sql"
    sha256: "71098ed2d76562e33e7439b6bbeaa2648c19174a3c19195460238aeaf5abcd6e"
[21:06:15.045] [32mINFO[39m: [36mRequired engine migration verified[39m
    module: "worker"
    status: "applied"
    migration: "20260718_task_location_encryption"
    sourcePath: "C:\Users\Manfish\Documents\Codex\2026-09-04\let\work\backend-validation-checkout\backend\database\migrations\20260718_task_location_encryption.sql"
    sha256: "084ef950e086b7aa5040e4fba37277d18f65a15f6cbea75d52dd5729b00386f2"
[21:06:15.045] [32mINFO[39m: [36mRequired engine migration verified[39m
    module: "worker"
    status: "applied"
    migration: "20260718_proof_submission_atomicity"
    sourcePath: "C:\Users\Manfish\Documents\Codex\2026-09-04\let\work\backend-validation-checkout\backend\database\migrations\20260718_proof_submission_atomicity.sql"
    sha256: "6d5dfced166382beed083351a6c75aa5bbf972dcb0eb8704003cae40aa8d5768"
[21:06:15.046] [32mINFO[39m: [36mRequired engine migration verified[39m
    module: "worker"
    status: "applied"
    migration: "20260718_task_safety_incident_cases"
    sourcePath: "C:\Users\Manfish\Documents\Codex\2026-09-04\let\work\backend-validation-checkout\backend\database\migrations\20260718_task_safety_incident_cases.sql"
    sha256: "a73437cc7e7f152a195b730f4c1d622ca2461bc682665c26f31760a3d1fa3800"
[21:06:15.046] [32mINFO[39m: [36mRequired engine migration verified[39m
    module: "worker"
    status: "applied"
    migration: "20260718_task_safety_delivery_contract"
    sourcePath: "C:\Users\Manfish\Documents\Codex\2026-09-04\let\work\backend-validation-checkout\backend\database\migrations\20260718_task_safety_delivery_contract.sql"
    sha256: "26c8241b9526f77980121afa98089dcf55162204979c0ee0465b1d7c55416c7d"
[21:06:15.046] [32mINFO[39m: [36mRequired engine migration verified[39m
    module: "worker"
    status: "applied"
    migration: "20260718_task_safety_checkins"
    sourcePath: "C:\Users\Manfish\Documents\Codex\2026-09-04\let\work\backend-validation-checkout\backend\database\migrations\20260718_task_safety_checkins.sql"
    sha256: "f9278e4a9cb7c7345f321712a4204280129d6e31aba31d03a987c31cb40781e5"
[21:06:15.046] [32mINFO[39m: [36mRequired engine migration verified[39m
    module: "worker"
    status: "applied"
    migration: "20260718_task_safety_location_encryption"
    sourcePath: "C:\Users\Manfish\Documents\Codex\2026-09-04\let\work\backend-validation-checkout\backend\database\migrations\20260718_task_safety_location_encryption.sql"
    sha256: "2cd76dff8f126da4bec2d6f58e2c6de5c3c93a3fabd1024536a7c007dce07e46"
[21:06:15.046] [32mINFO[39m: [36mRequired engine migration verified[39m
    module: "worker"
    status: "applied"
    migration: "20260718_zone_category_liquidity_cells"
    sourcePath: "C:\Users\Manfish\Documents\Codex\2026-09-04\let\work\backend-validation-checkout\backend\database\migrations\20260718_zone_category_liquidity_cells.sql"
    sha256: "8c427c29ac142a7543c08768be5823b1dcd6d4630b1a3b5128e2e88afce77a2c"
[21:06:15.046] [32mINFO[39m: [36mRequired engine migration verified[39m
    module: "worker"
    status: "applied"
    migration: "20260718_worker_offer_decision_contract"
    sourcePath: "C:\Users\Manfish\Documents\Codex\2026-09-04\let\work\backend-validation-checkout\backend\database\migrations\20260718_worker_offer_decision_contract.sql"
    sha256: "81defc49577f106e03e682814dd2bc302f7435adfb1711a8801d68ada75d4e02"
[21:06:15.046] [32mINFO[39m: [36mRequired engine migration verified[39m
    module: "worker"
    status: "applied"
    migration: "20260718_worker_screening_rights_contract"
    sourcePath: "C:\Users\Manfish\Documents\Codex\2026-09-04\let\work\backend-validation-checkout\backend\database\migrations\20260718_worker_screening_rights_contract.sql"
    sha256: "3c1d98eb3a8e5f59811dc7a937584bc96b0d37bae87a04f7bac58b41e1a4d20d"
[21:06:15.047] [32mINFO[39m: [36mRequired engine migration verified[39m
    module: "worker"
    status: "applied"
    migration: "20260718_region_policy_contract"
    sourcePath: "C:\Users\Manfish\Documents\Codex\2026-09-04\let\work\backend-validation-checkout\backend\database\migrations\20260718_region_policy_contract.sql"
    sha256: "01c65eb106aa9ad3a9909e08b882f6ba908bf626e0c23a68136c64fe39ec9311"
[21:06:15.047] [32mINFO[39m: [36mRequired engine migration verified[39m
    module: "worker"
    status: "applied"
    migration: "20260718_completion_retention_contract"
    sourcePath: "C:\Users\Manfish\Documents\Codex\2026-09-04\let\work\backend-validation-checkout\backend\database\migrations\20260718_completion_retention_contract.sql"
    sha256: "b55d86d2438505a7e38b330de642ca1711ab14e8f970da9e9eca8d975da38ef0"
[21:06:15.047] [32mINFO[39m: [36mRequired engine migration verified[39m
    module: "worker"
    status: "applied"
    migration: "20260718_task_public_clarifications"
    sourcePath: "C:\Users\Manfish\Documents\Codex\2026-09-04\let\work\backend-validation-checkout\backend\database\migrations\20260718_task_public_clarifications.sql"
    sha256: "5dd2cca338998318447069a4c47fcaaf8a48e2d9bb7004e24576bc76849c9155"
[21:06:15.047] [32mINFO[39m: [36mRequired engine migration verified[39m
    module: "worker"
    status: "applied"
    migration: "20260718_marketplace_reputation_contract"
    sourcePath: "C:\Users\Manfish\Documents\Codex\2026-09-04\let\work\backend-validation-checkout\backend\database\migrations\20260718_marketplace_reputation_contract.sql"
    sha256: "df565bff5dd411e74c6714e3353d22e28af6438b8a2a16c34fb574dd46d50933"
[21:06:15.047] [32mINFO[39m: [36mRequired engine migration verified[39m
    module: "worker"
    status: "applied"
    migration: "20260718_business_workspace_contract"
    sourcePath: "C:\Users\Manfish\Documents\Codex\2026-09-04\let\work\backend-validation-checkout\backend\database\migrations\20260718_business_workspace_contract.sql"
    sha256: "a22965906807502d81f7fc6fb085b1f71ee4cf8171986eb61be292dccc137c45"
[21:06:15.048] [32mINFO[39m: [36mRequired engine migration verified[39m
    module: "worker"
    status: "applied"
    migration: "20260718_business_operations_contract"
    sourcePath: "C:\Users\Manfish\Documents\Codex\2026-09-04\let\work\backend-validation-checkout\backend\database\migrations\20260718_business_operations_contract.sql"
    sha256: "23fdb635e6768e7cfabc299ba4babab7aa37e29d319f124e8cf96e152ff7a0cb"
[21:06:15.048] [32mINFO[39m: [36mRequired engine migration verified[39m
    module: "worker"
    status: "applied"
    migration: "20260718_business_execution_contract"
    sourcePath: "C:\Users\Manfish\Documents\Codex\2026-09-04\let\work\backend-validation-checkout\backend\database\migrations\20260718_business_execution_contract.sql"
    sha256: "b4bad697897f51aa69f4c435d194bcb0730e1c357110c56aeeeccc61ec0c8d2d"
[21:06:15.048] [32mINFO[39m: [36mRequired engine migration verified[39m
    module: "worker"
    status: "applied"
    migration: "20260718_recurring_work_contract"
    sourcePath: "C:\Users\Manfish\Documents\Codex\2026-09-04\let\work\backend-validation-checkout\backend\database\migrations\20260718_recurring_work_contract.sql"
    sha256: "65bbbe96e1af6d909cd9a454c201bf4e62c99e60ec6bddbaa2454a3e3de4ed4b"
[21:06:15.048] [32mINFO[39m: [36mRequired engine migration verified[39m
    module: "worker"
    status: "applied"
    migration: "20260718_business_recurring_contract"
    sourcePath: "C:\Users\Manfish\Documents\Codex\2026-09-04\let\work\backend-validation-checkout\backend\database\migrations\20260718_business_recurring_contract.sql"
    sha256: "e068a0aa68b7baf4a7c13f217536251708913b854119a3da350455230355f5d3"
[21:06:15.049] [32mINFO[39m: [36mRequired engine migration verified[39m
    module: "worker"
    status: "applied"
    migration: "20260719_recommendation_contract"
    sourcePath: "C:\Users\Manfish\Documents\Codex\2026-09-04\let\work\backend-validation-checkout\backend\database\migrations\20260719_recommendation_contract.sql"
    sha256: "3345c3fdce3aef451c89fd8245dff11096dffe1108309e19c1470f2138641ab4"
[21:06:15.049] [32mINFO[39m: [36mRequired engine migration verified[39m
    module: "worker"
    status: "applied"
    migration: "20260719_hustler_wallet_contract"
    sourcePath: "C:\Users\Manfish\Documents\Codex\2026-09-04\let\work\backend-validation-checkout\backend\database\migrations\20260719_hustler_wallet_contract.sql"
    sha256: "153809d4d570a54b27357e2ebff51c3b35fa303e69da29c570816acca89f29ab"
[21:06:15.049] [32mINFO[39m: [36mRequired engine migration verified[39m
    module: "worker"
    status: "applied"
    migration: "20260719_wallet_provider_event_integrity"
    sourcePath: "C:\Users\Manfish\Documents\Codex\2026-09-04\let\work\backend-validation-checkout\backend\database\migrations\20260719_wallet_provider_event_integrity.sql"
    sha256: "1ee57eb0d4c3d157632b8db3fbc8cc232ac1241c1ca76944250ca42e1fdbc8de"
[21:06:15.049] [32mINFO[39m: [36mRequired engine migration verified[39m
    module: "worker"
    status: "applied"
    migration: "20260719_wallet_provider_event_integrity_repair"
    sourcePath: "C:\Users\Manfish\Documents\Codex\2026-09-04\let\work\backend-validation-checkout\backend\database\migrations\20260719_wallet_provider_event_integrity_repair.sql"
    sha256: "96ff51a6414cb261fa2791281c076e4e5b7fafd73cbacc2db939402e4219a6a5"
[21:06:15.049] [32mINFO[39m: [36mRequired engine migration verified[39m
    module: "worker"
    status: "applied"
    migration: "20260719_lifecycle_service_foundations"
    sourcePath: "C:\Users\Manfish\Documents\Codex\2026-09-04\let\work\backend-validation-checkout\backend\database\migrations\20260719_lifecycle_service_foundations.sql"
    sha256: "4c1edaecda49afeae3950afe832074f8903d64aa6f726bbee2a0717f26113596"
[21:06:15.050] [32mINFO[39m: [36mRequired engine migration verified[39m
    module: "worker"
    status: "applied"
    migration: "20260719_task_worker_eligibility_contract"
    sourcePath: "C:\Users\Manfish\Documents\Codex\2026-09-04\let\work\backend-validation-checkout\backend\database\migrations\20260719_task_worker_eligibility_contract.sql"
    sha256: "a1fb5d0387d61fef4b484be82d15153031b14860bcc8b4bbaa690a4ca096a0fb"
[21:06:15.050] [32mINFO[39m: [36mRequired engine migration verified[39m
    module: "worker"
    status: "applied"
    migration: "20260719_append_only_truncate_contract"
    sourcePath: "C:\Users\Manfish\Documents\Codex\2026-09-04\let\work\backend-validation-checkout\backend\database\migrations\20260719_append_only_truncate_contract.sql"
    sha256: "1b105f37e52b19435aacc7b04b2496bbef7f5cd0b0b1681487342e2e411544b4"
[21:06:15.050] [32mINFO[39m: [36mRequired engine migration verified[39m
    module: "worker"
    status: "applied"
    migration: "20260719_admin_user_search_trigram_contract"
    sourcePath: "C:\Users\Manfish\Documents\Codex\2026-09-04\let\work\backend-validation-checkout\backend\database\migrations\20260719_admin_user_search_trigram_contract.sql"
    sha256: "89a20a0c588af79ae8c0cd8e06949f4a542928b826adafa822d5a02b20694090"
[21:06:15.050] [32mINFO[39m: [36mRequired engine migration verified[39m
    module: "worker"
    status: "applied"
    migration: "20260719_admin_capability_contract"
    sourcePath: "C:\Users\Manfish\Documents\Codex\2026-09-04\let\work\backend-validation-checkout\backend\database\migrations\20260719_admin_capability_contract.sql"
    sha256: "cacc11cfe40b498767acbbaa736f2462e21a758018bcda1a667430a3c441c0f4"
[21:06:15.050] [32mINFO[39m: [36mRequired engine migration verified[39m
    module: "worker"
    status: "applied"
    migration: "20260719_tier0_browse_only_contract"
    sourcePath: "C:\Users\Manfish\Documents\Codex\2026-09-04\let\work\backend-validation-checkout\backend\database\migrations\20260719_tier0_browse_only_contract.sql"
    sha256: "336d976adfc3ce6e892b16c67a08bbc692165d2373084c3e51ab3e0a3db7a9d5"
[21:06:15.050] [32mINFO[39m: [36mRequired engine migration verified[39m
    module: "worker"
    status: "applied"
    migration: "20260719_task_template_policy_contract"
    sourcePath: "C:\Users\Manfish\Documents\Codex\2026-09-04\let\work\backend-validation-checkout\backend\database\migrations\20260719_task_template_policy_contract.sql"
    sha256: "1b4e180c34fce08ea00076e1f02f9c57d698c532db1eff84d9973e68c189ff8f"
[21:06:15.050] [32mINFO[39m: [36mRequired engine migration verified[39m
    module: "worker"
    status: "applied"
    migration: "20260719_compliance_guardian_persistence_contract"
    sourcePath: "C:\Users\Manfish\Documents\Codex\2026-09-04\let\work\backend-validation-checkout\backend\database\migrations\20260719_compliance_guardian_persistence_contract.sql"
    sha256: "ad0d747354fd6040df2669ffc0fbe485526240aca38887e27a069f49ab67767c"
[21:06:15.051] [32mINFO[39m: [36mRequired engine migration verified[39m
    module: "worker"
    status: "applied"
    migration: "20260719_worker_offer_retake_contract"
    sourcePath: "C:\Users\Manfish\Documents\Codex\2026-09-04\let\work\backend-validation-checkout\backend\database\migrations\20260719_worker_offer_retake_contract.sql"
    sha256: "0e5c8b6dde2fe27aecb7eed4ea1c329a4872cee9cc54c7a42505e431e5df0301"
[21:06:15.051] [32mINFO[39m: [36mRequired engine migration verified[39m
    module: "worker"
    status: "applied"
    migration: "20260719_liquidity_expansion_contract"
    sourcePath: "C:\Users\Manfish\Documents\Codex\2026-09-04\let\work\backend-validation-checkout\backend\database\migrations\20260719_liquidity_expansion_contract.sql"
    sha256: "6ba06780137ac5142e4560d465300cdb21105c690cfb320a588b35b37f69d795"
[21:06:15.051] [32mINFO[39m: [36mRequired engine migration verified[39m
    module: "worker"
    status: "applied"
    migration: "20260719_liquidity_expansion_fk_repair"
    sourcePath: "C:\Users\Manfish\Documents\Codex\2026-09-04\let\work\backend-validation-checkout\backend\database\migrations\20260719_liquidity_expansion_fk_repair.sql"
    sha256: "3ab131b4dbc128a99cd9eb7512888282df572f0ca61519d0453ebaa8be686c17"
[21:06:15.051] [32mINFO[39m: [36mRequired engine migration verified[39m
    module: "worker"
    status: "applied"
    migration: "20260719_worker_counter_offer_contract"
    sourcePath: "C:\Users\Manfish\Documents\Codex\2026-09-04\let\work\backend-validation-checkout\backend\database\migrations\20260719_worker_counter_offer_contract.sql"
    sha256: "1c6376dc07f95465f0925134f9d30990ed0da52c869cb9e039f3865508f85696"
[21:06:15.051] [32mINFO[39m: [36mRequired engine migration verified[39m
    module: "worker"
    status: "applied"
    migration: "20260719_worker_counter_offer_exclusivity"
    sourcePath: "C:\Users\Manfish\Documents\Codex\2026-09-04\let\work\backend-validation-checkout\backend\database\migrations\20260719_worker_counter_offer_exclusivity.sql"
    sha256: "5f72eb8f7bacc3c45c3dfba2527f7ccd5571ea6db0bcb4dd119a32ed0436e78f"
[21:06:15.051] [32mINFO[39m: [36mRequired engine migration verified[39m
    module: "worker"
    status: "applied"
    migration: "20260719_external_task_bridge_contract"
    sourcePath: "C:\Users\Manfish\Documents\Codex\2026-09-04\let\work\backend-validation-checkout\backend\database\migrations\20260719_external_task_bridge_contract.sql"
    sha256: "33080f06754d9ed04bf6624ac0dbf5c7817c8324af9be25ecb01ebf50ecffb69"
[21:06:15.052] [32mINFO[39m: [36mRequired engine migration verified[39m
    module: "worker"
    status: "applied"
    migration: "20260720_task_geofence_event_contract"
    sourcePath: "C:\Users\Manfish\Documents\Codex\2026-09-04\let\work\backend-validation-checkout\backend\database\migrations\20260720_task_geofence_event_contract.sql"
    sha256: "c2a31559936f1d1db684a27f3cca8554fe3b6986830ff6795e547c17409e24af"
[21:06:15.052] [32mINFO[39m: [36mRequired engine migration verified[39m
    module: "worker"
    status: "applied"
    migration: "20260720_major_action_telemetry_contract"
    sourcePath: "C:\Users\Manfish\Documents\Codex\2026-09-04\let\work\backend-validation-checkout\backend\database\migrations\20260720_major_action_telemetry_contract.sql"
    sha256: "0939eb301dba2a9b8e50c759fd794c19cfd19b7ac8c761449dccc5d346a5fd07"
[21:06:15.052] [32mINFO[39m: [36mRequired engine migration verified[39m
    module: "worker"
    status: "applied"
    migration: "20260720_major_action_telemetry_contract_repair"
    sourcePath: "C:\Users\Manfish\Documents\Codex\2026-09-04\let\work\backend-validation-checkout\backend\database\migrations\20260720_major_action_telemetry_contract_repair.sql"
    sha256: "7aebc9a96ca0eb516d6eaabff5c8ea44a1c99ef452328abfdc31e423fcb50960"
[21:06:15.052] [32mINFO[39m: [36mRequired engine migration verified[39m
    module: "worker"
    status: "applied"
    migration: "20260720_major_action_source_registry_repair"
    sourcePath: "C:\Users\Manfish\Documents\Codex\2026-09-04\let\work\backend-validation-checkout\backend\database\migrations\20260720_major_action_source_registry_repair.sql"
    sha256: "dd0641389a561a02ee7bc211494baeecad4a584f4ae878e367d7bd6ec41ef99d"
[21:06:15.052] [32mINFO[39m: [36mRequired engine migration verified[39m
    module: "worker"
    status: "applied"
    migration: "20260720_offline_action_sync_contract"
    sourcePath: "C:\Users\Manfish\Documents\Codex\2026-09-04\let\work\backend-validation-checkout\backend\database\migrations\20260720_offline_action_sync_contract.sql"
    sha256: "a24c7a3a1fc6d248e7ed84850c282b1d70e136470a5814e5cf73d354fb71a225"
[21:06:15.052] [32mINFO[39m: [36mRequired engine migration verified[39m
    module: "worker"
    status: "applied"
    migration: "20260720_offline_action_sync_contract_repair"
    sourcePath: "C:\Users\Manfish\Documents\Codex\2026-09-04\let\work\backend-validation-checkout\backend\database\migrations\20260720_offline_action_sync_contract_repair.sql"
    sha256: "dd3ebeb8b7660ce2a7e7dc0c90c75b8c44368ed464dd80d5a48db74c608fe2ad"
[21:06:15.052] [32mINFO[39m: [36mRequired engine migration verified[39m
    module: "worker"
    status: "applied"
    migration: "20260720_proof_verification_signal_contract"
    sourcePath: "C:\Users\Manfish\Documents\Codex\2026-09-04\let\work\backend-validation-checkout\backend\database\migrations\20260720_proof_verification_signal_contract.sql"
    sha256: "7956522e446ae42141b204c0f32d6cc1843c8deb54d474f5bc3d5687577e18fb"
[21:06:15.053] [32mINFO[39m: [36mRequired engine migration verified[39m
    module: "worker"
    status: "applied"
    migration: "20260720_proof_media_metadata_minimization"
    sourcePath: "C:\Users\Manfish\Documents\Codex\2026-09-04\let\work\backend-validation-checkout\backend\database\migrations\20260720_proof_media_metadata_minimization.sql"
    sha256: "d8b3f516a303744ab8bfe467d528f552f0c444466d64ab1e881d6ae5f422e396"
[21:06:15.053] [32mINFO[39m: [36mRequired engine migration verified[39m
    module: "worker"
    status: "applied"
    migration: "20260720_media_upload_finalization_contract"
    sourcePath: "C:\Users\Manfish\Documents\Codex\2026-09-04\let\work\backend-validation-checkout\backend\database\migrations\20260720_media_upload_finalization_contract.sql"
    sha256: "c7cb31234baeb3ec101b44a73df6fd93198d3c442ceaa0713188e912bae10715"
[21:06:15.053] [32mINFO[39m: [36mRequired engine migration verified[39m
    module: "worker"
    status: "applied"
    migration: "20260720_private_media_delivery_contract"
    sourcePath: "C:\Users\Manfish\Documents\Codex\2026-09-04\let\work\backend-validation-checkout\backend\database\migrations\20260720_private_media_delivery_contract.sql"
    sha256: "dab4cace45c99879d1a6f3e978198fe8ec4e1840607319522b8addfc20cda608"
[21:06:15.053] [32mINFO[39m: [36mRequired engine migration verified[39m
    module: "worker"
    status: "applied"
    migration: "20260720_worker_standing_appeals"
    sourcePath: "C:\Users\Manfish\Documents\Codex\2026-09-04\let\work\backend-validation-checkout\backend\database\migrations\20260720_worker_standing_appeals.sql"
    sha256: "02e2a7c9d91a10b780ea1c01444a57c257faecb7c1ec2f129c82ae8fb4004608"
[21:06:15.053] [32mINFO[39m: [36mRequired engine migration verified[39m
    module: "worker"
    status: "applied"
    migration: "20260720_offline_action_reconciliation"
    sourcePath: "C:\Users\Manfish\Documents\Codex\2026-09-04\let\work\backend-validation-checkout\backend\database\migrations\20260720_offline_action_reconciliation.sql"
    sha256: "12e245da2e45ce917516fdd4dfd2610348eb5c0420c1490987e378ad5f485f94"
[21:06:15.053] [32mINFO[39m: [36mRequired engine migration verified[39m
    module: "worker"
    status: "applied"
    migration: "20260720_dispute_release_authority_contract"
    sourcePath: "C:\Users\Manfish\Documents\Codex\2026-09-04\let\work\backend-validation-checkout\backend\database\migrations\20260720_dispute_release_authority_contract.sql"
    sha256: "0b7cadab9f4c40170d31c5e21921adb42b36935e6f3df81a87991fda9c0029fd"
[21:06:15.053] [32mINFO[39m: [36mRequired engine migration verified[39m
    module: "worker"
    status: "applied"
    migration: "20260720_notification_delivery_contract"
    sourcePath: "C:\Users\Manfish\Documents\Codex\2026-09-04\let\work\backend-validation-checkout\backend\database\migrations\20260720_notification_delivery_contract.sql"
    sha256: "a2264390a09a6ae20ce0011683ab870c631feebfde87ed80a872e986a575bb0b"
[21:06:15.054] [32mINFO[39m: [36mRequired engine migration verified[39m
    module: "worker"
    status: "applied"
    migration: "20260720_notification_delivery_contract_repair"
    sourcePath: "C:\Users\Manfish\Documents\Codex\2026-09-04\let\work\backend-validation-checkout\backend\database\migrations\20260720_notification_delivery_contract_repair.sql"
    sha256: "e0aaa1a3cb653917924183fcf67291b33a2dbf38579eb01b17122e649c71c40f"
[21:06:15.054] [32mINFO[39m: [36mRequired engine migration verified[39m
    module: "worker"
    status: "applied"
    migration: "20260720_notification_focus_suppression"
    sourcePath: "C:\Users\Manfish\Documents\Codex\2026-09-04\let\work\backend-validation-checkout\backend\database\migrations\20260720_notification_focus_suppression.sql"
    sha256: "e320ed83af84fd2c3781a1229db74126778b7c2d8eeb41dbddc432c634faba05"
[21:06:15.054] [32mINFO[39m: [36mRequired engine migration verified[39m
    module: "worker"
    status: "applied"
    migration: "20260720_schema_convergence_repair"
    sourcePath: "C:\Users\Manfish\Documents\Codex\2026-09-04\let\work\backend-validation-checkout\backend\database\migrations\20260720_schema_convergence_repair.sql"
    sha256: "5151894b324679c19cc7a70179aec8f0248a3c66c5325b97d8bdcf618f684da2"
[21:06:15.054] [32mINFO[39m: [36mRequired engine migration verified[39m
    module: "worker"
    status: "applied"
    migration: "20260720_local_certification_payment_provider"
    sourcePath: "C:\Users\Manfish\Documents\Codex\2026-09-04\let\work\backend-validation-checkout\backend\database\migrations\20260720_local_certification_payment_provider.sql"
    sha256: "413a1183e48dd0c3aa8131390481e7acfb17229727445023dfe659b20c123392"
[21:06:15.054] [32mINFO[39m: [36mRequired engine migration verified[39m
    module: "worker"
    status: "applied"
    migration: "20260720_region_policy_price_book_alignment"
    sourcePath: "C:\Users\Manfish\Documents\Codex\2026-09-04\let\work\backend-validation-checkout\backend\database\migrations\20260720_region_policy_price_book_alignment.sql"
    sha256: "614ac15399457b310f60e4bf637ee1d394a0da97e9cbcd9d6a8367a219af68e0"
[21:06:15.054] [32mINFO[39m: [36mRequired engine migration verified[39m
    module: "worker"
    status: "applied"
    migration: "20260720_local_certification_payout_provider"
    sourcePath: "C:\Users\Manfish\Documents\Codex\2026-09-04\let\work\backend-validation-checkout\backend\database\migrations\20260720_local_certification_payout_provider.sql"
    sha256: "1435947ebbdfa50dec2d0d812fe8d332287be1f0a6b7fd1c50cd96a5bfa9e097"
[21:06:15.055] [32mINFO[39m: [36mRequired engine migration verified[39m
    module: "worker"
    status: "applied"
    migration: "20260720_local_certification_screening_provider"
    sourcePath: "C:\Users\Manfish\Documents\Codex\2026-09-04\let\work\backend-validation-checkout\backend\database\migrations\20260720_local_certification_screening_provider.sql"
    sha256: "626ff1f60a8f8f6b6acd2a9aba621409bd3eab3142004361a89ae77a5c26f1cc"
[21:06:15.055] [32mINFO[39m: [36mRequired engine migration verified[39m
    module: "worker"
    status: "applied"
    migration: "20260720_controlled_test_liquidity_cell"
    sourcePath: "C:\Users\Manfish\Documents\Codex\2026-09-04\let\work\backend-validation-checkout\backend\database\migrations\20260720_controlled_test_liquidity_cell.sql"
    sha256: "1826b8b06b3b0de634f2420a40a00bcce2ce2a370d2349192b5dd6a7e981493d"
[21:06:15.055] [32mINFO[39m: [36mRequired engine migration verified[39m
    module: "worker"
    status: "applied"
    migration: "20260720_controlled_test_liquidity_marker_repair"
    sourcePath: "C:\Users\Manfish\Documents\Codex\2026-09-04\let\work\backend-validation-checkout\backend\database\migrations\20260720_controlled_test_liquidity_marker_repair.sql"
    sha256: "e9d3e3dbd829fdf0dad577701b22070218577a8bc9f6b70e8e0ec207eb06af28"
[21:06:15.055] [32mINFO[39m: [36mRequired engine migration verified[39m
    module: "worker"
    status: "applied"
    migration: "20260720_controlled_test_liquidity_lifecycle_repair"
    sourcePath: "C:\Users\Manfish\Documents\Codex\2026-09-04\let\work\backend-validation-checkout\backend\database\migrations\20260720_controlled_test_liquidity_lifecycle_repair.sql"
    sha256: "f921c0c7a374e4a7f4bd0b0a81af34667c52f1264d3f3c0ad57b017e0583e0cc"
[21:06:15.055] [32mINFO[39m: [36mRequired engine migration verified[39m
    module: "worker"
    status: "applied"
    migration: "20260720_controlled_test_duration_evidence"
    sourcePath: "C:\Users\Manfish\Documents\Codex\2026-09-04\let\work\backend-validation-checkout\backend\database\migrations\20260720_controlled_test_duration_evidence.sql"
    sha256: "9b2b0630d0fa0e24552547940c5ee1097e6b7a32cb5b90f5cc5426a25606ae77"
[21:06:15.055] [32mINFO[39m: [36mRequired engine migration verified[39m
    module: "worker"
    status: "applied"
    migration: "20260720_controlled_test_provider_capability"
    sourcePath: "C:\Users\Manfish\Documents\Codex\2026-09-04\let\work\backend-validation-checkout\backend\database\migrations\20260720_controlled_test_provider_capability.sql"
    sha256: "079baedf700badc9c00e1e91f83f96d409bee7f713c9e7d349767a92c112fcc1"
[21:06:15.055] [32mINFO[39m: [36mRequired engine migration verified[39m
    module: "worker"
    status: "applied"
    migration: "20260720_controlled_test_provider_capability_expiry"
    sourcePath: "C:\Users\Manfish\Documents\Codex\2026-09-04\let\work\backend-validation-checkout\backend\database\migrations\20260720_controlled_test_provider_capability_expiry.sql"
    sha256: "770a9973510b499f6e9c1b3428f5ba8dccbbca45c6aef62e463372dcdd2640a5"
[21:06:15.056] [32mINFO[39m: [36mRequired engine migration verified[39m
    module: "worker"
    status: "applied"
    migration: "20260720_controlled_test_provider_capability_refresh"
    sourcePath: "C:\Users\Manfish\Documents\Codex\2026-09-04\let\work\backend-validation-checkout\backend\database\migrations\20260720_controlled_test_provider_capability_refresh.sql"
    sha256: "fce9cbe6df1865581bc414ee1d102afe140899a4b3d0f35697c894edfb375011"
[21:06:15.056] [32mINFO[39m: [36mRequired engine migration verified[39m
    module: "worker"
    status: "applied"
    migration: "20260720_controlled_test_provider_capability_refresh_repair"
    sourcePath: "C:\Users\Manfish\Documents\Codex\2026-09-04\let\work\backend-validation-checkout\backend\database\migrations\20260720_controlled_test_provider_capability_refresh_repair.sql"
    sha256: "fa0600c70a92f0c25112bded13e6e45c5402bfca9aaea45540c08a9a83edcb9d"
[21:06:15.056] [32mINFO[39m: [36mRequired engine migration verified[39m
    module: "worker"
    status: "applied"
    migration: "20260720_controlled_test_offer_review"
    sourcePath: "C:\Users\Manfish\Documents\Codex\2026-09-04\let\work\backend-validation-checkout\backend\database\migrations\20260720_controlled_test_offer_review.sql"
    sha256: "29f42e272b46974910354ed0c32db10744ab771aae92bc83b5c70b84aba9d6e1"
[21:06:15.056] [32mINFO[39m: [36mRequired engine migration verified[39m
    module: "worker"
    status: "applied"
    migration: "20260720_task_safety_state_integrity"
    sourcePath: "C:\Users\Manfish\Documents\Codex\2026-09-04\let\work\backend-validation-checkout\backend\database\migrations\20260720_task_safety_state_integrity.sql"
    sha256: "b0548ea104c938f55f383f777b298427f863792cc440829453fdf9915c33f657"
[21:06:15.056] [32mINFO[39m: [36mRequired engine migration verified[39m
    module: "worker"
    status: "applied"
    migration: "20260720_task_safety_resolution_integrity"
    sourcePath: "C:\Users\Manfish\Documents\Codex\2026-09-04\let\work\backend-validation-checkout\backend\database\migrations\20260720_task_safety_resolution_integrity.sql"
    sha256: "c3f420fa5880355f5fecd84b9b9df5945991cd46d2cb5a4bcca41b2aa024fd62"
[21:06:15.056] [32mINFO[39m: [36mRequired engine migration verified[39m
    module: "worker"
    status: "applied"
    migration: "20260720_task_safety_case_access_integrity"
    sourcePath: "C:\Users\Manfish\Documents\Codex\2026-09-04\let\work\backend-validation-checkout\backend\database\migrations\20260720_task_safety_case_access_integrity.sql"
    sha256: "82d88d339eb6f89e4daae78669c1cd3b8cfad00e3c9865611e02381c744a4778"
[21:06:15.056] [32mINFO[39m: [36mRequired engine migration verified[39m
    module: "worker"
    status: "applied"
    migration: "20260720_operations_exception_contract"
    sourcePath: "C:\Users\Manfish\Documents\Codex\2026-09-04\let\work\backend-validation-checkout\backend\database\migrations\20260720_operations_exception_contract.sql"
    sha256: "f912b02c0d804e06cdabcef8fde8ec3345806c8463ef321211dbe11e9ae021e9"
[21:06:15.057] [32mINFO[39m: [36mRequired engine migration verified[39m
    module: "worker"
    status: "applied"
    migration: "20260721_hustler_trust_progression_contract"
    sourcePath: "C:\Users\Manfish\Documents\Codex\2026-09-04\let\work\backend-validation-checkout\backend\database\migrations\20260721_hustler_trust_progression_contract.sql"
    sha256: "efb7fc4b8f41df8d90f4b63183d3bdb244a41c03b5a73ae673edcab85575b43b"
[21:06:15.057] [32mINFO[39m: [36mRequired engine migration verified[39m
    module: "worker"
    status: "applied"
    migration: "20260721_task_quote_shortlist_messaging_contract"
    sourcePath: "C:\Users\Manfish\Documents\Codex\2026-09-04\let\work\backend-validation-checkout\backend\database\migrations\20260721_task_quote_shortlist_messaging_contract.sql"
    sha256: "33d43cc99215f79b7658d51d781f3923c481fcb6e2b7b7c36aa6d53f26283dd0"
[21:06:15.057] [32mINFO[39m: [36mRequired engine migration verified[39m
    module: "worker"
    status: "applied"
    migration: "20260721_unit_economics_guardrails"
    sourcePath: "C:\Users\Manfish\Documents\Codex\2026-09-04\let\work\backend-validation-checkout\backend\database\migrations\20260721_unit_economics_guardrails.sql"
    sha256: "f0139e1a336cb37bd3a0a92c64d1aabad7adc2cf11527034b50bf5e3007ea720"
[21:06:15.057] [32mINFO[39m: [36mRequired engine migration verified[39m
    module: "worker"
    status: "applied"
    migration: "20260721_build_now_spend_promotion_guardrails"
    sourcePath: "C:\Users\Manfish\Documents\Codex\2026-09-04\let\work\backend-validation-checkout\backend\database\migrations\20260721_build_now_spend_promotion_guardrails.sql"
    sha256: "eff21cecd9f2d714168e989e9bb712ac7b30286f8b0de724f4ca7a7cef8a661d"
[21:06:15.057] [32mINFO[39m: [36mRequired engine migration verified[39m
    module: "worker"
    status: "applied"
    migration: "20260721_private_identity_verification_contract"
    sourcePath: "C:\Users\Manfish\Documents\Codex\2026-09-04\let\work\backend-validation-checkout\backend\database\migrations\20260721_private_identity_verification_contract.sql"
    sha256: "90828c3109521c3f46333876e71c3e0b2e2feee2aab5820b34a7e3731f160117"
[21:06:15.057] [32mINFO[39m: [36mRequired engine migration verified[39m
    module: "worker"
    status: "applied"
    migration: "20260721_sensitive_media_ingestion_shutdown"
    sourcePath: "C:\Users\Manfish\Documents\Codex\2026-09-04\let\work\backend-validation-checkout\backend\database\migrations\20260721_sensitive_media_ingestion_shutdown.sql"
    sha256: "c83366b0b5f4c8ccca98ee5a31d95febaa0107f75e0e0ce60cb2d735c503fc20"
[21:06:15.058] [32mINFO[39m: [36mRequired engine migration verified[39m
    module: "worker"
    status: "applied"
    migration: "20260721_ai_observability_contract"
    sourcePath: "C:\Users\Manfish\Documents\Codex\2026-09-04\let\work\backend-validation-checkout\backend\database\migrations\20260721_ai_observability_contract.sql"
    sha256: "9ec88bb073608316014ed3529ca5632fdbb39394b265e9d2d4163303601ab3e0"
[21:06:15.061] [32mINFO[39m: [36mRequired engine migration verified[39m
    module: "worker"
    status: "applied"
    migration: "20260721_controlled_test_retake_acceptance_repair"
    sourcePath: "C:\Users\Manfish\Documents\Codex\2026-09-04\let\work\backend-validation-checkout\backend\database\migrations\20260721_controlled_test_retake_acceptance_repair.sql"
    sha256: "a1b2a9eb450a0ac4add500620bbcb6738d708603e794a86fcb8ce311adec8fe5"
[21:06:15.061] [32mINFO[39m: [36mRequired engine migration verified[39m
    module: "worker"
    status: "applied"
    migration: "20260721_controlled_test_retake_liquidity_repair"
    sourcePath: "C:\Users\Manfish\Documents\Codex\2026-09-04\let\work\backend-validation-checkout\backend\database\migrations\20260721_controlled_test_retake_liquidity_repair.sql"
    sha256: "edc5ca1a19dbb27ed4ae60efcdfedf2d91a09a86cb2bc0f5cee94bb39837f490"
[21:06:15.061] [32mINFO[39m: [36mRequired engine migration verified[39m
    module: "worker"
    status: "applied"
    migration: "20260721_controlled_test_retake_guard_convergence"
    sourcePath: "C:\Users\Manfish\Documents\Codex\2026-09-04\let\work\backend-validation-checkout\backend\database\migrations\20260721_controlled_test_retake_guard_convergence.sql"
    sha256: "6a2b108d6fe844e4a0235162f25066427eebb1952dbe41e29e7b483c267472b1"
[21:06:15.062] [32mINFO[39m: [36mRequired engine migration verified[39m
    module: "worker"
    status: "applied"
    migration: "20260721_same_worker_retake_assignment_guard_repair"
    sourcePath: "C:\Users\Manfish\Documents\Codex\2026-09-04\let\work\backend-validation-checkout\backend\database\migrations\20260721_same_worker_retake_assignment_guard_repair.sql"
    sha256: "c3500b95949b80004262a9c638f2eca8ef19ad5b446d430aecbe83bc628c7863"
[21:06:15.062] [32mINFO[39m: [36mRequired engine migration verified[39m
    module: "worker"
    status: "applied"
    migration: "20260722_region_policy_legal_approval_activation"
    sourcePath: "C:\Users\Manfish\Documents\Codex\2026-09-04\let\work\backend-validation-checkout\backend\database\migrations\20260722_region_policy_legal_approval_activation.sql"
    sha256: "2be054f21aa0168aad360dd755d52fd5b028a8106129206f47ccfbbc7f081e02"
[21:06:15.062] [32mINFO[39m: [36mRequired engine migration verified[39m
    module: "worker"
    status: "applied"
    migration: "20260722_recurring_payment_dispatch_gate"
    sourcePath: "C:\Users\Manfish\Documents\Codex\2026-09-04\let\work\backend-validation-checkout\backend\database\migrations\20260722_recurring_payment_dispatch_gate.sql"
    sha256: "47c04b2e55a275220c6c1a01fa283628e43fcea869096acd13db8bb59b659c8e"
[21:06:15.063] [32mINFO[39m: [36mRequired engine migration verified[39m
    module: "worker"
    status: "applied"
    migration: "20260722_service_business_assignment_contract"
    sourcePath: "C:\Users\Manfish\Documents\Codex\2026-09-04\let\work\backend-validation-checkout\backend\database\migrations\20260722_service_business_assignment_contract.sql"
    sha256: "258e56009e35228a4e2ad294d879143f4985bdbae7853d1c3c2c9fcda61777af"
[21:06:15.063] [32mINFO[39m: [36mRequired engine migration verified[39m
    module: "worker"
    status: "applied"
    migration: "010_web_platform_tables"
    sourcePath: "C:\Users\Manfish\Documents\Codex\2026-09-04\let\work\backend-validation-checkout\backend\database\migrations\010_web_platform_tables.sql"
    sha256: "8ddd4b374bf8d5c7635214c5d26a84d2e6d81cab10aa8a7049d7b3da1da8b5e2"
[21:06:15.063] [32mINFO[39m: [36mRequired engine migration verified[39m
    module: "worker"
    status: "applied"
    migration: "20260814_quote_price_book"
    sourcePath: "C:\Users\Manfish\Documents\Codex\2026-09-04\let\work\backend-validation-checkout\backend\database\migrations\20260814_quote_price_book.sql"
    sha256: "4d49f31e83b6ba5352ee1c16da45e2b7ce8f84a4d5d9ee0b50bee57e2cafed69"
[21:06:15.063] [32mINFO[39m: [36mRequired engine migration verified[39m
    module: "worker"
    status: "applied"
    migration: "20260814_price_book_quote_decisions"
    sourcePath: "C:\Users\Manfish\Documents\Codex\2026-09-04\let\work\backend-validation-checkout\backend\database\migrations\20260814_price_book_quote_decisions.sql"
    sha256: "77d1a1e17e300f83c1dc7e6f5e57e3ecef617a69066f1806d9d44aea3cf6a4f1"
[21:06:15.063] [32mINFO[39m: [36mRequired engine migration verified[39m
    module: "worker"
    status: "applied"
    migration: "20260814_task_supply_confidence"
    sourcePath: "C:\Users\Manfish\Documents\Codex\2026-09-04\let\work\backend-validation-checkout\backend\database\migrations\20260814_task_supply_confidence.sql"
    sha256: "5c64425fef6a52b4abb7e00f42f2c7322be9d777b58c1efbb1d8f5bd71815e9e"
[21:06:15.063] [32mINFO[39m: [36mRequired engine migration verified[39m
    module: "worker"
    status: "applied"
    migration: "20260815_quote_columns_extra_v4"
    sourcePath: "C:\Users\Manfish\Documents\Codex\2026-09-04\let\work\backend-validation-checkout\backend\database\migrations\20260815_quote_columns_extra_v4.sql"
    sha256: "2c45fbed303842c44ee20d24df090e54de05519d9e7ff5e8f74d4283763be7ee"
[21:06:15.063] [32mINFO[39m: [36mRequired engine migration verified[39m
    module: "worker"
    status: "applied"
    migration: "20260819_quote_payments"
    sourcePath: "C:\Users\Manfish\Documents\Codex\2026-09-04\let\work\backend-validation-checkout\backend\database\migrations\20260819_quote_payments.sql"
    sha256: "bcd90a6905e374568042b589c5c85931f93ea3c9a92fc28afbd0693bcc0e4286"
[21:06:15.064] [32mINFO[39m: [36mRequired engine migration verified[39m
    module: "worker"
    status: "applied"
    migration: "20260823_quote_payment_recovery"
    sourcePath: "C:\Users\Manfish\Documents\Codex\2026-09-04\let\work\backend-validation-checkout\backend\database\migrations\20260823_quote_payment_recovery.sql"
    sha256: "b0d75f09f523fdf1a11ffd5cea7a1c4cd78d431e7e55cb5723f6ce6f243eebc8"
[21:06:15.064] [32mINFO[39m: [36mRequired engine migration verified[39m
    module: "worker"
    status: "applied"
    migration: "20260827_universal_v1_lifecycle_contract"
    sourcePath: "C:\Users\Manfish\Documents\Codex\2026-09-04\let\work\backend-validation-checkout\backend\database\migrations\20260827_universal_v1_lifecycle_contract.sql"
    sha256: "43224cc43d132d1dfa517f5150f28457fc27fda3fb85641d5c836f40406cf513"
[21:06:15.065] [32mINFO[39m: [36mRequired engine migration verified[39m
    module: "worker"
    status: "applied"
    migration: "20260828_operator_authority_contract"
    sourcePath: "C:\Users\Manfish\Documents\Codex\2026-09-04\let\work\backend-validation-checkout\backend\database\migrations\20260828_operator_authority_contract.sql"
    sha256: "6e813f7266e057aeaa840b6924abb8ec1a763ed352c567b0b601aeac0d69d908"
[21:06:15.065] [32mINFO[39m: [36mRequired engine migration verified[39m
    module: "worker"
    status: "applied"
    migration: "20260829_task_matching_state_contract"
    sourcePath: "C:\Users\Manfish\Documents\Codex\2026-09-04\let\work\backend-validation-checkout\backend\database\migrations\20260829_task_matching_state_contract.sql"
    sha256: "07c9ad6227bb5e6dcb2bc1f2c048032a6e32df8cb0ff2087e6fc9248fdfe08c8"
[21:06:15.065] [32mINFO[39m: [36mRequired engine migration verified[39m
    module: "worker"
    status: "applied"
    migration: "20260830_ai_agent_judge_audit_convergence"
    sourcePath: "C:\Users\Manfish\Documents\Codex\2026-09-04\let\work\backend-validation-checkout\backend\database\migrations\20260830_ai_agent_judge_audit_convergence.sql"
    sha256: "47346ca99af25235a6dfdca3a05c6a2734d8bd190f06d02e6fadbd21c13fc705"
[21:06:15.065] [32mINFO[39m: [36mRequired engine migration verified[39m
    module: "worker"
    status: "applied"
    migration: "20260831_provider_neutral_outbound_communication"
    sourcePath: "C:\Users\Manfish\Documents\Codex\2026-09-04\let\work\backend-validation-checkout\backend\database\migrations\20260831_provider_neutral_outbound_communication.sql"
    sha256: "7163e1269dabe9229c15c2515e417349bb57d8d6f4d30653dc18e195b31ef232"
[21:06:15.065] [32mINFO[39m: [36mRequired engine migration verified[39m
    module: "worker"
    status: "applied"
    migration: "20260901_universal_v1_lead_ingress_port"
    sourcePath: "C:\Users\Manfish\Documents\Codex\2026-09-04\let\work\backend-validation-checkout\backend\database\migrations\20260901_universal_v1_lead_ingress_port.sql"
    sha256: "3640d1f62dd029db0bdd23a1cad7c9456b0c65c4a0c0b17c89781a9a32684dea"
[21:06:15.065] [32mINFO[39m: [36mRequired engine migration verified[39m
    module: "worker"
    status: "applied"
    migration: "20260902_universal_v1_task_draft_public_port"
    sourcePath: "C:\Users\Manfish\Documents\Codex\2026-09-04\let\work\backend-validation-checkout\backend\database\migrations\20260902_universal_v1_task_draft_public_port.sql"
    sha256: "dbf11f4ef967c17ac32fe3d4cb5710671fa4092649650d54d5f071b1aa85582e"
[21:06:15.066] [32mINFO[39m: [36mRequired engine migration verified[39m
    module: "worker"
    status: "applied"
    migration: "20260903_universal_v1_task_draft_account_claim"
    sourcePath: "C:\Users\Manfish\Documents\Codex\2026-09-04\let\work\backend-validation-checkout\backend\database\migrations\20260903_universal_v1_task_draft_account_claim.sql"
    sha256: "d2141ef2d979c69af21653750ff4dc9e94085c53072b87324fafb6cfb114f614"
[21:06:15.066] [32mINFO[39m: [36mRequired engine migration verified[39m
    module: "worker"
    status: "applied"
    migration: "20260904_canonical_user_email_identity"
    sourcePath: "C:\Users\Manfish\Documents\Codex\2026-09-04\let\work\backend-validation-checkout\backend\database\migrations\20260904_canonical_user_email_identity.sql"
    sha256: "3efc1ed89a01b95037837fb075015d027b0f0e72047fa013839299378c5dcf57"
[21:06:15.066] [32mINFO[39m: [36mRequired engine migration verified[39m
    module: "worker"
    status: "applied"
    migration: "20260905_universal_v1_task_draft_legacy_claim_import_repair"
    sourcePath: "C:\Users\Manfish\Documents\Codex\2026-09-04\let\work\backend-validation-checkout\backend\database\migrations\20260905_universal_v1_task_draft_legacy_claim_import_repair.sql"
    sha256: "67990edf9f231d953e519eacf796aa0fcada492f8fe8ce4b7f7889560a07e827"
[21:06:15.066] [32mINFO[39m: [36mRequired engine migration verified[39m
    module: "worker"
    status: "applied"
    migration: "20260906_universal_v1_estimate_acceptance_materialization"
    sourcePath: "C:\Users\Manfish\Documents\Codex\2026-09-04\let\work\backend-validation-checkout\backend\database\migrations\20260906_universal_v1_estimate_acceptance_materialization.sql"
    sha256: "671d0c9cbb1507a6303165d319e08441f69e5027d6ab2d075561b70a063191e6"
[21:06:15.066] [32mINFO[39m: [36mRequired engine migration verified[39m
    module: "worker"
    status: "applied"
    migration: "20260907_universal_v1_provider_estimate_invitation"
    sourcePath: "C:\Users\Manfish\Documents\Codex\2026-09-04\let\work\backend-validation-checkout\backend\database\migrations\20260907_universal_v1_provider_estimate_invitation.sql"
    sha256: "aac7221f4cd1dca94d26a90e96b5de7078c50cf7660bb934582faecb1a70001e"
[21:06:15.067] [32mINFO[39m: [36mRequired engine migration verified[39m
    module: "worker"
    status: "applied"
    migration: "20260908_universal_v1_provider_work_order_authority"
    sourcePath: "C:\Users\Manfish\Documents\Codex\2026-09-04\let\work\backend-validation-checkout\backend\database\migrations\20260908_universal_v1_provider_work_order_authority.sql"
    sha256: "53bcfc5cc6aa79c3fc8470db293aa0e8ad411a05db958a46c67389d5bc0e1d4c"
[21:06:15.067] [32mINFO[39m: [36mRequired engine migration verified[39m
    module: "worker"
    status: "applied"
    migration: "20260909_universal_v1_reconciliation_alias_repair"
    sourcePath: "C:\Users\Manfish\Documents\Codex\2026-09-04\let\work\backend-validation-checkout\backend\database\migrations\20260909_universal_v1_reconciliation_alias_repair.sql"
    sha256: "422e138cce00ef672092869a758ca752a08717b81cf822b90a509319c1b610a3"
[21:06:15.067] [32mINFO[39m: [36mRequired engine migration verified[39m
    module: "worker"
    status: "applied"
    migration: "20260911_universal_v1_change_order_application"
    sourcePath: "C:\Users\Manfish\Documents\Codex\2026-09-04\let\work\backend-validation-checkout\backend\database\migrations\20260911_universal_v1_change_order_application.sql"
    sha256: "c89f3cc97feae9563764e0cae8f3df4391204277aaa0fed344ae8dad91c17a43"
[21:06:15.067] [32mINFO[39m: [36mRequired engine migration verified[39m
    module: "worker"
    status: "applied"
    migration: "20260912_universal_v1_work_order_execution_facts"
    sourcePath: "C:\Users\Manfish\Documents\Codex\2026-09-04\let\work\backend-validation-checkout\backend\database\migrations\20260912_universal_v1_work_order_execution_facts.sql"
    sha256: "fdbea47445c8a131c2b41f54f0ba4c57caa359ca2453b5bbe3ab6c12c494ce14"
[21:06:15.067] [32mINFO[39m: [36mRequired engine migration verified[39m
    module: "worker"
    status: "applied"
    migration: "20260913_universal_v1_completion_delivery_receipt"
    sourcePath: "C:\Users\Manfish\Documents\Codex\2026-09-04\let\work\backend-validation-checkout\backend\database\migrations\20260913_universal_v1_completion_delivery_receipt.sql"
    sha256: "6299c82b5bdd2383e6dbb4f5d4c2d3c59b21c5b4f985d4b80331713f4ceeb7af"
[21:06:15.068] [32mINFO[39m: [36mRequired engine migration verified[39m
    module: "worker"
    status: "applied"
    migration: "20260914_notification_provider_in_flight"
    sourcePath: "C:\Users\Manfish\Documents\Codex\2026-09-04\let\work\backend-validation-checkout\backend\database\migrations\20260914_notification_provider_in_flight.sql"
    sha256: "0b9a9e162477efd65db5204b667665197c5b7ffbb50efe86b041093f73d2cc2f"
[21:06:15.068] [32mINFO[39m: [36mRequired engine migration verified[39m
    module: "worker"
    status: "applied"
    migration: "20260915_ai_spend_attempt_ledger"
    sourcePath: "C:\Users\Manfish\Documents\Codex\2026-09-04\let\work\backend-validation-checkout\backend\database\migrations\20260915_ai_spend_attempt_ledger.sql"
    sha256: "63b2615ec02c6193c3a8e8b93de263a5b65ac5ec0cfb93cac1869fdf425bfb77"
[21:06:15.068] [32mINFO[39m: [36mRequired engine migration verified[39m
    module: "worker"
    status: "applied"
    migration: "20260916_provider_event_inbox_v1"
    sourcePath: "C:\Users\Manfish\Documents\Codex\2026-09-04\let\work\backend-validation-checkout\backend\database\migrations\20260916_provider_event_inbox_v1.sql"
    sha256: "452b2534f7559326b3772c84d2c3b12bf2c4b6e7623b2a214cd0d20bd09f07a4"
[21:06:15.068] [32mINFO[39m: [36mRequired engine migration verified[39m
    module: "worker"
    status: "applied"
    migration: "20260917_financial_provider_command_journal_v1"
    sourcePath: "C:\Users\Manfish\Documents\Codex\2026-09-04\let\work\backend-validation-checkout\backend\database\migrations\20260917_financial_provider_command_journal_v1.sql"
    sha256: "1ef51473dda118ffe7ff7799ae66e388a66ff9fa34f71df0fa1dc281b1b72577"
[21:06:15.068] [32mINFO[39m: [36mRequired engine migration verified[39m
    module: "worker"
    status: "applied"
    migration: "20260918_universal_v1_prepared_financial_command_v1"
    sourcePath: "C:\Users\Manfish\Documents\Codex\2026-09-04\let\work\backend-validation-checkout\backend\database\migrations\20260918_universal_v1_prepared_financial_command_v1.sql"
    sha256: "dccae61700235f6e0609bef77e454b808af148c347978ae08b422ded77bd8920"
[21:06:15.069] [32mINFO[39m: [36mRequired engine migration verified[39m
    module: "worker"
    status: "applied"
    migration: "20260919_provider_event_processing_v1"
    sourcePath: "C:\Users\Manfish\Documents\Codex\2026-09-04\let\work\backend-validation-checkout\backend\database\migrations\20260919_provider_event_processing_v1.sql"
    sha256: "48a0874f8cf045c5507071ee7013605101c9d50988fd55a97a6148b979b9e798"
[21:06:15.069] [32mINFO[39m: [36mRequired engine migration verified[39m
    module: "worker"
    status: "applied"
    migration: "20260920_financial_provider_command_recovery_v1"
    sourcePath: "C:\Users\Manfish\Documents\Codex\2026-09-04\let\work\backend-validation-checkout\backend\database\migrations\20260920_financial_provider_command_recovery_v1.sql"
    sha256: "f7e8b62942c1aed5435d2d7d805273effd52fc8041e78561d8ad9d3f69a77daf"
[21:06:15.069] [32mINFO[39m: [36mRequired engine migration verified[39m
    module: "worker"
    status: "applied"
    migration: "20260923_legacy_escrow_insert_containment_v1"
    sourcePath: "C:\Users\Manfish\Documents\Codex\2026-09-04\let\work\backend-validation-checkout\backend\database\migrations\20260923_legacy_escrow_insert_containment_v1.sql"
    sha256: "6b9a51a3aa3e963c13585ba5c374c55164a76be9dfffc91303175a523c9ab5d1"
[21:06:15.069] [32mINFO[39m: [36mRequired engine migration verified[39m
    module: "worker"
    status: "applied"
    migration: "20260924_universal_v1_task_draft_route_context_v1"
    sourcePath: "C:\Users\Manfish\Documents\Codex\2026-09-04\let\work\backend-validation-checkout\backend\database\migrations\20260924_universal_v1_task_draft_route_context_v1.sql"
    sha256: "530539ce2d5b3a002bb7ee5e41666334fd4a1d642dc3ac410cd5bae719b2e76f"
[21:06:15.069] [32mINFO[39m: [36mRequired engine migration verified[39m
    module: "worker"
    status: "applied"
    migration: "20260925_universal_v1_work_order_compensation_v1"
    sourcePath: "C:\Users\Manfish\Documents\Codex\2026-09-04\let\work\backend-validation-checkout\backend\database\migrations\20260925_universal_v1_work_order_compensation_v1.sql"
    sha256: "eca44af1528e1a21b718bc765cd8bc740e779bc02497195ddba7da00607f9169"
[21:06:15.070] [32mINFO[39m: [36mRequired engine migration verified[39m
    module: "worker"
    status: "applied"
    migration: "20260928_provider_observation_normalization_v1"
    sourcePath: "C:\Users\Manfish\Documents\Codex\2026-09-04\let\work\backend-validation-checkout\backend\database\migrations\20260928_provider_observation_normalization_v1.sql"
    sha256: "526872fabf6ee65126e3e864ec7d7fb7b830d08d95b8b35799fad8aadc8e7607"
[21:06:15.070] [32mINFO[39m: [36mRequired engine migration verified[39m
    module: "worker"
    status: "applied"
    migration: "20260929_universal_v1_double_entry_ledger_v1"
    sourcePath: "C:\Users\Manfish\Documents\Codex\2026-09-04\let\work\backend-validation-checkout\backend\database\migrations\20260929_universal_v1_double_entry_ledger_v1.sql"
    sha256: "1ad5d75901ad4de964ca821ca8a78bf37bfdb7322b2a2a2119c7bc60325f3102"
[21:06:15.070] [32mINFO[39m: [36mRequired engine migration verified[39m
    module: "worker"
    status: "applied"
    migration: "20260930_universal_v1_ops_cases_v1"
    sourcePath: "C:\Users\Manfish\Documents\Codex\2026-09-04\let\work\backend-validation-checkout\backend\database\migrations\20260930_universal_v1_ops_cases_v1.sql"
    sha256: "5a60b4ec860d26c1e5251cde4fd8a2f7a5aa9f567dc52adc87a2fb6d72cab104"
[21:06:15.071] [32mINFO[39m: [36mRequired engine migration verified[39m
    module: "worker"
    status: "applied"
    migration: "20261001_universal_v1_relationship_origin_v1"
    sourcePath: "C:\Users\Manfish\Documents\Codex\2026-09-04\let\work\backend-validation-checkout\backend\database\migrations\20261001_universal_v1_relationship_origin_v1.sql"
    sha256: "099372b9a542f268661d61d4ac618a11170fe81a26ae13af0512a82c2405e077"
[21:06:15.071] [32mINFO[39m: [36mRequired engine migration verified[39m
    module: "worker"
    status: "applied"
    migration: "20261002_universal_v1_dispute_recovery_v1"
    sourcePath: "C:\Users\Manfish\Documents\Codex\2026-09-04\let\work\backend-validation-checkout\backend\database\migrations\20261002_universal_v1_dispute_recovery_v1.sql"
    sha256: "6137ad651293d9a7f074b225bbd0f861911892427868ad84aff17425673fa189"
[21:06:15.072] [32mINFO[39m: [36mRequired engine migration verified[39m
    module: "worker"
    status: "applied"
    migration: "20261003_universal_v1_task_opportunities_v1"
    sourcePath: "C:\Users\Manfish\Documents\Codex\2026-09-04\let\work\backend-validation-checkout\backend\database\migrations\20261003_universal_v1_task_opportunities_v1.sql"
    sha256: "8f2e2e0edf387fd89cd936bbab6059cd4a4e22abbb3aae73951f3f466eca84b7"
[21:06:15.072] [32mINFO[39m: [36mRequired engine migration verified[39m
    module: "worker"
    status: "applied"
    migration: "20261004_universal_v1_completion_notice_dispatch_v1"
    sourcePath: "C:\Users\Manfish\Documents\Codex\2026-09-04\let\work\backend-validation-checkout\backend\database\migrations\20261004_universal_v1_completion_notice_dispatch_v1.sql"
    sha256: "f5723941769d027e496d0a3a7fed32b29b1a02ff76db97ead815acd46a7fdee8"
[21:06:15.072] [32mINFO[39m: [36mRequired engine migration verified[39m
    module: "worker"
    status: "applied"
    migration: "20261005_universal_v1_occurrence_access_audit_v1"
    sourcePath: "C:\Users\Manfish\Documents\Codex\2026-09-04\let\work\backend-validation-checkout\backend\database\migrations\20261005_universal_v1_occurrence_access_audit_v1.sql"
    sha256: "d805ce946b7aba804be55aea9f131cff99047adaa7d46cd3d21242ac492ec364"
[21:06:15.072] [32mINFO[39m: [36mRequired engine migration verified[39m
    module: "worker"
    status: "applied"
    migration: "20261006_stage1_legacy_authority_containment_v1"
    sourcePath: "C:\Users\Manfish\Documents\Codex\2026-09-04\let\work\backend-validation-checkout\backend\database\migrations\20261006_stage1_legacy_authority_containment_v1.sql"
    sha256: "5cc6f5710696048b98c97ea06993a56aefaf711bac7a04dd973059f957d4eb63"
[21:06:15.073] [32mINFO[39m: [36mRequired engine migration verified[39m
    module: "worker"
    status: "applied"
    migration: "20261007_subscription_cancellation_recovery_v1"
    sourcePath: "C:\Users\Manfish\Documents\Codex\2026-09-04\let\work\backend-validation-checkout\backend\database\migrations\20261007_subscription_cancellation_recovery_v1.sql"
    sha256: "b6671677f556655c2cc3bad374a341a7667a0c431155397dbc0f5ad8029ffdb4"
[21:06:15.073] [32mINFO[39m: [36mRequired engine migration verified[39m
    module: "worker"
    status: "applied"
    migration: "20261008_universal_v1_work_order_task_state_containment_v1"
    sourcePath: "C:\Users\Manfish\Documents\Codex\2026-09-04\let\work\backend-validation-checkout\backend\database\migrations\20261008_universal_v1_work_order_task_state_containment_v1.sql"
    sha256: "2c3a3050a5a4efb3380e9746d77526a22adf33438c7e31521c589998b860ba04"
[21:06:15.073] [32mINFO[39m: [36mRequired engine migration verified[39m
    module: "worker"
    status: "applied"
    migration: "20261009_universal_v1_standardized_quote_readiness_v1"
    sourcePath: "C:\Users\Manfish\Documents\Codex\2026-09-04\let\work\backend-validation-checkout\backend\database\migrations\20261009_universal_v1_standardized_quote_readiness_v1.sql"
    sha256: "e088ec77e6dde547c5125807b6b6a83a318cc31a3c23a60233a87040a4ae8a2a"
[21:06:15.073] [32mINFO[39m: [36mRequired engine migration verified[39m
    module: "worker"
    status: "applied"
    migration: "20261010_universal_v1_financial_security_event_expiry_v1"
    sourcePath: "C:\Users\Manfish\Documents\Codex\2026-09-04\let\work\backend-validation-checkout\backend\database\migrations\20261010_universal_v1_financial_security_event_expiry_v1.sql"
    sha256: "1203de8b3a8a3457d439e51b7cc17d446ab1c9ae9a0c416b677f114d91e08a7b"
[21:06:15.074] [32mINFO[39m: [36mRequired engine migration verified[39m
    module: "worker"
    status: "applied"
    migration: "20261012_universal_v1_work_order_command_authority_v2"
    sourcePath: "C:\Users\Manfish\Documents\Codex\2026-09-04\let\work\backend-validation-checkout\backend\database\migrations\20261012_universal_v1_work_order_command_authority_v2.sql"
    sha256: "646a94805c9f6df5a487e4af11167329e82a9739ff81c5198c8d1db6f6bfd30d"
[21:06:15.075] [32mINFO[39m: [36mRequired engine migration verified[39m
    module: "worker"
    status: "applied"
    migration: "20261014_universal_v1_work_order_command_ports_v1"
    sourcePath: "C:\Users\Manfish\Documents\Codex\2026-09-04\let\work\backend-validation-checkout\backend\database\migrations\20261014_universal_v1_work_order_command_ports_v1.sql"
    sha256: "3920ac8d3208b9f573dc331cab60c373d0349611700c6e14a6e4c1dd8c53aac4"
[21:06:15.076] [32mINFO[39m: [36mLegacy exact-location encryption backfill verified[39m
    module: "worker"
    backfilledLocationCount: 0
[21:06:15.084] [32mINFO[39m: [36mNonproduction fake-financial migrations verified[39m
    module: "worker"
    outcomes: [
      {
        "status": "applied",
        "migration": "20260827_fake_financial_provider_v1",
        "sourcePath": "/app/backend/database/migrations/20260827_fake_financial_provider_v1.sql",
        "sha256": "26d451ef2812b11cf221290635cee4c402d16012e19741e58663b86e6ae10ec8"
      },
      {
        "status": "applied",
        "migration": "20260903_fake_financial_provider_account_refresh_v2",
        "sourcePath": "/app/backend/database/migrations/20260903_fake_financial_provider_account_refresh_v2.sql",
        "sha256": "74cfbdde587bccd761a6043571d5c9dc2fde797d428911a45cb6eef7d0bb1389"
      },
      {
        "status": "applied",
        "migration": "20260910_fake_financial_settlement_completion_v3",
        "sourcePath": "/app/backend/database/migrations/20260910_fake_financial_settlement_completion_v3.sql",
        "sha256": "77432de4ab69f63f23ef2558a4ef2164ac8a233ad394d66bf70e0142517dc1ef"
      },
      {
        "status": "applied",
        "migration": "20260921_universal_v1_fake_financial_lifecycle_bridge_v1",
        "sourcePath": "/app/backend/database/migrations/20260921_universal_v1_fake_financial_lifecycle_bridge_v1.sql",
        "sha256": "63075ae3094cc8d4d26999fbb1c2b31babe89b6bc2e7d99f092955452dd85e5e"
      },
      {
        "status": "applied",
        "migration": "20260922_universal_v1_fake_terminal_lifecycle_intent_v1",
        "sourcePath": "/app/backend/database/migrations/20260922_universal_v1_fake_terminal_lifecycle_intent_v1.sql",
        "sha256": "f1bc0be5cb925734d909a83018f7528c4b3c31654ae9f5cae3b8993c4f5ef693"
      },
      {
        "status": "applied",
        "migration": "20260926_universal_v1_change_order_three_phase_v1",
        "sourcePath": "/app/backend/database/migrations/20260926_universal_v1_change_order_three_phase_v1.sql",
        "sha256": "574d440fea618c4a44efaf56e0a5f6f4cd84fd46089a12c2d071aa813a295613"
      },
      {
        "status": "applied",
        "migration": "20260927_universal_v1_change_order_recovery_v1",
        "sourcePath": "/app/backend/database/migrations/20260927_universal_v1_change_order_recovery_v1.sql",
        "sha256": "8ae30fd8e3b990e839fd6ed6dbed3c715ed6d9b8954fe8aaa49bbcbe09986078"
      },
      {
        "status": "applied",
        "migration": "20261002_universal_v1_dispute_fake_release_gate_v8",
        "sourcePath": "/app/backend/database/migrations/20261002_universal_v1_dispute_fake_release_gate_v8.sql",
        "sha256": "41e76dfa7f3293e1f9cf1bfda7b7c25344beec218366492b6ffa217ccdc8a0dc"
      },
      {
        "status": "applied",
        "migration": "20261010_universal_v1_fake_financial_expiry_v9",
        "sourcePath": "/app/backend/database/migrations/20261010_universal_v1_fake_financial_expiry_v9.sql",
        "sha256": "9c53bd9f8f9524b177c9b08f023bb3005d84ab6c159394ae6490ee1e48ad496d"
      },
      {
        "status": "applied",
        "migration": "20261011_universal_v1_fake_financial_expiry_recovery_v10",
        "sourcePath": "/app/backend/database/migrations/20261011_universal_v1_fake_financial_expiry_recovery_v10.sql",
        "sha256": "739ce58699a11ea0078c0c2eb910ec8a2adb2278e6af2aeefe041cc07c3d6a25"
      },
      {
        "status": "applied",
        "migration": "20261013_nonproduction_runtime_insert_authority_v1",
        "sourcePath": "/app/backend/database/migrations/20261013_nonproduction_runtime_insert_authority_v1.sql",
        "sha256": "e4204c41457be1ceb823b48baf228010e266172f6e081693475f05a670fcd35c"
      },
      {
        "status": "applied",
        "migration": "20261015_universal_v1_work_order_fake_financial_authority_hardening_v12",
        "sourcePath": "/app/backend/database/migrations/20261015_universal_v1_work_order_fake_financial_authority_hardening_v12.sql",
        "sha256": "5bb8ee72b9113146b88c22c6751ebe527ba6246b4463a8611ef9c24b999b7ac5"
      },
      {
        "status": "applied",
        "migration": "20261015_universal_v1_work_order_bootstrap_seal_v1",
        "sourcePath": "/app/backend/database/migrations/20261015_universal_v1_work_order_bootstrap_seal_v1.sql",
        "sha256": "c69825589193885d0f6a3b93930880998e95e1c5cd44bb9b5999cb457192b2bd"
      },
      {
        "status": "applied",
        "migration": "20261016_universal_v1_fake_financial_command_outbox_authority_v13",
        "sourcePath": "/app/backend/database/migrations/20261016_universal_v1_fake_financial_command_outbox_authority_v13.sql",
        "sha256": "71d8ce41ec1437725559b687505d77e624817f532648b12a87567dfd6f205d27"
      }
    ]
stderr | backend/tests/unit/ai-router-cost.test.ts > callAI — Redis unavailable > denies the call before provider I/O when atomic reservation is unavailable
[AI Router] Spend authority unavailable: Error: Redis connection refused
    at C:/Users/Manfish/Documents/Codex/2026-09-04/let/work/backend-validation-checkout/backend/tests/unit/ai-router-cost.test.ts:320:40
    at file:///C:/Users/Manfish/Documents/Codex/2026-09-04/let/work/backend-validation-checkout/node_modules/@vitest/runner/dist/chunk-artifact.js:302:11
    at file:///C:/Users/Manfish/Documents/Codex/2026-09-04/let/work/backend-validation-checkout/node_modules/@vitest/runner/dist/chunk-artifact.js:1903:26
    at file:///C:/Users/Manfish/Documents/Codex/2026-09-04/let/work/backend-validation-checkout/node_modules/@vitest/runner/dist/chunk-artifact.js:2326:20
    at new Promise (<anonymous>)
    at runWithCancel (file:///C:/Users/Manfish/Documents/Codex/2026-09-04/let/work/backend-validation-checkout/node_modules/@vitest/runner/dist/chunk-artifact.js:2323:10)
    at file:///C:/Users/Manfish/Documents/Codex/2026-09-04/let/work/backend-validation-checkout/node_modules/@vitest/runner/dist/chunk-artifact.js:2305:20
    at new Promise (<anonymous>)
    at runWithTimeout (file:///C:/Users/Manfish/Documents/Codex/2026-09-04/let/work/backend-validation-checkout/node_modules/@vitest/runner/dist/chunk-artifact.js:2272:10)
    at file:///C:/Users/Manfish/Documents/Codex/2026-09-04/let/work/backend-validation-checkout/node_modules/@vitest/runner/dist/chunk-artifact.js:2955:64

[21:06:15.252] [32mINFO[39m: [36mNonproduction fake-financial migrations verified[39m
    module: "worker"
    outcomes: [
      {
        "status": "applied",
        "migration": "20260827_fake_financial_provider_v1",
        "sourcePath": "/app/backend/database/migrations/20260827_fake_financial_provider_v1.sql",
        "sha256": "26d451ef2812b11cf221290635cee4c402d16012e19741e58663b86e6ae10ec8"
      },
      {
        "status": "applied",
        "migration": "20260903_fake_financial_provider_account_refresh_v2",
        "sourcePath": "/app/backend/database/migrations/20260903_fake_financial_provider_account_refresh_v2.sql",
        "sha256": "74cfbdde587bccd761a6043571d5c9dc2fde797d428911a45cb6eef7d0bb1389"
      },
      {
        "status": "applied",
        "migration": "20260910_fake_financial_settlement_completion_v3",
        "sourcePath": "/app/backend/database/migrations/20260910_fake_financial_settlement_completion_v3.sql",
        "sha256": "77432de4ab69f63f23ef2558a4ef2164ac8a233ad394d66bf70e0142517dc1ef"
      },
      {
        "status": "applied",
        "migration": "20260921_universal_v1_fake_financial_lifecycle_bridge_v1",
        "sourcePath": "/app/backend/database/migrations/20260921_universal_v1_fake_financial_lifecycle_bridge_v1.sql",
        "sha256": "63075ae3094cc8d4d26999fbb1c2b31babe89b6bc2e7d99f092955452dd85e5e"
      },
      {
        "status": "applied",
        "migration": "20260922_universal_v1_fake_terminal_lifecycle_intent_v1",
        "sourcePath": "/app/backend/database/migrations/20260922_universal_v1_fake_terminal_lifecycle_intent_v1.sql",
        "sha256": "f1bc0be5cb925734d909a83018f7528c4b3c31654ae9f5cae3b8993c4f5ef693"
      },
      {
        "status": "applied",
        "migration": "20260926_universal_v1_change_order_three_phase_v1",
        "sourcePath": "/app/backend/database/migrations/20260926_universal_v1_change_order_three_phase_v1.sql",
        "sha256": "574d440fea618c4a44efaf56e0a5f6f4cd84fd46089a12c2d071aa813a295613"
      },
      {
        "status": "applied",
        "migration": "20260927_universal_v1_change_order_recovery_v1",
        "sourcePath": "/app/backend/database/migrations/20260927_universal_v1_change_order_recovery_v1.sql",
        "sha256": "8ae30fd8e3b990e839fd6ed6dbed3c715ed6d9b8954fe8aaa49bbcbe09986078"
      },
      {
        "status": "applied",
        "migration": "20261002_universal_v1_dispute_fake_release_gate_v8",
        "sourcePath": "/app/backend/database/migrations/20261002_universal_v1_dispute_fake_release_gate_v8.sql",
        "sha256": "41e76dfa7f3293e1f9cf1bfda7b7c25344beec218366492b6ffa217ccdc8a0dc"
      },
      {
        "status": "applied",
        "migration": "20261010_universal_v1_fake_financial_expiry_v9",
        "sourcePath": "/app/backend/database/migrations/20261010_universal_v1_fake_financial_expiry_v9.sql",
        "sha256": "9c53bd9f8f9524b177c9b08f023bb3005d84ab6c159394ae6490ee1e48ad496d"
      },
      {
        "status": "applied",
        "migration": "20261011_universal_v1_fake_financial_expiry_recovery_v10",
        "sourcePath": "/app/backend/database/migrations/20261011_universal_v1_fake_financial_expiry_recovery_v10.sql",
        "sha256": "739ce58699a11ea0078c0c2eb910ec8a2adb2278e6af2aeefe041cc07c3d6a25"
      },
      {
        "status": "applied",
        "migration": "20261013_nonproduction_runtime_insert_authority_v1",
        "sourcePath": "/app/backend/database/migrations/20261013_nonproduction_runtime_insert_authority_v1.sql",
        "sha256": "e4204c41457be1ceb823b48baf228010e266172f6e081693475f05a670fcd35c"
      },
      {
        "status": "applied",
        "migration": "20261015_universal_v1_work_order_fake_financial_authority_hardening_v12",
        "sourcePath": "/app/backend/database/migrations/20261015_universal_v1_work_order_fake_financial_authority_hardening_v12.sql",
        "sha256": "5bb8ee72b9113146b88c22c6751ebe527ba6246b4463a8611ef9c24b999b7ac5"
      },
      {
        "status": "applied",
        "migration": "20261015_universal_v1_work_order_bootstrap_seal_v1",
        "sourcePath": "/app/backend/database/migrations/20261015_universal_v1_work_order_bootstrap_seal_v1.sql",
        "sha256": "c69825589193885d0f6a3b93930880998e95e1c5cd44bb9b5999cb457192b2bd"
      },
      {
        "status": "applied",
        "migration": "20261016_universal_v1_fake_financial_command_outbox_authority_v13",
        "sourcePath": "/app/backend/database/migrations/20261016_universal_v1_fake_financial_command_outbox_authority_v13.sql",
        "sha256": "71d8ce41ec1437725559b687505d77e624817f532648b12a87567dfd6f205d27"
      }
    ]
stderr | backend/tests/unit/ai-router-branches.test.ts > callAI — Redis fail-closed (checkBudget catch branch) > blocks the call before provider I/O when reservation throws
[AI Router] Spend authority unavailable: Error: Redis connection refused
    at C:/Users/Manfish/Documents/Codex/2026-09-04/let/work/backend-validation-checkout/backend/tests/unit/ai-router-branches.test.ts:216:40
    at file:///C:/Users/Manfish/Documents/Codex/2026-09-04/let/work/backend-validation-checkout/node_modules/@vitest/runner/dist/chunk-artifact.js:302:11
    at file:///C:/Users/Manfish/Documents/Codex/2026-09-04/let/work/backend-validation-checkout/node_modules/@vitest/runner/dist/chunk-artifact.js:1903:26
    at file:///C:/Users/Manfish/Documents/Codex/2026-09-04/let/work/backend-validation-checkout/node_modules/@vitest/runner/dist/chunk-artifact.js:2326:20
    at new Promise (<anonymous>)
    at runWithCancel (file:///C:/Users/Manfish/Documents/Codex/2026-09-04/let/work/backend-validation-checkout/node_modules/@vitest/runner/dist/chunk-artifact.js:2323:10)
    at file:///C:/Users/Manfish/Documents/Codex/2026-09-04/let/work/backend-validation-checkout/node_modules/@vitest/runner/dist/chunk-artifact.js:2305:20
    at new Promise (<anonymous>)
    at runWithTimeout (file:///C:/Users/Manfish/Documents/Codex/2026-09-04/let/work/backend-validation-checkout/node_modules/@vitest/runner/dist/chunk-artifact.js:2272:10)
    at file:///C:/Users/Manfish/Documents/Codex/2026-09-04/let/work/backend-validation-checkout/node_modules/@vitest/runner/dist/chunk-artifact.js:2955:64

[21:06:15.380] [32mINFO[39m: [36mNonproduction fake-financial migrations verified[39m
    module: "worker"
    outcomes: [
      {
        "status": "applied",
        "migration": "20260827_fake_financial_provider_v1",
        "sourcePath": "/app/backend/database/migrations/20260827_fake_financial_provider_v1.sql",
        "sha256": "26d451ef2812b11cf221290635cee4c402d16012e19741e58663b86e6ae10ec8"
      },
      {
        "status": "applied",
        "migration": "20260903_fake_financial_provider_account_refresh_v2",
        "sourcePath": "/app/backend/database/migrations/20260903_fake_financial_provider_account_refresh_v2.sql",
        "sha256": "74cfbdde587bccd761a6043571d5c9dc2fde797d428911a45cb6eef7d0bb1389"
      },
      {
        "status": "applied",
        "migration": "20260910_fake_financial_settlement_completion_v3",
        "sourcePath": "/app/backend/database/migrations/20260910_fake_financial_settlement_completion_v3.sql",
        "sha256": "77432de4ab69f63f23ef2558a4ef2164ac8a233ad394d66bf70e0142517dc1ef"
      },
      {
        "status": "applied",
        "migration": "20260921_universal_v1_fake_financial_lifecycle_bridge_v1",
        "sourcePath": "/app/backend/database/migrations/20260921_universal_v1_fake_financial_lifecycle_bridge_v1.sql",
        "sha256": "63075ae3094cc8d4d26999fbb1c2b31babe89b6bc2e7d99f092955452dd85e5e"
      },
      {
        "status": "applied",
        "migration": "20260922_universal_v1_fake_terminal_lifecycle_intent_v1",
        "sourcePath": "/app/backend/database/migrations/20260922_universal_v1_fake_terminal_lifecycle_intent_v1.sql",
        "sha256": "f1bc0be5cb925734d909a83018f7528c4b3c31654ae9f5cae3b8993c4f5ef693"
      },
      {
        "status": "applied",
        "migration": "20260926_universal_v1_change_order_three_phase_v1",
        "sourcePath": "/app/backend/database/migrations/20260926_universal_v1_change_order_three_phase_v1.sql",
        "sha256": "574d440fea618c4a44efaf56e0a5f6f4cd84fd46089a12c2d071aa813a295613"
      },
      {
        "status": "applied",
        "migration": "20260927_universal_v1_change_order_recovery_v1",
        "sourcePath": "/app/backend/database/migrations/20260927_universal_v1_change_order_recovery_v1.sql",
        "sha256": "8ae30fd8e3b990e839fd6ed6dbed3c715ed6d9b8954fe8aaa49bbcbe09986078"
      },
      {
        "status": "applied",
        "migration": "20261002_universal_v1_dispute_fake_release_gate_v8",
        "sourcePath": "/app/backend/database/migrations/20261002_universal_v1_dispute_fake_release_gate_v8.sql",
        "sha256": "41e76dfa7f3293e1f9cf1bfda7b7c25344beec218366492b6ffa217ccdc8a0dc"
      },
      {
        "status": "applied",
        "migration": "20261010_universal_v1_fake_financial_expiry_v9",
        "sourcePath": "/app/backend/database/migrations/20261010_universal_v1_fake_financial_expiry_v9.sql",
        "sha256": "9c53bd9f8f9524b177c9b08f023bb3005d84ab6c159394ae6490ee1e48ad496d"
      },
      {
        "status": "applied",
        "migration": "20261011_universal_v1_fake_financial_expiry_recovery_v10",
        "sourcePath": "/app/backend/database/migrations/20261011_universal_v1_fake_financial_expiry_recovery_v10.sql",
        "sha256": "739ce58699a11ea0078c0c2eb910ec8a2adb2278e6af2aeefe041cc07c3d6a25"
      },
      {
        "status": "applied",
        "migration": "20261013_nonproduction_runtime_insert_authority_v1",
        "sourcePath": "/app/backend/database/migrations/20261013_nonproduction_runtime_insert_authority_v1.sql",
        "sha256": "e4204c41457be1ceb823b48baf228010e266172f6e081693475f05a670fcd35c"
      },
      {
        "status": "applied",
        "migration": "20261015_universal_v1_work_order_fake_financial_authority_hardening_v12",
        "sourcePath": "/app/backend/database/migrations/20261015_universal_v1_work_order_fake_financial_authority_hardening_v12.sql",
        "sha256": "5bb8ee72b9113146b88c22c6751ebe527ba6246b4463a8611ef9c24b999b7ac5"
      },
      {
        "status": "applied",
        "migration": "20261015_universal_v1_work_order_bootstrap_seal_v1",
        "sourcePath": "/app/backend/database/migrations/20261015_universal_v1_work_order_bootstrap_seal_v1.sql",
        "sha256": "c69825589193885d0f6a3b93930880998e95e1c5cd44bb9b5999cb457192b2bd"
      },
      {
        "status": "applied",
        "migration": "20261016_universal_v1_fake_financial_command_outbox_authority_v13",
        "sourcePath": "/app/backend/database/migrations/20261016_universal_v1_fake_financial_command_outbox_authority_v13.sql",
        "sha256": "71d8ce41ec1437725559b687505d77e624817f532648b12a87567dfd6f205d27"
      }
    ]
[21:06:15.428] [32mINFO[39m: [36mNonproduction fake-financial migrations verified[39m
    module: "worker"
    outcomes: [
      {
        "status": "applied",
        "migration": "20260827_fake_financial_provider_v1",
        "sourcePath": "/app/backend/database/migrations/20260827_fake_financial_provider_v1.sql",
        "sha256": "26d451ef2812b11cf221290635cee4c402d16012e19741e58663b86e6ae10ec8"
      },
      {
        "status": "applied",
        "migration": "20260903_fake_financial_provider_account_refresh_v2",
        "sourcePath": "/app/backend/database/migrations/20260903_fake_financial_provider_account_refresh_v2.sql",
        "sha256": "74cfbdde587bccd761a6043571d5c9dc2fde797d428911a45cb6eef7d0bb1389"
      },
      {
        "status": "applied",
        "migration": "20260910_fake_financial_settlement_completion_v3",
        "sourcePath": "/app/backend/database/migrations/20260910_fake_financial_settlement_completion_v3.sql",
        "sha256": "77432de4ab69f63f23ef2558a4ef2164ac8a233ad394d66bf70e0142517dc1ef"
      },
      {
        "status": "applied",
        "migration": "20260921_universal_v1_fake_financial_lifecycle_bridge_v1",
        "sourcePath": "/app/backend/database/migrations/20260921_universal_v1_fake_financial_lifecycle_bridge_v1.sql",
        "sha256": "63075ae3094cc8d4d26999fbb1c2b31babe89b6bc2e7d99f092955452dd85e5e"
      },
      {
        "status": "applied",
        "migration": "20260922_universal_v1_fake_terminal_lifecycle_intent_v1",
        "sourcePath": "/app/backend/database/migrations/20260922_universal_v1_fake_terminal_lifecycle_intent_v1.sql",
        "sha256": "f1bc0be5cb925734d909a83018f7528c4b3c31654ae9f5cae3b8993c4f5ef693"
      },
      {
        "status": "applied",
        "migration": "20260926_universal_v1_change_order_three_phase_v1",
        "sourcePath": "/app/backend/database/migrations/20260926_universal_v1_change_order_three_phase_v1.sql",
        "sha256": "574d440fea618c4a44efaf56e0a5f6f4cd84fd46089a12c2d071aa813a295613"
      },
      {
        "status": "applied",
        "migration": "20260927_universal_v1_change_order_recovery_v1",
        "sourcePath": "/app/backend/database/migrations/20260927_universal_v1_change_order_recovery_v1.sql",
        "sha256": "8ae30fd8e3b990e839fd6ed6dbed3c715ed6d9b8954fe8aaa49bbcbe09986078"
      },
      {
        "status": "applied",
        "migration": "20261002_universal_v1_dispute_fake_release_gate_v8",
        "sourcePath": "/app/backend/database/migrations/20261002_universal_v1_dispute_fake_release_gate_v8.sql",
        "sha256": "41e76dfa7f3293e1f9cf1bfda7b7c25344beec218366492b6ffa217ccdc8a0dc"
      },
      {
        "status": "applied",
        "migration": "20261010_universal_v1_fake_financial_expiry_v9",
        "sourcePath": "/app/backend/database/migrations/20261010_universal_v1_fake_financial_expiry_v9.sql",
        "sha256": "9c53bd9f8f9524b177c9b08f023bb3005d84ab6c159394ae6490ee1e48ad496d"
      },
      {
        "status": "applied",
        "migration": "20261011_universal_v1_fake_financial_expiry_recovery_v10",
        "sourcePath": "/app/backend/database/migrations/20261011_universal_v1_fake_financial_expiry_recovery_v10.sql",
        "sha256": "739ce58699a11ea0078c0c2eb910ec8a2adb2278e6af2aeefe041cc07c3d6a25"
      },
      {
        "status": "applied",
        "migration": "20261013_nonproduction_runtime_insert_authority_v1",
        "sourcePath": "/app/backend/database/migrations/20261013_nonproduction_runtime_insert_authority_v1.sql",
        "sha256": "e4204c41457be1ceb823b48baf228010e266172f6e081693475f05a670fcd35c"
      },
      {
        "status": "applied",
        "migration": "20261015_universal_v1_work_order_fake_financial_authority_hardening_v12",
        "sourcePath": "/app/backend/database/migrations/20261015_universal_v1_work_order_fake_financial_authority_hardening_v12.sql",
        "sha256": "5bb8ee72b9113146b88c22c6751ebe527ba6246b4463a8611ef9c24b999b7ac5"
      },
      {
        "status": "applied",
        "migration": "20261015_universal_v1_work_order_bootstrap_seal_v1",
        "sourcePath": "/app/backend/database/migrations/20261015_universal_v1_work_order_bootstrap_seal_v1.sql",
        "sha256": "c69825589193885d0f6a3b93930880998e95e1c5cd44bb9b5999cb457192b2bd"
      },
      {
        "status": "applied",
        "migration": "20261016_universal_v1_fake_financial_command_outbox_authority_v13",
        "sourcePath": "/app/backend/database/migrations/20261016_universal_v1_fake_financial_command_outbox_authority_v13.sql",
        "sha256": "71d8ce41ec1437725559b687505d77e624817f532648b12a87567dfd6f205d27"
      }
    ]
stderr | backend/tests/unit/ai-router-cost.test.ts > callAI — spend authority and idempotency > does not call a fallback after successful provider I/O when audit persistence fails
[AI Router] Spend authority unavailable: Error: Postgres unavailable
    at C:/Users/Manfish/Documents/Codex/2026-09-04/let/work/backend-validation-checkout/backend/tests/unit/ai-router-cost.test.ts:375:33
    at file:///C:/Users/Manfish/Documents/Codex/2026-09-04/let/work/backend-validation-checkout/node_modules/@vitest/runner/dist/chunk-artifact.js:302:11
    at file:///C:/Users/Manfish/Documents/Codex/2026-09-04/let/work/backend-validation-checkout/node_modules/@vitest/runner/dist/chunk-artifact.js:1903:26
    at file:///C:/Users/Manfish/Documents/Codex/2026-09-04/let/work/backend-validation-checkout/node_modules/@vitest/runner/dist/chunk-artifact.js:2326:20
    at new Promise (<anonymous>)
    at runWithCancel (file:///C:/Users/Manfish/Documents/Codex/2026-09-04/let/work/backend-validation-checkout/node_modules/@vitest/runner/dist/chunk-artifact.js:2323:10)
    at file:///C:/Users/Manfish/Documents/Codex/2026-09-04/let/work/backend-validation-checkout/node_modules/@vitest/runner/dist/chunk-artifact.js:2305:20
    at new Promise (<anonymous>)
    at runWithTimeout (file:///C:/Users/Manfish/Documents/Codex/2026-09-04/let/work/backend-validation-checkout/node_modules/@vitest/runner/dist/chunk-artifact.js:2272:10)
    at file:///C:/Users/Manfish/Documents/Codex/2026-09-04/let/work/backend-validation-checkout/node_modules/@vitest/runner/dist/chunk-artifact.js:2955:64

stderr | backend/tests/unit/ai-router-cost.test.ts > callAI — spend authority and idempotency > does not call a fallback when post-provider Redis settlement fails
[AI Router] Spend authority unavailable: Error: Redis unavailable
    at C:/Users/Manfish/Documents/Codex/2026-09-04/let/work/backend-validation-checkout/backend/tests/unit/ai-router-cost.test.ts:386:39
    at file:///C:/Users/Manfish/Documents/Codex/2026-09-04/let/work/backend-validation-checkout/node_modules/@vitest/runner/dist/chunk-artifact.js:302:11
    at file:///C:/Users/Manfish/Documents/Codex/2026-09-04/let/work/backend-validation-checkout/node_modules/@vitest/runner/dist/chunk-artifact.js:1903:26
    at file:///C:/Users/Manfish/Documents/Codex/2026-09-04/let/work/backend-validation-checkout/node_modules/@vitest/runner/dist/chunk-artifact.js:2326:20
    at new Promise (<anonymous>)
    at runWithCancel (file:///C:/Users/Manfish/Documents/Codex/2026-09-04/let/work/backend-validation-checkout/node_modules/@vitest/runner/dist/chunk-artifact.js:2323:10)
    at file:///C:/Users/Manfish/Documents/Codex/2026-09-04/let/work/backend-validation-checkout/node_modules/@vitest/runner/dist/chunk-artifact.js:2305:20
    at new Promise (<anonymous>)
    at runWithTimeout (file:///C:/Users/Manfish/Documents/Codex/2026-09-04/let/work/backend-validation-checkout/node_modules/@vitest/runner/dist/chunk-artifact.js:2272:10)
    at file:///C:/Users/Manfish/Documents/Codex/2026-09-04/let/work/backend-validation-checkout/node_modules/@vitest/runner/dist/chunk-artifact.js:2955:64

 ✓ |isolated| backend/tests/unit/ai-router-cost.test.ts (27 tests) 1240ms
     ✓ throws INTERNAL_SERVER_ERROR when all providers in the chain fail  607ms
 ✓ |isolated| backend/tests/unit/nonproduction-financial-migration.test.ts (26 tests) 1173ms
[21:06:15.537] [32mINFO[39m: [36mRequired engine migration verified[39m
    module: "worker"
    status: "applied"
    migration: "add_missing_tables_v2"
    sourcePath: "C:\Users\Manfish\Documents\Codex\2026-09-04\let\work\backend-validation-checkout\backend\database\migrations\add_missing_tables_v2.sql"
    sha256: "0e82957e8c8ac0cdb2da99faaad235f64e8eda817ff60681e4455719b48a403e"
 ✓ |isolated| backend/tests/unit/ai-router-branches.test.ts (22 tests) 873ms
     ✓ throws HX702 when all providers in chain fail  530ms
 ✓ |isolated| backend/tests/unit/ai-ml-services-batch.test.ts (97 tests) 593ms
 ✓ |isolated| backend/tests/unit/attack-admin.test.ts (23 tests) 776ms
     ✓ 4a SAFE — admin.setUserBan is terminally held before sanction or audit writes  714ms
stderr | backend/tests/unit/config.test.ts > validateConfig > returns production errors when NODE_ENV=production and required vars missing
[FATAL] Production startup aborted — missing required configuration:
  • QUEUE_HMAC_SECRET is required in production (HMAC signing for financial BullMQ jobs)
  • FIREBASE_PROJECT_ID is required
  • FIREBASE_PRIVATE_KEY is required
  • FIREBASE_CLIENT_EMAIL is required
  • STRIPE_SECRET_KEY is required (not placeholder)
  • UPSTASH_REDIS_REST_URL and UPSTASH_REDIS_REST_TOKEN must be configured together when using the legacy REST alternate
  • REDIS_URL (or legacy UPSTASH_REDIS_URL) is required for Redis commands, BullMQ, and realtime
  • TAX_TIN_ENCRYPTION_KEY is required in production (AES-256-GCM TIN encryption)

stderr | backend/tests/unit/config.test.ts > validateConfig > rejects malformed TCP Redis and credential-bearing REST endpoints in production
[FATAL] Production startup aborted — missing required configuration:
  • QUEUE_HMAC_SECRET is required in production (HMAC signing for financial BullMQ jobs)
  • FIREBASE_PRIVATE_KEY is required
  • FIREBASE_CLIENT_EMAIL is required
  • STRIPE_SECRET_KEY is required (not placeholder)
  • REDIS_URL (or legacy UPSTASH_REDIS_URL) must use redis: or rediss: with a hostname
  • UPSTASH_REDIS_REST_URL must be an HTTPS URL without embedded credentials, query, or fragment
  • TAX_TIN_ENCRYPTION_KEY is required in production (AES-256-GCM TIN encryption)

 ✓ |isolated| backend/tests/unit/attack-schema-migration.test.ts (19 tests) 5487ms
     ✓ ATTACK-18: draftEvalCalls is no longer exported from task router  5447ms
stderr | backend/tests/unit/config.test.ts > validateConfig > calls process.exit(1) in production when Firebase config is missing
[FATAL] Production startup aborted — missing required configuration:
  • FIREBASE_PROJECT_ID is required
  • FIREBASE_PRIVATE_KEY is required
  • FIREBASE_CLIENT_EMAIL is required

stderr | backend/tests/unit/config.test.ts > validateConfig > validates TAX_TIN_ENCRYPTION_KEY format (64 hex chars)
[FATAL] Production startup aborted — missing required configuration:
  • QUEUE_HMAC_SECRET is required in production (HMAC signing for financial BullMQ jobs)
  • TAX_TIN_ENCRYPTION_KEY must be exactly 64 hex characters (32 bytes) for AES-256-GCM — generate with: openssl rand -hex 32

stderr | backend/tests/unit/config.test.ts > validateConfig > fails closed when object storage is not configured in production
[FATAL] Production startup aborted — missing required configuration:
  • R2_ENDPOINT, S3_ENDPOINT, or R2_ACCOUNT_ID is required for object storage
  • R2_ACCESS_KEY_ID or AWS_ACCESS_KEY_ID is required for object storage
  • R2_SECRET_ACCESS_KEY or AWS_SECRET_ACCESS_KEY is required for object storage
  • R2_BUCKET_NAME or BUCKET_NAME is required for object storage

stderr | backend/tests/unit/config.test.ts > validateConfig > flags STRIPE_SECRET_KEY with placeholder as error in production
[FATAL] Production startup aborted — missing required configuration:
  • QUEUE_HMAC_SECRET is required in production (HMAC signing for financial BullMQ jobs)
  • STRIPE_SECRET_KEY is required (not placeholder)

stderr | backend/tests/unit/config.test.ts > validateConfig > fails production boot when the Connect webhook secret is missing
[FATAL] Production startup aborted — missing required configuration:
  • STRIPE_CONNECT_WEBHOOK_SECRET is required (not placeholder)

stderr | backend/tests/unit/config.test.ts > validateConfig > fails production boot when Stripe webhook secrets are identical
[FATAL] Production startup aborted — missing required configuration:
  • Stripe platform and Connect webhook secrets must be distinct

stderr | backend/tests/unit/config.test.ts > validateConfig > fails production boot for Stripe mode/key mismatch test
[FATAL] Production startup aborted — missing required configuration:
  • STRIPE_MODE=test cannot be used with a live Stripe secret key

stderr | backend/tests/unit/config.test.ts > validateConfig > fails production boot for Stripe mode/key mismatch live
[FATAL] Production startup aborted — missing required configuration:
  • STRIPE_MODE=live cannot be used with a test Stripe secret key

stderr | backend/tests/unit/config.test.ts > validateConfig > fails production boot for Stripe mode/key mismatch preview
[FATAL] Production startup aborted — missing required configuration:
  • STRIPE_MODE must be either test or live

stderr | backend/tests/unit/config.test.ts > validateConfig > fails production boot for an invalid payment-creation mode
[FATAL] Production startup aborted — missing required configuration:
  • HX_PAYMENT_CREATION_MODE must be either enabled or frozen

stderr | backend/tests/unit/config.test.ts > validateConfig > fails production boot when an environment flag attempts to enable new customer money
[FATAL] Production startup aborted — missing required configuration:
  • HX_PAYMENT_CREATION_MODE=enabled is forbidden while underwriting decisions remain unresolved

stderr | backend/tests/unit/config.test.ts > validateConfig > requires financial webhook key custody outside the staging runtime environment
[FATAL] Production startup aborted — missing required configuration:
  • NONPRODUCTION_FAKE_FINANCE_REFUSED:MODULE_MEASURED_BUILD_IDENTITY_REQUIRED
[FATAL] Production startup aborted — missing required configuration:
  • NONPRODUCTION_FAKE_FINANCE_REFUSED:MODULE_MEASURED_BUILD_IDENTITY_REQUIRED
  • HX_FAKE_FINANCIAL_WEBHOOK_SECRET must be absent; financial webhook verification is sealed in PostgreSQL

stderr | backend/tests/unit/config.test.ts > validateConfig > requires financial webhook key custody outside the preview runtime environment
[FATAL] Production startup aborted — missing required configuration:
  • NONPRODUCTION_FAKE_FINANCE_REFUSED:MODULE_MEASURED_BUILD_IDENTITY_REQUIRED
[FATAL] Production startup aborted — missing required configuration:
  • NONPRODUCTION_FAKE_FINANCE_REFUSED:MODULE_MEASURED_BUILD_IDENTITY_REQUIRED
  • HX_FAKE_FINANCIAL_WEBHOOK_SECRET must be absent; financial webhook verification is sealed in PostgreSQL

stderr | backend/tests/unit/config.test.ts > validateConfig > rejects caller-shaped staging identity before Railway enrollment can grant authority
[FATAL] Production startup aborted — missing required configuration:
  • NONPRODUCTION_FAKE_FINANCE_REFUSED:MODULE_MEASURED_BUILD_IDENTITY_REQUIRED

stderr | backend/tests/unit/config.test.ts > validateConfig > rejects caller-shaped preview identity before Railway enrollment can grant authority
[FATAL] Production startup aborted — missing required configuration:
  • NONPRODUCTION_FAKE_FINANCE_REFUSED:MODULE_MEASURED_BUILD_IDENTITY_REQUIRED

stderr | backend/tests/unit/config.test.ts > validateConfig > isolates ambient CI revisions but never promotes a caller-shaped Railway identity
[FATAL] Production startup aborted — missing required configuration:
  • NONPRODUCTION_FAKE_FINANCE_REFUSED:MODULE_MEASURED_BUILD_IDENTITY_REQUIRED

stderr | backend/tests/unit/config.test.ts > validateConfig > fails deployed synthetic startup without an exact release manifest
[FATAL] Production startup aborted — missing required configuration:
  • NONPRODUCTION_FAKE_FINANCE_REFUSED:MODULE_MEASURED_BUILD_IDENTITY_REQUIRED
  • deployed synthetic nonproduction requires HX_RELEASE_MANIFEST_JSON
  • exact release manifest environment does not match HX_ENVIRONMENT
  • exact release manifest must bind the signed Charter and capability policy

stderr | backend/tests/unit/config.test.ts > validateConfig > rejects NODE_ENV=staging even with otherwise exact synthetic evidence
[FATAL] Production startup aborted — missing required configuration:
  • NODE_ENV must be production for deployed synthetic nonproduction
  • NONPRODUCTION_FAKE_FINANCE_REFUSED:MODULE_MEASURED_BUILD_IDENTITY_REQUIRED

stderr | backend/tests/unit/config.test.ts > validateConfig > does not treat HX_ENVIRONMENT=production as the synthetic staging branch
[FATAL] Production startup aborted — missing required configuration:
  • FIREBASE_PROJECT_ID is required
  • FIREBASE_PRIVATE_KEY is required
  • FIREBASE_CLIENT_EMAIL is required
  • STRIPE_SECRET_KEY is required (not placeholder)
  • STRIPE_WEBHOOK_SECRET is required (not placeholder)
  • STRIPE_CONNECT_WEBHOOK_SECRET is required (not placeholder)
  • UPSTASH_REDIS_REST_URL and UPSTASH_REDIS_REST_TOKEN must be configured together when using the legacy REST alternate

stderr | backend/tests/unit/config.test.ts > validateConfig > rejects any live money or identity credential in deployed synthetic nonproduction
[FATAL] Production startup aborted — missing required configuration:
  • NONPRODUCTION_FAKE_FINANCE_REFUSED:MODULE_MEASURED_BUILD_IDENTITY_REQUIRED
  • STRIPE_SECRET_KEY must be absent in deployed synthetic nonproduction
  • STRIPE_SECRET_KEY contains a live processor credential and must be absent
  • FIREBASE_PROJECT_ID must be absent in deployed synthetic nonproduction

stderr | backend/tests/unit/config.test.ts > validateConfig > rejects deployed synthetic live-provider variable OPENAI_API_KEY
[FATAL] Production startup aborted — missing required configuration:
  • NONPRODUCTION_FAKE_FINANCE_REFUSED:MODULE_MEASURED_BUILD_IDENTITY_REQUIRED
  • OPENAI_API_KEY must be absent in deployed synthetic nonproduction

stderr | backend/tests/unit/config.test.ts > validateConfig > rejects deployed synthetic live-provider variable GOOGLE_MAPS_API_KEY
[FATAL] Production startup aborted — missing required configuration:
  • NONPRODUCTION_FAKE_FINANCE_REFUSED:MODULE_MEASURED_BUILD_IDENTITY_REQUIRED
  • GOOGLE_MAPS_API_KEY must be absent in deployed synthetic nonproduction

stderr | backend/tests/unit/config.test.ts > validateConfig > rejects deployed synthetic live-provider variable GOOGLE_CLOUD_VISION_API_KEY
[FATAL] Production startup aborted — missing required configuration:
  • NONPRODUCTION_FAKE_FINANCE_REFUSED:MODULE_MEASURED_BUILD_IDENTITY_REQUIRED
  • GOOGLE_CLOUD_VISION_API_KEY must be absent in deployed synthetic nonproduction

stderr | backend/tests/unit/config.test.ts > validateConfig > rejects deployed synthetic live-provider variable AWS_REGION
[FATAL] Production startup aborted — missing required configuration:
  • NONPRODUCTION_FAKE_FINANCE_REFUSED:MODULE_MEASURED_BUILD_IDENTITY_REQUIRED
  • AWS_REGION must be absent in deployed synthetic nonproduction

stderr | backend/tests/unit/config.test.ts > validateConfig > rejects deployed synthetic live-provider variable R2_ACCESS_KEY_ID
[FATAL] Production startup aborted — missing required configuration:
  • NONPRODUCTION_FAKE_FINANCE_REFUSED:MODULE_MEASURED_BUILD_IDENTITY_REQUIRED
  • R2_ACCESS_KEY_ID must be absent in deployed synthetic nonproduction

stderr | backend/tests/unit/config.test.ts > validateConfig > rejects deployed synthetic live-provider variable TWILIO_AUTH_TOKEN
[FATAL] Production startup aborted — missing required configuration:
  • NONPRODUCTION_FAKE_FINANCE_REFUSED:MODULE_MEASURED_BUILD_IDENTITY_REQUIRED
  • TWILIO_AUTH_TOKEN must be absent in deployed synthetic nonproduction

stderr | backend/tests/unit/config.test.ts > validateConfig > rejects deployed synthetic live-provider variable SENDGRID_API_KEY
[FATAL] Production startup aborted — missing required configuration:
  • NONPRODUCTION_FAKE_FINANCE_REFUSED:MODULE_MEASURED_BUILD_IDENTITY_REQUIRED
  • SENDGRID_API_KEY must be absent in deployed synthetic nonproduction

stderr | backend/tests/unit/config.test.ts > validateConfig > rejects deployed synthetic live-provider variable CHECKR_WEBHOOK_SECRET
[FATAL] Production startup aborted — missing required configuration:
  • NONPRODUCTION_FAKE_FINANCE_REFUSED:MODULE_MEASURED_BUILD_IDENTITY_REQUIRED
  • CHECKR_WEBHOOK_SECRET must be absent in deployed synthetic nonproduction

stderr | backend/tests/unit/config.test.ts > validateConfig > rejects deployed synthetic live-provider variable SENTRY_DSN
[FATAL] Production startup aborted — missing required configuration:
  • NONPRODUCTION_FAKE_FINANCE_REFUSED:MODULE_MEASURED_BUILD_IDENTITY_REQUIRED
  • SENTRY_DSN must be absent in deployed synthetic nonproduction

stderr | backend/tests/unit/config.test.ts > validateConfig > requires exact deterministic modes and isolated Railway bucket authority
[FATAL] Production startup aborted — missing required configuration:
  • NONPRODUCTION_FAKE_FINANCE_REFUSED:MODULE_MEASURED_BUILD_IDENTITY_REQUIRED
  • HX_AI_PROVIDER_MODE must be deterministic
  • S3_ENDPOINT must be the isolated Railway bucket origin https://storage.railway.app

stderr | backend/tests/unit/config.test.ts > validateConfig > requires a named UUID completion-delivery sink actor in deployed synthetic nonproduction
[FATAL] Production startup aborted — missing required configuration:
  • NONPRODUCTION_FAKE_FINANCE_REFUSED:MODULE_MEASURED_BUILD_IDENTITY_REQUIRED
  • HX_COMPLETION_DELIVERY_SINK_ACTOR_ID must identify the named synthetic completion-delivery service actor

stderr | backend/tests/unit/config.test.ts > validateConfig > rejects loopback infrastructure and a web/API public-origin mismatch
[FATAL] Production startup aborted — missing required configuration:
  • NONPRODUCTION_FAKE_FINANCE_REFUSED:MODULE_MEASURED_BUILD_IDENTITY_REQUIRED
  • DATABASE_URL may not use loopback in deployed synthetic nonproduction
  • DATABASE_URL must use isolated Railway private networking
  • ALLOWED_ORIGINS must equal the exact nonproduction web origin
  • HX_NONPROD_API_ORIGIN must match the Railway API public domain

 ✓ |isolated| backend/tests/unit/config.test.ts (97 tests) 616ms
 ✓ |isolated| backend/tests/unit/work-order-command-role-authority.test.ts (33 tests) 581ms
 ✓ |isolated| backend/tests/unit/runtime-database-data-plane.test.ts (35 tests) 565ms
     ✓ routes the installed database facade through the sealed attestation transaction  425ms
 ✓ |isolated| backend/tests/unit/task-complete-outbox.test.ts (8 tests) 628ms
     ✓ escrow.completion_release_requested is HMAC-signed by the outbox dispatcher  609ms
 ✓ |isolated| backend/tests/unit/scheduled-jobs.test.ts (18 tests) 1282ms
     ✓ startWorkers registers scheduled jobs  1262ms
 ✓ |isolated| backend/tests/unit/infra-db.test.ts (61 tests) 542ms
 ✓ |isolated| backend/tests/unit/auth-middleware.test.ts (18 tests) 527ms
     ✓ isAdminCheck in tRPC grants access when is_admin is true  371ms
 ✓ |isolated| backend/tests/unit/attack-notifications.test.ts (19 tests) 529ms
     ✓ registerDeviceToken binds only to ctx.user.id, not a caller-supplied userId  476ms
 ✓ |isolated| backend/tests/unit/nonproduction-financial-bootstrap-readiness.test.ts (99 tests) 495ms
 ✓ |isolated| backend/tests/unit/migration-execution-authority.test.ts (21 tests) 551ms
[21:06:20.933] [32mINFO[39m: [36mRequired engine migration verified[39m
    module: "worker"
    status: "applied"
    migration: "20260710_engine_automation_contracts"
    sourcePath: "/migration.sql"
    sha256: "17db4fd369edb9244b9f91d9aeed145c3d04ad8ba6e95d06247f07a63527d11a"
[21:06:20.933] [32mINFO[39m: [36mLegacy exact-location encryption backfill verified[39m
    module: "worker"
    backfilledLocationCount: 0
[21:06:20.985] [32mINFO[39m: [36mRequired engine migration verified[39m
    module: "worker"
    status: "applied"
    migration: "first"
    sourcePath: "/first.sql"
    sha256: "3f1959475de137bdc056c645ab3127cc18fa2358f801e35cbb41079bf7714a4a"
[21:06:20.985] [32mINFO[39m: [36mRequired engine migration verified[39m
    module: "worker"
    status: "applied"
    migration: "second"
    sourcePath: "/second.sql"
    sha256: "95f51d861a33f5549eec73986d97cc04cd7312775d45034b96bc982bf14d6c8c"
[21:06:20.985] [32mINFO[39m: [36mLegacy exact-location encryption backfill verified[39m
    module: "worker"
    backfilledLocationCount: 0
[21:06:21.043] [41mFATAL[49m: [36mRequired engine migration failed[39m
    module: "worker"
    err: {
      "type": "Error",
      "message": "begin failed",
      "stack":
          Error: begin failed
              at C:/Users/Manfish/Documents/Codex/2026-09-04/let/work/backend-validation-checkout/backend/tests/unit/engine-automation-migration.test.ts:1036:33
              at file:///C:/Users/Manfish/Documents/Codex/2026-09-04/let/work/backend-validation-checkout/node_modules/@vitest/runner/dist/chunk-artifact.js:302:11
              at file:///C:/Users/Manfish/Documents/Codex/2026-09-04/let/work/backend-validation-checkout/node_modules/@vitest/runner/dist/chunk-artifact.js:1903:26
              at file:///C:/Users/Manfish/Documents/Codex/2026-09-04/let/work/backend-validation-checkout/node_modules/@vitest/runner/dist/chunk-artifact.js:2326:20
              at new Promise (<anonymous>)
              at runWithCancel (file:///C:/Users/Manfish/Documents/Codex/2026-09-04/let/work/backend-validation-checkout/node_modules/@vitest/runner/dist/chunk-artifact.js:2323:10)
              at file:///C:/Users/Manfish/Documents/Codex/2026-09-04/let/work/backend-validation-checkout/node_modules/@vitest/runner/dist/chunk-artifact.js:2305:20
              at new Promise (<anonymous>)
              at runWithTimeout (file:///C:/Users/Manfish/Documents/Codex/2026-09-04/let/work/backend-validation-checkout/node_modules/@vitest/runner/dist/chunk-artifact.js:2272:10)
              at file:///C:/Users/Manfish/Documents/Codex/2026-09-04/let/work/backend-validation-checkout/node_modules/@vitest/runner/dist/chunk-artifact.js:2955:64
    }
 ✓ |isolated| backend/tests/unit/engine-automation-migration.test.ts (33 tests) 426ms
 ✓ |isolated| backend/tests/unit/actor-attester-server.test.ts (6 tests) 451ms
 ✓ |isolated| backend/tests/unit/synthetic-financial-worker.test.ts (39 tests) 500ms
     ✓ releases bounded recovery capacity when other workers commit terminal outcomes  436ms
 ✓ |isolated| backend/tests/unit/release-manifest.test.ts (17 tests) 282ms
 ✓ |isolated| backend/tests/unit/fake-financial-outcome.test.ts (129 tests) 363ms
 ✓ |isolated| backend/tests/unit/wire-validateconfig.test.ts (13 tests) 143ms
 ✓ |isolated| backend/tests/unit/redis-provider-boundary.test.ts (6 tests) 234ms
 ✓ |isolated| backend/tests/unit/worker-health-server.test.ts (14 tests) 350ms
 ✓ |isolated| backend/tests/unit/runtime-database-release-authority.test.ts (10 tests) 165ms
 ✓ |isolated| backend/tests/unit/nonproduction-fake-financial-execution.test.ts (8 tests) 177ms
 ✓ |isolated| backend/tests/unit/task-router.test.ts (209 tests) 238ms
 ✓ |isolated| backend/tests/unit/universal-v1-provider-estimate-invitation-migration.test.ts (12 tests) 177ms
 ✓ |isolated| backend/tests/unit/universal-v1-actor-attester-client.test.ts (8 tests) 185ms
 ✓ |isolated| backend/tests/unit/infra-middleware-batch.test.ts (116 tests) 158ms
 ✓ |isolated| backend/tests/unit/engine-automation-properties.test.ts (8 tests) 170ms
 ✓ |isolated| backend/tests/unit/escrow-router.test.ts (98 tests) 172ms
 ✓ |isolated| backend/tests/unit/nonproduction-financial-authorization.test.ts (20 tests) 168ms
 ✓ |isolated| backend/tests/unit/attack-proof-system.test.ts (21 tests) 95ms
 ✓ |isolated| backend/tests/unit/task-service.test.ts (143 tests) 124ms
 ✓ |isolated| backend/tests/unit/financial-provider-command-recovery-worker.test.ts (25 tests) 139ms
 ✓ |isolated| backend/tests/unit/change-order-reversal-request.test.ts (72 tests) 159ms
 ✓ |isolated| backend/tests/unit/outbound-communication-service.test.ts (12 tests) 148ms
stderr | backend/tests/unit/analytics-feed-batch.test.ts > AnomalyDetectionService.createIncidentEvent > returns error when db throws
AnomalyDetectionService.createIncidentEvent error: Error: PG error
    at C:/Users/Manfish/Documents/Codex/2026-09-04/let/work/backend-validation-checkout/backend/tests/unit/analytics-feed-batch.test.ts:1070:40
    at file:///C:/Users/Manfish/Documents/Codex/2026-09-04/let/work/backend-validation-checkout/node_modules/@vitest/runner/dist/chunk-artifact.js:302:11
    at file:///C:/Users/Manfish/Documents/Codex/2026-09-04/let/work/backend-validation-checkout/node_modules/@vitest/runner/dist/chunk-artifact.js:1903:26
    at file:///C:/Users/Manfish/Documents/Codex/2026-09-04/let/work/backend-validation-checkout/node_modules/@vitest/runner/dist/chunk-artifact.js:2326:20
    at new Promise (<anonymous>)
    at runWithCancel (file:///C:/Users/Manfish/Documents/Codex/2026-09-04/let/work/backend-validation-checkout/node_modules/@vitest/runner/dist/chunk-artifact.js:2323:10)
    at file:///C:/Users/Manfish/Documents/Codex/2026-09-04/let/work/backend-validation-checkout/node_modules/@vitest/runner/dist/chunk-artifact.js:2305:20
    at new Promise (<anonymous>)
    at runWithTimeout (file:///C:/Users/Manfish/Documents/Codex/2026-09-04/let/work/backend-validation-checkout/node_modules/@vitest/runner/dist/chunk-artifact.js:2272:10)
    at file:///C:/Users/Manfish/Documents/Codex/2026-09-04/let/work/backend-validation-checkout/node_modules/@vitest/runner/dist/chunk-artifact.js:2955:64

 ✓ |isolated| backend/tests/unit/service-gdpr.test.ts (95 tests) 123ms
 ✓ |isolated| backend/tests/unit/analytics-feed-batch.test.ts (114 tests) 154ms
 ✓ |isolated| backend/tests/unit/universal-v1-fake-financial-command-outbox-authority-migration.test.ts (12 tests) 95ms
 ✓ |isolated| backend/tests/unit/synthetic-financial-webhook.test.ts (15 tests) 128ms
 ✓ |isolated| backend/tests/unit/fake-financial-durable-recovery.test.ts (35 tests) 114ms
 ✓ |isolated| backend/tests/unit/work-order-history.test.ts (15 tests) 111ms
 ✓ |isolated| backend/tests/unit/notification-service.test.ts (65 tests) 87ms
 ✓ |isolated| backend/tests/unit/financial-request-progress.test.ts (33 tests) 109ms
 ✓ |isolated| backend/tests/unit/universal-v1-lead-ingress-service.test.ts (16 tests) 110ms
 ✓ |isolated| backend/tests/unit/universal-v1-task-draft-ingress.test.ts (37 tests) 132ms
 ✓ |isolated| backend/tests/unit/cache-connection-registry.test.ts (48 tests) 125ms
 ✓ |isolated| backend/tests/unit/expertise-supply.test.ts (63 tests) 79ms
[21:06:30.841] [33mWARN[39m: [36mFirebase Admin credentials missing — auth verification disabled[39m
    module: "auth"
 ✓ |isolated| backend/tests/unit/universal-v1-occurrence-read-model.test.ts (21 tests) 76ms
 ✓ |isolated| backend/tests/unit/trpc.test.ts (67 tests) 93ms
 ✓ |isolated| backend/tests/unit/provider-event-replay-worker.test.ts (8 tests) 95ms
 ✓ |isolated| backend/tests/unit/stripe-event-worker.test.ts (45 tests) 98ms
stderr | backend/tests/unit/worker-task-services-batch.test.ts > WorkerSkillService.getCategories > returns error on DB failure
[WorkerSkillService] DB error: Error: connection refused
    at C:/Users/Manfish/Documents/Codex/2026-09-04/let/work/backend-validation-checkout/backend/tests/unit/worker-task-services-batch.test.ts:368:37
    at file:///C:/Users/Manfish/Documents/Codex/2026-09-04/let/work/backend-validation-checkout/node_modules/@vitest/runner/dist/chunk-artifact.js:302:11
    at file:///C:/Users/Manfish/Documents/Codex/2026-09-04/let/work/backend-validation-checkout/node_modules/@vitest/runner/dist/chunk-artifact.js:1903:26
    at file:///C:/Users/Manfish/Documents/Codex/2026-09-04/let/work/backend-validation-checkout/node_modules/@vitest/runner/dist/chunk-artifact.js:2326:20
    at new Promise (<anonymous>)
    at runWithCancel (file:///C:/Users/Manfish/Documents/Codex/2026-09-04/let/work/backend-validation-checkout/node_modules/@vitest/runner/dist/chunk-artifact.js:2323:10)
    at file:///C:/Users/Manfish/Documents/Codex/2026-09-04/let/work/backend-validation-checkout/node_modules/@vitest/runner/dist/chunk-artifact.js:2305:20
    at new Promise (<anonymous>)
    at runWithTimeout (file:///C:/Users/Manfish/Documents/Codex/2026-09-04/let/work/backend-validation-checkout/node_modules/@vitest/runner/dist/chunk-artifact.js:2272:10)
    at file:///C:/Users/Manfish/Documents/Codex/2026-09-04/let/work/backend-validation-checkout/node_modules/@vitest/runner/dist/chunk-artifact.js:2955:64

stderr | backend/tests/unit/worker-task-services-batch.test.ts > WorkerSkillService.getSkills > returns error on DB failure
[WorkerSkillService] DB error: Error: timeout
    at C:/Users/Manfish/Documents/Codex/2026-09-04/let/work/backend-validation-checkout/backend/tests/unit/worker-task-services-batch.test.ts:398:37
    at file:///C:/Users/Manfish/Documents/Codex/2026-09-04/let/work/backend-validation-checkout/node_modules/@vitest/runner/dist/chunk-artifact.js:302:11
    at file:///C:/Users/Manfish/Documents/Codex/2026-09-04/let/work/backend-validation-checkout/node_modules/@vitest/runner/dist/chunk-artifact.js:1903:26
    at file:///C:/Users/Manfish/Documents/Codex/2026-09-04/let/work/backend-validation-checkout/node_modules/@vitest/runner/dist/chunk-artifact.js:2326:20
    at new Promise (<anonymous>)
    at runWithCancel (file:///C:/Users/Manfish/Documents/Codex/2026-09-04/let/work/backend-validation-checkout/node_modules/@vitest/runner/dist/chunk-artifact.js:2323:10)
    at file:///C:/Users/Manfish/Documents/Codex/2026-09-04/let/work/backend-validation-checkout/node_modules/@vitest/runner/dist/chunk-artifact.js:2305:20
    at new Promise (<anonymous>)
    at runWithTimeout (file:///C:/Users/Manfish/Documents/Codex/2026-09-04/let/work/backend-validation-checkout/node_modules/@vitest/runner/dist/chunk-artifact.js:2272:10)
    at file:///C:/Users/Manfish/Documents/Codex/2026-09-04/let/work/backend-validation-checkout/node_modules/@vitest/runner/dist/chunk-artifact.js:2955:64

stderr | backend/tests/unit/worker-task-services-batch.test.ts > WorkerSkillService.removeSkill > returns error on DB failure
[WorkerSkillService] DB error: Error: lock timeout
    at C:/Users/Manfish/Documents/Codex/2026-09-04/let/work/backend-validation-checkout/backend/tests/unit/worker-task-services-batch.test.ts:476:37
    at file:///C:/Users/Manfish/Documents/Codex/2026-09-04/let/work/backend-validation-checkout/node_modules/@vitest/runner/dist/chunk-artifact.js:302:11
    at file:///C:/Users/Manfish/Documents/Codex/2026-09-04/let/work/backend-validation-checkout/node_modules/@vitest/runner/dist/chunk-artifact.js:1903:26
    at file:///C:/Users/Manfish/Documents/Codex/2026-09-04/let/work/backend-validation-checkout/node_modules/@vitest/runner/dist/chunk-artifact.js:2326:20
    at new Promise (<anonymous>)
    at runWithCancel (file:///C:/Users/Manfish/Documents/Codex/2026-09-04/let/work/backend-validation-checkout/node_modules/@vitest/runner/dist/chunk-artifact.js:2323:10)
    at file:///C:/Users/Manfish/Documents/Codex/2026-09-04/let/work/backend-validation-checkout/node_modules/@vitest/runner/dist/chunk-artifact.js:2305:20
    at new Promise (<anonymous>)
    at runWithTimeout (file:///C:/Users/Manfish/Documents/Codex/2026-09-04/let/work/backend-validation-checkout/node_modules/@vitest/runner/dist/chunk-artifact.js:2272:10)
    at file:///C:/Users/Manfish/Documents/Codex/2026-09-04/let/work/backend-validation-checkout/node_modules/@vitest/runner/dist/chunk-artifact.js:2955:64

stderr | backend/tests/unit/worker-task-services-batch.test.ts > WorkerSkillService.checkTaskEligibility > returns DB_ERROR when db throws
[WorkerSkillService] DB error: Error: Connection timeout
    at C:/Users/Manfish/Documents/Codex/2026-09-04/let/work/backend-validation-checkout/backend/tests/unit/worker-task-services-batch.test.ts:554:37
    at file:///C:/Users/Manfish/Documents/Codex/2026-09-04/let/work/backend-validation-checkout/node_modules/@vitest/runner/dist/chunk-artifact.js:302:11
    at file:///C:/Users/Manfish/Documents/Codex/2026-09-04/let/work/backend-validation-checkout/node_modules/@vitest/runner/dist/chunk-artifact.js:1903:26
    at file:///C:/Users/Manfish/Documents/Codex/2026-09-04/let/work/backend-validation-checkout/node_modules/@vitest/runner/dist/chunk-artifact.js:2326:20
    at new Promise (<anonymous>)
    at runWithCancel (file:///C:/Users/Manfish/Documents/Codex/2026-09-04/let/work/backend-validation-checkout/node_modules/@vitest/runner/dist/chunk-artifact.js:2323:10)
    at file:///C:/Users/Manfish/Documents/Codex/2026-09-04/let/work/backend-validation-checkout/node_modules/@vitest/runner/dist/chunk-artifact.js:2305:20
    at new Promise (<anonymous>)
    at runWithTimeout (file:///C:/Users/Manfish/Documents/Codex/2026-09-04/let/work/backend-validation-checkout/node_modules/@vitest/runner/dist/chunk-artifact.js:2272:10)
    at file:///C:/Users/Manfish/Documents/Codex/2026-09-04/let/work/backend-validation-checkout/node_modules/@vitest/runner/dist/chunk-artifact.js:2955:64

stderr | backend/tests/unit/worker-task-services-batch.test.ts > WorkerSkillService.getEligibleTaskFilter > returns DB_ERROR when db throws
[WorkerSkillService] DB error: Error: Query timeout
    at C:/Users/Manfish/Documents/Codex/2026-09-04/let/work/backend-validation-checkout/backend/tests/unit/worker-task-services-batch.test.ts:578:37
    at file:///C:/Users/Manfish/Documents/Codex/2026-09-04/let/work/backend-validation-checkout/node_modules/@vitest/runner/dist/chunk-artifact.js:302:11
    at file:///C:/Users/Manfish/Documents/Codex/2026-09-04/let/work/backend-validation-checkout/node_modules/@vitest/runner/dist/chunk-artifact.js:1903:26
    at file:///C:/Users/Manfish/Documents/Codex/2026-09-04/let/work/backend-validation-checkout/node_modules/@vitest/runner/dist/chunk-artifact.js:2326:20
    at new Promise (<anonymous>)
    at runWithCancel (file:///C:/Users/Manfish/Documents/Codex/2026-09-04/let/work/backend-validation-checkout/node_modules/@vitest/runner/dist/chunk-artifact.js:2323:10)
    at file:///C:/Users/Manfish/Documents/Codex/2026-09-04/let/work/backend-validation-checkout/node_modules/@vitest/runner/dist/chunk-artifact.js:2305:20
    at new Promise (<anonymous>)
    at runWithTimeout (file:///C:/Users/Manfish/Documents/Codex/2026-09-04/let/work/backend-validation-checkout/node_modules/@vitest/runner/dist/chunk-artifact.js:2272:10)
    at file:///C:/Users/Manfish/Documents/Codex/2026-09-04/let/work/backend-validation-checkout/node_modules/@vitest/runner/dist/chunk-artifact.js:2955:64

stderr | backend/tests/unit/worker-task-services-batch.test.ts > WorkerSkillService.recordTaskCompletion > returns DB_ERROR when db throws
[WorkerSkillService] DB error: Error: DB failure
    at C:/Users/Manfish/Documents/Codex/2026-09-04/let/work/backend-validation-checkout/backend/tests/unit/worker-task-services-batch.test.ts:606:37
    at file:///C:/Users/Manfish/Documents/Codex/2026-09-04/let/work/backend-validation-checkout/node_modules/@vitest/runner/dist/chunk-artifact.js:302:11
    at file:///C:/Users/Manfish/Documents/Codex/2026-09-04/let/work/backend-validation-checkout/node_modules/@vitest/runner/dist/chunk-artifact.js:1903:26
    at file:///C:/Users/Manfish/Documents/Codex/2026-09-04/let/work/backend-validation-checkout/node_modules/@vitest/runner/dist/chunk-artifact.js:2326:20
    at new Promise (<anonymous>)
    at runWithCancel (file:///C:/Users/Manfish/Documents/Codex/2026-09-04/let/work/backend-validation-checkout/node_modules/@vitest/runner/dist/chunk-artifact.js:2323:10)
    at file:///C:/Users/Manfish/Documents/Codex/2026-09-04/let/work/backend-validation-checkout/node_modules/@vitest/runner/dist/chunk-artifact.js:2305:20
    at new Promise (<anonymous>)
    at runWithTimeout (file:///C:/Users/Manfish/Documents/Codex/2026-09-04/let/work/backend-validation-checkout/node_modules/@vitest/runner/dist/chunk-artifact.js:2272:10)
    at file:///C:/Users/Manfish/Documents/Codex/2026-09-04/let/work/backend-validation-checkout/node_modules/@vitest/runner/dist/chunk-artifact.js:2955:64

 ✓ |isolated| backend/tests/unit/worker-task-services-batch.test.ts (104 tests) 94ms
 ✓ |isolated| backend/tests/unit/runtime-database-authority.test.ts (21 tests) 117ms
 ✓ |isolated| backend/tests/unit/edge-cache-extra.test.ts (33 tests) 74ms
 ✓ |isolated| backend/tests/unit/web-leads-router.test.ts (15 tests) 87ms
 ✓ |isolated| backend/tests/unit/fake-financial-projection-contract.test.ts (30 tests) 57ms
 ✓ |isolated| backend/tests/unit/stripeConnect-router.test.ts (84 tests) 86ms
 ✓ |isolated| backend/tests/unit/attack-volume-timing.test.ts (17 tests) 67ms
 ✓ |isolated| backend/tests/unit/engine-automation-service-edges.test.ts (68 tests) 83ms
 ✓ |isolated| backend/tests/unit/low-coverage-routers-batch.test.ts (64 tests) 80ms
 ✓ |isolated| backend/tests/unit/user-router.test.ts (96 tests) 85ms
 ✓ |isolated| backend/tests/unit/attack-queue.test.ts (25 tests) 59ms
 ✓ |isolated| backend/tests/unit/redis-command-port.test.ts (20 tests) 89ms
[21:06:34.539] [33mWARN[39m: [36mFirebase Admin credentials missing — auth verification disabled[39m
    module: "auth"
[21:06:34.789] [33mWARN[39m: [36mFirebase Admin credentials missing — auth verification disabled[39m
    module: "auth"
 ✓ |isolated| backend/tests/unit/universal-v1-actor-attester-service.test.ts (7 tests) 97ms
 ✓ |isolated| backend/tests/unit/notification-channel-workers.test.ts (28 tests) 85ms
 ✓ |isolated| backend/tests/unit/subscription-router.test.ts (28 tests) 69ms
 ✓ |isolated| backend/tests/unit/universal-v1-estimate-public-api.test.ts (13 tests) 80ms
 ✓ |isolated| backend/tests/unit/notification-service-extra.test.ts (24 tests) 73ms
 ✓ |isolated| backend/tests/unit/stripe-service-backend.test.ts (20 tests) 91ms
 ✓ |isolated| backend/tests/unit/change-order-resume.test.ts (30 tests) 84ms
 ✓ |isolated| backend/tests/unit/messaging-router.test.ts (69 tests) 76ms
 ✓ |isolated| backend/tests/unit/legacy-migration-checksum-reconciliation.test.ts (19 tests) 98ms
 ✓ |isolated| backend/tests/unit/change-order-recovery-observation.test.ts (34 tests) 73ms
 ✓ |isolated| backend/tests/unit/payment-worker.test.ts (37 tests) 70ms
 ✓ |isolated| backend/tests/unit/realtime-sse.test.ts (14 tests) 75ms
 ✓ |isolated| backend/tests/unit/build-identity.test.ts (5 tests) 50ms
 ✓ |isolated| backend/tests/unit/content-moderation-service.test.ts (71 tests) 50ms
 ✓ |isolated| backend/tests/unit/fake-financial-admitted-request.test.ts (31 tests) 89ms
 ✓ |isolated| backend/tests/unit/attack-bizarre-cultural.test.ts (34 tests) 67ms
 ✓ |isolated| backend/tests/unit/change-order-recovery-compensation.test.ts (36 tests) 72ms
 ✓ |isolated| backend/tests/unit/stripe-service-coverage.test.ts (26 tests) 65ms
 ✓ |isolated| backend/tests/unit/notification-policy.test.ts (19 tests) 84ms
 ✓ |isolated| backend/tests/unit/financial-predecessor.test.ts (32 tests) 80ms
 ✓ |isolated| backend/tests/unit/change-order-history.test.ts (20 tests) 43ms
 ✓ |isolated| backend/tests/unit/fake-financial-admitted-execution.test.ts (18 tests) 54ms
 ✓ |isolated| backend/tests/unit/server-lifecycle-shutdown.test.ts (7 tests) 33ms
 ✓ |isolated| backend/tests/unit/fake-financial-recovery-evidence.test.ts (23 tests) 66ms
stdout | backend/tests/unit/attack-evasion.test.ts > Section 1 — Unicode & Encoding Attacks > ATK-01: accented e in "happy ènding massage" (U+00E8) — should be hard_block
ATK-01 result: hard_block 85 [ 'hard_block_pattern' ]

stdout | backend/tests/unit/attack-evasion.test.ts > Section 1 — Unicode & Encoding Attacks > ATK-02: Cyrillic small i (U+0456) in "no questіons asked" — should be hard_block
ATK-02 result: hard_block 85 [ 'hard_block_pattern', 'coded_phrase_first_occurrence' ]

stdout | backend/tests/unit/attack-evasion.test.ts > Section 1 — Unicode & Encoding Attacks > ATK-03: Cyrillic і (U+0456) in "adult entertaіnment" — should be hard_block
ATK-03 result: hard_block 85 [ 'hard_block_pattern' ]

stdout | backend/tests/unit/attack-evasion.test.ts > Section 1 — Unicode & Encoding Attacks > ATK-04: zero-width non-joiner (U+200C) between letters of "discreet" — should be soft_flag or hard_block
ATK-04 result: hard_block 85 [ 'hard_block_pattern', 'coded_phrase_first_occurrence' ]

stdout | backend/tests/unit/attack-evasion.test.ts > Section 1 — Unicode & Encoding Attacks > ATK-05: non-breaking space (U+00A0) in "no questions asked" — should be hard_block
ATK-05 result: hard_block 85 [ 'hard_block_pattern', 'coded_phrase_first_occurrence' ]

 ✓ |isolated| backend/tests/unit/task-reservation-service.test.ts (35 tests) 71ms
stdout | backend/tests/unit/attack-evasion.test.ts > Section 1 — Unicode & Encoding Attacks > ATK-06: underscore separator "happy_ending massage" — should be hard_block
ATK-06 result: hard_block 85 [ 'hard_block_pattern' ]

stdout | backend/tests/unit/attack-evasion.test.ts > Section 1 — Unicode & Encoding Attacks > ATK-07: hyphen separator "happy-ending massage" — should be hard_block
ATK-07 result: hard_block 85 [ 'hard_block_pattern' ]

stdout | backend/tests/unit/attack-evasion.test.ts > Section 1 — Unicode & Encoding Attacks > ATK-08: letter-spaced "h a p p y e n d i n g massage" — should be hard_block
ATK-08 result: hard_block 85 [ 'hard_block_pattern' ]

stdout | backend/tests/unit/attack-evasion.test.ts > Section 2 — Synonym Substitution Attacks > ATK-09: "intimate massage, very private" — does "intimate" trigger anything?
ATK-09 result: soft_flag 35 [ 'physical_contact_ambiguous' ]

stdout | backend/tests/unit/attack-evasion.test.ts > Section 2 — Synonym Substitution Attacks > ATK-10: "sensual massage, discreet service" — sensual + discreet combo
ATK-10 result: hard_block 85 [ 'hard_block_pattern' ]

stdout | backend/tests/unit/attack-evasion.test.ts > Section 2 — Synonym Substitution Attacks > ATK-11: "adult fun gig, no queries asked" — synonym variant is blocked
ATK-11 result: hard_block 85 [ 'hard_block_pattern' ]

stdout | backend/tests/unit/attack-evasion.test.ts > Section 2 — Synonym Substitution Attacks > ATK-12: "private escort needed, professional only" — escort without adult qualifier
ATK-12 result: soft_flag 45 [ 'escort_ambiguous' ]

stdout | backend/tests/unit/attack-evasion.test.ts > Section 2 — Synonym Substitution Attacks > ATK-13: "GFE service available" (girlfriend experience industry code) — should be flagged
ATK-13 result: soft_flag 50 [ 'sex_work_coded_language' ]

stdout | backend/tests/unit/attack-evasion.test.ts > Section 2 — Synonym Substitution Attacks > ATK-14: "full service massage, very relaxing" (full service = industry code) — should be flagged
ATK-14 result: soft_flag 50 [ 'physical_contact_ambiguous', 'sex_work_coded_language' ]

stdout | backend/tests/unit/attack-evasion.test.ts > Section 2 — Synonym Substitution Attacks > ATK-15: "b&e needed at neighbor's house" (breaking & entering) — should be flagged
ATK-15 result: hard_block 85 [ 'hard_block_pattern' ]

stdout | backend/tests/unit/attack-evasion.test.ts > Section 3 — Splitting & Fragmentation Attacks > ATK-16: "no questions. just asked to deliver" — fragmented phrase is blocked
ATK-16 result: hard_block 85 [ 'hard_block_pattern', 'coded_phrase_first_occurrence' ]

stdout | backend/tests/unit/attack-evasion.test.ts > Section 3 — Splitting & Fragmentation Attacks > ATK-17: "deliver this package — friend of mine, no need for details" — split/variant
ATK-17 result: hard_block 85 [ 'hard_block_pattern', 'coded_phrase_first_occurrence' ]

stdout | backend/tests/unit/attack-evasion.test.ts > Section 3 — Splitting & Fragmentation Attacks > ATK-18: "cash payment only. no records needed" — cross-sentence split of "cash only no record"
ATK-18 result: soft_flag 45 [ 'unreported_payment' ]

stdout | backend/tests/unit/attack-evasion.test.ts > Section 3 — Splitting & Fragmentation Attacks > ATK-19: "drop it off. address info not needed." — split of "drop it off no details"
ATK-19 result: hard_block 85 [ 'hard_block_pattern' ]

stdout | backend/tests/unit/attack-evasion.test.ts > Section 3 — Splitting & Fragmentation Attacks > ATK-20: multi-sentence "package for a friend. just drop and go, no further details" — fragmented FLAGGED_PATTERN
ATK-20 result: soft_flag 21 [ 'coded_phrase_first_occurrence' ]

stdout | backend/tests/unit/attack-evasion.test.ts > Section 4 — Case & Punctuation Variation Attacks > ATK-21: "NO QUESTIONS ASKED, cash only" — all caps — hard_block?
ATK-21 result: hard_block 85 [ 'hard_block_pattern', 'coded_phrase_first_occurrence' ]

stdout | backend/tests/unit/attack-evasion.test.ts > Section 4 — Case & Punctuation Variation Attacks > ATK-22: "No.Questions.Asked" — period separators
ATK-22 result: hard_block 85 [ 'hard_block_pattern', 'coded_phrase_first_occurrence' ]

stdout | backend/tests/unit/attack-evasion.test.ts > Section 4 — Case & Punctuation Variation Attacks > ATK-23: "no_questions_asked" — underscore separators
ATK-23 result: hard_block 85 [ 'hard_block_pattern', 'coded_phrase_first_occurrence' ]

stdout | backend/tests/unit/attack-evasion.test.ts > Section 4 — Case & Punctuation Variation Attacks > ATK-24: "no-questions-asked" — hyphen separators
ATK-24 result: hard_block 85 [ 'hard_block_pattern', 'coded_phrase_first_occurrence' ]

stdout | backend/tests/unit/attack-evasion.test.ts > Section 4 — Case & Punctuation Variation Attacks > ATK-25: "No Questions Asked!!" — trailing exclamation marks
ATK-25 result: hard_block 85 [ 'hard_block_pattern', 'coded_phrase_first_occurrence' ]

stdout | backend/tests/unit/attack-evasion.test.ts > Section 5 — Legitimate-Sounding Wrappers Around Illegal Content > ATK-26: documentary researcher needing street pharmacology demonstration
ATK-26 result: soft_flag 40 [ 'drug_reference' ]

stdout | backend/tests/unit/attack-evasion.test.ts > Section 5 — Legitimate-Sounding Wrappers Around Illegal Content > ATK-27: "research project: demonstrate lockpicking on my own front door"
ATK-27 result: hard_block 85 [ 'hard_block_pattern' ]

stdout | backend/tests/unit/attack-evasion.test.ts > Section 5 — Legitimate-Sounding Wrappers Around Illegal Content > ATK-28: fiction wrapper around drug sourcing ("writing a novel, need researcher for controlled substances")
ATK-28 result: hard_block 85 [ 'hard_block_pattern' ]

stdout | backend/tests/unit/attack-evasion.test.ts > Section 5 — Legitimate-Sounding Wrappers Around Illegal Content > ATK-29: criminal reconnaissance dressed as security testing is flagged
ATK-29 result: soft_flag 55 [ 'property_entry_reconnaissance' ]

stdout | backend/tests/unit/attack-evasion.test.ts > Section 5 — Legitimate-Sounding Wrappers Around Illegal Content > ATK-30: drug/contraband mule with thin cover story ("personal shopper, cash payment, no need to know what's inside")
ATK-30 result: hard_block 85 [ 'hard_block_pattern' ]

stdout | backend/tests/unit/attack-evasion.test.ts > Section 6 — _normalizeDescription Direct Behavior Audit > NORM-01: accented è (U+00E8) is now transliterated to e via HOMOGLYPH_MAP
NORM-01 normalized: "happy ending massage"

stdout | backend/tests/unit/attack-evasion.test.ts > Section 6 — _normalizeDescription Direct Behavior Audit > NORM-02: Cyrillic і (U+0456) is now transliterated to Latin i via HOMOGLYPH_MAP
NORM-02 normalized: "no questions asked"

stdout | backend/tests/unit/attack-evasion.test.ts > Section 6 — _normalizeDescription Direct Behavior Audit > NORM-03: zero-width non-joiner (U+200C) between letters — replaced with space in v2.8.4
NORM-03 normalized: "discreet delivery"

stdout | backend/tests/unit/attack-evasion.test.ts > Section 6 — _normalizeDescription Direct Behavior Audit > NORM-04: NBSP (U+00A0) is treated as whitespace and collapsed
NORM-04 normalized: "no questions asked"

stdout | backend/tests/unit/attack-evasion.test.ts > Section 6 — _normalizeDescription Direct Behavior Audit > NORM-05: hyphen is now replaced with space, preserving word boundaries
NORM-05 normalized: "no questions asked"

stdout | backend/tests/unit/attack-evasion.test.ts > Section 6 — _normalizeDescription Direct Behavior Audit > NORM-06: period is now replaced with space, preserving word boundaries
NORM-06 normalized: "no questions asked"

stdout | backend/tests/unit/attack-evasion.test.ts > Section 6 — _normalizeDescription Direct Behavior Audit > NORM-07: underscore is now replaced with space (step 3 in pipeline)
NORM-07 normalized: "no questions asked"

 ✓ |isolated| backend/tests/unit/attack-evasion.test.ts (37 tests) 73ms
[21:06:40.068] [33mWARN[39m: [36mFirebase Admin credentials missing — auth verification disabled[39m
    module: "auth"
 ✓ |isolated| backend/tests/unit/synthetic-finance-router.test.ts (32 tests) 56ms
 ✓ |isolated| backend/tests/unit/completion-delivery-webhook.test.ts (5 tests) 79ms
 ✓ |isolated| backend/tests/unit/skills-router.test.ts (15 tests) 68ms
 ✓ |isolated| backend/tests/unit/task-safety-incidents-router.test.ts (37 tests) 74ms
 ✓ |isolated| backend/tests/unit/universal-v1-financial-application-service.test.ts (20 tests) 91ms
 ✓ |isolated| backend/tests/unit/queue-runtime-shutdown.test.ts (3 tests) 54ms
stdout | backend/tests/unit/attack-prompt-injection.test.ts > RED-TEAM: Prompt Injection & LLM Manipulation > Attack 3b: PromptInjectionGuard now BLOCKS "IGNORE PREVIOUS INSTRUCTIONS" — score=100 hard_block
[Attack 3b] BLOCKED: PromptInjectionGuard intercepted injection, score=100 hard_block.

stdout | backend/tests/unit/attack-prompt-injection.test.ts > RED-TEAM: Prompt Injection & LLM Manipulation > Attack 10: Roleplay jailbreak — LLM told to roleplay as always-approving evaluator
[Attack 10] SAFE: HARD_BLOCK_PATTERN caught "score...cocaine". Math.max(85, 0) = 85. Hard block stands.

stdout | backend/tests/unit/attack-prompt-injection.test.ts > RED-TEAM: Prompt Injection & LLM Manipulation > Attack 11: LLM returns null — crash or graceful degradation?
[Attack 11] SAFE: null AI response causes exception, caught by try/catch, heuristic fallback used.

stdout | backend/tests/unit/attack-prompt-injection.test.ts > RED-TEAM: Prompt Injection & LLM Manipulation > Attack 12: Extra fields in LLM response (override_compliance, approved) — ignored?
[Attack 12] SAFE: extra fields (override_compliance, approved) are ignored by _aiCheck destructuring.

stdout | backend/tests/unit/attack-prompt-injection.test.ts > RED-TEAM: Prompt Injection & LLM Manipulation > Attack 13: score returned as string "0" — type coercion NaN risk in Math.max
[Attack 13] SAFE: Zod rejected the string score and preserved the heuristic result.

stdout | backend/tests/unit/attack-prompt-injection.test.ts > RED-TEAM: Prompt Injection & LLM Manipulation > Attack 13b: score returned as non-numeric string "abc" — Zod rejects, heuristic fallback preserves soft_flag
[Attack 13b] SAFE (patched): Zod rejects score="abc", heuristic fallback score=35, tier=soft_flag preserved.

stdout | backend/tests/unit/attack-prompt-injection.test.ts > RED-TEAM: Prompt Injection & LLM Manipulation > Attack 14: LLM returns score > 100 (score=150) — Zod rejects, fallback to heuristic-only
[Attack 14] SAFE (patched): Zod rejects score=150, heuristic fallback used. Soft_flag task no longer hard-blocked by out-of-range LLM score.

stdout | backend/tests/unit/attack-prompt-injection.test.ts > RED-TEAM: Prompt Injection & LLM Manipulation > Attack 15: LLM returns truncated/invalid JSON — graceful fallback
[Attack 15] SAFE: truncated JSON throws SyntaxError, caught gracefully, heuristic fallback used.

stdout | backend/tests/unit/attack-prompt-injection.test.ts > RED-TEAM: Prompt Injection & LLM Manipulation > Attack 16: RTL override unicode in description — homoglyph normalization
[Attack 16] SAFE: RTL overrides stripped by _normalizeDescription NFKC pass. Heuristic not confused.

stdout | backend/tests/unit/attack-prompt-injection.test.ts > RED-TEAM: Prompt Injection & LLM Manipulation > SUMMARY: All 17 attack verdicts

========== PROMPT INJECTION ATTACK SUMMARY ==========
SAFE:      19
PARTIAL:   0
VULNERABLE:0

VULNERABLE cases:

PARTIAL cases:
=====================================================


 ✓ |isolated| backend/tests/unit/attack-prompt-injection.test.ts (20 tests) 63ms
 ✓ |isolated| backend/tests/unit/pending-payment-cancellation-properties.test.ts (2 tests) 42ms
 ✓ |isolated| backend/tests/unit/sealed-synthetic-financial-webhook.test.ts (29 tests) 85ms
 ✓ |isolated| backend/tests/unit/stripe-payment-services-batch.test.ts (63 tests) 66ms
 ✓ |isolated| backend/tests/unit/router-squad-extra.test.ts (28 tests) 45ms
stderr | backend/tests/unit/task-discovery.test.ts > TaskDiscoveryService > browsePublicFeed > returns error on DB failure
[TaskDiscoveryService] DB error: Error: DB error
    at C:/Users/Manfish/Documents/Codex/2026-09-04/let/work/backend-validation-checkout/backend/tests/unit/task-discovery.test.ts:208:68
    at file:///C:/Users/Manfish/Documents/Codex/2026-09-04/let/work/backend-validation-checkout/node_modules/@vitest/runner/dist/chunk-artifact.js:302:11
    at file:///C:/Users/Manfish/Documents/Codex/2026-09-04/let/work/backend-validation-checkout/node_modules/@vitest/runner/dist/chunk-artifact.js:1903:26
    at file:///C:/Users/Manfish/Documents/Codex/2026-09-04/let/work/backend-validation-checkout/node_modules/@vitest/runner/dist/chunk-artifact.js:2326:20
    at new Promise (<anonymous>)
    at runWithCancel (file:///C:/Users/Manfish/Documents/Codex/2026-09-04/let/work/backend-validation-checkout/node_modules/@vitest/runner/dist/chunk-artifact.js:2323:10)
    at file:///C:/Users/Manfish/Documents/Codex/2026-09-04/let/work/backend-validation-checkout/node_modules/@vitest/runner/dist/chunk-artifact.js:2305:20
    at new Promise (<anonymous>)
    at runWithTimeout (file:///C:/Users/Manfish/Documents/Codex/2026-09-04/let/work/backend-validation-checkout/node_modules/@vitest/runner/dist/chunk-artifact.js:2272:10)
    at file:///C:/Users/Manfish/Documents/Codex/2026-09-04/let/work/backend-validation-checkout/node_modules/@vitest/runner/dist/chunk-artifact.js:2955:64

stderr | backend/tests/unit/task-discovery.test.ts > TaskDiscoveryService > calculateMatchingScore > returns error on DB failure
[TaskDiscoveryService] DB error: Error: DB error
    at C:/Users/Manfish/Documents/Codex/2026-09-04/let/work/backend-validation-checkout/backend/tests/unit/task-discovery.test.ts:320:68
    at file:///C:/Users/Manfish/Documents/Codex/2026-09-04/let/work/backend-validation-checkout/node_modules/@vitest/runner/dist/chunk-artifact.js:302:11
    at file:///C:/Users/Manfish/Documents/Codex/2026-09-04/let/work/backend-validation-checkout/node_modules/@vitest/runner/dist/chunk-artifact.js:1903:26
    at file:///C:/Users/Manfish/Documents/Codex/2026-09-04/let/work/backend-validation-checkout/node_modules/@vitest/runner/dist/chunk-artifact.js:2326:20
    at new Promise (<anonymous>)
    at runWithCancel (file:///C:/Users/Manfish/Documents/Codex/2026-09-04/let/work/backend-validation-checkout/node_modules/@vitest/runner/dist/chunk-artifact.js:2323:10)
    at file:///C:/Users/Manfish/Documents/Codex/2026-09-04/let/work/backend-validation-checkout/node_modules/@vitest/runner/dist/chunk-artifact.js:2305:20
    at new Promise (<anonymous>)
    at runWithTimeout (file:///C:/Users/Manfish/Documents/Codex/2026-09-04/let/work/backend-validation-checkout/node_modules/@vitest/runner/dist/chunk-artifact.js:2272:10)
    at file:///C:/Users/Manfish/Documents/Codex/2026-09-04/let/work/backend-validation-checkout/node_modules/@vitest/runner/dist/chunk-artifact.js:2955:64

stderr | backend/tests/unit/task-discovery.test.ts > TaskDiscoveryService > calculateFeedScores > returns error on DB failure
[TaskDiscoveryService] DB error: Error: DB error
    at C:/Users/Manfish/Documents/Codex/2026-09-04/let/work/backend-validation-checkout/backend/tests/unit/task-discovery.test.ts:409:68
    at file:///C:/Users/Manfish/Documents/Codex/2026-09-04/let/work/backend-validation-checkout/node_modules/@vitest/runner/dist/chunk-artifact.js:302:11
    at file:///C:/Users/Manfish/Documents/Codex/2026-09-04/let/work/backend-validation-checkout/node_modules/@vitest/runner/dist/chunk-artifact.js:1903:26
    at file:///C:/Users/Manfish/Documents/Codex/2026-09-04/let/work/backend-validation-checkout/node_modules/@vitest/runner/dist/chunk-artifact.js:2326:20
    at new Promise (<anonymous>)
    at runWithCancel (file:///C:/Users/Manfish/Documents/Codex/2026-09-04/let/work/backend-validation-checkout/node_modules/@vitest/runner/dist/chunk-artifact.js:2323:10)
    at file:///C:/Users/Manfish/Documents/Codex/2026-09-04/let/work/backend-validation-checkout/node_modules/@vitest/runner/dist/chunk-artifact.js:2305:20
    at new Promise (<anonymous>)
    at runWithTimeout (file:///C:/Users/Manfish/Documents/Codex/2026-09-04/let/work/backend-validation-checkout/node_modules/@vitest/runner/dist/chunk-artifact.js:2272:10)
    at file:///C:/Users/Manfish/Documents/Codex/2026-09-04/let/work/backend-validation-checkout/node_modules/@vitest/runner/dist/chunk-artifact.js:2955:64

stderr | backend/tests/unit/task-discovery.test.ts > TaskDiscoveryService > getFeed > returns error on DB failure during feed SELECT
[TaskDiscoveryService] DB error: Error: DB error
    at C:/Users/Manfish/Documents/Codex/2026-09-04/let/work/backend-validation-checkout/backend/tests/unit/task-discovery.test.ts:515:68
    at file:///C:/Users/Manfish/Documents/Codex/2026-09-04/let/work/backend-validation-checkout/node_modules/@vitest/runner/dist/chunk-artifact.js:302:11
    at file:///C:/Users/Manfish/Documents/Codex/2026-09-04/let/work/backend-validation-checkout/node_modules/@vitest/runner/dist/chunk-artifact.js:1903:26
    at file:///C:/Users/Manfish/Documents/Codex/2026-09-04/let/work/backend-validation-checkout/node_modules/@vitest/runner/dist/chunk-artifact.js:2326:20
    at new Promise (<anonymous>)
    at runWithCancel (file:///C:/Users/Manfish/Documents/Codex/2026-09-04/let/work/backend-validation-checkout/node_modules/@vitest/runner/dist/chunk-artifact.js:2323:10)
    at file:///C:/Users/Manfish/Documents/Codex/2026-09-04/let/work/backend-validation-checkout/node_modules/@vitest/runner/dist/chunk-artifact.js:2305:20
    at new Promise (<anonymous>)
    at runWithTimeout (file:///C:/Users/Manfish/Documents/Codex/2026-09-04/let/work/backend-validation-checkout/node_modules/@vitest/runner/dist/chunk-artifact.js:2272:10)
    at file:///C:/Users/Manfish/Documents/Codex/2026-09-04/let/work/backend-validation-checkout/node_modules/@vitest/runner/dist/chunk-artifact.js:2955:64

stderr | backend/tests/unit/task-discovery.test.ts > TaskDiscoveryService > search > returns error on DB failure
[TaskDiscoveryService] DB error: Error: DB error
    at C:/Users/Manfish/Documents/Codex/2026-09-04/let/work/backend-validation-checkout/backend/tests/unit/task-discovery.test.ts:624:68
    at file:///C:/Users/Manfish/Documents/Codex/2026-09-04/let/work/backend-validation-checkout/node_modules/@vitest/runner/dist/chunk-artifact.js:302:11
    at file:///C:/Users/Manfish/Documents/Codex/2026-09-04/let/work/backend-validation-checkout/node_modules/@vitest/runner/dist/chunk-artifact.js:1903:26
    at file:///C:/Users/Manfish/Documents/Codex/2026-09-04/let/work/backend-validation-checkout/node_modules/@vitest/runner/dist/chunk-artifact.js:2326:20
    at new Promise (<anonymous>)
    at runWithCancel (file:///C:/Users/Manfish/Documents/Codex/2026-09-04/let/work/backend-validation-checkout/node_modules/@vitest/runner/dist/chunk-artifact.js:2323:10)
    at file:///C:/Users/Manfish/Documents/Codex/2026-09-04/let/work/backend-validation-checkout/node_modules/@vitest/runner/dist/chunk-artifact.js:2305:20
    at new Promise (<anonymous>)
    at runWithTimeout (file:///C:/Users/Manfish/Documents/Codex/2026-09-04/let/work/backend-validation-checkout/node_modules/@vitest/runner/dist/chunk-artifact.js:2272:10)
    at file:///C:/Users/Manfish/Documents/Codex/2026-09-04/let/work/backend-validation-checkout/node_modules/@vitest/runner/dist/chunk-artifact.js:2955:64

stderr | backend/tests/unit/task-discovery.test.ts > TaskDiscoveryService > getExplanation > returns error on DB failure
[TaskDiscoveryService] DB error: Error: DB error
    at C:/Users/Manfish/Documents/Codex/2026-09-04/let/work/backend-validation-checkout/backend/tests/unit/task-discovery.test.ts:715:68
    at file:///C:/Users/Manfish/Documents/Codex/2026-09-04/let/work/backend-validation-checkout/node_modules/@vitest/runner/dist/chunk-artifact.js:302:11
    at file:///C:/Users/Manfish/Documents/Codex/2026-09-04/let/work/backend-validation-checkout/node_modules/@vitest/runner/dist/chunk-artifact.js:1903:26
    at file:///C:/Users/Manfish/Documents/Codex/2026-09-04/let/work/backend-validation-checkout/node_modules/@vitest/runner/dist/chunk-artifact.js:2326:20
    at new Promise (<anonymous>)
    at runWithCancel (file:///C:/Users/Manfish/Documents/Codex/2026-09-04/let/work/backend-validation-checkout/node_modules/@vitest/runner/dist/chunk-artifact.js:2323:10)
    at file:///C:/Users/Manfish/Documents/Codex/2026-09-04/let/work/backend-validation-checkout/node_modules/@vitest/runner/dist/chunk-artifact.js:2305:20
    at new Promise (<anonymous>)
    at runWithTimeout (file:///C:/Users/Manfish/Documents/Codex/2026-09-04/let/work/backend-validation-checkout/node_modules/@vitest/runner/dist/chunk-artifact.js:2272:10)
    at file:///C:/Users/Manfish/Documents/Codex/2026-09-04/let/work/backend-validation-checkout/node_modules/@vitest/runner/dist/chunk-artifact.js:2955:64

stderr | backend/tests/unit/task-discovery.test.ts > TaskDiscoveryService > saveSearch > returns error on DB failure
[TaskDiscoveryService] DB error: Error: DB error
    at C:/Users/Manfish/Documents/Codex/2026-09-04/let/work/backend-validation-checkout/backend/tests/unit/task-discovery.test.ts:827:68
    at file:///C:/Users/Manfish/Documents/Codex/2026-09-04/let/work/backend-validation-checkout/node_modules/@vitest/runner/dist/chunk-artifact.js:302:11
    at file:///C:/Users/Manfish/Documents/Codex/2026-09-04/let/work/backend-validation-checkout/node_modules/@vitest/runner/dist/chunk-artifact.js:1903:26
    at file:///C:/Users/Manfish/Documents/Codex/2026-09-04/let/work/backend-validation-checkout/node_modules/@vitest/runner/dist/chunk-artifact.js:2326:20
    at new Promise (<anonymous>)
    at runWithCancel (file:///C:/Users/Manfish/Documents/Codex/2026-09-04/let/work/backend-validation-checkout/node_modules/@vitest/runner/dist/chunk-artifact.js:2323:10)
    at file:///C:/Users/Manfish/Documents/Codex/2026-09-04/let/work/backend-validation-checkout/node_modules/@vitest/runner/dist/chunk-artifact.js:2305:20
    at new Promise (<anonymous>)
    at runWithTimeout (file:///C:/Users/Manfish/Documents/Codex/2026-09-04/let/work/backend-validation-checkout/node_modules/@vitest/runner/dist/chunk-artifact.js:2272:10)
    at file:///C:/Users/Manfish/Documents/Codex/2026-09-04/let/work/backend-validation-checkout/node_modules/@vitest/runner/dist/chunk-artifact.js:2955:64

stderr | backend/tests/unit/task-discovery.test.ts > TaskDiscoveryService > getSavedSearches > returns error on DB failure
[TaskDiscoveryService] DB error: Error: DB error
    at C:/Users/Manfish/Documents/Codex/2026-09-04/let/work/backend-validation-checkout/backend/tests/unit/task-discovery.test.ts:876:68
    at file:///C:/Users/Manfish/Documents/Codex/2026-09-04/let/work/backend-validation-checkout/node_modules/@vitest/runner/dist/chunk-artifact.js:302:11
    at file:///C:/Users/Manfish/Documents/Codex/2026-09-04/let/work/backend-validation-checkout/node_modules/@vitest/runner/dist/chunk-artifact.js:1903:26
    at file:///C:/Users/Manfish/Documents/Codex/2026-09-04/let/work/backend-validation-checkout/node_modules/@vitest/runner/dist/chunk-artifact.js:2326:20
    at new Promise (<anonymous>)
    at runWithCancel (file:///C:/Users/Manfish/Documents/Codex/2026-09-04/let/work/backend-validation-checkout/node_modules/@vitest/runner/dist/chunk-artifact.js:2323:10)
    at file:///C:/Users/Manfish/Documents/Codex/2026-09-04/let/work/backend-validation-checkout/node_modules/@vitest/runner/dist/chunk-artifact.js:2305:20
    at new Promise (<anonymous>)
    at runWithTimeout (file:///C:/Users/Manfish/Documents/Codex/2026-09-04/let/work/backend-validation-checkout/node_modules/@vitest/runner/dist/chunk-artifact.js:2272:10)
    at file:///C:/Users/Manfish/Documents/Codex/2026-09-04/let/work/backend-validation-checkout/node_modules/@vitest/runner/dist/chunk-artifact.js:2955:64

stderr | backend/tests/unit/task-discovery.test.ts > TaskDiscoveryService > deleteSavedSearch > returns error on DB failure
[TaskDiscoveryService] DB error: Error: DB error
    at C:/Users/Manfish/Documents/Codex/2026-09-04/let/work/backend-validation-checkout/backend/tests/unit/task-discovery.test.ts:911:68
    at file:///C:/Users/Manfish/Documents/Codex/2026-09-04/let/work/backend-validation-checkout/node_modules/@vitest/runner/dist/chunk-artifact.js:302:11
    at file:///C:/Users/Manfish/Documents/Codex/2026-09-04/let/work/backend-validation-checkout/node_modules/@vitest/runner/dist/chunk-artifact.js:1903:26
    at file:///C:/Users/Manfish/Documents/Codex/2026-09-04/let/work/backend-validation-checkout/node_modules/@vitest/runner/dist/chunk-artifact.js:2326:20
    at new Promise (<anonymous>)
    at runWithCancel (file:///C:/Users/Manfish/Documents/Codex/2026-09-04/let/work/backend-validation-checkout/node_modules/@vitest/runner/dist/chunk-artifact.js:2323:10)
    at file:///C:/Users/Manfish/Documents/Codex/2026-09-04/let/work/backend-validation-checkout/node_modules/@vitest/runner/dist/chunk-artifact.js:2305:20
    at new Promise (<anonymous>)
    at runWithTimeout (file:///C:/Users/Manfish/Documents/Codex/2026-09-04/let/work/backend-validation-checkout/node_modules/@vitest/runner/dist/chunk-artifact.js:2272:10)
    at file:///C:/Users/Manfish/Documents/Codex/2026-09-04/let/work/backend-validation-checkout/node_modules/@vitest/runner/dist/chunk-artifact.js:2955:64

stderr | backend/tests/unit/task-discovery.test.ts > TaskDiscoveryService > executeSavedSearch > returns error on DB failure
[TaskDiscoveryService] DB error: Error: DB error
    at C:/Users/Manfish/Documents/Codex/2026-09-04/let/work/backend-validation-checkout/backend/tests/unit/task-discovery.test.ts:962:68
    at file:///C:/Users/Manfish/Documents/Codex/2026-09-04/let/work/backend-validation-checkout/node_modules/@vitest/runner/dist/chunk-artifact.js:302:11
    at file:///C:/Users/Manfish/Documents/Codex/2026-09-04/let/work/backend-validation-checkout/node_modules/@vitest/runner/dist/chunk-artifact.js:1903:26
    at file:///C:/Users/Manfish/Documents/Codex/2026-09-04/let/work/backend-validation-checkout/node_modules/@vitest/runner/dist/chunk-artifact.js:2326:20
    at new Promise (<anonymous>)
    at runWithCancel (file:///C:/Users/Manfish/Documents/Codex/2026-09-04/let/work/backend-validation-checkout/node_modules/@vitest/runner/dist/chunk-artifact.js:2323:10)
    at file:///C:/Users/Manfish/Documents/Codex/2026-09-04/let/work/backend-validation-checkout/node_modules/@vitest/runner/dist/chunk-artifact.js:2305:20
    at new Promise (<anonymous>)
    at runWithTimeout (file:///C:/Users/Manfish/Documents/Codex/2026-09-04/let/work/backend-validation-checkout/node_modules/@vitest/runner/dist/chunk-artifact.js:2272:10)
    at file:///C:/Users/Manfish/Documents/Codex/2026-09-04/let/work/backend-validation-checkout/node_modules/@vitest/runner/dist/chunk-artifact.js:2955:64

 ✓ |isolated| backend/tests/unit/task-discovery.test.ts (39 tests) 69ms
 ✓ |isolated| backend/tests/unit/service-stripe-connect.test.ts (33 tests) 58ms
 ✓ |isolated| backend/tests/unit/squad-router.test.ts (29 tests) 60ms
 ✓ |isolated| backend/tests/unit/rateLimit.test.ts (30 tests) 57ms
 ✓ |isolated| backend/tests/unit/FakeFinancialProvider.test.ts (19 tests) 56ms
 ✓ |isolated| backend/tests/unit/authenticated-financial-preparation.test.ts (20 tests) 42ms
[21:06:44.201] [33mWARN[39m: [36mFirebase Admin credentials missing — auth verification disabled[39m
    module: "auth"
 ✓ |isolated| backend/tests/unit/task-external-bridge-router.test.ts (19 tests) 62ms
 ✓ |isolated| backend/tests/unit/edge-case-simulation.test.ts (44 tests) 75ms
 ✓ |isolated| backend/tests/unit/attack-db-integrity.test.ts (21 tests) 58ms
 ✓ |isolated| backend/tests/unit/fix-y1-sse-connection-limit.test.ts (7 tests) 58ms
 ✓ |isolated| backend/tests/unit/attack-auth.test.ts (46 tests) 58ms
 ✓ |isolated| backend/tests/unit/change-order-recovery-terminals.test.ts (23 tests) 46ms
 ✓ |isolated| backend/tests/unit/recurringTask-router.test.ts (27 tests) 62ms
 ✓ |isolated| backend/tests/unit/attack-xp-economy.test.ts (40 tests) 36ms
 ✓ |isolated| backend/tests/unit/trust-tier-service.test.ts (29 tests) 41ms
 ✓ |isolated| backend/tests/unit/XPTaxService.test.ts (19 tests) 51ms
 ✓ |isolated| backend/tests/unit/health-endpoints.test.ts (4 tests) 53ms
 ✓ |isolated| backend/tests/unit/universal-v1-financial-request-service.test.ts (16 tests) 58ms
 ✓ |isolated| backend/tests/unit/hustler-wallet-service.test.ts (14 tests) 47ms
 ✓ |isolated| backend/tests/unit/error-code-registry.test.ts (37 tests) 42ms
 ✓ |isolated| backend/tests/unit/cache-redis-client.test.ts (46 tests) 31ms
 ✓ |isolated| backend/tests/unit/requestId.test.ts (3 tests) 53ms
 ✓ |isolated| backend/tests/unit/escrow-service.test.ts (45 tests) 52ms
 ✓ |isolated| backend/tests/unit/XPService-extra.test.ts (50 tests) 66ms
 ✓ |isolated| backend/tests/unit/attack-false-positives.test.ts (42 tests) 59ms
 ✓ |isolated| backend/tests/unit/escrow-action-worker.test.ts (27 tests) 70ms
 ✓ |isolated| backend/tests/unit/ai-observability-service.test.ts (9 tests) 44ms
 ✓ |isolated| backend/tests/unit/r53-financial-bugs.test.ts (7 tests) 49ms
 ✓ |isolated| backend/tests/unit/change-order-materialization.test.ts (8 tests) 44ms
 ✓ |isolated| backend/tests/unit/insurance-verification-service.test.ts (19 tests) 57ms
 ✓ |isolated| backend/tests/unit/change-order-commands.test.ts (17 tests) 52ms
 ✓ |isolated| backend/tests/unit/self-insurance-pool-service.test.ts (54 tests) 45ms
 ✓ |isolated| backend/tests/unit/stripe-connect-branches.test.ts (21 tests) 39ms
 ✓ |isolated| backend/tests/unit/messaging-service-extra.test.ts (39 tests) 45ms
 ✓ |isolated| backend/tests/unit/durable-fake-financial-command-coordinator.test.ts (13 tests) 46ms
 ✓ |isolated| backend/tests/unit/attack-webhook.test.ts (23 tests) 48ms
 ✓ |isolated| backend/tests/unit/auth-dual-cache-security.test.ts (11 tests) 47ms
 ✓ |isolated| backend/tests/unit/proof-service.test.ts (57 tests) 45ms
 ✓ |isolated| backend/tests/unit/automation-router.test.ts (29 tests) 60ms
 ✓ |isolated| backend/tests/unit/beta-service.test.ts (21 tests) 49ms
 ✓ |isolated| backend/tests/unit/instant-task-gate.test.ts (39 tests) 42ms
stderr | backend/tests/unit/service-biometric.test.ts > BiometricVerificationService.createLivenessSession > returns session ID on success
[vitest] The vi.fn() mock did not use 'function' or 'class' in its implementation, see https://vitest.dev/api/vi#vi-spyon for examples.

 ✓ |isolated| backend/tests/unit/service-biometric.test.ts (42 tests) 59ms
 ✓ |isolated| backend/tests/unit/quote-payment-recovery.test.ts (18 tests) 43ms
 ✓ |isolated| backend/tests/unit/external-task-bridge-policy.test.ts (7 tests) 46ms
 ✓ |isolated| backend/tests/unit/xpTax-router.test.ts (16 tests) 53ms
 ✓ |isolated| backend/tests/unit/trpc-context-edges.test.ts (6 tests) 54ms
 ✓ |isolated| backend/tests/unit/recurring-task-regression-r7.test.ts (14 tests) 49ms
 ✓ |isolated| backend/tests/unit/service-matchmaker-ai-extra.test.ts (27 tests) 54ms
 ✓ |isolated| backend/tests/unit/tipping-service.test.ts (24 tests) 62ms
 ✓ |isolated| backend/tests/unit/local-certification-payment-provider.test.ts (7 tests) 42ms
 ✓ |isolated| backend/tests/unit/taskDiscovery-router.test.ts (31 tests) 56ms
 ✓ |isolated| backend/tests/unit/router-notification-extra.test.ts (28 tests) 49ms
 ✓ |isolated| backend/tests/unit/moderation-branches.test.ts (17 tests) 42ms
 ✓ |isolated| backend/tests/unit/local-test-proof-media-route.test.ts (3 tests) 77ms
 ✓ |isolated| backend/tests/unit/universal-v1-change-order-contracts.test.ts (5 tests) 77ms
 ✓ |isolated| backend/tests/unit/nonproduction-runtime-insert-authority-migration.test.ts (7 tests) 43ms
 ✓ |isolated| backend/tests/unit/validators.test.ts (71 tests) 38ms
 ✓ |isolated| backend/tests/unit/worker-change-order-materialization.test.ts (20 tests) 40ms
 ✓ |isolated| backend/tests/unit/worker-change-order-adjustment.test.ts (7 tests) 40ms
 ✓ |isolated| backend/tests/unit/redis-runtime-shutdown.test.ts (3 tests) 34ms
 ✓ |isolated| backend/tests/unit/attack-regression-r4.test.ts (17 tests) 48ms
 ✓ |isolated| backend/tests/unit/universal-v1-estimate-service.test.ts (12 tests) 50ms
 ✓ |isolated| backend/tests/unit/admin-router.test.ts (29 tests) 37ms
 ✓ |isolated| backend/tests/unit/biometric-router.test.ts (14 tests) 34ms
 ✓ |isolated| backend/tests/unit/repositories-task.test.ts (26 tests) 48ms
 ✓ |isolated| backend/tests/unit/engine-automation-container-contract.test.ts (25 tests) 32ms
stderr | backend/tests/unit/feed-query-branches.test.ts > TaskDiscoveryService.browsePublicFeed — sort_by branches > returns DB_ERROR when query throws
[TaskDiscoveryService] DB error: Error: db error
    at C:/Users/Manfish/Documents/Codex/2026-09-04/let/work/backend-validation-checkout/backend/tests/unit/feed-query-branches.test.ts:259:37
    at file:///C:/Users/Manfish/Documents/Codex/2026-09-04/let/work/backend-validation-checkout/node_modules/@vitest/runner/dist/chunk-artifact.js:302:11
    at file:///C:/Users/Manfish/Documents/Codex/2026-09-04/let/work/backend-validation-checkout/node_modules/@vitest/runner/dist/chunk-artifact.js:1903:26
    at file:///C:/Users/Manfish/Documents/Codex/2026-09-04/let/work/backend-validation-checkout/node_modules/@vitest/runner/dist/chunk-artifact.js:2326:20
    at new Promise (<anonymous>)
    at runWithCancel (file:///C:/Users/Manfish/Documents/Codex/2026-09-04/let/work/backend-validation-checkout/node_modules/@vitest/runner/dist/chunk-artifact.js:2323:10)
    at file:///C:/Users/Manfish/Documents/Codex/2026-09-04/let/work/backend-validation-checkout/node_modules/@vitest/runner/dist/chunk-artifact.js:2305:20
    at new Promise (<anonymous>)
    at runWithTimeout (file:///C:/Users/Manfish/Documents/Codex/2026-09-04/let/work/backend-validation-checkout/node_modules/@vitest/runner/dist/chunk-artifact.js:2272:10)
    at file:///C:/Users/Manfish/Documents/Codex/2026-09-04/let/work/backend-validation-checkout/node_modules/@vitest/runner/dist/chunk-artifact.js:2955:64

 ✓ |isolated| backend/tests/unit/feed-query-branches.test.ts (32 tests) 35ms
 ✓ |isolated| backend/tests/unit/reputation-ai.test.ts (26 tests) 37ms
 ✓ |isolated| backend/tests/unit/task-suggestion-ai-service.test.ts (21 tests) 58ms
 ✓ |isolated| backend/tests/unit/web-ops-edges.test.ts (10 tests) 30ms
 ✓ |isolated| backend/tests/unit/recurring-work-service.test.ts (14 tests) 43ms
 ✓ |isolated| backend/tests/unit/worker-runtime-shutdown.test.ts (7 tests) 48ms
 ✓ |isolated| backend/tests/unit/fraud-detection-service-extra.test.ts (35 tests) 31ms
 ✓ |isolated| backend/tests/unit/eligibility-resolver.test.ts (63 tests) 33ms
 ✓ |isolated| backend/tests/unit/universal-v1-work-order-resume.test.ts (24 tests) 58ms
 ✓ |isolated| backend/tests/unit/liquidity-cell-service.test.ts (19 tests) 34ms
 ✓ |isolated| backend/tests/unit/recommendation-service.test.ts (8 tests) 41ms
[21:06:58.018] [33mWARN[39m: [36mFirebase Admin credentials missing — auth verification disabled[39m
    module: "auth"
 ✓ |isolated| backend/tests/unit/server-boot.test.ts (6 tests) 39ms
 ✓ |isolated| backend/tests/unit/server-admin-routes.test.ts (2 tests) 54ms
stdout | backend/tests/unit/attack-messaging.test.ts > RED-TEAM SUMMARY > documents all 15 attack verdicts

=== RED-TEAM MESSAGING SUMMARY ===
🟢 [A-01] SAFE    Read others messages
        participant check at MessagingService.ts:119
🟢 [A-02] SAFE    Sender ID spoofing
        senderId from ctx.user.id; no body field in schema
🟢 [A-03] SAFE    Message unrelated task
        FORBIDDEN guard at MessagingService.ts:244
🟢 [A-04] SAFE    Post-completion harassment
        READ_ONLY_STATES guard at MessagingService.ts:224
✅ [A-05] FIXED   XSS payload in content
        unsafe markup/schemes are born flagged and never delivered
🟢 [A-06] SAFE    SQL injection in search
        all queries parameterized; no free-text search endpoint
✅ [A-07] FIXED   Scope creep via messaging
        explicit scope-expansion phrases are born flagged and never delivered
✅ [A-08] FIXED   Arbitrary photo URL injection
        strict receipt-only input; canonical URL derived after transactional receipt consumption
✅ [A-09] FIXED   Message flood
        30/min sender+task service bucket is shared by text/photo sends
✅ [A-10] FIXED   SSE connection flood
        addConnection() capped at MAX_CONNECTIONS_PER_USER=5; /realtime/stream rate-limited (v2.9.6)
🟢 [A-11] SAFE    Backdated message timestamp
        created_at not in input schema; DB default NOW()
🟢 [A-12] SAFE    Message deletion/edit
        no delete/edit endpoint; immutability by absence
🟢 [A-13] SAFE    Read receipt manipulation
        receiver_id check at service + SQL WHERE level (double enforcement)
✅ [A-14] FIXED   SSE channel hijacking
        personal-room ownership enforced; task-room subscription disabled
✅ [A-15] FIXED   Stale SSE after completion
        task-scoped subscriptions cannot be created; personal stream is not task-scoped

EXPLOITS (0): none — all patched
FIXED    (7): A-05, A-07, A-08, A-09, A-10, A-14, A-15
GAPS     (0): 
SAFE     (8): A-01, A-02, A-03, A-04, A-06, A-11, A-12, A-13

 ✓ |isolated| backend/tests/unit/attack-messaging.test.ts (33 tests) 49ms
 ✓ |isolated| backend/tests/unit/universal-v1-change-order-application.test.ts (13 tests) 53ms
 ✓ |isolated| backend/tests/unit/media-sanitization.test.ts (7 tests) 47ms
 ✓ |isolated| backend/tests/unit/dispute-service.test.ts (17 tests) 44ms
 ✓ |isolated| backend/tests/unit/ComplianceGuardianService.test.ts (27 tests) 43ms
 ✓ |isolated| backend/tests/unit/push-worker.test.ts (9 tests) 41ms
 ✓ |isolated| backend/tests/unit/fake-financial-live-database-capability.test.ts (11 tests) 55ms
 ✓ |isolated| backend/tests/unit/attack-pricing.test.ts (44 tests) 62ms
 ✓ |isolated| backend/tests/unit/service-business-execution-service.test.ts (7 tests) 38ms
 ✓ |isolated| backend/tests/unit/onboarding-ai-service.test.ts (16 tests) 25ms
 ✓ |isolated| backend/tests/unit/completion-release-worker.test.ts (20 tests) 35ms
 ✓ |isolated| backend/tests/unit/universal-v1-work-order-command-ports-migration.test.ts (13 tests) 35ms
 ✓ |isolated| backend/tests/unit/redis-pubsub-extra.test.ts (17 tests) 58ms
 ✓ |isolated| backend/tests/unit/task-offline-sync-router.test.ts (10 tests) 29ms
stdout | backend/tests/unit/attack-sql-injection.test.ts > Summary: SQL injection attack surface assessment > produces a complete findings matrix

=== SQL INJECTION RED-TEAM RESULTS ===
[SAFE                  ] 1 — sortBy injection (browseTasks)
                         File: taskDiscovery.ts:75 + TaskDiscoveryService.ts:302
                         z.enum + switch() maps to hardcoded SQL fragment
[SAFE                  ] 2 — sortDirection injection (getFeed)
                         File: taskDiscovery.ts:134
                         No sortDirection field; switch() on enum only
[SAFE                  ] 3 — filter field injection
                         File: admin.ts:56, TaskDiscoveryService.ts:288
                         All filter values use $N parameterized queries
[FIXED                 ] 4 — LIKE wildcard injection
                         File: admin.ts:50
                         % and _ escaped before parameter binding
[SAFE                  ] 5 — limit injection
                         File: taskDiscovery.ts:70, admin.ts:38
                         z.number().int().max(100) rejects strings and large values
[FIXED                 ] 6 — offset injection / overflow
                         File: taskDiscoveryFeedRoutes.ts, admin.ts
                         all router offsets capped at 500
[SAFE                  ] 7 — array parameter injection
                         File: taskDiscovery.ts:140
                         skills array passed as JS value; not used in dynamic SQL construction
[SAFE                  ] 8 — JSONB path injection
                         File: TaskDiscoveryService.ts:918
                         No user-supplied JSONB path operators found; filters stored as parameterized JSONB
[SAFE                  ] 9 — unbounded admin list
                         File: admin.ts:38, betaDashboard.ts:343
                         max(100) enforced; sortBy in betaDashboard silently ignored (dead feature, not injection)
[FIXED                 ] 10 — browseTasks location leak
                         File: taskDiscoveryFeedRoutes.ts
                         poster_id and stored location stripped; rough_location only
[FIXED                 ] 11 — deep pagination DoS
                         File: all routers
                         global maximum offset of 500
[FIXED                 ] 12 — error message disclosure
                         File: trpc.ts
                         shared formatter replaces internal messages and strips stacks
[FIXED                 ] 13 — timing oracle via LIKE
                         File: admin.ts + migration
                         escaped contains search backed by two pg_trgm indexes
[FIXED                 ] WorkerSkillService userId binding
                         File: WorkerSkillService.ts
                         userId is a $1 bind placeholder
[SAFE                  ] Interval injection (admin revenue)
                         File: admin.ts:255,288,303
                         z.number().int().min(1).max(365) + PostgreSQL INTERVAL rejects non-integer

 ✓ |isolated| backend/tests/unit/attack-sql-injection.test.ts (52 tests) 35ms
 ✓ |isolated| backend/tests/unit/router-subscription-extra.test.ts (9 tests) 58ms
 ✓ |isolated| backend/tests/unit/ai-client-extra.test.ts (21 tests) 58ms
 ✓ |isolated| backend/tests/unit/router-recurringTask-extra.test.ts (20 tests) 59ms
 ✓ |isolated| backend/tests/unit/change-order-recovery-claims.test.ts (24 tests) 36ms
 ✓ |isolated| backend/tests/unit/incidents-router.test.ts (18 tests) 33ms
 ✓ |isolated| backend/tests/unit/outbox-worker.test.ts (24 tests) 49ms
 ✓ |isolated| backend/tests/unit/sealed-change-order-recovery-worker.test.ts (21 tests) 41ms
 ✓ |isolated| backend/tests/unit/ScoperAI-v27.test.ts (10 tests) 35ms
 ✓ |isolated| backend/tests/unit/ComplianceGuardianService-v28.test.ts (9 tests) 42ms
 ✓ |isolated| backend/tests/unit/knowledge-graph-service.test.ts (11 tests) 35ms
 ✓ |isolated| backend/tests/unit/router-alpha-telemetry-extra.test.ts (23 tests) 29ms
[sentry] Sentry DSN not configured — error tracking disabled
 ✓ |isolated| backend/tests/unit/sentry-branches.test.ts (4 tests) 25ms
 ✓ |isolated| backend/tests/unit/capability-router.test.ts (20 tests) 41ms
 ✓ |isolated| backend/tests/unit/repositories-user.test.ts (30 tests) 29ms
 ✓ |isolated| backend/tests/unit/router-betaDashboard-extra.test.ts (31 tests) 43ms
 ✓ |isolated| backend/tests/unit/attack-gdpr.test.ts (27 tests) 38ms
 ✓ |isolated| backend/tests/unit/task-service-branches.test.ts (17 tests) 28ms
stderr | backend/tests/unit/intent-parser-service.test.ts > IntentParserService.analyzeIntent > Financial domain > should identify EscrowService and critical tier for escrow description
Knowledge graph query failed, proceeding without context: Error: Database not available
    at C:/Users/Manfish/Documents/Codex/2026-09-04/let/work/backend-validation-checkout/backend/tests/unit/intent-parser-service.test.ts:29:42
    at ManualMockedModule.factory (file:///C:/Users/Manfish/Documents/Codex/2026-09-04/let/work/backend-validation-checkout/node_modules/vitest/dist/chunks/test.DNmyFkvJ.js:3569:78)
    at ManualMockedModule.resolve (file:///C:/Users/Manfish/Documents/Codex/2026-09-04/let/work/backend-validation-checkout/node_modules/@vitest/mocker/dist/chunk-registry.js:161:21)
    at VitestMocker.callFunctionMock (file:///C:/Users/Manfish/Documents/Codex/2026-09-04/let/work/backend-validation-checkout/node_modules/vitest/dist/chunks/startVitestModuleRunner.DB-7oCpn.js:319:32)
    at file:///C:/Users/Manfish/Documents/Codex/2026-09-04/let/work/backend-validation-checkout/node_modules/vitest/dist/chunks/startVitestModuleRunner.DB-7oCpn.js:402:23
    at Traces.$ (file:///C:/Users/Manfish/Documents/Codex/2026-09-04/let/work/backend-validation-checkout/node_modules/vitest/dist/chunks/traces.DT5aQ62U.js:142:27)
    at VitestMocker.requestWithMockedModule (file:///C:/Users/Manfish/Documents/Codex/2026-09-04/let/work/backend-validation-checkout/node_modules/vitest/dist/chunks/startVitestModuleRunner.DB-7oCpn.js:367:21)
    at VitestModuleRunner.cachedRequest (file:///C:/Users/Manfish/Documents/Codex/2026-09-04/let/work/backend-validation-checkout/node_modules/vitest/dist/chunks/startVitestModuleRunner.DB-7oCpn.js:568:31)
    at request (file:///C:/Users/Manfish/Documents/Codex/2026-09-04/let/work/backend-validation-checkout/node_modules/vite/dist/node/module-runner.js:1104:76)
    at processTicksAndRejections (node:internal/process/task_queues:103:5)

stderr | backend/tests/unit/intent-parser-service.test.ts > IntentParserService.analyzeIntent > Financial domain > should identify EscrowService and critical tier for escrow description
AI reasoning failed, using heuristic analysis: Error: No AI providers configured
    at C:/Users/Manfish/Documents/Codex/2026-09-04/let/work/backend-validation-checkout/backend/tests/unit/intent-parser-service.test.ts:41:37
    at ManualMockedModule.factory (file:///C:/Users/Manfish/Documents/Codex/2026-09-04/let/work/backend-validation-checkout/node_modules/vitest/dist/chunks/test.DNmyFkvJ.js:3569:78)
    at ManualMockedModule.resolve (file:///C:/Users/Manfish/Documents/Codex/2026-09-04/let/work/backend-validation-checkout/node_modules/@vitest/mocker/dist/chunk-registry.js:161:21)
    at VitestMocker.callFunctionMock (file:///C:/Users/Manfish/Documents/Codex/2026-09-04/let/work/backend-validation-checkout/node_modules/vitest/dist/chunks/startVitestModuleRunner.DB-7oCpn.js:319:32)
    at file:///C:/Users/Manfish/Documents/Codex/2026-09-04/let/work/backend-validation-checkout/node_modules/vitest/dist/chunks/startVitestModuleRunner.DB-7oCpn.js:402:23
    at Traces.$ (file:///C:/Users/Manfish/Documents/Codex/2026-09-04/let/work/backend-validation-checkout/node_modules/vitest/dist/chunks/traces.DT5aQ62U.js:142:27)
    at VitestMocker.requestWithMockedModule (file:///C:/Users/Manfish/Documents/Codex/2026-09-04/let/work/backend-validation-checkout/node_modules/vitest/dist/chunks/startVitestModuleRunner.DB-7oCpn.js:367:21)
    at VitestModuleRunner.cachedRequest (file:///C:/Users/Manfish/Documents/Codex/2026-09-04/let/work/backend-validation-checkout/node_modules/vitest/dist/chunks/startVitestModuleRunner.DB-7oCpn.js:568:31)
    at request (file:///C:/Users/Manfish/Documents/Codex/2026-09-04/let/work/backend-validation-checkout/node_modules/vite/dist/node/module-runner.js:1104:76)
    at processTicksAndRejections (node:internal/process/task_queues:103:5)

stderr | backend/tests/unit/intent-parser-service.test.ts > IntentParserService.analyzeIntent > Financial domain > should identify StripeService for payment descriptions
Knowledge graph query failed, proceeding without context: Error: Database not available
    at C:/Users/Manfish/Documents/Codex/2026-09-04/let/work/backend-validation-checkout/backend/tests/unit/intent-parser-service.test.ts:29:42
    at ManualMockedModule.factory (file:///C:/Users/Manfish/Documents/Codex/2026-09-04/let/work/backend-validation-checkout/node_modules/vitest/dist/chunks/test.DNmyFkvJ.js:3569:78)
    at ManualMockedModule.resolve (file:///C:/Users/Manfish/Documents/Codex/2026-09-04/let/work/backend-validation-checkout/node_modules/@vitest/mocker/dist/chunk-registry.js:161:21)
    at VitestMocker.callFunctionMock (file:///C:/Users/Manfish/Documents/Codex/2026-09-04/let/work/backend-validation-checkout/node_modules/vitest/dist/chunks/startVitestModuleRunner.DB-7oCpn.js:319:32)
    at file:///C:/Users/Manfish/Documents/Codex/2026-09-04/let/work/backend-validation-checkout/node_modules/vitest/dist/chunks/startVitestModuleRunner.DB-7oCpn.js:402:23
    at Traces.$ (file:///C:/Users/Manfish/Documents/Codex/2026-09-04/let/work/backend-validation-checkout/node_modules/vitest/dist/chunks/traces.DT5aQ62U.js:142:27)
    at VitestMocker.requestWithMockedModule (file:///C:/Users/Manfish/Documents/Codex/2026-09-04/let/work/backend-validation-checkout/node_modules/vitest/dist/chunks/startVitestModuleRunner.DB-7oCpn.js:367:21)
    at VitestModuleRunner.cachedRequest (file:///C:/Users/Manfish/Documents/Codex/2026-09-04/let/work/backend-validation-checkout/node_modules/vitest/dist/chunks/startVitestModuleRunner.DB-7oCpn.js:568:31)
    at request (file:///C:/Users/Manfish/Documents/Codex/2026-09-04/let/work/backend-validation-checkout/node_modules/vite/dist/node/module-runner.js:1104:76)
    at processTicksAndRejections (node:internal/process/task_queues:103:5)

stderr | backend/tests/unit/intent-parser-service.test.ts > IntentParserService.analyzeIntent > Financial domain > should identify StripeService for payment descriptions
AI reasoning failed, using heuristic analysis: Error: No AI providers configured
    at C:/Users/Manfish/Documents/Codex/2026-09-04/let/work/backend-validation-checkout/backend/tests/unit/intent-parser-service.test.ts:41:37
    at ManualMockedModule.factory (file:///C:/Users/Manfish/Documents/Codex/2026-09-04/let/work/backend-validation-checkout/node_modules/vitest/dist/chunks/test.DNmyFkvJ.js:3569:78)
    at ManualMockedModule.resolve (file:///C:/Users/Manfish/Documents/Codex/2026-09-04/let/work/backend-validation-checkout/node_modules/@vitest/mocker/dist/chunk-registry.js:161:21)
    at VitestMocker.callFunctionMock (file:///C:/Users/Manfish/Documents/Codex/2026-09-04/let/work/backend-validation-checkout/node_modules/vitest/dist/chunks/startVitestModuleRunner.DB-7oCpn.js:319:32)
    at file:///C:/Users/Manfish/Documents/Codex/2026-09-04/let/work/backend-validation-checkout/node_modules/vitest/dist/chunks/startVitestModuleRunner.DB-7oCpn.js:402:23
    at Traces.$ (file:///C:/Users/Manfish/Documents/Codex/2026-09-04/let/work/backend-validation-checkout/node_modules/vitest/dist/chunks/traces.DT5aQ62U.js:142:27)
    at VitestMocker.requestWithMockedModule (file:///C:/Users/Manfish/Documents/Codex/2026-09-04/let/work/backend-validation-checkout/node_modules/vitest/dist/chunks/startVitestModuleRunner.DB-7oCpn.js:367:21)
    at VitestModuleRunner.cachedRequest (file:///C:/Users/Manfish/Documents/Codex/2026-09-04/let/work/backend-validation-checkout/node_modules/vitest/dist/chunks/startVitestModuleRunner.DB-7oCpn.js:568:31)
    at request (file:///C:/Users/Manfish/Documents/Codex/2026-09-04/let/work/backend-validation-checkout/node_modules/vite/dist/node/module-runner.js:1104:76)
    at processTicksAndRejections (node:internal/process/task_queues:103:5)

stderr | backend/tests/unit/intent-parser-service.test.ts > IntentParserService.analyzeIntent > Financial domain > should mark refund flow as critical
Knowledge graph query failed, proceeding without context: Error: Database not available
    at C:/Users/Manfish/Documents/Codex/2026-09-04/let/work/backend-validation-checkout/backend/tests/unit/intent-parser-service.test.ts:29:42
    at ManualMockedModule.factory (file:///C:/Users/Manfish/Documents/Codex/2026-09-04/let/work/backend-validation-checkout/node_modules/vitest/dist/chunks/test.DNmyFkvJ.js:3569:78)
    at ManualMockedModule.resolve (file:///C:/Users/Manfish/Documents/Codex/2026-09-04/let/work/backend-validation-checkout/node_modules/@vitest/mocker/dist/chunk-registry.js:161:21)
    at VitestMocker.callFunctionMock (file:///C:/Users/Manfish/Documents/Codex/2026-09-04/let/work/backend-validation-checkout/node_modules/vitest/dist/chunks/startVitestModuleRunner.DB-7oCpn.js:319:32)
    at file:///C:/Users/Manfish/Documents/Codex/2026-09-04/let/work/backend-validation-checkout/node_modules/vitest/dist/chunks/startVitestModuleRunner.DB-7oCpn.js:402:23
    at Traces.$ (file:///C:/Users/Manfish/Documents/Codex/2026-09-04/let/work/backend-validation-checkout/node_modules/vitest/dist/chunks/traces.DT5aQ62U.js:142:27)
    at VitestMocker.requestWithMockedModule (file:///C:/Users/Manfish/Documents/Codex/2026-09-04/let/work/backend-validation-checkout/node_modules/vitest/dist/chunks/startVitestModuleRunner.DB-7oCpn.js:367:21)
    at VitestModuleRunner.cachedRequest (file:///C:/Users/Manfish/Documents/Codex/2026-09-04/let/work/backend-validation-checkout/node_modules/vitest/dist/chunks/startVitestModuleRunner.DB-7oCpn.js:568:31)
    at request (file:///C:/Users/Manfish/Documents/Codex/2026-09-04/let/work/backend-validation-checkout/node_modules/vite/dist/node/module-runner.js:1104:76)
    at processTicksAndRejections (node:internal/process/task_queues:103:5)

stderr | backend/tests/unit/intent-parser-service.test.ts > IntentParserService.analyzeIntent > Financial domain > should mark refund flow as critical
AI reasoning failed, using heuristic analysis: Error: No AI providers configured
    at C:/Users/Manfish/Documents/Codex/2026-09-04/let/work/backend-validation-checkout/backend/tests/unit/intent-parser-service.test.ts:41:37
    at ManualMockedModule.factory (file:///C:/Users/Manfish/Documents/Codex/2026-09-04/let/work/backend-validation-checkout/node_modules/vitest/dist/chunks/test.DNmyFkvJ.js:3569:78)
    at ManualMockedModule.resolve (file:///C:/Users/Manfish/Documents/Codex/2026-09-04/let/work/backend-validation-checkout/node_modules/@vitest/mocker/dist/chunk-registry.js:161:21)
    at VitestMocker.callFunctionMock (file:///C:/Users/Manfish/Documents/Codex/2026-09-04/let/work/backend-validation-checkout/node_modules/vitest/dist/chunks/startVitestModuleRunner.DB-7oCpn.js:319:32)
    at file:///C:/Users/Manfish/Documents/Codex/2026-09-04/let/work/backend-validation-checkout/node_modules/vitest/dist/chunks/startVitestModuleRunner.DB-7oCpn.js:402:23
    at Traces.$ (file:///C:/Users/Manfish/Documents/Codex/2026-09-04/let/work/backend-validation-checkout/node_modules/vitest/dist/chunks/traces.DT5aQ62U.js:142:27)
    at VitestMocker.requestWithMockedModule (file:///C:/Users/Manfish/Documents/Codex/2026-09-04/let/work/backend-validation-checkout/node_modules/vitest/dist/chunks/startVitestModuleRunner.DB-7oCpn.js:367:21)
    at VitestModuleRunner.cachedRequest (file:///C:/Users/Manfish/Documents/Codex/2026-09-04/let/work/backend-validation-checkout/node_modules/vitest/dist/chunks/startVitestModuleRunner.DB-7oCpn.js:568:31)
    at request (file:///C:/Users/Manfish/Documents/Codex/2026-09-04/let/work/backend-validation-checkout/node_modules/vite/dist/node/module-runner.js:1104:76)
    at processTicksAndRejections (node:internal/process/task_queues:103:5)

stderr | backend/tests/unit/intent-parser-service.test.ts > IntentParserService.analyzeIntent > Task domain > should identify TaskService for task creation descriptions
Knowledge graph query failed, proceeding without context: Error: Database not available
    at C:/Users/Manfish/Documents/Codex/2026-09-04/let/work/backend-validation-checkout/backend/tests/unit/intent-parser-service.test.ts:29:42
    at ManualMockedModule.factory (file:///C:/Users/Manfish/Documents/Codex/2026-09-04/let/work/backend-validation-checkout/node_modules/vitest/dist/chunks/test.DNmyFkvJ.js:3569:78)
    at ManualMockedModule.resolve (file:///C:/Users/Manfish/Documents/Codex/2026-09-04/let/work/backend-validation-checkout/node_modules/@vitest/mocker/dist/chunk-registry.js:161:21)
    at VitestMocker.callFunctionMock (file:///C:/Users/Manfish/Documents/Codex/2026-09-04/let/work/backend-validation-checkout/node_modules/vitest/dist/chunks/startVitestModuleRunner.DB-7oCpn.js:319:32)
    at file:///C:/Users/Manfish/Documents/Codex/2026-09-04/let/work/backend-validation-checkout/node_modules/vitest/dist/chunks/startVitestModuleRunner.DB-7oCpn.js:402:23
    at Traces.$ (file:///C:/Users/Manfish/Documents/Codex/2026-09-04/let/work/backend-validation-checkout/node_modules/vitest/dist/chunks/traces.DT5aQ62U.js:142:27)
    at VitestMocker.requestWithMockedModule (file:///C:/Users/Manfish/Documents/Codex/2026-09-04/let/work/backend-validation-checkout/node_modules/vitest/dist/chunks/startVitestModuleRunner.DB-7oCpn.js:367:21)
    at VitestModuleRunner.cachedRequest (file:///C:/Users/Manfish/Documents/Codex/2026-09-04/let/work/backend-validation-checkout/node_modules/vitest/dist/chunks/startVitestModuleRunner.DB-7oCpn.js:568:31)
    at request (file:///C:/Users/Manfish/Documents/Codex/2026-09-04/let/work/backend-validation-checkout/node_modules/vite/dist/node/module-runner.js:1104:76)
    at processTicksAndRejections (node:internal/process/task_queues:103:5)

stderr | backend/tests/unit/intent-parser-service.test.ts > IntentParserService.analyzeIntent > Task domain > should identify TaskService for task creation descriptions
AI reasoning failed, using heuristic analysis: Error: No AI providers configured
    at C:/Users/Manfish/Documents/Codex/2026-09-04/let/work/backend-validation-checkout/backend/tests/unit/intent-parser-service.test.ts:41:37
    at ManualMockedModule.factory (file:///C:/Users/Manfish/Documents/Codex/2026-09-04/let/work/backend-validation-checkout/node_modules/vitest/dist/chunks/test.DNmyFkvJ.js:3569:78)
    at ManualMockedModule.resolve (file:///C:/Users/Manfish/Documents/Codex/2026-09-04/let/work/backend-validation-checkout/node_modules/@vitest/mocker/dist/chunk-registry.js:161:21)
    at VitestMocker.callFunctionMock (file:///C:/Users/Manfish/Documents/Codex/2026-09-04/let/work/backend-validation-checkout/node_modules/vitest/dist/chunks/startVitestModuleRunner.DB-7oCpn.js:319:32)
    at file:///C:/Users/Manfish/Documents/Codex/2026-09-04/let/work/backend-validation-checkout/node_modules/vitest/dist/chunks/startVitestModuleRunner.DB-7oCpn.js:402:23
    at Traces.$ (file:///C:/Users/Manfish/Documents/Codex/2026-09-04/let/work/backend-validation-checkout/node_modules/vitest/dist/chunks/traces.DT5aQ62U.js:142:27)
    at VitestMocker.requestWithMockedModule (file:///C:/Users/Manfish/Documents/Codex/2026-09-04/let/work/backend-validation-checkout/node_modules/vitest/dist/chunks/startVitestModuleRunner.DB-7oCpn.js:367:21)
    at VitestModuleRunner.cachedRequest (file:///C:/Users/Manfish/Documents/Codex/2026-09-04/let/work/backend-validation-checkout/node_modules/vitest/dist/chunks/startVitestModuleRunner.DB-7oCpn.js:568:31)
    at request (file:///C:/Users/Manfish/Documents/Codex/2026-09-04/let/work/backend-validation-checkout/node_modules/vite/dist/node/module-runner.js:1104:76)
    at processTicksAndRejections (node:internal/process/task_queues:103:5)

stderr | backend/tests/unit/intent-parser-service.test.ts > IntentParserService.analyzeIntent > Task domain > should identify ProofService for proof submission descriptions
Knowledge graph query failed, proceeding without context: Error: Database not available
    at C:/Users/Manfish/Documents/Codex/2026-09-04/let/work/backend-validation-checkout/backend/tests/unit/intent-parser-service.test.ts:29:42
    at ManualMockedModule.factory (file:///C:/Users/Manfish/Documents/Codex/2026-09-04/let/work/backend-validation-checkout/node_modules/vitest/dist/chunks/test.DNmyFkvJ.js:3569:78)
    at ManualMockedModule.resolve (file:///C:/Users/Manfish/Documents/Codex/2026-09-04/let/work/backend-validation-checkout/node_modules/@vitest/mocker/dist/chunk-registry.js:161:21)
    at VitestMocker.callFunctionMock (file:///C:/Users/Manfish/Documents/Codex/2026-09-04/let/work/backend-validation-checkout/node_modules/vitest/dist/chunks/startVitestModuleRunner.DB-7oCpn.js:319:32)
    at file:///C:/Users/Manfish/Documents/Codex/2026-09-04/let/work/backend-validation-checkout/node_modules/vitest/dist/chunks/startVitestModuleRunner.DB-7oCpn.js:402:23
    at Traces.$ (file:///C:/Users/Manfish/Documents/Codex/2026-09-04/let/work/backend-validation-checkout/node_modules/vitest/dist/chunks/traces.DT5aQ62U.js:142:27)
    at VitestMocker.requestWithMockedModule (file:///C:/Users/Manfish/Documents/Codex/2026-09-04/let/work/backend-validation-checkout/node_modules/vitest/dist/chunks/startVitestModuleRunner.DB-7oCpn.js:367:21)
    at VitestModuleRunner.cachedRequest (file:///C:/Users/Manfish/Documents/Codex/2026-09-04/let/work/backend-validation-checkout/node_modules/vitest/dist/chunks/startVitestModuleRunner.DB-7oCpn.js:568:31)
    at request (file:///C:/Users/Manfish/Documents/Codex/2026-09-04/let/work/backend-validation-checkout/node_modules/vite/dist/node/module-runner.js:1104:76)
    at processTicksAndRejections (node:internal/process/task_queues:103:5)

stderr | backend/tests/unit/intent-parser-service.test.ts > IntentParserService.analyzeIntent > Task domain > should identify ProofService for proof submission descriptions
AI reasoning failed, using heuristic analysis: Error: No AI providers configured
    at C:/Users/Manfish/Documents/Codex/2026-09-04/let/work/backend-validation-checkout/backend/tests/unit/intent-parser-service.test.ts:41:37
    at ManualMockedModule.factory (file:///C:/Users/Manfish/Documents/Codex/2026-09-04/let/work/backend-validation-checkout/node_modules/vitest/dist/chunks/test.DNmyFkvJ.js:3569:78)
    at ManualMockedModule.resolve (file:///C:/Users/Manfish/Documents/Codex/2026-09-04/let/work/backend-validation-checkout/node_modules/@vitest/mocker/dist/chunk-registry.js:161:21)
    at VitestMocker.callFunctionMock (file:///C:/Users/Manfish/Documents/Codex/2026-09-04/let/work/backend-validation-checkout/node_modules/vitest/dist/chunks/startVitestModuleRunner.DB-7oCpn.js:319:32)
    at file:///C:/Users/Manfish/Documents/Codex/2026-09-04/let/work/backend-validation-checkout/node_modules/vitest/dist/chunks/startVitestModuleRunner.DB-7oCpn.js:402:23
    at Traces.$ (file:///C:/Users/Manfish/Documents/Codex/2026-09-04/let/work/backend-validation-checkout/node_modules/vitest/dist/chunks/traces.DT5aQ62U.js:142:27)
    at VitestMocker.requestWithMockedModule (file:///C:/Users/Manfish/Documents/Codex/2026-09-04/let/work/backend-validation-checkout/node_modules/vitest/dist/chunks/startVitestModuleRunner.DB-7oCpn.js:367:21)
    at VitestModuleRunner.cachedRequest (file:///C:/Users/Manfish/Documents/Codex/2026-09-04/let/work/backend-validation-checkout/node_modules/vitest/dist/chunks/startVitestModuleRunner.DB-7oCpn.js:568:31)
    at request (file:///C:/Users/Manfish/Documents/Codex/2026-09-04/let/work/backend-validation-checkout/node_modules/vite/dist/node/module-runner.js:1104:76)
    at processTicksAndRejections (node:internal/process/task_queues:103:5)

stderr | backend/tests/unit/intent-parser-service.test.ts > IntentParserService.analyzeIntent > Tier classification > should classify migration descriptions as architectural
Knowledge graph query failed, proceeding without context: Error: Database not available
    at C:/Users/Manfish/Documents/Codex/2026-09-04/let/work/backend-validation-checkout/backend/tests/unit/intent-parser-service.test.ts:29:42
    at ManualMockedModule.factory (file:///C:/Users/Manfish/Documents/Codex/2026-09-04/let/work/backend-validation-checkout/node_modules/vitest/dist/chunks/test.DNmyFkvJ.js:3569:78)
    at ManualMockedModule.resolve (file:///C:/Users/Manfish/Documents/Codex/2026-09-04/let/work/backend-validation-checkout/node_modules/@vitest/mocker/dist/chunk-registry.js:161:21)
    at VitestMocker.callFunctionMock (file:///C:/Users/Manfish/Documents/Codex/2026-09-04/let/work/backend-validation-checkout/node_modules/vitest/dist/chunks/startVitestModuleRunner.DB-7oCpn.js:319:32)
    at file:///C:/Users/Manfish/Documents/Codex/2026-09-04/let/work/backend-validation-checkout/node_modules/vitest/dist/chunks/startVitestModuleRunner.DB-7oCpn.js:402:23
    at Traces.$ (file:///C:/Users/Manfish/Documents/Codex/2026-09-04/let/work/backend-validation-checkout/node_modules/vitest/dist/chunks/traces.DT5aQ62U.js:142:27)
    at VitestMocker.requestWithMockedModule (file:///C:/Users/Manfish/Documents/Codex/2026-09-04/let/work/backend-validation-checkout/node_modules/vitest/dist/chunks/startVitestModuleRunner.DB-7oCpn.js:367:21)
    at VitestModuleRunner.cachedRequest (file:///C:/Users/Manfish/Documents/Codex/2026-09-04/let/work/backend-validation-checkout/node_modules/vitest/dist/chunks/startVitestModuleRunner.DB-7oCpn.js:568:31)
    at request (file:///C:/Users/Manfish/Documents/Codex/2026-09-04/let/work/backend-validation-checkout/node_modules/vite/dist/node/module-runner.js:1104:76)
    at processTicksAndRejections (node:internal/process/task_queues:103:5)

stderr | backend/tests/unit/intent-parser-service.test.ts > IntentParserService.analyzeIntent > Tier classification > should classify migration descriptions as architectural
AI reasoning failed, using heuristic analysis: Error: No AI providers configured
    at C:/Users/Manfish/Documents/Codex/2026-09-04/let/work/backend-validation-checkout/backend/tests/unit/intent-parser-service.test.ts:41:37
    at ManualMockedModule.factory (file:///C:/Users/Manfish/Documents/Codex/2026-09-04/let/work/backend-validation-checkout/node_modules/vitest/dist/chunks/test.DNmyFkvJ.js:3569:78)
    at ManualMockedModule.resolve (file:///C:/Users/Manfish/Documents/Codex/2026-09-04/let/work/backend-validation-checkout/node_modules/@vitest/mocker/dist/chunk-registry.js:161:21)
    at VitestMocker.callFunctionMock (file:///C:/Users/Manfish/Documents/Codex/2026-09-04/let/work/backend-validation-checkout/node_modules/vitest/dist/chunks/startVitestModuleRunner.DB-7oCpn.js:319:32)
    at file:///C:/Users/Manfish/Documents/Codex/2026-09-04/let/work/backend-validation-checkout/node_modules/vitest/dist/chunks/startVitestModuleRunner.DB-7oCpn.js:402:23
    at Traces.$ (file:///C:/Users/Manfish/Documents/Codex/2026-09-04/let/work/backend-validation-checkout/node_modules/vitest/dist/chunks/traces.DT5aQ62U.js:142:27)
    at VitestMocker.requestWithMockedModule (file:///C:/Users/Manfish/Documents/Codex/2026-09-04/let/work/backend-validation-checkout/node_modules/vitest/dist/chunks/startVitestModuleRunner.DB-7oCpn.js:367:21)
    at VitestModuleRunner.cachedRequest (file:///C:/Users/Manfish/Documents/Codex/2026-09-04/let/work/backend-validation-checkout/node_modules/vitest/dist/chunks/startVitestModuleRunner.DB-7oCpn.js:568:31)
    at request (file:///C:/Users/Manfish/Documents/Codex/2026-09-04/let/work/backend-validation-checkout/node_modules/vite/dist/node/module-runner.js:1104:76)
    at processTicksAndRejections (node:internal/process/task_queues:103:5)

stderr | backend/tests/unit/intent-parser-service.test.ts > IntentParserService.analyzeIntent > Tier classification > should classify schema changes as architectural
Knowledge graph query failed, proceeding without context: Error: Database not available
    at C:/Users/Manfish/Documents/Codex/2026-09-04/let/work/backend-validation-checkout/backend/tests/unit/intent-parser-service.test.ts:29:42
    at ManualMockedModule.factory (file:///C:/Users/Manfish/Documents/Codex/2026-09-04/let/work/backend-validation-checkout/node_modules/vitest/dist/chunks/test.DNmyFkvJ.js:3569:78)
    at ManualMockedModule.resolve (file:///C:/Users/Manfish/Documents/Codex/2026-09-04/let/work/backend-validation-checkout/node_modules/@vitest/mocker/dist/chunk-registry.js:161:21)
    at VitestMocker.callFunctionMock (file:///C:/Users/Manfish/Documents/Codex/2026-09-04/let/work/backend-validation-checkout/node_modules/vitest/dist/chunks/startVitestModuleRunner.DB-7oCpn.js:319:32)
    at file:///C:/Users/Manfish/Documents/Codex/2026-09-04/let/work/backend-validation-checkout/node_modules/vitest/dist/chunks/startVitestModuleRunner.DB-7oCpn.js:402:23
    at Traces.$ (file:///C:/Users/Manfish/Documents/Codex/2026-09-04/let/work/backend-validation-checkout/node_modules/vitest/dist/chunks/traces.DT5aQ62U.js:142:27)
    at VitestMocker.requestWithMockedModule (file:///C:/Users/Manfish/Documents/Codex/2026-09-04/let/work/backend-validation-checkout/node_modules/vitest/dist/chunks/startVitestModuleRunner.DB-7oCpn.js:367:21)
    at VitestModuleRunner.cachedRequest (file:///C:/Users/Manfish/Documents/Codex/2026-09-04/let/work/backend-validation-checkout/node_modules/vitest/dist/chunks/startVitestModuleRunner.DB-7oCpn.js:568:31)
    at request (file:///C:/Users/Manfish/Documents/Codex/2026-09-04/let/work/backend-validation-checkout/node_modules/vite/dist/node/module-runner.js:1104:76)
    at processTicksAndRejections (node:internal/process/task_queues:103:5)

stderr | backend/tests/unit/intent-parser-service.test.ts > IntentParserService.analyzeIntent > Tier classification > should classify schema changes as architectural
AI reasoning failed, using heuristic analysis: Error: No AI providers configured
    at C:/Users/Manfish/Documents/Codex/2026-09-04/let/work/backend-validation-checkout/backend/tests/unit/intent-parser-service.test.ts:41:37
    at ManualMockedModule.factory (file:///C:/Users/Manfish/Documents/Codex/2026-09-04/let/work/backend-validation-checkout/node_modules/vitest/dist/chunks/test.DNmyFkvJ.js:3569:78)
    at ManualMockedModule.resolve (file:///C:/Users/Manfish/Documents/Codex/2026-09-04/let/work/backend-validation-checkout/node_modules/@vitest/mocker/dist/chunk-registry.js:161:21)
    at VitestMocker.callFunctionMock (file:///C:/Users/Manfish/Documents/Codex/2026-09-04/let/work/backend-validation-checkout/node_modules/vitest/dist/chunks/startVitestModuleRunner.DB-7oCpn.js:319:32)
    at file:///C:/Users/Manfish/Documents/Codex/2026-09-04/let/work/backend-validation-checkout/node_modules/vitest/dist/chunks/startVitestModuleRunner.DB-7oCpn.js:402:23
    at Traces.$ (file:///C:/Users/Manfish/Documents/Codex/2026-09-04/let/work/backend-validation-checkout/node_modules/vitest/dist/chunks/traces.DT5aQ62U.js:142:27)
    at VitestMocker.requestWithMockedModule (file:///C:/Users/Manfish/Documents/Codex/2026-09-04/let/work/backend-validation-checkout/node_modules/vitest/dist/chunks/startVitestModuleRunner.DB-7oCpn.js:367:21)
    at VitestModuleRunner.cachedRequest (file:///C:/Users/Manfish/Documents/Codex/2026-09-04/let/work/backend-validation-checkout/node_modules/vitest/dist/chunks/startVitestModuleRunner.DB-7oCpn.js:568:31)
    at request (file:///C:/Users/Manfish/Documents/Codex/2026-09-04/let/work/backend-validation-checkout/node_modules/vite/dist/node/module-runner.js:1104:76)
    at processTicksAndRejections (node:internal/process/task_queues:103:5)

stderr | backend/tests/unit/intent-parser-service.test.ts > IntentParserService.analyzeIntent > Tier classification > should classify doc-only changes as trivial
Knowledge graph query failed, proceeding without context: Error: Database not available
    at C:/Users/Manfish/Documents/Codex/2026-09-04/let/work/backend-validation-checkout/backend/tests/unit/intent-parser-service.test.ts:29:42
    at ManualMockedModule.factory (file:///C:/Users/Manfish/Documents/Codex/2026-09-04/let/work/backend-validation-checkout/node_modules/vitest/dist/chunks/test.DNmyFkvJ.js:3569:78)
    at ManualMockedModule.resolve (file:///C:/Users/Manfish/Documents/Codex/2026-09-04/let/work/backend-validation-checkout/node_modules/@vitest/mocker/dist/chunk-registry.js:161:21)
    at VitestMocker.callFunctionMock (file:///C:/Users/Manfish/Documents/Codex/2026-09-04/let/work/backend-validation-checkout/node_modules/vitest/dist/chunks/startVitestModuleRunner.DB-7oCpn.js:319:32)
    at file:///C:/Users/Manfish/Documents/Codex/2026-09-04/let/work/backend-validation-checkout/node_modules/vitest/dist/chunks/startVitestModuleRunner.DB-7oCpn.js:402:23
    at Traces.$ (file:///C:/Users/Manfish/Documents/Codex/2026-09-04/let/work/backend-validation-checkout/node_modules/vitest/dist/chunks/traces.DT5aQ62U.js:142:27)
    at VitestMocker.requestWithMockedModule (file:///C:/Users/Manfish/Documents/Codex/2026-09-04/let/work/backend-validation-checkout/node_modules/vitest/dist/chunks/startVitestModuleRunner.DB-7oCpn.js:367:21)
    at VitestModuleRunner.cachedRequest (file:///C:/Users/Manfish/Documents/Codex/2026-09-04/let/work/backend-validation-checkout/node_modules/vitest/dist/chunks/startVitestModuleRunner.DB-7oCpn.js:568:31)
    at request (file:///C:/Users/Manfish/Documents/Codex/2026-09-04/let/work/backend-validation-checkout/node_modules/vite/dist/node/module-runner.js:1104:76)
    at processTicksAndRejections (node:internal/process/task_queues:103:5)

stderr | backend/tests/unit/intent-parser-service.test.ts > IntentParserService.analyzeIntent > Tier classification > should classify doc-only changes as trivial
AI reasoning failed, using heuristic analysis: Error: No AI providers configured
    at C:/Users/Manfish/Documents/Codex/2026-09-04/let/work/backend-validation-checkout/backend/tests/unit/intent-parser-service.test.ts:41:37
    at ManualMockedModule.factory (file:///C:/Users/Manfish/Documents/Codex/2026-09-04/let/work/backend-validation-checkout/node_modules/vitest/dist/chunks/test.DNmyFkvJ.js:3569:78)
    at ManualMockedModule.resolve (file:///C:/Users/Manfish/Documents/Codex/2026-09-04/let/work/backend-validation-checkout/node_modules/@vitest/mocker/dist/chunk-registry.js:161:21)
    at VitestMocker.callFunctionMock (file:///C:/Users/Manfish/Documents/Codex/2026-09-04/let/work/backend-validation-checkout/node_modules/vitest/dist/chunks/startVitestModuleRunner.DB-7oCpn.js:319:32)
    at file:///C:/Users/Manfish/Documents/Codex/2026-09-04/let/work/backend-validation-checkout/node_modules/vitest/dist/chunks/startVitestModuleRunner.DB-7oCpn.js:402:23
    at Traces.$ (file:///C:/Users/Manfish/Documents/Codex/2026-09-04/let/work/backend-validation-checkout/node_modules/vitest/dist/chunks/traces.DT5aQ62U.js:142:27)
    at VitestMocker.requestWithMockedModule (file:///C:/Users/Manfish/Documents/Codex/2026-09-04/let/work/backend-validation-checkout/node_modules/vitest/dist/chunks/startVitestModuleRunner.DB-7oCpn.js:367:21)
    at VitestModuleRunner.cachedRequest (file:///C:/Users/Manfish/Documents/Codex/2026-09-04/let/work/backend-validation-checkout/node_modules/vitest/dist/chunks/startVitestModuleRunner.DB-7oCpn.js:568:31)
    at request (file:///C:/Users/Manfish/Documents/Codex/2026-09-04/let/work/backend-validation-checkout/node_modules/vite/dist/node/module-runner.js:1104:76)
    at processTicksAndRejections (node:internal/process/task_queues:103:5)

stderr | backend/tests/unit/intent-parser-service.test.ts > IntentParserService.analyzeIntent > Tier classification > should classify docs changes as trivial
Knowledge graph query failed, proceeding without context: Error: Database not available
    at C:/Users/Manfish/Documents/Codex/2026-09-04/let/work/backend-validation-checkout/backend/tests/unit/intent-parser-service.test.ts:29:42
    at ManualMockedModule.factory (file:///C:/Users/Manfish/Documents/Codex/2026-09-04/let/work/backend-validation-checkout/node_modules/vitest/dist/chunks/test.DNmyFkvJ.js:3569:78)
    at ManualMockedModule.resolve (file:///C:/Users/Manfish/Documents/Codex/2026-09-04/let/work/backend-validation-checkout/node_modules/@vitest/mocker/dist/chunk-registry.js:161:21)
    at VitestMocker.callFunctionMock (file:///C:/Users/Manfish/Documents/Codex/2026-09-04/let/work/backend-validation-checkout/node_modules/vitest/dist/chunks/startVitestModuleRunner.DB-7oCpn.js:319:32)
    at file:///C:/Users/Manfish/Documents/Codex/2026-09-04/let/work/backend-validation-checkout/node_modules/vitest/dist/chunks/startVitestModuleRunner.DB-7oCpn.js:402:23
    at Traces.$ (file:///C:/Users/Manfish/Documents/Codex/2026-09-04/let/work/backend-validation-checkout/node_modules/vitest/dist/chunks/traces.DT5aQ62U.js:142:27)
    at VitestMocker.requestWithMockedModule (file:///C:/Users/Manfish/Documents/Codex/2026-09-04/let/work/backend-validation-checkout/node_modules/vitest/dist/chunks/startVitestModuleRunner.DB-7oCpn.js:367:21)
    at VitestModuleRunner.cachedRequest (file:///C:/Users/Manfish/Documents/Codex/2026-09-04/let/work/backend-validation-checkout/node_modules/vitest/dist/chunks/startVitestModuleRunner.DB-7oCpn.js:568:31)
    at request (file:///C:/Users/Manfish/Documents/Codex/2026-09-04/let/work/backend-validation-checkout/node_modules/vite/dist/node/module-runner.js:1104:76)
    at processTicksAndRejections (node:internal/process/task_queues:103:5)

stderr | backend/tests/unit/intent-parser-service.test.ts > IntentParserService.analyzeIntent > Tier classification > should classify docs changes as trivial
AI reasoning failed, using heuristic analysis: Error: No AI providers configured
    at C:/Users/Manfish/Documents/Codex/2026-09-04/let/work/backend-validation-checkout/backend/tests/unit/intent-parser-service.test.ts:41:37
    at ManualMockedModule.factory (file:///C:/Users/Manfish/Documents/Codex/2026-09-04/let/work/backend-validation-checkout/node_modules/vitest/dist/chunks/test.DNmyFkvJ.js:3569:78)
    at ManualMockedModule.resolve (file:///C:/Users/Manfish/Documents/Codex/2026-09-04/let/work/backend-validation-checkout/node_modules/@vitest/mocker/dist/chunk-registry.js:161:21)
    at VitestMocker.callFunctionMock (file:///C:/Users/Manfish/Documents/Codex/2026-09-04/let/work/backend-validation-checkout/node_modules/vitest/dist/chunks/startVitestModuleRunner.DB-7oCpn.js:319:32)
    at file:///C:/Users/Manfish/Documents/Codex/2026-09-04/let/work/backend-validation-checkout/node_modules/vitest/dist/chunks/startVitestModuleRunner.DB-7oCpn.js:402:23
    at Traces.$ (file:///C:/Users/Manfish/Documents/Codex/2026-09-04/let/work/backend-validation-checkout/node_modules/vitest/dist/chunks/traces.DT5aQ62U.js:142:27)
    at VitestMocker.requestWithMockedModule (file:///C:/Users/Manfish/Documents/Codex/2026-09-04/let/work/backend-validation-checkout/node_modules/vitest/dist/chunks/startVitestModuleRunner.DB-7oCpn.js:367:21)
    at VitestModuleRunner.cachedRequest (file:///C:/Users/Manfish/Documents/Codex/2026-09-04/let/work/backend-validation-checkout/node_modules/vitest/dist/chunks/startVitestModuleRunner.DB-7oCpn.js:568:31)
    at request (file:///C:/Users/Manfish/Documents/Codex/2026-09-04/let/work/backend-validation-checkout/node_modules/vite/dist/node/module-runner.js:1104:76)
    at processTicksAndRejections (node:internal/process/task_queues:103:5)

stderr | backend/tests/unit/intent-parser-service.test.ts > IntentParserService.analyzeIntent > Empty and edge cases > should handle empty description
Knowledge graph query failed, proceeding without context: Error: Database not available
    at C:/Users/Manfish/Documents/Codex/2026-09-04/let/work/backend-validation-checkout/backend/tests/unit/intent-parser-service.test.ts:29:42
    at ManualMockedModule.factory (file:///C:/Users/Manfish/Documents/Codex/2026-09-04/let/work/backend-validation-checkout/node_modules/vitest/dist/chunks/test.DNmyFkvJ.js:3569:78)
    at ManualMockedModule.resolve (file:///C:/Users/Manfish/Documents/Codex/2026-09-04/let/work/backend-validation-checkout/node_modules/@vitest/mocker/dist/chunk-registry.js:161:21)
    at VitestMocker.callFunctionMock (file:///C:/Users/Manfish/Documents/Codex/2026-09-04/let/work/backend-validation-checkout/node_modules/vitest/dist/chunks/startVitestModuleRunner.DB-7oCpn.js:319:32)
    at file:///C:/Users/Manfish/Documents/Codex/2026-09-04/let/work/backend-validation-checkout/node_modules/vitest/dist/chunks/startVitestModuleRunner.DB-7oCpn.js:402:23
    at Traces.$ (file:///C:/Users/Manfish/Documents/Codex/2026-09-04/let/work/backend-validation-checkout/node_modules/vitest/dist/chunks/traces.DT5aQ62U.js:142:27)
    at VitestMocker.requestWithMockedModule (file:///C:/Users/Manfish/Documents/Codex/2026-09-04/let/work/backend-validation-checkout/node_modules/vitest/dist/chunks/startVitestModuleRunner.DB-7oCpn.js:367:21)
    at VitestModuleRunner.cachedRequest (file:///C:/Users/Manfish/Documents/Codex/2026-09-04/let/work/backend-validation-checkout/node_modules/vitest/dist/chunks/startVitestModuleRunner.DB-7oCpn.js:568:31)
    at request (file:///C:/Users/Manfish/Documents/Codex/2026-09-04/let/work/backend-validation-checkout/node_modules/vite/dist/node/module-runner.js:1104:76)
    at processTicksAndRejections (node:internal/process/task_queues:103:5)

stderr | backend/tests/unit/intent-parser-service.test.ts > IntentParserService.analyzeIntent > Empty and edge cases > should handle empty description
AI reasoning failed, using heuristic analysis: Error: No AI providers configured
    at C:/Users/Manfish/Documents/Codex/2026-09-04/let/work/backend-validation-checkout/backend/tests/unit/intent-parser-service.test.ts:41:37
    at ManualMockedModule.factory (file:///C:/Users/Manfish/Documents/Codex/2026-09-04/let/work/backend-validation-checkout/node_modules/vitest/dist/chunks/test.DNmyFkvJ.js:3569:78)
    at ManualMockedModule.resolve (file:///C:/Users/Manfish/Documents/Codex/2026-09-04/let/work/backend-validation-checkout/node_modules/@vitest/mocker/dist/chunk-registry.js:161:21)
    at VitestMocker.callFunctionMock (file:///C:/Users/Manfish/Documents/Codex/2026-09-04/let/work/backend-validation-checkout/node_modules/vitest/dist/chunks/startVitestModuleRunner.DB-7oCpn.js:319:32)
    at file:///C:/Users/Manfish/Documents/Codex/2026-09-04/let/work/backend-validation-checkout/node_modules/vitest/dist/chunks/startVitestModuleRunner.DB-7oCpn.js:402:23
    at Traces.$ (file:///C:/Users/Manfish/Documents/Codex/2026-09-04/let/work/backend-validation-checkout/node_modules/vitest/dist/chunks/traces.DT5aQ62U.js:142:27)
    at VitestMocker.requestWithMockedModule (file:///C:/Users/Manfish/Documents/Codex/2026-09-04/let/work/backend-validation-checkout/node_modules/vitest/dist/chunks/startVitestModuleRunner.DB-7oCpn.js:367:21)
    at VitestModuleRunner.cachedRequest (file:///C:/Users/Manfish/Documents/Codex/2026-09-04/let/work/backend-validation-checkout/node_modules/vitest/dist/chunks/startVitestModuleRunner.DB-7oCpn.js:568:31)
    at request (file:///C:/Users/Manfish/Documents/Codex/2026-09-04/let/work/backend-validation-checkout/node_modules/vite/dist/node/module-runner.js:1104:76)
    at processTicksAndRejections (node:internal/process/task_queues:103:5)

stderr | backend/tests/unit/intent-parser-service.test.ts > IntentParserService.analyzeIntent > Empty and edge cases > should handle null-ish description gracefully
Knowledge graph query failed, proceeding without context: Error: Database not available
    at C:/Users/Manfish/Documents/Codex/2026-09-04/let/work/backend-validation-checkout/backend/tests/unit/intent-parser-service.test.ts:29:42
    at ManualMockedModule.factory (file:///C:/Users/Manfish/Documents/Codex/2026-09-04/let/work/backend-validation-checkout/node_modules/vitest/dist/chunks/test.DNmyFkvJ.js:3569:78)
    at ManualMockedModule.resolve (file:///C:/Users/Manfish/Documents/Codex/2026-09-04/let/work/backend-validation-checkout/node_modules/@vitest/mocker/dist/chunk-registry.js:161:21)
    at VitestMocker.callFunctionMock (file:///C:/Users/Manfish/Documents/Codex/2026-09-04/let/work/backend-validation-checkout/node_modules/vitest/dist/chunks/startVitestModuleRunner.DB-7oCpn.js:319:32)
    at file:///C:/Users/Manfish/Documents/Codex/2026-09-04/let/work/backend-validation-checkout/node_modules/vitest/dist/chunks/startVitestModuleRunner.DB-7oCpn.js:402:23
    at Traces.$ (file:///C:/Users/Manfish/Documents/Codex/2026-09-04/let/work/backend-validation-checkout/node_modules/vitest/dist/chunks/traces.DT5aQ62U.js:142:27)
    at VitestMocker.requestWithMockedModule (file:///C:/Users/Manfish/Documents/Codex/2026-09-04/let/work/backend-validation-checkout/node_modules/vitest/dist/chunks/startVitestModuleRunner.DB-7oCpn.js:367:21)
    at VitestModuleRunner.cachedRequest (file:///C:/Users/Manfish/Documents/Codex/2026-09-04/let/work/backend-validation-checkout/node_modules/vitest/dist/chunks/startVitestModuleRunner.DB-7oCpn.js:568:31)
    at request (file:///C:/Users/Manfish/Documents/Codex/2026-09-04/let/work/backend-validation-checkout/node_modules/vite/dist/node/module-runner.js:1104:76)
    at processTicksAndRejections (node:internal/process/task_queues:103:5)

stderr | backend/tests/unit/intent-parser-service.test.ts > IntentParserService.analyzeIntent > Empty and edge cases > should handle null-ish description gracefully
AI reasoning failed, using heuristic analysis: Error: No AI providers configured
    at C:/Users/Manfish/Documents/Codex/2026-09-04/let/work/backend-validation-checkout/backend/tests/unit/intent-parser-service.test.ts:41:37
    at ManualMockedModule.factory (file:///C:/Users/Manfish/Documents/Codex/2026-09-04/let/work/backend-validation-checkout/node_modules/vitest/dist/chunks/test.DNmyFkvJ.js:3569:78)
    at ManualMockedModule.resolve (file:///C:/Users/Manfish/Documents/Codex/2026-09-04/let/work/backend-validation-checkout/node_modules/@vitest/mocker/dist/chunk-registry.js:161:21)
    at VitestMocker.callFunctionMock (file:///C:/Users/Manfish/Documents/Codex/2026-09-04/let/work/backend-validation-checkout/node_modules/vitest/dist/chunks/startVitestModuleRunner.DB-7oCpn.js:319:32)
    at file:///C:/Users/Manfish/Documents/Codex/2026-09-04/let/work/backend-validation-checkout/node_modules/vitest/dist/chunks/startVitestModuleRunner.DB-7oCpn.js:402:23
    at Traces.$ (file:///C:/Users/Manfish/Documents/Codex/2026-09-04/let/work/backend-validation-checkout/node_modules/vitest/dist/chunks/traces.DT5aQ62U.js:142:27)
    at VitestMocker.requestWithMockedModule (file:///C:/Users/Manfish/Documents/Codex/2026-09-04/let/work/backend-validation-checkout/node_modules/vitest/dist/chunks/startVitestModuleRunner.DB-7oCpn.js:367:21)
    at VitestModuleRunner.cachedRequest (file:///C:/Users/Manfish/Documents/Codex/2026-09-04/let/work/backend-validation-checkout/node_modules/vitest/dist/chunks/startVitestModuleRunner.DB-7oCpn.js:568:31)
    at request (file:///C:/Users/Manfish/Documents/Codex/2026-09-04/let/work/backend-validation-checkout/node_modules/vite/dist/node/module-runner.js:1104:76)
    at processTicksAndRejections (node:internal/process/task_queues:103:5)

stderr | backend/tests/unit/intent-parser-service.test.ts > IntentParserService.analyzeIntent > Multiple domains > should identify multiple services when description spans domains
Knowledge graph query failed, proceeding without context: Error: Database not available
    at C:/Users/Manfish/Documents/Codex/2026-09-04/let/work/backend-validation-checkout/backend/tests/unit/intent-parser-service.test.ts:29:42
    at ManualMockedModule.factory (file:///C:/Users/Manfish/Documents/Codex/2026-09-04/let/work/backend-validation-checkout/node_modules/vitest/dist/chunks/test.DNmyFkvJ.js:3569:78)
    at ManualMockedModule.resolve (file:///C:/Users/Manfish/Documents/Codex/2026-09-04/let/work/backend-validation-checkout/node_modules/@vitest/mocker/dist/chunk-registry.js:161:21)
    at VitestMocker.callFunctionMock (file:///C:/Users/Manfish/Documents/Codex/2026-09-04/let/work/backend-validation-checkout/node_modules/vitest/dist/chunks/startVitestModuleRunner.DB-7oCpn.js:319:32)
    at file:///C:/Users/Manfish/Documents/Codex/2026-09-04/let/work/backend-validation-checkout/node_modules/vitest/dist/chunks/startVitestModuleRunner.DB-7oCpn.js:402:23
    at Traces.$ (file:///C:/Users/Manfish/Documents/Codex/2026-09-04/let/work/backend-validation-checkout/node_modules/vitest/dist/chunks/traces.DT5aQ62U.js:142:27)
    at VitestMocker.requestWithMockedModule (file:///C:/Users/Manfish/Documents/Codex/2026-09-04/let/work/backend-validation-checkout/node_modules/vitest/dist/chunks/startVitestModuleRunner.DB-7oCpn.js:367:21)
    at VitestModuleRunner.cachedRequest (file:///C:/Users/Manfish/Documents/Codex/2026-09-04/let/work/backend-validation-checkout/node_modules/vitest/dist/chunks/startVitestModuleRunner.DB-7oCpn.js:568:31)
    at request (file:///C:/Users/Manfish/Documents/Codex/2026-09-04/let/work/backend-validation-checkout/node_modules/vite/dist/node/module-runner.js:1104:76)
    at processTicksAndRejections (node:internal/process/task_queues:103:5)

stderr | backend/tests/unit/intent-parser-service.test.ts > IntentParserService.analyzeIntent > Multiple domains > should identify multiple services when description spans domains
AI reasoning failed, using heuristic analysis: Error: No AI providers configured
    at C:/Users/Manfish/Documents/Codex/2026-09-04/let/work/backend-validation-checkout/backend/tests/unit/intent-parser-service.test.ts:41:37
    at ManualMockedModule.factory (file:///C:/Users/Manfish/Documents/Codex/2026-09-04/let/work/backend-validation-checkout/node_modules/vitest/dist/chunks/test.DNmyFkvJ.js:3569:78)
    at ManualMockedModule.resolve (file:///C:/Users/Manfish/Documents/Codex/2026-09-04/let/work/backend-validation-checkout/node_modules/@vitest/mocker/dist/chunk-registry.js:161:21)
    at VitestMocker.callFunctionMock (file:///C:/Users/Manfish/Documents/Codex/2026-09-04/let/work/backend-validation-checkout/node_modules/vitest/dist/chunks/startVitestModuleRunner.DB-7oCpn.js:319:32)
    at file:///C:/Users/Manfish/Documents/Codex/2026-09-04/let/work/backend-validation-checkout/node_modules/vitest/dist/chunks/startVitestModuleRunner.DB-7oCpn.js:402:23
    at Traces.$ (file:///C:/Users/Manfish/Documents/Codex/2026-09-04/let/work/backend-validation-checkout/node_modules/vitest/dist/chunks/traces.DT5aQ62U.js:142:27)
    at VitestMocker.requestWithMockedModule (file:///C:/Users/Manfish/Documents/Codex/2026-09-04/let/work/backend-validation-checkout/node_modules/vitest/dist/chunks/startVitestModuleRunner.DB-7oCpn.js:367:21)
    at VitestModuleRunner.cachedRequest (file:///C:/Users/Manfish/Documents/Codex/2026-09-04/let/work/backend-validation-checkout/node_modules/vitest/dist/chunks/startVitestModuleRunner.DB-7oCpn.js:568:31)
    at request (file:///C:/Users/Manfish/Documents/Codex/2026-09-04/let/work/backend-validation-checkout/node_modules/vite/dist/node/module-runner.js:1104:76)
    at processTicksAndRejections (node:internal/process/task_queues:103:5)

stderr | backend/tests/unit/intent-parser-service.test.ts > IntentParserService.analyzeIntent > Test file suggestions > should map EscrowService to correct test file
Knowledge graph query failed, proceeding without context: Error: Database not available
    at C:/Users/Manfish/Documents/Codex/2026-09-04/let/work/backend-validation-checkout/backend/tests/unit/intent-parser-service.test.ts:29:42
    at ManualMockedModule.factory (file:///C:/Users/Manfish/Documents/Codex/2026-09-04/let/work/backend-validation-checkout/node_modules/vitest/dist/chunks/test.DNmyFkvJ.js:3569:78)
    at ManualMockedModule.resolve (file:///C:/Users/Manfish/Documents/Codex/2026-09-04/let/work/backend-validation-checkout/node_modules/@vitest/mocker/dist/chunk-registry.js:161:21)
    at VitestMocker.callFunctionMock (file:///C:/Users/Manfish/Documents/Codex/2026-09-04/let/work/backend-validation-checkout/node_modules/vitest/dist/chunks/startVitestModuleRunner.DB-7oCpn.js:319:32)
    at file:///C:/Users/Manfish/Documents/Codex/2026-09-04/let/work/backend-validation-checkout/node_modules/vitest/dist/chunks/startVitestModuleRunner.DB-7oCpn.js:402:23
    at Traces.$ (file:///C:/Users/Manfish/Documents/Codex/2026-09-04/let/work/backend-validation-checkout/node_modules/vitest/dist/chunks/traces.DT5aQ62U.js:142:27)
    at VitestMocker.requestWithMockedModule (file:///C:/Users/Manfish/Documents/Codex/2026-09-04/let/work/backend-validation-checkout/node_modules/vitest/dist/chunks/startVitestModuleRunner.DB-7oCpn.js:367:21)
    at VitestModuleRunner.cachedRequest (file:///C:/Users/Manfish/Documents/Codex/2026-09-04/let/work/backend-validation-checkout/node_modules/vitest/dist/chunks/startVitestModuleRunner.DB-7oCpn.js:568:31)
    at request (file:///C:/Users/Manfish/Documents/Codex/2026-09-04/let/work/backend-validation-checkout/node_modules/vite/dist/node/module-runner.js:1104:76)
    at processTicksAndRejections (node:internal/process/task_queues:103:5)

stderr | backend/tests/unit/intent-parser-service.test.ts > IntentParserService.analyzeIntent > Test file suggestions > should map EscrowService to correct test file
AI reasoning failed, using heuristic analysis: Error: No AI providers configured
    at C:/Users/Manfish/Documents/Codex/2026-09-04/let/work/backend-validation-checkout/backend/tests/unit/intent-parser-service.test.ts:41:37
    at ManualMockedModule.factory (file:///C:/Users/Manfish/Documents/Codex/2026-09-04/let/work/backend-validation-checkout/node_modules/vitest/dist/chunks/test.DNmyFkvJ.js:3569:78)
    at ManualMockedModule.resolve (file:///C:/Users/Manfish/Documents/Codex/2026-09-04/let/work/backend-validation-checkout/node_modules/@vitest/mocker/dist/chunk-registry.js:161:21)
    at VitestMocker.callFunctionMock (file:///C:/Users/Manfish/Documents/Codex/2026-09-04/let/work/backend-validation-checkout/node_modules/vitest/dist/chunks/startVitestModuleRunner.DB-7oCpn.js:319:32)
    at file:///C:/Users/Manfish/Documents/Codex/2026-09-04/let/work/backend-validation-checkout/node_modules/vitest/dist/chunks/startVitestModuleRunner.DB-7oCpn.js:402:23
    at Traces.$ (file:///C:/Users/Manfish/Documents/Codex/2026-09-04/let/work/backend-validation-checkout/node_modules/vitest/dist/chunks/traces.DT5aQ62U.js:142:27)
    at VitestMocker.requestWithMockedModule (file:///C:/Users/Manfish/Documents/Codex/2026-09-04/let/work/backend-validation-checkout/node_modules/vitest/dist/chunks/startVitestModuleRunner.DB-7oCpn.js:367:21)
    at VitestModuleRunner.cachedRequest (file:///C:/Users/Manfish/Documents/Codex/2026-09-04/let/work/backend-validation-checkout/node_modules/vitest/dist/chunks/startVitestModuleRunner.DB-7oCpn.js:568:31)
    at request (file:///C:/Users/Manfish/Documents/Codex/2026-09-04/let/work/backend-validation-checkout/node_modules/vite/dist/node/module-runner.js:1104:76)
    at processTicksAndRejections (node:internal/process/task_queues:103:5)

stderr | backend/tests/unit/intent-parser-service.test.ts > IntentParserService.analyzeIntent > Test file suggestions > should map TaskService to correct test file
Knowledge graph query failed, proceeding without context: Error: Database not available
    at C:/Users/Manfish/Documents/Codex/2026-09-04/let/work/backend-validation-checkout/backend/tests/unit/intent-parser-service.test.ts:29:42
    at ManualMockedModule.factory (file:///C:/Users/Manfish/Documents/Codex/2026-09-04/let/work/backend-validation-checkout/node_modules/vitest/dist/chunks/test.DNmyFkvJ.js:3569:78)
    at ManualMockedModule.resolve (file:///C:/Users/Manfish/Documents/Codex/2026-09-04/let/work/backend-validation-checkout/node_modules/@vitest/mocker/dist/chunk-registry.js:161:21)
    at VitestMocker.callFunctionMock (file:///C:/Users/Manfish/Documents/Codex/2026-09-04/let/work/backend-validation-checkout/node_modules/vitest/dist/chunks/startVitestModuleRunner.DB-7oCpn.js:319:32)
    at file:///C:/Users/Manfish/Documents/Codex/2026-09-04/let/work/backend-validation-checkout/node_modules/vitest/dist/chunks/startVitestModuleRunner.DB-7oCpn.js:402:23
    at Traces.$ (file:///C:/Users/Manfish/Documents/Codex/2026-09-04/let/work/backend-validation-checkout/node_modules/vitest/dist/chunks/traces.DT5aQ62U.js:142:27)
    at VitestMocker.requestWithMockedModule (file:///C:/Users/Manfish/Documents/Codex/2026-09-04/let/work/backend-validation-checkout/node_modules/vitest/dist/chunks/startVitestModuleRunner.DB-7oCpn.js:367:21)
    at VitestModuleRunner.cachedRequest (file:///C:/Users/Manfish/Documents/Codex/2026-09-04/let/work/backend-validation-checkout/node_modules/vitest/dist/chunks/startVitestModuleRunner.DB-7oCpn.js:568:31)
    at request (file:///C:/Users/Manfish/Documents/Codex/2026-09-04/let/work/backend-validation-checkout/node_modules/vite/dist/node/module-runner.js:1104:76)
    at processTicksAndRejections (node:internal/process/task_queues:103:5)

stderr | backend/tests/unit/intent-parser-service.test.ts > IntentParserService.analyzeIntent > Test file suggestions > should map TaskService to correct test file
AI reasoning failed, using heuristic analysis: Error: No AI providers configured
    at C:/Users/Manfish/Documents/Codex/2026-09-04/let/work/backend-validation-checkout/backend/tests/unit/intent-parser-service.test.ts:41:37
    at ManualMockedModule.factory (file:///C:/Users/Manfish/Documents/Codex/2026-09-04/let/work/backend-validation-checkout/node_modules/vitest/dist/chunks/test.DNmyFkvJ.js:3569:78)
    at ManualMockedModule.resolve (file:///C:/Users/Manfish/Documents/Codex/2026-09-04/let/work/backend-validation-checkout/node_modules/@vitest/mocker/dist/chunk-registry.js:161:21)
    at VitestMocker.callFunctionMock (file:///C:/Users/Manfish/Documents/Codex/2026-09-04/let/work/backend-validation-checkout/node_modules/vitest/dist/chunks/startVitestModuleRunner.DB-7oCpn.js:319:32)
    at file:///C:/Users/Manfish/Documents/Codex/2026-09-04/let/work/backend-validation-checkout/node_modules/vitest/dist/chunks/startVitestModuleRunner.DB-7oCpn.js:402:23
    at Traces.$ (file:///C:/Users/Manfish/Documents/Codex/2026-09-04/let/work/backend-validation-checkout/node_modules/vitest/dist/chunks/traces.DT5aQ62U.js:142:27)
    at VitestMocker.requestWithMockedModule (file:///C:/Users/Manfish/Documents/Codex/2026-09-04/let/work/backend-validation-checkout/node_modules/vitest/dist/chunks/startVitestModuleRunner.DB-7oCpn.js:367:21)
    at VitestModuleRunner.cachedRequest (file:///C:/Users/Manfish/Documents/Codex/2026-09-04/let/work/backend-validation-checkout/node_modules/vitest/dist/chunks/startVitestModuleRunner.DB-7oCpn.js:568:31)
    at request (file:///C:/Users/Manfish/Documents/Codex/2026-09-04/let/work/backend-validation-checkout/node_modules/vite/dist/node/module-runner.js:1104:76)
    at processTicksAndRejections (node:internal/process/task_queues:103:5)

 ✓ |isolated| backend/tests/unit/intent-parser-service.test.ts (38 tests) 40ms
 ✓ |isolated| backend/tests/unit/install-runtime-database.test.ts (10 tests) 46ms
 ✓ |isolated| backend/tests/unit/actor-attester-startup.test.ts (14 tests) 38ms
 ✓ |isolated| backend/tests/unit/hustler-wallet-provider.test.ts (4 tests) 27ms
 ✓ |isolated| backend/tests/unit/operations-router-authority.test.ts (10 tests) 38ms
 ✓ |isolated| backend/tests/unit/fraud-router.test.ts (18 tests) 41ms
 ✓ |isolated| backend/tests/unit/escrow-service-branches.test.ts (22 tests) 26ms
 ✓ |isolated| backend/tests/unit/dispute-router.test.ts (17 tests) 26ms
 ✓ |isolated| backend/tests/unit/fake-financial-outbox-publisher.test.ts (21 tests) 52ms
 ✓ |isolated| backend/tests/unit/automation-lifecycle-service.test.ts (22 tests) 40ms
 ✓ |isolated| backend/tests/unit/admin-branches.test.ts (16 tests) 35ms
 ✓ |isolated| backend/tests/unit/repositories-escrow.test.ts (31 tests) 28ms
 ✓ |isolated| backend/tests/unit/tracking-regression-r7.test.ts (22 tests) 36ms
 ✓ |isolated| backend/tests/unit/controlled-test-offer-review-service.test.ts (10 tests) 24ms
 ✓ |isolated| backend/tests/unit/universal-v1-task-opportunity-service.test.ts (13 tests) 36ms
[21:07:07.826] [33mWARN[39m: [36mFirebase Admin credentials missing — auth verification disabled[39m
    module: "auth"
 ✓ |isolated| backend/tests/unit/universal-v1-task-opportunities-router.test.ts (7 tests) 36ms
 ✓ |isolated| backend/tests/unit/notification-delivery-recovery.test.ts (13 tests) 31ms
 ✓ |isolated| backend/tests/unit/media-upload-finalization.test.ts (8 tests) 42ms
 ✓ |isolated| backend/tests/unit/sentry.test.ts (4 tests) 33ms
 ✓ |isolated| backend/tests/unit/private-media-delivery.test.ts (13 tests) 34ms
 ✓ |isolated| backend/tests/unit/background-check-service.test.ts (21 tests) 37ms
 ✓ |isolated| backend/tests/unit/nonproduction-database-target.test.ts (12 tests) 34ms
 ✓ |isolated| backend/tests/unit/analytics-router.test.ts (17 tests) 36ms
 ✓ |isolated| backend/tests/unit/business-operations-router.test.ts (6 tests) 26ms
 ✓ |isolated| backend/tests/unit/moderation-router.test.ts (18 tests) 35ms
 ✓ |isolated| backend/tests/unit/universal-v1-change-order-recovery.test.ts (9 tests) 42ms
 ✓ |isolated| backend/tests/unit/env-validator.test.ts (4 tests) 33ms
 ✓ |isolated| backend/tests/unit/rating-router.test.ts (24 tests) 34ms
 ✓ |isolated| backend/tests/unit/legacy-fake-financial-expiry-compensation.test.ts (7 tests) 34ms
 ✓ |isolated| backend/tests/unit/capability-profile-service.test.ts (14 tests) 22ms
[21:07:10.983] [33mWARN[39m: [36mStripe not configured (placeholder or missing key)[39m
    module: "stripe"
 ✓ |isolated| backend/tests/unit/upload-router.test.ts (14 tests) 30ms
 ✓ |isolated| backend/tests/unit/fake-financial-durable-request.test.ts (42 tests) 26ms
 ✓ |isolated| backend/tests/integration/money-path.test.ts (24 tests) 43ms
 ✓ |isolated| backend/tests/unit/hard-assignment-incident-guard.test.ts (4 tests) 24ms
 ✓ |isolated| backend/tests/unit/major-action-telemetry-service.test.ts (5 tests) 39ms
 ✓ |isolated| backend/tests/unit/circuit-breaker.test.ts (18 tests) 31ms
 ✓ |isolated| backend/tests/unit/ai-user-budget.test.ts (13 tests) 24ms
 ✓ |isolated| backend/tests/unit/assign-worker-concurrency.test.ts (7 tests) 32ms
 ✓ |isolated| backend/tests/unit/ai-operation-identity.test.ts (2 tests) 24ms
 ✓ |isolated| backend/tests/unit/stripe-processing-fee.test.ts (8 tests) 22ms
 ✓ |isolated| backend/tests/unit/universal-v1-fulfillment-application.test.ts (7 tests) 29ms
 ✓ |isolated| backend/tests/unit/rating-service.test.ts (28 tests) 24ms
 ✓ |isolated| backend/tests/unit/tax-reporting-service.test.ts (24 tests) 26ms
 ✓ |isolated| backend/tests/unit/provider-event-inbox.test.ts (6 tests) 19ms
 ✓ |isolated| backend/tests/unit/realtime-dispatcher.test.ts (16 tests) 24ms
 ✓ |isolated| backend/tests/unit/universal-v1-standardized-quote-readiness-migration.test.ts (12 tests) 29ms
 ✓ |isolated| backend/tests/unit/matchmaker-ai.test.ts (25 tests) 20ms
 ✓ |isolated| backend/tests/unit/messaging-security.test.ts (16 tests) 30ms
stderr | backend/tests/unit/ai-rate-limit.test.ts > checkRateLimit — failure fallback > returns allowed=false when the ratelimit throws (fail-closed)
[RateLimit] Failed: Error: Redis unavailable
    at C:/Users/Manfish/Documents/Codex/2026-09-04/let/work/backend-validation-checkout/backend/tests/unit/ai-rate-limit.test.ts:111:32
    at file:///C:/Users/Manfish/Documents/Codex/2026-09-04/let/work/backend-validation-checkout/node_modules/@vitest/runner/dist/chunk-artifact.js:302:11
    at file:///C:/Users/Manfish/Documents/Codex/2026-09-04/let/work/backend-validation-checkout/node_modules/@vitest/runner/dist/chunk-artifact.js:1903:26
    at file:///C:/Users/Manfish/Documents/Codex/2026-09-04/let/work/backend-validation-checkout/node_modules/@vitest/runner/dist/chunk-artifact.js:2326:20
    at new Promise (<anonymous>)
    at runWithCancel (file:///C:/Users/Manfish/Documents/Codex/2026-09-04/let/work/backend-validation-checkout/node_modules/@vitest/runner/dist/chunk-artifact.js:2323:10)
    at file:///C:/Users/Manfish/Documents/Codex/2026-09-04/let/work/backend-validation-checkout/node_modules/@vitest/runner/dist/chunk-artifact.js:2305:20
    at new Promise (<anonymous>)
    at runWithTimeout (file:///C:/Users/Manfish/Documents/Codex/2026-09-04/let/work/backend-validation-checkout/node_modules/@vitest/runner/dist/chunk-artifact.js:2272:10)
    at file:///C:/Users/Manfish/Documents/Codex/2026-09-04/let/work/backend-validation-checkout/node_modules/@vitest/runner/dist/chunk-artifact.js:2955:64

 ✓ |isolated| backend/tests/unit/ai-rate-limit.test.ts (12 tests) 33ms
 ✓ |isolated| backend/tests/unit/stripe-service-branches.test.ts (14 tests) 30ms
 ✓ |isolated| backend/tests/unit/heatmap-router.test.ts (7 tests) 22ms
 ✓ |isolated| backend/tests/unit/gdpr-router.test.ts (15 tests) 28ms
 ✓ |isolated| backend/tests/unit/prompt-injection-guard.test.ts (21 tests) 21ms
 ✓ |isolated| backend/tests/unit/task-router-common.test.ts (2 tests) 29ms
 ✓ |isolated| backend/tests/unit/dispute-service-branches.test.ts (39 tests) 29ms
 ✓ |isolated| backend/tests/unit/export-worker.test.ts (15 tests) 36ms
 ✓ |isolated| backend/tests/unit/universal-v1-task-draft-claim.test.ts (13 tests) 38ms
[21:07:16.037] [33mWARN[39m: [36mFirebase Admin credentials missing — auth verification disabled[39m
    module: "auth"
 ✓ |isolated| backend/tests/unit/admin-capability-procedures.test.ts (21 tests) 25ms
 ✓ |isolated| backend/tests/unit/messaging-service.test.ts (37 tests) 43ms
 ✓ |isolated| backend/tests/unit/universal-v1-completion-delivery-contracts.test.ts (2 tests) 38ms
 ✓ |isolated| backend/tests/unit/tipping-router.test.ts (19 tests) 50ms
 ✓ |isolated| backend/tests/unit/ui-router.test.ts (14 tests) 27ms
 ✓ |isolated| backend/tests/unit/business-recurring-router.test.ts (3 tests) 19ms
 ✓ |isolated| backend/tests/unit/batching-router.test.ts (5 tests) 22ms
 ✓ |isolated| backend/tests/unit/universal-v1-fulfillment-repository.test.ts (4 tests) 25ms
 ✓ |isolated| backend/tests/unit/PhotoVerificationService.test.ts (20 tests) 26ms
 ✓ |isolated| backend/tests/unit/worker-standing-appeal-service.test.ts (8 tests) 26ms
 ✓ |isolated| backend/tests/unit/chargeback-service-extra.test.ts (34 tests) 31ms
 ✓ |isolated| backend/tests/unit/alphaTelemetry-router.test.ts (7 tests) 20ms
 ✓ |isolated| backend/tests/unit/dispute-ai.test.ts (25 tests) 33ms
 ✓ |isolated| backend/tests/unit/chargeback-service.test.ts (22 tests) 41ms
 ✓ |isolated| backend/tests/unit/service-business-router.test.ts (5 tests) 33ms
 ✓ |isolated| backend/tests/unit/universal-v1-execution-application.test.ts (15 tests) 26ms
 ✓ |isolated| backend/tests/unit/tracking-router.test.ts (9 tests) 41ms
 ✓ |isolated| backend/tests/unit/tax-forms-persistence.test.ts (10 tests) 32ms
 ✓ |isolated| backend/tests/unit/recommendation-policy.test.ts (3 tests) 24ms
 ✓ |isolated| backend/tests/unit/incidents-router-branches.test.ts (12 tests) 27ms
 ✓ |isolated| backend/tests/unit/universal-v1-task-draft-parser.test.ts (19 tests) 29ms
 ✓ |isolated| backend/tests/unit/web-action-links-authority.test.ts (9 tests) 33ms
 ✓ |isolated| backend/tests/unit/ai-client.test.ts (14 tests) 31ms
 ✓ |isolated| backend/tests/unit/ai-guard.test.ts (33 tests) 25ms
 ✓ |isolated| backend/tests/unit/flags-router.test.ts (6 tests) 25ms
 ✓ |isolated| backend/tests/unit/ai-router.test.ts (9 tests) 26ms
 ✓ |isolated| backend/tests/unit/classify-pr-changes.test.ts (38 tests) 28ms
 ✓ |isolated| backend/tests/unit/instant-notification-worker.test.ts (9 tests) 29ms
 ✓ |isolated| backend/tests/unit/router-health-extra.test.ts (16 tests) 27ms
 ✓ |isolated| backend/tests/unit/EscrowService.test.ts (12 tests) 30ms
 ✓ |isolated| backend/tests/unit/pending-payment-cancellation-service.test.ts (10 tests) 25ms
 ✓ |isolated| backend/tests/unit/universal-v1-work-order-compensation.test.ts (7 tests) 32ms
 ✓ |isolated| backend/tests/unit/task-location-service.test.ts (17 tests) 27ms
 ✓ |isolated| backend/tests/unit/flags-service.test.ts (20 tests) 36ms
 ✓ |isolated| backend/tests/unit/pricing-router.test.ts (9 tests) 23ms
 ✓ |isolated| backend/tests/unit/stripe-service.test.ts (9 tests) 26ms
 ✓ |isolated| backend/tests/unit/intent-router.test.ts (7 tests) 23ms
 ✓ |isolated| backend/tests/unit/dispute-ai-extra.test.ts (22 tests) 24ms
 ✓ |isolated| backend/tests/unit/region-policy-service.test.ts (13 tests) 37ms
 ✓ |isolated| backend/tests/unit/financial-provider-command-journal.test.ts (8 tests) 35ms
 ✓ |isolated| backend/tests/unit/universal-v1-fake-provider-account-repository.test.ts (7 tests) 24ms
 ✓ |isolated| backend/tests/unit/attack-financial.test.ts (26 tests) 28ms
 ✓ |isolated| backend/tests/unit/server-startup-migration-authority.test.ts (7 tests) 20ms
 ✓ |isolated| backend/tests/unit/universal-v1-execution-repository.test.ts (5 tests) 17ms
 ✓ |isolated| backend/tests/unit/attack-template-boundary.test.ts (16 tests) 27ms
 ✓ |isolated| backend/tests/unit/r54-bugs.test.ts (11 tests) 34ms
 ✓ |isolated| backend/tests/unit/jury-router.test.ts (10 tests) 23ms
 ✓ |isolated| backend/tests/unit/fake-financial-durable-recovery-runtime.test.ts (4 tests) 28ms
 ✓ |isolated| backend/tests/unit/geofence-router.test.ts (5 tests) 21ms
 ✓ |isolated| backend/tests/unit/challenges-router.test.ts (8 tests) 19ms
 ✓ |isolated| backend/tests/unit/universal-v1-fake-terminal-lifecycle-intent-migration.test.ts (8 tests) 49ms
 ✓ |isolated| backend/tests/unit/task-clarification-router.test.ts (4 tests) 29ms
 ✓ |isolated| backend/tests/unit/pii-scrubber.test.ts (30 tests) 22ms
 ✓ |isolated| backend/tests/unit/business-execution-router.test.ts (5 tests) 31ms
 ✓ |isolated| backend/tests/unit/shared-postgres-test-fixture.test.ts (8 tests) 25ms
 ✓ |isolated| backend/tests/unit/controlled-test-provider-capability-service.test.ts (8 tests) 17ms
 ✓ |isolated| backend/tests/unit/universal-v1-actor-attestation-application.test.ts (4 tests) 25ms
 ✓ |isolated| backend/tests/unit/reputation-router.test.ts (8 tests) 22ms
 ✓ |isolated| backend/tests/unit/fraud-detection-service.test.ts (22 tests) 17ms
 ✓ |isolated| backend/tests/unit/referral-router.test.ts (12 tests) 31ms
 ✓ |isolated| backend/tests/unit/connection-registry.test.ts (25 tests) 31ms
 ✓ |isolated| backend/tests/unit/dispute-regression-r7.test.ts (9 tests) 29ms
 ✓ |isolated| backend/tests/unit/universal-v1-change-order-repository.test.ts (9 tests) 36ms
 ✓ |isolated| backend/tests/unit/universal-v1-fake-financial-lifecycle-bridge-migration.test.ts (8 tests) 18ms
 ✓ |isolated| backend/tests/unit/business-workspace-router.test.ts (7 tests) 24ms
 ✓ |isolated| backend/tests/unit/featured-router.test.ts (5 tests) 17ms
 ✓ |isolated| backend/tests/unit/quote-payment-recovery-router.test.ts (11 tests) 34ms
 ✓ |isolated| backend/tests/unit/offline-action-reconciliation-service.test.ts (13 tests) 19ms
 ✓ |isolated| backend/tests/unit/universal-v1-work-order-application.test.ts (6 tests) 27ms
 ✓ |isolated| backend/tests/unit/notification-delivery-state.test.ts (19 tests) 24ms
 ✓ |isolated| backend/tests/unit/smart-pricing-service.test.ts (10 tests) 20ms
 ✓ |isolated| backend/tests/unit/task-retention-router.test.ts (5 tests) 27ms
 ✓ |isolated| backend/tests/unit/firebase-branches.test.ts (4 tests) 18ms
 ✓ |isolated| backend/tests/unit/universal-v1-ops-case-service.test.ts (6 tests) 23ms
 ✓ |isolated| backend/tests/unit/batchQuest-router.test.ts (6 tests) 23ms
 ✓ |isolated| backend/tests/unit/trust-service.test.ts (17 tests) 22ms
 ✓ |isolated| backend/tests/unit/degradation-contracts.test.ts (70 tests) 32ms
 ✓ |isolated| backend/tests/unit/task-progress-read-edges.test.ts (7 tests) 18ms
 ✓ |isolated| backend/tests/unit/encrypted-session.test.ts (14 tests) 23ms
 ✓ |isolated| backend/tests/unit/universal-v1-task-draft-route-context-migration.test.ts (5 tests) 15ms
 ✓ |isolated| backend/tests/unit/provider-event-processing.test.ts (5 tests) 25ms
 ✓ |isolated| backend/tests/unit/legacy-task-materialization-service-containment.test.ts (10 tests) 33ms
 ✓ |isolated| backend/tests/unit/universal-v1-dispute-recovery-migration.test.ts (10 tests) 16ms
 ✓ |isolated| backend/tests/unit/recurring-task-service.test.ts (23 tests) 21ms
 ✓ |isolated| backend/tests/unit/service-verification-unlock.test.ts (30 tests) 23ms
 ✓ |isolated| backend/tests/unit/db-transaction-runner.test.ts (8 tests) 17ms
 ✓ |isolated| backend/tests/unit/matchmaker-router.test.ts (10 tests) 32ms
 ✓ |isolated| backend/tests/unit/tutorial-router.test.ts (7 tests) 19ms
 ✓ |isolated| backend/tests/unit/financial-provider-command-recovery-migration.test.ts (10 tests) 16ms
 ✓ |isolated| backend/tests/unit/ai-response-schemas.test.ts (37 tests) 30ms
 ✓ |isolated| backend/tests/unit/cache-redis-codec.test.ts (21 tests) 37ms
 ✓ |isolated| backend/tests/unit/fake-financial-publisher-runtime.test.ts (12 tests) 30ms
 ✓ |isolated| backend/tests/unit/task-lifecycle-notifications.test.ts (8 tests) 24ms
 ✓ |isolated| backend/tests/unit/insurance-router.test.ts (10 tests) 27ms
 ✓ |isolated| backend/tests/unit/upload-branches.test.ts (11 tests) 28ms
 ✓ |isolated| backend/tests/unit/capability-worker-standing-routes.test.ts (3 tests) 16ms
 ✓ |isolated| backend/tests/unit/geofence-service.test.ts (16 tests) 24ms
 ✓ |isolated| backend/tests/unit/alpha-instrumentation.test.ts (23 tests) 29ms
 ✓ |isolated| backend/tests/unit/incident-diagnosis-service.test.ts (9 tests) 17ms
 ✓ |isolated| backend/tests/unit/universal-v1-dispute-recovery-service.test.ts (7 tests) 20ms
 ✓ |isolated| backend/tests/unit/synthetic-financial-command-schemas.test.ts (22 tests) 26ms
 ✓ |isolated| backend/tests/unit/migration-safety-analyzer.test.ts (27 tests) 36ms
 ✓ |isolated| backend/tests/unit/universal-v1-standardized-quote-application.test.ts (11 tests) 34ms
 ✓ |isolated| backend/tests/unit/operator-authority-service.test.ts (12 tests) 23ms
 ✓ |isolated| backend/tests/unit/dynamic-pricing-service.test.ts (18 tests) 33ms
 ✓ |isolated| backend/tests/unit/realtime-worker-cross-instance.test.ts (1 test) 13ms
 ✓ |isolated| backend/tests/unit/subscription-branches.test.ts (6 tests) 28ms
 ✓ |isolated| backend/tests/unit/task-scope-service.test.ts (8 tests) 20ms
 ✓ |isolated| backend/tests/unit/TaskTemplateRegistry.test.ts (28 tests) 26ms
 ✓ |isolated| backend/tests/unit/task-safety-location-service.test.ts (3 tests) 23ms
 ✓ |isolated| backend/tests/unit/instant-router.test.ts (7 tests) 22ms
 ✓ |isolated| backend/tests/unit/r53-bugs.test.ts (7 tests) 19ms
 ✓ |isolated| backend/tests/unit/degradation-observer.test.ts (16 tests) 14ms
 ✓ |isolated| backend/tests/unit/universal-v1-lifecycle-contract-migration.test.ts (9 tests) 20ms
 ✓ |isolated| backend/tests/unit/ComplianceGuardianService-v27.test.ts (10 tests) 16ms
 ✓ |isolated| backend/tests/unit/license-verification-service.test.ts (17 tests) 31ms
 ✓ |isolated| backend/tests/unit/escrow-release-reconciliation-service.test.ts (4 tests) 14ms
 ✓ |isolated| backend/tests/unit/task-counter-offer-router.test.ts (5 tests) 19ms
 ✓ |isolated| backend/tests/unit/dispatch-expiry-worker.test.ts (9 tests) 18ms
 ✓ |isolated| backend/tests/unit/outbox-helpers.test.ts (15 tests) 21ms
 ✓ |isolated| backend/tests/unit/universal-v1-actor-assertion-issuer.test.ts (8 tests) 18ms
 ✓ |isolated| backend/tests/unit/worker-registration.test.ts (6 tests) 21ms
 ✓ |isolated| backend/tests/unit/heatmap-service.test.ts (9 tests) 24ms
 ✓ |isolated| backend/tests/unit/metrics.test.ts (16 tests) 20ms
 ✓ |isolated| backend/tests/unit/universal-v1-estimate-acceptance-materialization-migration.test.ts (10 tests) 24ms
 ✓ |isolated| backend/tests/unit/universal-v1-completion-notice-dispatch-migration.test.ts (4 tests) 18ms
 ✓ |isolated| backend/tests/unit/universal-v1-double-entry-ledger-migration.test.ts (6 tests) 15ms
 ✓ |isolated| backend/tests/unit/local-certification-screening-provider.test.ts (5 tests) 20ms
 ✓ |isolated| backend/tests/unit/hustler-identity-link-service.test.ts (10 tests) 21ms
 ✓ |isolated| backend/tests/unit/runtime-database-pg-adapter.test.ts (5 tests) 23ms
 ✓ |isolated| backend/tests/unit/constants.test.ts (19 tests) 13ms
 ✓ |isolated| backend/tests/unit/universal-v1-dispute-read-model.test.ts (8 tests) 14ms
 ✓ |isolated| backend/tests/unit/task-location-crypto.test.ts (7 tests) 24ms
 ✓ |isolated| backend/tests/unit/nonproduction-doc-index-authority.test.ts (10 tests) 16ms
 ✓ |isolated| backend/tests/unit/anomaly-detection-service.test.ts (18 tests) 22ms
 ✓ |isolated| backend/tests/unit/shutdown.test.ts (12 tests) 18ms
 ✓ |isolated| backend/tests/unit/fraud-detection-worker.test.ts (9 tests) 17ms
 ✓ |isolated| backend/tests/unit/live-router.test.ts (8 tests) 20ms
 ✓ |isolated| backend/tests/unit/business-workspace-service.test.ts (9 tests) 17ms
 ✓ |isolated| backend/tests/unit/TaxReportingService.test.ts (20 tests) 22ms
 ✓ |isolated| backend/tests/unit/biometric-analyzer-worker.test.ts (5 tests) 21ms
 ✓ |isolated| backend/tests/unit/provider-observation-normalization.test.ts (3 tests) 29ms
 ✓ |isolated| backend/tests/unit/runtime-database-startup-config.test.ts (10 tests) 23ms
 ✓ |isolated| backend/tests/unit/ai-job-service.test.ts (17 tests) 29ms
 ✓ |isolated| backend/tests/unit/middleware-ai-guard-extra.test.ts (17 tests) 20ms
 ✓ |isolated| backend/tests/unit/unattended-completion-sweep.test.ts (3 tests) 14ms
 ✓ |isolated| backend/tests/unit/universal-v1-change-order-execution-migrations.test.ts (4 tests) 20ms
 ✓ |isolated| backend/tests/unit/redis-pubsub.test.ts (17 tests) 19ms
 ✓ |isolated| backend/tests/unit/notification-router.test.ts (9 tests) 19ms
 ✓ |isolated| backend/tests/unit/worker-offer-decision-policy.test.ts (12 tests) 19ms
 ✓ |isolated| backend/tests/unit/business-execution-service.test.ts (6 tests) 17ms
 ✓ |isolated| backend/tests/unit/errors.test.ts (43 tests) 20ms
 ✓ |isolated| backend/tests/unit/task-safety-checkin-service.test.ts (7 tests) 16ms
 ✓ |isolated| backend/tests/unit/beta-service-extra.test.ts (24 tests) 34ms
 ✓ |isolated| backend/tests/unit/prepared-financial-command-authority.test.ts (4 tests) 17ms
 ✓ |isolated| backend/tests/unit/plan-service.test.ts (25 tests) 25ms
 ✓ |isolated| backend/tests/unit/universal-v1-work-order-repository-contract.test.ts (5 tests) 19ms
 ✓ |isolated| backend/tests/unit/fix-y1-messaging-sse-bugs.test.ts (7 tests) 20ms
 ✓ |isolated| backend/tests/unit/worker-screening-rights-service.test.ts (7 tests) 17ms
 ✓ |isolated| backend/tests/unit/web-legacy-ops-authority-contract.test.ts (5 tests) 14ms
 ✓ |isolated| backend/tests/unit/local-certification-identity-provider.test.ts (4 tests) 21ms
 ✓ |isolated| backend/tests/unit/datadog-monitoring.test.ts (23 tests) 19ms
 ✓ |isolated| backend/tests/unit/business-recurring-service.test.ts (3 tests) 21ms
 ✓ |isolated| backend/tests/unit/state-machine-consistency.test.ts (26 tests) 16ms
 ✓ |isolated| backend/tests/unit/universal-v1-bearer-verifier.test.ts (7 tests) 15ms
 ✓ |isolated| backend/tests/unit/dispatch-expiry-payment-cancel-worker.test.ts (2 tests) 13ms
 ✓ |isolated| backend/tests/unit/streak-service.test.ts (14 tests) 16ms
 ✓ |isolated| backend/tests/unit/r2-storage.test.ts (17 tests) 21ms
 ✓ |isolated| backend/tests/unit/service-business-assignment-migration.test.ts (6 tests) 12ms
 ✓ |isolated| backend/tests/unit/expertiseSupply-router.test.ts (8 tests) 17ms
 ✓ |isolated| backend/tests/unit/universal-v1-work-order-task-state-containment-migration.test.ts (8 tests) 20ms
 ✓ |isolated| backend/tests/unit/provider-event-inbox-migration.test.ts (4 tests) 10ms
 ✓ |isolated| backend/tests/unit/task-clarification-service.test.ts (5 tests) 24ms
 ✓ |isolated| backend/tests/unit/ScoperAI-template.test.ts (11 tests) 24ms
 ✓ |isolated| backend/tests/unit/betaDashboard-router.test.ts (8 tests) 18ms
 ✓ |isolated| backend/tests/unit/prepared-financial-command-migration.test.ts (7 tests) 16ms
 ✓ |isolated| backend/tests/unit/bipa-consent.test.ts (6 tests) 14ms
 ✓ |isolated| backend/tests/unit/hustler-wallet-router.test.ts (4 tests) 16ms
 ✓ |isolated| backend/tests/unit/service-content-moderation-extra.test.ts (13 tests) 19ms
 ✓ |isolated| backend/tests/unit/local-certification-token.test.ts (5 tests) 14ms
 ✓ |isolated| backend/tests/unit/stage1-legacy-authority-containment-migration.test.ts (5 tests) 20ms
 ✓ |isolated| backend/tests/unit/business-operations-service.test.ts (8 tests) 17ms
 ✓ |isolated| backend/tests/unit/universal-v1-standardized-quote-repository-retry.test.ts (6 tests) 17ms
 ✓ |isolated| backend/tests/unit/stripe-quote-payment-recovery.test.ts (15 tests) 18ms
 ✓ |isolated| backend/tests/unit/payout-event-worker.test.ts (6 tests) 30ms
 ✓ |isolated| backend/tests/unit/universal-v1-completion-delivery-repository.test.ts (5 tests) 16ms
 ✓ |isolated| backend/tests/unit/movement-tracking-service.test.ts (13 tests) 17ms
 ✓ |isolated| backend/tests/unit/assignment-router.test.ts (3 tests) 18ms
 ✓ |isolated| backend/tests/unit/proof-verification-signal-contract.test.ts (5 tests) 16ms
 ✓ |isolated| backend/tests/unit/universal-v1-fake-financial-application-factory.test.ts (3 tests) 19ms
 ✓ |isolated| backend/tests/unit/universal-v1-task-opportunities-migration.test.ts (9 tests) 16ms
 ✓ |isolated| backend/tests/unit/controlled-test-liquidity-service.test.ts (4 tests) 17ms
 ✓ |isolated| backend/tests/unit/ai-spend-attempt-ledger.test.ts (6 tests) 28ms
 ✓ |isolated| backend/tests/unit/canonical-user-email-identity-migration.test.ts (2 tests) 8ms
 ✓ |isolated| backend/tests/unit/controlled-test-retake-acceptance-repair.test.ts (2 tests) 17ms
 ✓ |isolated| backend/tests/unit/payment-underwriting-authority-v7-rejection-contract.test.ts (4 tests) 22ms
 ✓ |isolated| backend/tests/unit/marketplace-reputation-router.test.ts (3 tests) 18ms
 ✓ |isolated| backend/tests/unit/notification-delivery-contract.test.ts (7 tests) 25ms
 ✓ |isolated| backend/tests/unit/operations-exception-service.test.ts (5 tests) 18ms
 ✓ |isolated| backend/tests/unit/business-notification-digest.test.ts (4 tests) 16ms
 ✓ |isolated| backend/tests/unit/http-metrics.test.ts (8 tests) 14ms
 ✓ |isolated| backend/tests/unit/universal-v1-relationship-origin-migration.test.ts (6 tests) 15ms
 ✓ |isolated| backend/tests/unit/tier0-browse-only-contract-migration.test.ts (4 tests) 15ms
 ✓ |isolated| backend/tests/unit/disputeAI-branches.test.ts (6 tests) 16ms
 ✓ |isolated| backend/tests/unit/gdpr-service.test.ts (17 tests) 26ms
 ✓ |isolated| backend/tests/unit/local-certification-payout-provider.test.ts (5 tests) 21ms
 ✓ |isolated| backend/tests/unit/task-discovery-unit-economics.test.ts (2 tests) 12ms
 ✓ |isolated| backend/tests/unit/web-post-task-containment.test.ts (2 tests) 14ms
 ✓ |isolated| backend/tests/unit/fake-financial-scenario-policy.test.ts (3 tests) 16ms
 ✓ |isolated| backend/tests/unit/worker-screening-rights-policy.test.ts (5 tests) 11ms
 ✓ |isolated| backend/tests/unit/universal-v1-work-order-command-authority-v2-migration.test.ts (7 tests) 15ms
[21:07:52.467] [33mWARN[39m: [36mFirebase Admin credentials missing — auth verification disabled[39m
    module: "auth"
 ✓ |isolated| backend/tests/integration/routers/escrow-router.test.ts (17 tests) 15ms
 ✓ |isolated| backend/tests/unit/universal-v1-standardized-quote-static-authority.test.ts (7 tests) 12ms
 ✓ |isolated| backend/tests/unit/recurring-work-migration.test.ts (6 tests) 11ms
 ✓ |isolated| backend/tests/unit/universal-v1-change-order-three-phase-migration.test.ts (5 tests) 17ms
 ✓ |isolated| backend/tests/unit/universal-v1-task-draft-public-port-migration.test.ts (4 tests) 18ms
 ✓ |isolated| backend/tests/unit/url-safety.test.ts (24 tests) 14ms
 ✓ |isolated| backend/tests/unit/stripe-webhook-branches.test.ts (7 tests) 17ms
 ✓ |isolated| backend/tests/unit/badge-service.test.ts (15 tests) 13ms
 ✓ |isolated| backend/tests/unit/task-payout-destination-service.test.ts (4 tests) 15ms
 ✓ |isolated| backend/tests/unit/task-eligibility-policy.test.ts (3 tests) 14ms
 ✓ |isolated| backend/tests/unit/major-action-telemetry-contract-migration.test.ts (7 tests) 12ms
 ✓ |isolated| backend/tests/unit/greptile-pr-review.test.ts (15 tests) 11ms
 ✓ |isolated| backend/tests/unit/universal-v1-financial-security-expiry-migration.test.ts (7 tests) 14ms
 ✓ |isolated| backend/tests/unit/hustler-wallet-growth-data.test.ts (3 tests) 13ms
 ✓ |isolated| backend/tests/unit/stripe-event-dispatcher.test.ts (8 tests) 20ms
 ✓ |isolated| backend/tests/unit/worker-standing-decision-service.test.ts (2 tests) 14ms
 ✓ |isolated| backend/tests/unit/recurring-template-policy.test.ts (11 tests) 10ms
 ✓ |isolated| backend/tests/unit/marketplace-reputation-service.test.ts (4 tests) 20ms
 ✓ |isolated| backend/tests/integration/stripe-escrow-e2e.test.ts (5 tests) 16ms
 ✓ |isolated| backend/tests/unit/security.test.ts (19 tests) 16ms
 ✓ |isolated| backend/tests/unit/controlled-test-duration-evidence-service.test.ts (6 tests) 16ms
 ✓ |isolated| backend/tests/unit/legacy-task-materialization-guard.test.ts (4 tests) 11ms
 ✓ |isolated| backend/tests/unit/stripe-payment-intent-cancellation-service.test.ts (5 tests) 12ms
 ✓ |isolated| backend/tests/unit/worker-standing-appeals-migration.test.ts (3 tests) 17ms
 ✓ |isolated| backend/tests/unit/offline-action-reconciliation-migration.test.ts (3 tests) 12ms
 ✓ |isolated| backend/tests/unit/task-version.test.ts (19 tests) 13ms
 ✓ |isolated| backend/tests/unit/task-create-transaction-atomicity.test.ts (1 test) 18ms
 ✓ |isolated| backend/tests/unit/server-startup-runtime-database.test.ts (4 tests) 13ms
 ✓ |isolated| backend/tests/unit/completion-retention-service.test.ts (4 tests) 16ms
 ✓ |isolated| backend/tests/unit/web-ops-engine-tasks.test.ts (3 tests) 13ms
 ✓ |isolated| backend/tests/unit/server-rest-auth.test.ts (4 tests) 19ms
 ✓ |isolated| backend/tests/unit/universal-v1-actor-attestation-release-authority.test.ts (3 tests) 7ms
 ✓ |isolated| backend/tests/integration/routers/task-router.test.ts (10 tests) 19ms
 ✓ |isolated| backend/tests/unit/engine-automation-differential.test.ts (9 tests) 12ms
 ✓ |isolated| backend/tests/integration/routers/user-router.test.ts (5 tests) 9ms
 ✓ |isolated| backend/tests/unit/synthetic-financial-command-authority.test.ts (6 tests) 17ms
 ✓ |isolated| backend/tests/unit/ai-proposal-service.test.ts (10 tests) 14ms
 ✓ |isolated| backend/tests/unit/rate-limiting-coverage.test.ts (10 tests) 20ms
 ✓ |isolated| backend/tests/unit/financial-provider-command-journal-migration.test.ts (5 tests) 10ms
 ✓ |isolated| backend/tests/unit/ensure-user.test.ts (1 test) 8ms
 ✓ |isolated| backend/tests/unit/sensitive-media-ingestion-shutdown.test.ts (4 tests) 9ms
 ✓ |isolated| backend/tests/unit/private-identity-verification-service.test.ts (4 tests) 15ms
 ✓ |isolated| backend/tests/unit/escrow-release-reconciliation-worker.test.ts (3 tests) 13ms
 ✓ |isolated| backend/tests/unit/task-clarification-policy.test.ts (5 tests) 15ms
 ✓ |isolated| backend/tests/unit/private-identity-verification-migration.test.ts (5 tests) 8ms
 ✓ |isolated| backend/tests/unit/TaskTemplateRegistry-manifest.test.ts (6 tests) 12ms
 ✓ |isolated| backend/tests/unit/liquidity-cell-policy.test.ts (6 tests) 10ms
 ✓ |isolated| backend/tests/unit/region-policy-legal-approval-migration.test.ts (6 tests) 8ms
[21:07:58.509] [33mWARN[39m: [36mFirebase Admin credentials missing — auth verification disabled[39m
    module: "auth"
 ✓ |isolated| backend/tests/unit/engine-automation-contracts-schema.test.ts (6 tests) 13ms
 ✓ |isolated| backend/tests/unit/provider-event-processing-migration.test.ts (4 tests) 8ms
 ✓ |isolated| backend/tests/unit/revenue-service.test.ts (8 tests) 15ms
 ✓ |isolated| backend/tests/unit/quote-payment-recovery-provider-resolver.test.ts (6 tests) 11ms
 ✓ |isolated| backend/tests/unit/subscription-cancellation-recovery-migration.test.ts (3 tests) 17ms
 ✓ |isolated| backend/tests/unit/ai-event-service.test.ts (7 tests) 15ms
 ✓ |isolated| backend/tests/integration/routers/squad-procedures.test.ts (18 tests) 19ms
 ✓ |isolated| backend/tests/unit/ai-agent-judge-audit-convergence-migration.test.ts (3 tests) 10ms
 ✓ |isolated| backend/tests/unit/legacy-escrow-insert-containment-migration.test.ts (5 tests) 20ms
 ✓ |isolated| backend/tests/integration/routers/recurring-task-router.test.ts (19 tests) 18ms
 ✓ |isolated| backend/tests/unit/business-recurring-migration.test.ts (4 tests) 7ms
 ✓ |isolated| backend/tests/unit/kyc-payout-gate.test.ts (12 tests) 10ms
 ✓ |isolated| backend/tests/unit/task-safety-case-access-integrity-migration.test.ts (3 tests) 7ms
 ✓ |isolated| backend/tests/unit/disposable-load-test-policy.test.ts (6 tests) 14ms
 ✓ |isolated| backend/tests/unit/ai-decision-service.test.ts (10 tests) 13ms
 ✓ |isolated| backend/tests/unit/worker-counter-offer-policy.test.ts (5 tests) 13ms
 ✓ |isolated| backend/tests/unit/marketplace-reputation-policy.test.ts (4 tests) 11ms
 ✓ |isolated| backend/tests/unit/user-realtime-contract.test.ts (3 tests) 11ms
 ✓ |isolated| backend/tests/unit/recommendation-contract-migration.test.ts (6 tests) 15ms
 ✓ |isolated| backend/tests/unit/quote-payment-underwriting-containment-v7-rejection-contract.test.ts (4 tests) 11ms
 ✓ |isolated| backend/tests/unit/stripe-webhook-topology.test.ts (4 tests) 11ms
 ✓ |isolated| backend/tests/unit/universal-v1-ops-cases-migration.test.ts (7 tests) 14ms
 ✓ |isolated| backend/tests/unit/task-geofence-event-contract-migration.test.ts (4 tests) 7ms
 ✓ |isolated| backend/tests/unit/stripe-webhook-destinations.test.ts (6 tests) 12ms
 ✓ |isolated| backend/tests/unit/universal-v1-occurrence-access-audit-migration.test.ts (4 tests) 10ms
 ✓ |isolated| backend/tests/unit/service-incident-diagnosis.test.ts (2 tests) 15ms
 ✓ |isolated| backend/tests/unit/migration-v2-7.test.ts (6 tests) 8ms
 ✓ |isolated| backend/tests/unit/fake-financial-settlement-completion-migration.test.ts (3 tests) 9ms
 ✓ |isolated| backend/tests/unit/XPService.test.ts (7 tests) 11ms
 ✓ |isolated| backend/tests/unit/TaskRiskClassifier-v28.test.ts (6 tests) 8ms
 ✓ |isolated| backend/tests/unit/hustler-identity-link-contract.test.ts (3 tests) 6ms
 ✓ |isolated| backend/tests/unit/deployed-synthetic-provider-policy.test.ts (2 tests) 9ms
 ✓ |isolated| backend/tests/unit/hustler-wallet-contract-migration.test.ts (7 tests) 9ms
 ✓ |isolated| backend/tests/unit/business-operations-policy.test.ts (7 tests) 17ms
 ✓ |isolated| backend/tests/unit/universal-v1-actor-attestation-runtime-boundary.test.ts (4 tests) 9ms
 ✓ |isolated| backend/tests/unit/capability-router-eligibility.test.ts (6 tests) 12ms
 ✓ |isolated| backend/tests/unit/region-policy-price-book-alignment.test.ts (3 tests) 8ms
 ✓ |isolated| backend/tests/unit/ai-spend-attempt-ledger-migration.test.ts (4 tests) 7ms
 ✓ |isolated| backend/tests/unit/completion-retention-migration.test.ts (3 tests) 9ms
 ✓ |isolated| backend/tests/unit/local-certification-screening-migration.test.ts (4 tests) 10ms
 ✓ |isolated| backend/tests/unit/operator-identity-assurance.test.ts (6 tests) 8ms
 ✓ |isolated| backend/tests/unit/controlled-test-offer-review-migration.test.ts (2 tests) 6ms
 ✓ |isolated| backend/tests/unit/release-authority-keys.test.ts (2 tests) 9ms
 ✓ |isolated| backend/tests/unit/deployed-synthetic-operator-token.test.ts (3 tests) 14ms
 ✓ |isolated| backend/tests/unit/universal-v1-work-order-migration.test.ts (2 tests) 7ms
 ✓ |isolated| backend/tests/unit/dispute-release-authority-contract.test.ts (3 tests) 7ms
 ✓ |isolated| backend/tests/unit/task-template-policy-migration.test.ts (3 tests) 6ms
 ✓ |isolated| backend/tests/unit/quote-payment-recovery-migration.test.ts (1 test) 7ms
 ✓ |isolated| backend/tests/unit/offline-action-sync-contract-migration.test.ts (3 tests) 9ms
 ✓ |isolated| backend/tests/unit/marketplace-reputation-migration.test.ts (2 tests) 7ms
 ✓ |isolated| backend/tests/unit/external-ai-provider-authority.test.ts (1 test) 10ms
 ✓ |isolated| backend/tests/unit/runtime-database-pg-private-contract.test.ts (1 test) 11ms
 ✓ |isolated| backend/tests/unit/liquidity-expansion-contract-migration.test.ts (2 tests) 6ms
 ✓ |isolated| backend/tests/unit/business-operations-migration.test.ts (5 tests) 9ms
 ✓ |isolated| backend/tests/unit/nonproduction-railway-target.test.ts (2 tests) 9ms
 ✓ |isolated| backend/tests/unit/compliance-guardian-persistence-migration.test.ts (2 tests) 10ms
 ✓ |isolated| backend/tests/unit/paid-promotion-ranking-independence.test.ts (6 tests) 9ms
 ✓ |isolated| backend/tests/unit/controlled-test-liquidity-marker-repair.test.ts (2 tests) 5ms
[21:08:05.876] [33mWARN[39m: [36mFirebase Admin credentials missing — auth verification disabled[39m
    module: "auth"
 ✓ |isolated| backend/tests/unit/ProofService-criteria.test.ts (11 tests) 10ms
 ✓ |isolated| backend/tests/unit/server-health-environment.test.ts (2 tests) 10ms
 ✓ |isolated| backend/tests/unit/business-workspace-migration.test.ts (5 tests) 9ms
 ✓ |isolated| backend/tests/unit/schema-convergence-repair-migration.test.ts (6 tests) 9ms
 ✓ |isolated| backend/tests/unit/operator-authority-contract-migration.test.ts (5 tests) 12ms
 ✓ |isolated| backend/tests/unit/controlled-test-provider-capability-migration.test.ts (2 tests) 8ms
 ✓ |isolated| backend/tests/unit/business-execution-migration.test.ts (4 tests) 8ms
 ✓ |isolated| backend/tests/unit/region-policy-migration.test.ts (4 tests) 7ms
 ✓ |isolated| backend/tests/unit/escrow-common.test.ts (1 test) 6ms
 ✓ |isolated| backend/tests/unit/local-certification-payout-migration.test.ts (3 tests) 9ms
 ✓ |isolated| backend/tests/unit/build-now-spend-promotion-guardrails-migration.test.ts (3 tests) 10ms
 ✓ |isolated| backend/tests/unit/ai-observability-contract-migration.test.ts (4 tests) 11ms
 ✓ |isolated| backend/tests/unit/TaskRiskClassifier-template.test.ts (5 tests) 6ms
 ✓ |isolated| backend/tests/unit/business-workspace-policy.test.ts (5 tests) 9ms
 ✓ |isolated| backend/tests/unit/task-matching-state-contract-migration.test.ts (2 tests) 6ms
 ✓ |isolated| backend/tests/unit/universal-v1-reconciliation-alias-repair-migration.test.ts (3 tests) 10ms
 ✓ |isolated| backend/tests/unit/universal-v1-completion-delivery-migration.test.ts (3 tests) 8ms
 ✓ |isolated| backend/tests/unit/controlled-test-duration-evidence-migration.test.ts (2 tests) 7ms
 ✓ |isolated| backend/tests/unit/hustler-trust-progression-migration.test.ts (3 tests) 6ms
 ✓ |isolated| backend/tests/unit/logger.test.ts (8 tests) 6ms
 ✓ |isolated| backend/tests/unit/task-quote-shortlist-migration.test.ts (4 tests) 6ms
 ✓ |isolated| backend/tests/unit/operations-exception-contract-migration.test.ts (4 tests) 12ms
 ✓ |isolated| backend/tests/unit/controlled-test-liquidity-migration.test.ts (5 tests) 11ms
 ✓ |isolated| backend/tests/unit/worker-counter-offer-contract-migration.test.ts (3 tests) 6ms
 ✓ |isolated| backend/tests/unit/deploy-workflow-contract.test.ts (3 tests) 8ms
 ✓ |isolated| backend/tests/unit/recurring-payment-dispatch-gate-migration.test.ts (2 tests) 5ms
 ✓ |isolated| backend/tests/unit/task-clarification-migration.test.ts (3 tests) 7ms
 ✓ |isolated| backend/tests/unit/task-safety-resolution-integrity-migration.test.ts (3 tests) 7ms
 ✓ |isolated| backend/tests/unit/unit-economics-guardrails-migration.test.ts (4 tests) 10ms
 ✓ |isolated| backend/tests/unit/task-safety-state-integrity-migration.test.ts (4 tests) 7ms
 ✓ |isolated| backend/tests/unit/local-certification-payment-migration.test.ts (4 tests) 7ms
 ✓ |isolated| backend/tests/unit/controlled-test-liquidity-lifecycle-repair.test.ts (1 test) 9ms
 ✓ |isolated| backend/tests/unit/outbox-worker-lock.test.ts (2 tests) 6ms
 ✓ |isolated| backend/tests/unit/featured-branches.test.ts (1 test) 5ms
[21:08:13.196] [32mINFO[39m: [36mRequired engine migration verified[39m
    module: "worker"
    status: "applied"
    migration: "add_missing_tables_v2"
    sourcePath: "C:\Users\Manfish\Documents\Codex\2026-09-04\let\work\backend-validation-checkout\backend\database\migrations\add_missing_tables_v2.sql"
    sha256: "0e82957e8c8ac0cdb2da99faaad235f64e8eda817ff60681e4455719b48a403e"
[21:08:13.414] [32mINFO[39m: [36mRequired engine migration verified[39m
    module: "worker"
    status: "applied"
    migration: "20260710_engine_automation_contracts"
    sourcePath: "C:\Users\Manfish\Documents\Codex\2026-09-04\let\work\backend-validation-checkout\backend\database\migrations\20260710_engine_automation_contracts.sql"
    sha256: "7581c779b858864ba4f1d7ec1af1fb8da613c53b8986adafcfd4de2cf07938a7"
[21:08:13.450] [32mINFO[39m: [36mRequired engine migration verified[39m
    module: "worker"
    status: "applied"
    migration: "20260711_required_proof_alignment"
    sourcePath: "C:\Users\Manfish\Documents\Codex\2026-09-04\let\work\backend-validation-checkout\backend\database\migrations\011-proof-alignment.sql"
    sha256: "aa042a77dc4f8b8fcad8b53f6e678a6c2ec4edf39d7c18f63399d184369759c3"
[21:08:13.581] [32mINFO[39m: [36mRequired engine migration verified[39m
    module: "worker"
    status: "applied"
    migration: "20260711_required_expertise_supply"
    sourcePath: "C:\Users\Manfish\Documents\Codex\2026-09-04\let\work\backend-validation-checkout\backend\database\migrations\expertise_supply_control.sql"
    sha256: "104803408da1a0196291254866cefb2944b4b45be5a2c81df334ecaac828cf39"
[21:08:13.603] [32mINFO[39m: [36mRequired engine migration verified[39m
    module: "worker"
    status: "applied"
    migration: "20260711_task_outcome_classification"
    sourcePath: "C:\Users\Manfish\Documents\Codex\2026-09-04\let\work\backend-validation-checkout\backend\database\migrations\20260711_task_outcome_classification.sql"
    sha256: "c723901db04a66d60ec231ac10324fe8834a32b9b6019b7a5aa0a651638cf791"
[21:08:13.642] [32mINFO[39m: [36mRequired engine migration verified[39m
    module: "worker"
    status: "applied"
    migration: "20260712_hustler_identity_link"
    sourcePath: "C:\Users\Manfish\Documents\Codex\2026-09-04\let\work\backend-validation-checkout\backend\database\migrations\20260712_hustler_identity_link.sql"
    sha256: "4ea3685d374532f90122a58b596d04a544c06bd701d0697037af15a964af3518"
[21:08:13.667] [32mINFO[39m: [36mRequired engine migration verified[39m
    module: "worker"
    status: "applied"
    migration: "20260712_dispatch_expiry_pending_payment_cancel"
    sourcePath: "C:\Users\Manfish\Documents\Codex\2026-09-04\let\work\backend-validation-checkout\backend\database\migrations\20260712_dispatch_expiry_pending_payment_cancel.sql"
    sha256: "4b29f0612985dbf9e90c2f437cc49dbf88223d3a78c67bfd48ebc88e16249a7f"
[21:08:13.683] [32mINFO[39m: [36mRequired engine migration verified[39m
    module: "worker"
    status: "applied"
    migration: "20260712_dispatch_expiry_no_payment_reconcile"
    sourcePath: "C:\Users\Manfish\Documents\Codex\2026-09-04\let\work\backend-validation-checkout\backend\database\migrations\20260712_dispatch_expiry_no_payment_reconcile.sql"
    sha256: "12d4e967e5b0a910debe5c187a5dc3bb18d3c2ce49375e6698aa856e12a60b72"
[21:08:13.767] [32mINFO[39m: [36mRequired engine migration verified[39m
    module: "worker"
    status: "applied"
    migration: "performance_indexes_v1"
    sourcePath: "C:\Users\Manfish\Documents\Codex\2026-09-04\let\work\backend-validation-checkout\backend\database\migrations\20260713_performance_indexes_alignment.sql"
    sha256: "3696d6feeed5f058d286ad62cbe8fb75a72e43cecc93cfcb162bb2ef61cb33cf"
[21:08:13.845] [32mINFO[39m: [36mRequired engine migration verified[39m
    module: "worker"
    status: "applied"
    migration: "chargeback_lifecycle_v1"
    sourcePath: "C:\Users\Manfish\Documents\Codex\2026-09-04\let\work\backend-validation-checkout\backend\database\migrations\chargeback_lifecycle.sql"
    sha256: "32905444b29504044c3f91a5398a0a2c064398d833e66d486e6ca513fddff6f7"
[21:08:13.912] [32mINFO[39m: [36mRequired engine migration verified[39m
    module: "worker"
    status: "applied"
    migration: "20260718_revenue_audit_rail"
    sourcePath: "C:\Users\Manfish\Documents\Codex\2026-09-04\let\work\backend-validation-checkout\backend\database\migrations\20260718_revenue_audit_rail.sql"
    sha256: "f11a5eb964f2c09b9e9592533fd32b35c24c9de8511e79b6096f2cf7627134a0"
[21:08:13.931] [32mINFO[39m: [36mRequired engine migration verified[39m
    module: "worker"
    status: "applied"
    migration: "20260718_quote_economics_contract"
    sourcePath: "C:\Users\Manfish\Documents\Codex\2026-09-04\let\work\backend-validation-checkout\backend\database\migrations\20260718_quote_economics_contract.sql"
    sha256: "1eb1a06963af0d740b488154d5803ab050f322d501feae130ac02e6e5669ecef"
[21:08:14.030] [32mINFO[39m: [36mRequired engine migration verified[39m
    module: "worker"
    status: "applied"
    migration: "20260718_task_scope_versions"
    sourcePath: "C:\Users\Manfish\Documents\Codex\2026-09-04\let\work\backend-validation-checkout\backend\database\migrations\20260718_task_scope_versions.sql"
    sha256: "71098ed2d76562e33e7439b6bbeaa2648c19174a3c19195460238aeaf5abcd6e"
[21:08:14.056] [32mINFO[39m: [36mRequired engine migration verified[39m
    module: "worker"
    status: "applied"
    migration: "20260718_task_location_encryption"
    sourcePath: "C:\Users\Manfish\Documents\Codex\2026-09-04\let\work\backend-validation-checkout\backend\database\migrations\20260718_task_location_encryption.sql"
    sha256: "084ef950e086b7aa5040e4fba37277d18f65a15f6cbea75d52dd5729b00386f2"
[21:08:14.077] [32mINFO[39m: [36mRequired engine migration verified[39m
    module: "worker"
    status: "applied"
    migration: "20260718_proof_submission_atomicity"
    sourcePath: "C:\Users\Manfish\Documents\Codex\2026-09-04\let\work\backend-validation-checkout\backend\database\migrations\20260718_proof_submission_atomicity.sql"
    sha256: "6d5dfced166382beed083351a6c75aa5bbf972dcb0eb8704003cae40aa8d5768"
[21:08:14.153] [32mINFO[39m: [36mRequired engine migration verified[39m
    module: "worker"
    status: "applied"
    migration: "20260718_task_safety_incident_cases"
    sourcePath: "C:\Users\Manfish\Documents\Codex\2026-09-04\let\work\backend-validation-checkout\backend\database\migrations\20260718_task_safety_incident_cases.sql"
    sha256: "a73437cc7e7f152a195b730f4c1d622ca2461bc682665c26f31760a3d1fa3800"
[21:08:14.176] [32mINFO[39m: [36mRequired engine migration verified[39m
    module: "worker"
    status: "applied"
    migration: "20260718_task_safety_delivery_contract"
    sourcePath: "C:\Users\Manfish\Documents\Codex\2026-09-04\let\work\backend-validation-checkout\backend\database\migrations\20260718_task_safety_delivery_contract.sql"
    sha256: "26c8241b9526f77980121afa98089dcf55162204979c0ee0465b1d7c55416c7d"
[21:08:14.256] [32mINFO[39m: [36mRequired engine migration verified[39m
    module: "worker"
    status: "applied"
    migration: "20260718_task_safety_checkins"
    sourcePath: "C:\Users\Manfish\Documents\Codex\2026-09-04\let\work\backend-validation-checkout\backend\database\migrations\20260718_task_safety_checkins.sql"
    sha256: "f9278e4a9cb7c7345f321712a4204280129d6e31aba31d03a987c31cb40781e5"
[21:08:14.305] [32mINFO[39m: [36mRequired engine migration verified[39m
    module: "worker"
    status: "applied"
    migration: "20260718_task_safety_location_encryption"
    sourcePath: "C:\Users\Manfish\Documents\Codex\2026-09-04\let\work\backend-validation-checkout\backend\database\migrations\20260718_task_safety_location_encryption.sql"
    sha256: "2cd76dff8f126da4bec2d6f58e2c6de5c3c93a3fabd1024536a7c007dce07e46"
[21:08:14.380] [32mINFO[39m: [36mRequired engine migration verified[39m
    module: "worker"
    status: "applied"
    migration: "20260718_zone_category_liquidity_cells"
    sourcePath: "C:\Users\Manfish\Documents\Codex\2026-09-04\let\work\backend-validation-checkout\backend\database\migrations\20260718_zone_category_liquidity_cells.sql"
    sha256: "8c427c29ac142a7543c08768be5823b1dcd6d4630b1a3b5128e2e88afce77a2c"
[21:08:14.482] [32mINFO[39m: [36mRequired engine migration verified[39m
    module: "worker"
    status: "applied"
    migration: "20260718_worker_offer_decision_contract"
    sourcePath: "C:\Users\Manfish\Documents\Codex\2026-09-04\let\work\backend-validation-checkout\backend\database\migrations\20260718_worker_offer_decision_contract.sql"
    sha256: "81defc49577f106e03e682814dd2bc302f7435adfb1711a8801d68ada75d4e02"
[21:08:14.649] [32mINFO[39m: [36mRequired engine migration verified[39m
    module: "worker"
    status: "applied"
    migration: "20260718_worker_screening_rights_contract"
    sourcePath: "C:\Users\Manfish\Documents\Codex\2026-09-04\let\work\backend-validation-checkout\backend\database\migrations\20260718_worker_screening_rights_contract.sql"
    sha256: "3c1d98eb3a8e5f59811dc7a937584bc96b0d37bae87a04f7bac58b41e1a4d20d"
[21:08:14.731] [32mINFO[39m: [36mRequired engine migration verified[39m
    module: "worker"
    status: "applied"
    migration: "20260718_region_policy_contract"
    sourcePath: "C:\Users\Manfish\Documents\Codex\2026-09-04\let\work\backend-validation-checkout\backend\database\migrations\20260718_region_policy_contract.sql"
    sha256: "01c65eb106aa9ad3a9909e08b882f6ba908bf626e0c23a68136c64fe39ec9311"
[21:08:14.779] [32mINFO[39m: [36mRequired engine migration verified[39m
    module: "worker"
    status: "applied"
    migration: "20260718_completion_retention_contract"
    sourcePath: "C:\Users\Manfish\Documents\Codex\2026-09-04\let\work\backend-validation-checkout\backend\database\migrations\20260718_completion_retention_contract.sql"
    sha256: "b55d86d2438505a7e38b330de642ca1711ab14e8f970da9e9eca8d975da38ef0"
[21:08:14.865] [32mINFO[39m: [36mRequired engine migration verified[39m
    module: "worker"
    status: "applied"
    migration: "20260718_task_public_clarifications"
    sourcePath: "C:\Users\Manfish\Documents\Codex\2026-09-04\let\work\backend-validation-checkout\backend\database\migrations\20260718_task_public_clarifications.sql"
    sha256: "5dd2cca338998318447069a4c47fcaaf8a48e2d9bb7004e24576bc76849c9155"
[21:08:15.016] [32mINFO[39m: [36mRequired engine migration verified[39m
    module: "worker"
    status: "applied"
    migration: "20260718_marketplace_reputation_contract"
    sourcePath: "C:\Users\Manfish\Documents\Codex\2026-09-04\let\work\backend-validation-checkout\backend\database\migrations\20260718_marketplace_reputation_contract.sql"
    sha256: "df565bff5dd411e74c6714e3353d22e28af6438b8a2a16c34fb574dd46d50933"
[21:08:15.141] [32mINFO[39m: [36mRequired engine migration verified[39m
    module: "worker"
    status: "applied"
    migration: "20260718_business_workspace_contract"
    sourcePath: "C:\Users\Manfish\Documents\Codex\2026-09-04\let\work\backend-validation-checkout\backend\database\migrations\20260718_business_workspace_contract.sql"
    sha256: "a22965906807502d81f7fc6fb085b1f71ee4cf8171986eb61be292dccc137c45"
[21:08:15.372] [32mINFO[39m: [36mRequired engine migration verified[39m
    module: "worker"
    status: "applied"
    migration: "20260718_business_operations_contract"
    sourcePath: "C:\Users\Manfish\Documents\Codex\2026-09-04\let\work\backend-validation-checkout\backend\database\migrations\20260718_business_operations_contract.sql"
    sha256: "23fdb635e6768e7cfabc299ba4babab7aa37e29d319f124e8cf96e152ff7a0cb"
[21:08:15.505] [32mINFO[39m: [36mRequired engine migration verified[39m
    module: "worker"
    status: "applied"
    migration: "20260718_business_execution_contract"
    sourcePath: "C:\Users\Manfish\Documents\Codex\2026-09-04\let\work\backend-validation-checkout\backend\database\migrations\20260718_business_execution_contract.sql"
    sha256: "b4bad697897f51aa69f4c435d194bcb0730e1c357110c56aeeeccc61ec0c8d2d"
[21:08:15.716] [32mINFO[39m: [36mRequired engine migration verified[39m
    module: "worker"
    status: "applied"
    migration: "20260718_recurring_work_contract"
    sourcePath: "C:\Users\Manfish\Documents\Codex\2026-09-04\let\work\backend-validation-checkout\backend\database\migrations\20260718_recurring_work_contract.sql"
    sha256: "65bbbe96e1af6d909cd9a454c201bf4e62c99e60ec6bddbaa2454a3e3de4ed4b"
[21:08:15.754] [32mINFO[39m: [36mRequired engine migration verified[39m
    module: "worker"
    status: "applied"
    migration: "20260718_business_recurring_contract"
    sourcePath: "C:\Users\Manfish\Documents\Codex\2026-09-04\let\work\backend-validation-checkout\backend\database\migrations\20260718_business_recurring_contract.sql"
    sha256: "e068a0aa68b7baf4a7c13f217536251708913b854119a3da350455230355f5d3"
[21:08:15.861] [32mINFO[39m: [36mRequired engine migration verified[39m
    module: "worker"
    status: "applied"
    migration: "20260719_recommendation_contract"
    sourcePath: "C:\Users\Manfish\Documents\Codex\2026-09-04\let\work\backend-validation-checkout\backend\database\migrations\20260719_recommendation_contract.sql"
    sha256: "3345c3fdce3aef451c89fd8245dff11096dffe1108309e19c1470f2138641ab4"
[21:08:15.956] [32mINFO[39m: [36mRequired engine migration verified[39m
    module: "worker"
    status: "applied"
    migration: "20260719_hustler_wallet_contract"
    sourcePath: "C:\Users\Manfish\Documents\Codex\2026-09-04\let\work\backend-validation-checkout\backend\database\migrations\20260719_hustler_wallet_contract.sql"
    sha256: "153809d4d570a54b27357e2ebff51c3b35fa303e69da29c570816acca89f29ab"
[21:08:15.977] [32mINFO[39m: [36mRequired engine migration verified[39m
    module: "worker"
    status: "applied"
    migration: "20260719_wallet_provider_event_integrity"
    sourcePath: "C:\Users\Manfish\Documents\Codex\2026-09-04\let\work\backend-validation-checkout\backend\database\migrations\20260719_wallet_provider_event_integrity.sql"
    sha256: "1ee57eb0d4c3d157632b8db3fbc8cc232ac1241c1ca76944250ca42e1fdbc8de"
[21:08:15.993] [32mINFO[39m: [36mRequired engine migration verified[39m
    module: "worker"
    status: "applied"
    migration: "20260719_wallet_provider_event_integrity_repair"
    sourcePath: "C:\Users\Manfish\Documents\Codex\2026-09-04\let\work\backend-validation-checkout\backend\database\migrations\20260719_wallet_provider_event_integrity_repair.sql"
    sha256: "96ff51a6414cb261fa2791281c076e4e5b7fafd73cbacc2db939402e4219a6a5"
[21:08:16.277] [32mINFO[39m: [36mRequired engine migration verified[39m
    module: "worker"
    status: "applied"
    migration: "20260719_lifecycle_service_foundations"
    sourcePath: "C:\Users\Manfish\Documents\Codex\2026-09-04\let\work\backend-validation-checkout\backend\database\migrations\20260719_lifecycle_service_foundations.sql"
    sha256: "4c1edaecda49afeae3950afe832074f8903d64aa6f726bbee2a0717f26113596"
[21:08:16.292] [32mINFO[39m: [36mRequired engine migration verified[39m
    module: "worker"
    status: "applied"
    migration: "20260719_task_worker_eligibility_contract"
    sourcePath: "C:\Users\Manfish\Documents\Codex\2026-09-04\let\work\backend-validation-checkout\backend\database\migrations\20260719_task_worker_eligibility_contract.sql"
    sha256: "a1fb5d0387d61fef4b484be82d15153031b14860bcc8b4bbaa690a4ca096a0fb"
[21:08:16.337] [32mINFO[39m: [36mRequired engine migration verified[39m
    module: "worker"
    status: "applied"
    migration: "20260719_append_only_truncate_contract"
    sourcePath: "C:\Users\Manfish\Documents\Codex\2026-09-04\let\work\backend-validation-checkout\backend\database\migrations\20260719_append_only_truncate_contract.sql"
    sha256: "1b105f37e52b19435aacc7b04b2496bbef7f5cd0b0b1681487342e2e411544b4"
[21:08:16.369] [32mINFO[39m: [36mRequired engine migration verified[39m
    module: "worker"
    status: "applied"
    migration: "20260719_admin_user_search_trigram_contract"
    sourcePath: "C:\Users\Manfish\Documents\Codex\2026-09-04\let\work\backend-validation-checkout\backend\database\migrations\20260719_admin_user_search_trigram_contract.sql"
    sha256: "89a20a0c588af79ae8c0cd8e06949f4a542928b826adafa822d5a02b20694090"
[21:08:16.398] [32mINFO[39m: [36mRequired engine migration verified[39m
    module: "worker"
    status: "applied"
    migration: "20260719_admin_capability_contract"
    sourcePath: "C:\Users\Manfish\Documents\Codex\2026-09-04\let\work\backend-validation-checkout\backend\database\migrations\20260719_admin_capability_contract.sql"
    sha256: "cacc11cfe40b498767acbbaa736f2462e21a758018bcda1a667430a3c441c0f4"
[21:08:16.417] [32mINFO[39m: [36mRequired engine migration verified[39m
    module: "worker"
    status: "applied"
    migration: "20260719_tier0_browse_only_contract"
    sourcePath: "C:\Users\Manfish\Documents\Codex\2026-09-04\let\work\backend-validation-checkout\backend\database\migrations\20260719_tier0_browse_only_contract.sql"
    sha256: "336d976adfc3ce6e892b16c67a08bbc692165d2373084c3e51ab3e0a3db7a9d5"
[21:08:16.437] [32mINFO[39m: [36mRequired engine migration verified[39m
    module: "worker"
    status: "applied"
    migration: "20260719_task_template_policy_contract"
    sourcePath: "C:\Users\Manfish\Documents\Codex\2026-09-04\let\work\backend-validation-checkout\backend\database\migrations\20260719_task_template_policy_contract.sql"
    sha256: "1b4e180c34fce08ea00076e1f02f9c57d698c532db1eff84d9973e68c189ff8f"
[21:08:16.481] [32mINFO[39m: [36mRequired engine migration verified[39m
    module: "worker"
    status: "applied"
    migration: "20260719_compliance_guardian_persistence_contract"
    sourcePath: "C:\Users\Manfish\Documents\Codex\2026-09-04\let\work\backend-validation-checkout\backend\database\migrations\20260719_compliance_guardian_persistence_contract.sql"
    sha256: "ad0d747354fd6040df2669ffc0fbe485526240aca38887e27a069f49ab67767c"
[21:08:16.495] [32mINFO[39m: [36mRequired engine migration verified[39m
    module: "worker"
    status: "applied"
    migration: "20260719_worker_offer_retake_contract"
    sourcePath: "C:\Users\Manfish\Documents\Codex\2026-09-04\let\work\backend-validation-checkout\backend\database\migrations\20260719_worker_offer_retake_contract.sql"
    sha256: "0e5c8b6dde2fe27aecb7eed4ea1c329a4872cee9cc54c7a42505e431e5df0301"
[21:08:16.547] [32mINFO[39m: [36mRequired engine migration verified[39m
    module: "worker"
    status: "applied"
    migration: "20260719_liquidity_expansion_contract"
    sourcePath: "C:\Users\Manfish\Documents\Codex\2026-09-04\let\work\backend-validation-checkout\backend\database\migrations\20260719_liquidity_expansion_contract.sql"
    sha256: "6ba06780137ac5142e4560d465300cdb21105c690cfb320a588b35b37f69d795"
[21:08:16.578] [32mINFO[39m: [36mRequired engine migration verified[39m
    module: "worker"
    status: "applied"
    migration: "20260719_liquidity_expansion_fk_repair"
    sourcePath: "C:\Users\Manfish\Documents\Codex\2026-09-04\let\work\backend-validation-checkout\backend\database\migrations\20260719_liquidity_expansion_fk_repair.sql"
    sha256: "3ab131b4dbc128a99cd9eb7512888282df572f0ca61519d0453ebaa8be686c17"
[21:08:16.673] [32mINFO[39m: [36mRequired engine migration verified[39m
    module: "worker"
    status: "applied"
    migration: "20260719_worker_counter_offer_contract"
    sourcePath: "C:\Users\Manfish\Documents\Codex\2026-09-04\let\work\backend-validation-checkout\backend\database\migrations\20260719_worker_counter_offer_contract.sql"
    sha256: "1c6376dc07f95465f0925134f9d30990ed0da52c869cb9e039f3865508f85696"
[21:08:16.692] [32mINFO[39m: [36mRequired engine migration verified[39m
    module: "worker"
    status: "applied"
    migration: "20260719_worker_counter_offer_exclusivity"
    sourcePath: "C:\Users\Manfish\Documents\Codex\2026-09-04\let\work\backend-validation-checkout\backend\database\migrations\20260719_worker_counter_offer_exclusivity.sql"
    sha256: "5f72eb8f7bacc3c45c3dfba2527f7ccd5571ea6db0bcb4dd119a32ed0436e78f"
[21:08:16.834] [32mINFO[39m: [36mRequired engine migration verified[39m
    module: "worker"
    status: "applied"
    migration: "20260719_external_task_bridge_contract"
    sourcePath: "C:\Users\Manfish\Documents\Codex\2026-09-04\let\work\backend-validation-checkout\backend\database\migrations\20260719_external_task_bridge_contract.sql"
    sha256: "33080f06754d9ed04bf6624ac0dbf5c7817c8324af9be25ecb01ebf50ecffb69"
[21:08:16.922] [32mINFO[39m: [36mRequired engine migration verified[39m
    module: "worker"
    status: "applied"
    migration: "20260720_task_geofence_event_contract"
    sourcePath: "C:\Users\Manfish\Documents\Codex\2026-09-04\let\work\backend-validation-checkout\backend\database\migrations\20260720_task_geofence_event_contract.sql"
    sha256: "c2a31559936f1d1db684a27f3cca8554fe3b6986830ff6795e547c17409e24af"
[21:08:17.055] [32mINFO[39m: [36mRequired engine migration verified[39m
    module: "worker"
    status: "applied"
    migration: "20260720_major_action_telemetry_contract"
    sourcePath: "C:\Users\Manfish\Documents\Codex\2026-09-04\let\work\backend-validation-checkout\backend\database\migrations\20260720_major_action_telemetry_contract.sql"
    sha256: "0939eb301dba2a9b8e50c759fd794c19cfd19b7ac8c761449dccc5d346a5fd07"
[21:08:17.075] [32mINFO[39m: [36mRequired engine migration verified[39m
    module: "worker"
    status: "applied"
    migration: "20260720_major_action_telemetry_contract_repair"
    sourcePath: "C:\Users\Manfish\Documents\Codex\2026-09-04\let\work\backend-validation-checkout\backend\database\migrations\20260720_major_action_telemetry_contract_repair.sql"
    sha256: "7aebc9a96ca0eb516d6eaabff5c8ea44a1c99ef452328abfdc31e423fcb50960"
[21:08:17.091] [32mINFO[39m: [36mRequired engine migration verified[39m
    module: "worker"
    status: "applied"
    migration: "20260720_major_action_source_registry_repair"
    sourcePath: "C:\Users\Manfish\Documents\Codex\2026-09-04\let\work\backend-validation-checkout\backend\database\migrations\20260720_major_action_source_registry_repair.sql"
    sha256: "dd0641389a561a02ee7bc211494baeecad4a584f4ae878e367d7bd6ec41ef99d"
[21:08:17.176] [32mINFO[39m: [36mRequired engine migration verified[39m
    module: "worker"
    status: "applied"
    migration: "20260720_offline_action_sync_contract"
    sourcePath: "C:\Users\Manfish\Documents\Codex\2026-09-04\let\work\backend-validation-checkout\backend\database\migrations\20260720_offline_action_sync_contract.sql"
    sha256: "a24c7a3a1fc6d248e7ed84850c282b1d70e136470a5814e5cf73d354fb71a225"
[21:08:17.193] [32mINFO[39m: [36mRequired engine migration verified[39m
    module: "worker"
    status: "applied"
    migration: "20260720_offline_action_sync_contract_repair"
    sourcePath: "C:\Users\Manfish\Documents\Codex\2026-09-04\let\work\backend-validation-checkout\backend\database\migrations\20260720_offline_action_sync_contract_repair.sql"
    sha256: "dd3ebeb8b7660ce2a7e7dc0c90c75b8c44368ed464dd80d5a48db74c608fe2ad"
[21:08:17.224] [32mINFO[39m: [36mRequired engine migration verified[39m
    module: "worker"
    status: "applied"
    migration: "20260720_proof_verification_signal_contract"
    sourcePath: "C:\Users\Manfish\Documents\Codex\2026-09-04\let\work\backend-validation-checkout\backend\database\migrations\20260720_proof_verification_signal_contract.sql"
    sha256: "7956522e446ae42141b204c0f32d6cc1843c8deb54d474f5bc3d5687577e18fb"
[21:08:17.239] [32mINFO[39m: [36mRequired engine migration verified[39m
    module: "worker"
    status: "applied"
    migration: "20260720_proof_media_metadata_minimization"
    sourcePath: "C:\Users\Manfish\Documents\Codex\2026-09-04\let\work\backend-validation-checkout\backend\database\migrations\20260720_proof_media_metadata_minimization.sql"
    sha256: "d8b3f516a303744ab8bfe467d528f552f0c444466d64ab1e881d6ae5f422e396"
[21:08:17.301] [32mINFO[39m: [36mRequired engine migration verified[39m
    module: "worker"
    status: "applied"
    migration: "20260720_media_upload_finalization_contract"
    sourcePath: "C:\Users\Manfish\Documents\Codex\2026-09-04\let\work\backend-validation-checkout\backend\database\migrations\20260720_media_upload_finalization_contract.sql"
    sha256: "c7cb31234baeb3ec101b44a73df6fd93198d3c442ceaa0713188e912bae10715"
[21:08:17.376] [32mINFO[39m: [36mRequired engine migration verified[39m
    module: "worker"
    status: "applied"
    migration: "20260720_private_media_delivery_contract"
    sourcePath: "C:\Users\Manfish\Documents\Codex\2026-09-04\let\work\backend-validation-checkout\backend\database\migrations\20260720_private_media_delivery_contract.sql"
    sha256: "dab4cace45c99879d1a6f3e978198fe8ec4e1840607319522b8addfc20cda608"
[21:08:17.520] [32mINFO[39m: [36mRequired engine migration verified[39m
    module: "worker"
    status: "applied"
    migration: "20260720_worker_standing_appeals"
    sourcePath: "C:\Users\Manfish\Documents\Codex\2026-09-04\let\work\backend-validation-checkout\backend\database\migrations\20260720_worker_standing_appeals.sql"
    sha256: "02e2a7c9d91a10b780ea1c01444a57c257faecb7c1ec2f129c82ae8fb4004608"
[21:08:17.556] [32mINFO[39m: [36mRequired engine migration verified[39m
    module: "worker"
    status: "applied"
    migration: "20260720_offline_action_reconciliation"
    sourcePath: "C:\Users\Manfish\Documents\Codex\2026-09-04\let\work\backend-validation-checkout\backend\database\migrations\20260720_offline_action_reconciliation.sql"
    sha256: "12e245da2e45ce917516fdd4dfd2610348eb5c0420c1490987e378ad5f485f94"
[21:08:17.569] [32mINFO[39m: [36mRequired engine migration verified[39m
    module: "worker"
    status: "applied"
    migration: "20260720_dispute_release_authority_contract"
    sourcePath: "C:\Users\Manfish\Documents\Codex\2026-09-04\let\work\backend-validation-checkout\backend\database\migrations\20260720_dispute_release_authority_contract.sql"
    sha256: "0b7cadab9f4c40170d31c5e21921adb42b36935e6f3df81a87991fda9c0029fd"
[21:08:17.632] [32mINFO[39m: [36mRequired engine migration verified[39m
    module: "worker"
    status: "applied"
    migration: "20260720_notification_delivery_contract"
    sourcePath: "C:\Users\Manfish\Documents\Codex\2026-09-04\let\work\backend-validation-checkout\backend\database\migrations\20260720_notification_delivery_contract.sql"
    sha256: "a2264390a09a6ae20ce0011683ab870c631feebfde87ed80a872e986a575bb0b"
[21:08:17.646] [32mINFO[39m: [36mRequired engine migration verified[39m
    module: "worker"
    status: "applied"
    migration: "20260720_notification_delivery_contract_repair"
    sourcePath: "C:\Users\Manfish\Documents\Codex\2026-09-04\let\work\backend-validation-checkout\backend\database\migrations\20260720_notification_delivery_contract_repair.sql"
    sha256: "e0aaa1a3cb653917924183fcf67291b33a2dbf38579eb01b17122e649c71c40f"
[21:08:17.666] [32mINFO[39m: [36mRequired engine migration verified[39m
    module: "worker"
    status: "applied"
    migration: "20260720_notification_focus_suppression"
    sourcePath: "C:\Users\Manfish\Documents\Codex\2026-09-04\let\work\backend-validation-checkout\backend\database\migrations\20260720_notification_focus_suppression.sql"
    sha256: "e320ed83af84fd2c3781a1229db74126778b7c2d8eeb41dbddc432c634faba05"
[21:08:17.681] [32mINFO[39m: [36mRequired engine migration verified[39m
    module: "worker"
    status: "applied"
    migration: "20260720_schema_convergence_repair"
    sourcePath: "C:\Users\Manfish\Documents\Codex\2026-09-04\let\work\backend-validation-checkout\backend\database\migrations\20260720_schema_convergence_repair.sql"
    sha256: "5151894b324679c19cc7a70179aec8f0248a3c66c5325b97d8bdcf618f684da2"
[21:08:17.738] [32mINFO[39m: [36mRequired engine migration verified[39m
    module: "worker"
    status: "applied"
    migration: "20260720_local_certification_payment_provider"
    sourcePath: "C:\Users\Manfish\Documents\Codex\2026-09-04\let\work\backend-validation-checkout\backend\database\migrations\20260720_local_certification_payment_provider.sql"
    sha256: "413a1183e48dd0c3aa8131390481e7acfb17229727445023dfe659b20c123392"
[21:08:17.757] [32mINFO[39m: [36mRequired engine migration verified[39m
    module: "worker"
    status: "applied"
    migration: "20260720_region_policy_price_book_alignment"
    sourcePath: "C:\Users\Manfish\Documents\Codex\2026-09-04\let\work\backend-validation-checkout\backend\database\migrations\20260720_region_policy_price_book_alignment.sql"
    sha256: "614ac15399457b310f60e4bf637ee1d394a0da97e9cbcd9d6a8367a219af68e0"
[21:08:17.878] [32mINFO[39m: [36mRequired engine migration verified[39m
    module: "worker"
    status: "applied"
    migration: "20260720_local_certification_payout_provider"
    sourcePath: "C:\Users\Manfish\Documents\Codex\2026-09-04\let\work\backend-validation-checkout\backend\database\migrations\20260720_local_certification_payout_provider.sql"
    sha256: "1435947ebbdfa50dec2d0d812fe8d332287be1f0a6b7fd1c50cd96a5bfa9e097"
[21:08:17.958] [32mINFO[39m: [36mRequired engine migration verified[39m
    module: "worker"
    status: "applied"
    migration: "20260720_local_certification_screening_provider"
    sourcePath: "C:\Users\Manfish\Documents\Codex\2026-09-04\let\work\backend-validation-checkout\backend\database\migrations\20260720_local_certification_screening_provider.sql"
    sha256: "626ff1f60a8f8f6b6acd2a9aba621409bd3eab3142004361a89ae77a5c26f1cc"
[21:08:18.022] [32mINFO[39m: [36mRequired engine migration verified[39m
    module: "worker"
    status: "applied"
    migration: "20260720_controlled_test_liquidity_cell"
    sourcePath: "C:\Users\Manfish\Documents\Codex\2026-09-04\let\work\backend-validation-checkout\backend\database\migrations\20260720_controlled_test_liquidity_cell.sql"
    sha256: "1826b8b06b3b0de634f2420a40a00bcce2ce2a370d2349192b5dd6a7e981493d"
[21:08:18.038] [32mINFO[39m: [36mRequired engine migration verified[39m
    module: "worker"
    status: "applied"
    migration: "20260720_controlled_test_liquidity_marker_repair"
    sourcePath: "C:\Users\Manfish\Documents\Codex\2026-09-04\let\work\backend-validation-checkout\backend\database\migrations\20260720_controlled_test_liquidity_marker_repair.sql"
    sha256: "e9d3e3dbd829fdf0dad577701b22070218577a8bc9f6b70e8e0ec207eb06af28"
[21:08:18.054] [32mINFO[39m: [36mRequired engine migration verified[39m
    module: "worker"
    status: "applied"
    migration: "20260720_controlled_test_liquidity_lifecycle_repair"
    sourcePath: "C:\Users\Manfish\Documents\Codex\2026-09-04\let\work\backend-validation-checkout\backend\database\migrations\20260720_controlled_test_liquidity_lifecycle_repair.sql"
    sha256: "f921c0c7a374e4a7f4bd0b0a81af34667c52f1264d3f3c0ad57b017e0583e0cc"
[21:08:18.108] [32mINFO[39m: [36mRequired engine migration verified[39m
    module: "worker"
    status: "applied"
    migration: "20260720_controlled_test_duration_evidence"
    sourcePath: "C:\Users\Manfish\Documents\Codex\2026-09-04\let\work\backend-validation-checkout\backend\database\migrations\20260720_controlled_test_duration_evidence.sql"
    sha256: "9b2b0630d0fa0e24552547940c5ee1097e6b7a32cb5b90f5cc5426a25606ae77"
[21:08:18.160] [32mINFO[39m: [36mRequired engine migration verified[39m
    module: "worker"
    status: "applied"
    migration: "20260720_controlled_test_provider_capability"
    sourcePath: "C:\Users\Manfish\Documents\Codex\2026-09-04\let\work\backend-validation-checkout\backend\database\migrations\20260720_controlled_test_provider_capability.sql"
    sha256: "079baedf700badc9c00e1e91f83f96d409bee7f713c9e7d349767a92c112fcc1"
[21:08:18.179] [32mINFO[39m: [36mRequired engine migration verified[39m
    module: "worker"
    status: "applied"
    migration: "20260720_controlled_test_provider_capability_expiry"
    sourcePath: "C:\Users\Manfish\Documents\Codex\2026-09-04\let\work\backend-validation-checkout\backend\database\migrations\20260720_controlled_test_provider_capability_expiry.sql"
    sha256: "770a9973510b499f6e9c1b3428f5ba8dccbbca45c6aef62e463372dcdd2640a5"
[21:08:18.194] [32mINFO[39m: [36mRequired engine migration verified[39m
    module: "worker"
    status: "applied"
    migration: "20260720_controlled_test_provider_capability_refresh"
    sourcePath: "C:\Users\Manfish\Documents\Codex\2026-09-04\let\work\backend-validation-checkout\backend\database\migrations\20260720_controlled_test_provider_capability_refresh.sql"
    sha256: "fce9cbe6df1865581bc414ee1d102afe140899a4b3d0f35697c894edfb375011"
[21:08:18.212] [32mINFO[39m: [36mRequired engine migration verified[39m
    module: "worker"
    status: "applied"
    migration: "20260720_controlled_test_provider_capability_refresh_repair"
    sourcePath: "C:\Users\Manfish\Documents\Codex\2026-09-04\let\work\backend-validation-checkout\backend\database\migrations\20260720_controlled_test_provider_capability_refresh_repair.sql"
    sha256: "fa0600c70a92f0c25112bded13e6e45c5402bfca9aaea45540c08a9a83edcb9d"
[21:08:18.277] [32mINFO[39m: [36mRequired engine migration verified[39m
    module: "worker"
    status: "applied"
    migration: "20260720_controlled_test_offer_review"
    sourcePath: "C:\Users\Manfish\Documents\Codex\2026-09-04\let\work\backend-validation-checkout\backend\database\migrations\20260720_controlled_test_offer_review.sql"
    sha256: "29f42e272b46974910354ed0c32db10744ab771aae92bc83b5c70b84aba9d6e1"
[21:08:18.299] [32mINFO[39m: [36mRequired engine migration verified[39m
    module: "worker"
    status: "applied"
    migration: "20260720_task_safety_state_integrity"
    sourcePath: "C:\Users\Manfish\Documents\Codex\2026-09-04\let\work\backend-validation-checkout\backend\database\migrations\20260720_task_safety_state_integrity.sql"
    sha256: "b0548ea104c938f55f383f777b298427f863792cc440829453fdf9915c33f657"
[21:08:18.314] [32mINFO[39m: [36mRequired engine migration verified[39m
    module: "worker"
    status: "applied"
    migration: "20260720_task_safety_resolution_integrity"
    sourcePath: "C:\Users\Manfish\Documents\Codex\2026-09-04\let\work\backend-validation-checkout\backend\database\migrations\20260720_task_safety_resolution_integrity.sql"
    sha256: "c3f420fa5880355f5fecd84b9b9df5945991cd46d2cb5a4bcca41b2aa024fd62"
[21:08:18.365] [32mINFO[39m: [36mRequired engine migration verified[39m
    module: "worker"
    status: "applied"
    migration: "20260720_task_safety_case_access_integrity"
    sourcePath: "C:\Users\Manfish\Documents\Codex\2026-09-04\let\work\backend-validation-checkout\backend\database\migrations\20260720_task_safety_case_access_integrity.sql"
    sha256: "82d88d339eb6f89e4daae78669c1cd3b8cfad00e3c9865611e02381c744a4778"
[21:08:18.512] [32mINFO[39m: [36mRequired engine migration verified[39m
    module: "worker"
    status: "applied"
    migration: "20260720_operations_exception_contract"
    sourcePath: "C:\Users\Manfish\Documents\Codex\2026-09-04\let\work\backend-validation-checkout\backend\database\migrations\20260720_operations_exception_contract.sql"
    sha256: "f912b02c0d804e06cdabcef8fde8ec3345806c8463ef321211dbe11e9ae021e9"
[21:08:18.532] [32mINFO[39m: [36mRequired engine migration verified[39m
    module: "worker"
    status: "applied"
    migration: "20260721_hustler_trust_progression_contract"
    sourcePath: "C:\Users\Manfish\Documents\Codex\2026-09-04\let\work\backend-validation-checkout\backend\database\migrations\20260721_hustler_trust_progression_contract.sql"
    sha256: "efb7fc4b8f41df8d90f4b63183d3bdb244a41c03b5a73ae673edcab85575b43b"
[21:08:18.578] [32mINFO[39m: [36mRequired engine migration verified[39m
    module: "worker"
    status: "applied"
    migration: "20260721_task_quote_shortlist_messaging_contract"
    sourcePath: "C:\Users\Manfish\Documents\Codex\2026-09-04\let\work\backend-validation-checkout\backend\database\migrations\20260721_task_quote_shortlist_messaging_contract.sql"
    sha256: "33d43cc99215f79b7658d51d781f3923c481fcb6e2b7b7c36aa6d53f26283dd0"
[21:08:18.632] [32mINFO[39m: [36mRequired engine migration verified[39m
    module: "worker"
    status: "applied"
    migration: "20260721_unit_economics_guardrails"
    sourcePath: "C:\Users\Manfish\Documents\Codex\2026-09-04\let\work\backend-validation-checkout\backend\database\migrations\20260721_unit_economics_guardrails.sql"
    sha256: "f0139e1a336cb37bd3a0a92c64d1aabad7adc2cf11527034b50bf5e3007ea720"
[21:08:18.719] [32mINFO[39m: [36mRequired engine migration verified[39m
    module: "worker"
    status: "applied"
    migration: "20260721_build_now_spend_promotion_guardrails"
    sourcePath: "C:\Users\Manfish\Documents\Codex\2026-09-04\let\work\backend-validation-checkout\backend\database\migrations\20260721_build_now_spend_promotion_guardrails.sql"
    sha256: "eff21cecd9f2d714168e989e9bb712ac7b30286f8b0de724f4ca7a7cef8a661d"
[21:08:18.830] [32mINFO[39m: [36mRequired engine migration verified[39m
    module: "worker"
    status: "applied"
    migration: "20260721_private_identity_verification_contract"
    sourcePath: "C:\Users\Manfish\Documents\Codex\2026-09-04\let\work\backend-validation-checkout\backend\database\migrations\20260721_private_identity_verification_contract.sql"
    sha256: "90828c3109521c3f46333876e71c3e0b2e2feee2aab5820b34a7e3731f160117"
[21:08:18.859] [32mINFO[39m: [36mRequired engine migration verified[39m
    module: "worker"
    status: "applied"
    migration: "20260721_sensitive_media_ingestion_shutdown"
    sourcePath: "C:\Users\Manfish\Documents\Codex\2026-09-04\let\work\backend-validation-checkout\backend\database\migrations\20260721_sensitive_media_ingestion_shutdown.sql"
    sha256: "c83366b0b5f4c8ccca98ee5a31d95febaa0107f75e0e0ce60cb2d735c503fc20"
[21:08:18.977] [32mINFO[39m: [36mRequired engine migration verified[39m
    module: "worker"
    status: "applied"
    migration: "20260721_ai_observability_contract"
    sourcePath: "C:\Users\Manfish\Documents\Codex\2026-09-04\let\work\backend-validation-checkout\backend\database\migrations\20260721_ai_observability_contract.sql"
    sha256: "9ec88bb073608316014ed3529ca5632fdbb39394b265e9d2d4163303601ab3e0"
[21:08:18.993] [32mINFO[39m: [36mRequired engine migration verified[39m
    module: "worker"
    status: "applied"
    migration: "20260721_controlled_test_retake_acceptance_repair"
    sourcePath: "C:\Users\Manfish\Documents\Codex\2026-09-04\let\work\backend-validation-checkout\backend\database\migrations\20260721_controlled_test_retake_acceptance_repair.sql"
    sha256: "a1b2a9eb450a0ac4add500620bbcb6738d708603e794a86fcb8ce311adec8fe5"
[21:08:19.008] [32mINFO[39m: [36mRequired engine migration verified[39m
    module: "worker"
    status: "applied"
    migration: "20260721_controlled_test_retake_liquidity_repair"
    sourcePath: "C:\Users\Manfish\Documents\Codex\2026-09-04\let\work\backend-validation-checkout\backend\database\migrations\20260721_controlled_test_retake_liquidity_repair.sql"
    sha256: "edc5ca1a19dbb27ed4ae60efcdfedf2d91a09a86cb2bc0f5cee94bb39837f490"
[21:08:19.025] [32mINFO[39m: [36mRequired engine migration verified[39m
    module: "worker"
    status: "applied"
    migration: "20260721_controlled_test_retake_guard_convergence"
    sourcePath: "C:\Users\Manfish\Documents\Codex\2026-09-04\let\work\backend-validation-checkout\backend\database\migrations\20260721_controlled_test_retake_guard_convergence.sql"
    sha256: "6a2b108d6fe844e4a0235162f25066427eebb1952dbe41e29e7b483c267472b1"
[21:08:19.048] [32mINFO[39m: [36mRequired engine migration verified[39m
    module: "worker"
    status: "applied"
    migration: "20260721_same_worker_retake_assignment_guard_repair"
    sourcePath: "C:\Users\Manfish\Documents\Codex\2026-09-04\let\work\backend-validation-checkout\backend\database\migrations\20260721_same_worker_retake_assignment_guard_repair.sql"
    sha256: "c3500b95949b80004262a9c638f2eca8ef19ad5b446d430aecbe83bc628c7863"
[21:08:19.089] [32mINFO[39m: [36mRequired engine migration verified[39m
    module: "worker"
    status: "applied"
    migration: "20260722_region_policy_legal_approval_activation"
    sourcePath: "C:\Users\Manfish\Documents\Codex\2026-09-04\let\work\backend-validation-checkout\backend\database\migrations\20260722_region_policy_legal_approval_activation.sql"
    sha256: "2be054f21aa0168aad360dd755d52fd5b028a8106129206f47ccfbbc7f081e02"
[21:08:19.121] [32mINFO[39m: [36mRequired engine migration verified[39m
    module: "worker"
    status: "applied"
    migration: "20260722_recurring_payment_dispatch_gate"
    sourcePath: "C:\Users\Manfish\Documents\Codex\2026-09-04\let\work\backend-validation-checkout\backend\database\migrations\20260722_recurring_payment_dispatch_gate.sql"
    sha256: "47c04b2e55a275220c6c1a01fa283628e43fcea869096acd13db8bb59b659c8e"
[21:08:19.326] [32mINFO[39m: [36mRequired engine migration verified[39m
    module: "worker"
    status: "applied"
    migration: "20260722_service_business_assignment_contract"
    sourcePath: "C:\Users\Manfish\Documents\Codex\2026-09-04\let\work\backend-validation-checkout\backend\database\migrations\20260722_service_business_assignment_contract.sql"
    sha256: "258e56009e35228a4e2ad294d879143f4985bdbae7853d1c3c2c9fcda61777af"
[21:08:19.534] [32mINFO[39m: [36mRequired engine migration verified[39m
    module: "worker"
    status: "applied"
    migration: "010_web_platform_tables"
    sourcePath: "C:\Users\Manfish\Documents\Codex\2026-09-04\let\work\backend-validation-checkout\backend\database\migrations\010_web_platform_tables.sql"
    sha256: "8ddd4b374bf8d5c7635214c5d26a84d2e6d81cab10aa8a7049d7b3da1da8b5e2"
[21:08:19.576] [32mINFO[39m: [36mRequired engine migration verified[39m
    module: "worker"
    status: "applied"
    migration: "20260814_quote_price_book"
    sourcePath: "C:\Users\Manfish\Documents\Codex\2026-09-04\let\work\backend-validation-checkout\backend\database\migrations\20260814_quote_price_book.sql"
    sha256: "4d49f31e83b6ba5352ee1c16da45e2b7ce8f84a4d5d9ee0b50bee57e2cafed69"
[21:08:19.634] [32mINFO[39m: [36mRequired engine migration verified[39m
    module: "worker"
    status: "applied"
    migration: "20260814_price_book_quote_decisions"
    sourcePath: "C:\Users\Manfish\Documents\Codex\2026-09-04\let\work\backend-validation-checkout\backend\database\migrations\20260814_price_book_quote_decisions.sql"
    sha256: "77d1a1e17e300f83c1dc7e6f5e57e3ecef617a69066f1806d9d44aea3cf6a4f1"
[21:08:19.725] [32mINFO[39m: [36mRequired engine migration verified[39m
    module: "worker"
    status: "applied"
    migration: "20260814_task_supply_confidence"
    sourcePath: "C:\Users\Manfish\Documents\Codex\2026-09-04\let\work\backend-validation-checkout\backend\database\migrations\20260814_task_supply_confidence.sql"
    sha256: "5c64425fef6a52b4abb7e00f42f2c7322be9d777b58c1efbb1d8f5bd71815e9e"
[21:08:19.753] [32mINFO[39m: [36mRequired engine migration verified[39m
    module: "worker"
    status: "applied"
    migration: "20260815_quote_columns_extra_v4"
    sourcePath: "C:\Users\Manfish\Documents\Codex\2026-09-04\let\work\backend-validation-checkout\backend\database\migrations\20260815_quote_columns_extra_v4.sql"
    sha256: "2c45fbed303842c44ee20d24df090e54de05519d9e7ff5e8f74d4283763be7ee"
[21:08:19.803] [32mINFO[39m: [36mRequired engine migration verified[39m
    module: "worker"
    status: "applied"
    migration: "20260819_quote_payments"
    sourcePath: "C:\Users\Manfish\Documents\Codex\2026-09-04\let\work\backend-validation-checkout\backend\database\migrations\20260819_quote_payments.sql"
    sha256: "bcd90a6905e374568042b589c5c85931f93ea3c9a92fc28afbd0693bcc0e4286"
[21:08:19.809] [32mINFO[39m: [36mLegacy exact-location encryption backfill verified[39m
    module: "worker"
    backfilledLocationCount: 0
[21:08:20.314] [32mINFO[39m: [36mRequired engine migration verified[39m
    module: "worker"
    status: "applied"
    migration: "20260823_quote_payment_recovery"
    sourcePath: "C:\Users\Manfish\Documents\Codex\2026-09-04\let\work\backend-validation-checkout\backend\database\migrations\20260823_quote_payment_recovery.sql"
    sha256: "b0d75f09f523fdf1a11ffd5cea7a1c4cd78d431e7e55cb5723f6ce6f243eebc8"
[21:08:20.914] [32mINFO[39m: [36mRequired engine migration verified[39m
    module: "worker"
    status: "applied"
    migration: "20260827_universal_v1_lifecycle_contract"
    sourcePath: "C:\Users\Manfish\Documents\Codex\2026-09-04\let\work\backend-validation-checkout\backend\database\migrations\20260827_universal_v1_lifecycle_contract.sql"
    sha256: "43224cc43d132d1dfa517f5150f28457fc27fda3fb85641d5c836f40406cf513"
[21:08:21.010] [32mINFO[39m: [36mRequired engine migration verified[39m
    module: "worker"
    status: "applied"
    migration: "20260828_operator_authority_contract"
    sourcePath: "C:\Users\Manfish\Documents\Codex\2026-09-04\let\work\backend-validation-checkout\backend\database\migrations\20260828_operator_authority_contract.sql"
    sha256: "6e813f7266e057aeaa840b6924abb8ec1a763ed352c567b0b601aeac0d69d908"
[21:08:21.038] [32mINFO[39m: [36mRequired engine migration verified[39m
    module: "worker"
    status: "applied"
    migration: "20260829_task_matching_state_contract"
    sourcePath: "C:\Users\Manfish\Documents\Codex\2026-09-04\let\work\backend-validation-checkout\backend\database\migrations\20260829_task_matching_state_contract.sql"
    sha256: "07c9ad6227bb5e6dcb2bc1f2c048032a6e32df8cb0ff2087e6fc9248fdfe08c8"
[21:08:21.057] [32mINFO[39m: [36mRequired engine migration verified[39m
    module: "worker"
    status: "applied"
    migration: "20260830_ai_agent_judge_audit_convergence"
    sourcePath: "C:\Users\Manfish\Documents\Codex\2026-09-04\let\work\backend-validation-checkout\backend\database\migrations\20260830_ai_agent_judge_audit_convergence.sql"
    sha256: "47346ca99af25235a6dfdca3a05c6a2734d8bd190f06d02e6fadbd21c13fc705"
[21:08:21.077] [32mINFO[39m: [36mRequired engine migration verified[39m
    module: "worker"
    status: "applied"
    migration: "20260831_provider_neutral_outbound_communication"
    sourcePath: "C:\Users\Manfish\Documents\Codex\2026-09-04\let\work\backend-validation-checkout\backend\database\migrations\20260831_provider_neutral_outbound_communication.sql"
    sha256: "7163e1269dabe9229c15c2515e417349bb57d8d6f4d30653dc18e195b31ef232"
[21:08:21.094] [32mINFO[39m: [36mRequired engine migration verified[39m
    module: "worker"
    status: "applied"
    migration: "20260901_universal_v1_lead_ingress_port"
    sourcePath: "C:\Users\Manfish\Documents\Codex\2026-09-04\let\work\backend-validation-checkout\backend\database\migrations\20260901_universal_v1_lead_ingress_port.sql"
    sha256: "3640d1f62dd029db0bdd23a1cad7c9456b0c65c4a0c0b17c89781a9a32684dea"
[21:08:21.210] [32mINFO[39m: [36mRequired engine migration verified[39m
    module: "worker"
    status: "applied"
    migration: "20260902_universal_v1_task_draft_public_port"
    sourcePath: "C:\Users\Manfish\Documents\Codex\2026-09-04\let\work\backend-validation-checkout\backend\database\migrations\20260902_universal_v1_task_draft_public_port.sql"
    sha256: "dbf11f4ef967c17ac32fe3d4cb5710671fa4092649650d54d5f071b1aa85582e"
[21:08:21.281] [32mINFO[39m: [36mRequired engine migration verified[39m
    module: "worker"
    status: "applied"
    migration: "20260903_universal_v1_task_draft_account_claim"
    sourcePath: "C:\Users\Manfish\Documents\Codex\2026-09-04\let\work\backend-validation-checkout\backend\database\migrations\20260903_universal_v1_task_draft_account_claim.sql"
    sha256: "d2141ef2d979c69af21653750ff4dc9e94085c53072b87324fafb6cfb114f614"
[21:08:21.311] [32mINFO[39m: [36mRequired engine migration verified[39m
    module: "worker"
    status: "applied"
    migration: "20260904_canonical_user_email_identity"
    sourcePath: "C:\Users\Manfish\Documents\Codex\2026-09-04\let\work\backend-validation-checkout\backend\database\migrations\20260904_canonical_user_email_identity.sql"
    sha256: "3efc1ed89a01b95037837fb075015d027b0f0e72047fa013839299378c5dcf57"
[21:08:21.331] [32mINFO[39m: [36mRequired engine migration verified[39m
    module: "worker"
    status: "applied"
    migration: "20260905_universal_v1_task_draft_legacy_claim_import_repair"
    sourcePath: "C:\Users\Manfish\Documents\Codex\2026-09-04\let\work\backend-validation-checkout\backend\database\migrations\20260905_universal_v1_task_draft_legacy_claim_import_repair.sql"
    sha256: "67990edf9f231d953e519eacf796aa0fcada492f8fe8ce4b7f7889560a07e827"
[21:08:21.430] [32mINFO[39m: [36mRequired engine migration verified[39m
    module: "worker"
    status: "applied"
    migration: "20260906_universal_v1_estimate_acceptance_materialization"
    sourcePath: "C:\Users\Manfish\Documents\Codex\2026-09-04\let\work\backend-validation-checkout\backend\database\migrations\20260906_universal_v1_estimate_acceptance_materialization.sql"
    sha256: "671d0c9cbb1507a6303165d319e08441f69e5027d6ab2d075561b70a063191e6"
[21:08:21.510] [32mINFO[39m: [36mRequired engine migration verified[39m
    module: "worker"
    status: "applied"
    migration: "20260907_universal_v1_provider_estimate_invitation"
    sourcePath: "C:\Users\Manfish\Documents\Codex\2026-09-04\let\work\backend-validation-checkout\backend\database\migrations\20260907_universal_v1_provider_estimate_invitation.sql"
    sha256: "aac7221f4cd1dca94d26a90e96b5de7078c50cf7660bb934582faecb1a70001e"
[21:08:21.584] [32mINFO[39m: [36mRequired engine migration verified[39m
    module: "worker"
    status: "applied"
    migration: "20260908_universal_v1_provider_work_order_authority"
    sourcePath: "C:\Users\Manfish\Documents\Codex\2026-09-04\let\work\backend-validation-checkout\backend\database\migrations\20260908_universal_v1_provider_work_order_authority.sql"
    sha256: "53bcfc5cc6aa79c3fc8470db293aa0e8ad411a05db958a46c67389d5bc0e1d4c"
[21:08:21.603] [32mINFO[39m: [36mRequired engine migration verified[39m
    module: "worker"
    status: "applied"
    migration: "20260909_universal_v1_reconciliation_alias_repair"
    sourcePath: "C:\Users\Manfish\Documents\Codex\2026-09-04\let\work\backend-validation-checkout\backend\database\migrations\20260909_universal_v1_reconciliation_alias_repair.sql"
    sha256: "422e138cce00ef672092869a758ca752a08717b81cf822b90a509319c1b610a3"
[21:08:21.650] [32mINFO[39m: [36mRequired engine migration verified[39m
    module: "worker"
    status: "applied"
    migration: "20260911_universal_v1_change_order_application"
    sourcePath: "C:\Users\Manfish\Documents\Codex\2026-09-04\let\work\backend-validation-checkout\backend\database\migrations\20260911_universal_v1_change_order_application.sql"
    sha256: "c89f3cc97feae9563764e0cae8f3df4391204277aaa0fed344ae8dad91c17a43"
[21:08:21.746] [32mINFO[39m: [36mRequired engine migration verified[39m
    module: "worker"
    status: "applied"
    migration: "20260912_universal_v1_work_order_execution_facts"
    sourcePath: "C:\Users\Manfish\Documents\Codex\2026-09-04\let\work\backend-validation-checkout\backend\database\migrations\20260912_universal_v1_work_order_execution_facts.sql"
    sha256: "fdbea47445c8a131c2b41f54f0ba4c57caa359ca2453b5bbe3ab6c12c494ce14"
[21:08:21.781] [32mINFO[39m: [36mRequired engine migration verified[39m
    module: "worker"
    status: "applied"
    migration: "20260913_universal_v1_completion_delivery_receipt"
    sourcePath: "C:\Users\Manfish\Documents\Codex\2026-09-04\let\work\backend-validation-checkout\backend\database\migrations\20260913_universal_v1_completion_delivery_receipt.sql"
    sha256: "6299c82b5bdd2383e6dbb4f5d4c2d3c59b21c5b4f985d4b80331713f4ceeb7af"
[21:08:21.850] [32mINFO[39m: [36mRequired engine migration verified[39m
    module: "worker"
    status: "applied"
    migration: "20260914_notification_provider_in_flight"
    sourcePath: "C:\Users\Manfish\Documents\Codex\2026-09-04\let\work\backend-validation-checkout\backend\database\migrations\20260914_notification_provider_in_flight.sql"
    sha256: "0b9a9e162477efd65db5204b667665197c5b7ffbb50efe86b041093f73d2cc2f"
[21:08:21.869] [32mINFO[39m: [36mRequired engine migration verified[39m
    module: "worker"
    status: "applied"
    migration: "20260915_ai_spend_attempt_ledger"
    sourcePath: "C:\Users\Manfish\Documents\Codex\2026-09-04\let\work\backend-validation-checkout\backend\database\migrations\20260915_ai_spend_attempt_ledger.sql"
    sha256: "63b2615ec02c6193c3a8e8b93de263a5b65ac5ec0cfb93cac1869fdf425bfb77"
[21:08:21.889] [32mINFO[39m: [36mRequired engine migration verified[39m
    module: "worker"
    status: "applied"
    migration: "20260916_provider_event_inbox_v1"
    sourcePath: "C:\Users\Manfish\Documents\Codex\2026-09-04\let\work\backend-validation-checkout\backend\database\migrations\20260916_provider_event_inbox_v1.sql"
    sha256: "452b2534f7559326b3772c84d2c3b12bf2c4b6e7623b2a214cd0d20bd09f07a4"
[21:08:21.909] [32mINFO[39m: [36mRequired engine migration verified[39m
    module: "worker"
    status: "applied"
    migration: "20260917_financial_provider_command_journal_v1"
    sourcePath: "C:\Users\Manfish\Documents\Codex\2026-09-04\let\work\backend-validation-checkout\backend\database\migrations\20260917_financial_provider_command_journal_v1.sql"
    sha256: "1ef51473dda118ffe7ff7799ae66e388a66ff9fa34f71df0fa1dc281b1b72577"
[21:08:21.997] [32mINFO[39m: [36mRequired engine migration verified[39m
    module: "worker"
    status: "applied"
    migration: "20260918_universal_v1_prepared_financial_command_v1"
    sourcePath: "C:\Users\Manfish\Documents\Codex\2026-09-04\let\work\backend-validation-checkout\backend\database\migrations\20260918_universal_v1_prepared_financial_command_v1.sql"
    sha256: "dccae61700235f6e0609bef77e454b808af148c347978ae08b422ded77bd8920"
[21:08:22.100] [32mINFO[39m: [36mRequired engine migration verified[39m
    module: "worker"
    status: "applied"
    migration: "20260919_provider_event_processing_v1"
    sourcePath: "C:\Users\Manfish\Documents\Codex\2026-09-04\let\work\backend-validation-checkout\backend\database\migrations\20260919_provider_event_processing_v1.sql"
    sha256: "48a0874f8cf045c5507071ee7013605101c9d50988fd55a97a6148b979b9e798"
[21:08:22.229] [32mINFO[39m: [36mRequired engine migration verified[39m
    module: "worker"
    status: "applied"
    migration: "20260920_financial_provider_command_recovery_v1"
    sourcePath: "C:\Users\Manfish\Documents\Codex\2026-09-04\let\work\backend-validation-checkout\backend\database\migrations\20260920_financial_provider_command_recovery_v1.sql"
    sha256: "f7e8b62942c1aed5435d2d7d805273effd52fc8041e78561d8ad9d3f69a77daf"
[21:08:22.243] [32mINFO[39m: [36mRequired engine migration verified[39m
    module: "worker"
    status: "applied"
    migration: "20260923_legacy_escrow_insert_containment_v1"
    sourcePath: "C:\Users\Manfish\Documents\Codex\2026-09-04\let\work\backend-validation-checkout\backend\database\migrations\20260923_legacy_escrow_insert_containment_v1.sql"
    sha256: "6b9a51a3aa3e963c13585ba5c374c55164a76be9dfffc91303175a523c9ab5d1"
[21:08:22.299] [32mINFO[39m: [36mRequired engine migration verified[39m
    module: "worker"
    status: "applied"
    migration: "20260924_universal_v1_task_draft_route_context_v1"
    sourcePath: "C:\Users\Manfish\Documents\Codex\2026-09-04\let\work\backend-validation-checkout\backend\database\migrations\20260924_universal_v1_task_draft_route_context_v1.sql"
    sha256: "530539ce2d5b3a002bb7ee5e41666334fd4a1d642dc3ac410cd5bae719b2e76f"
[21:08:22.390] [32mINFO[39m: [36mRequired engine migration verified[39m
    module: "worker"
    status: "applied"
    migration: "20260925_universal_v1_work_order_compensation_v1"
    sourcePath: "C:\Users\Manfish\Documents\Codex\2026-09-04\let\work\backend-validation-checkout\backend\database\migrations\20260925_universal_v1_work_order_compensation_v1.sql"
    sha256: "eca44af1528e1a21b718bc765cd8bc740e779bc02497195ddba7da00607f9169"
[21:08:22.464] [32mINFO[39m: [36mRequired engine migration verified[39m
    module: "worker"
    status: "applied"
    migration: "20260928_provider_observation_normalization_v1"
    sourcePath: "C:\Users\Manfish\Documents\Codex\2026-09-04\let\work\backend-validation-checkout\backend\database\migrations\20260928_provider_observation_normalization_v1.sql"
    sha256: "526872fabf6ee65126e3e864ec7d7fb7b830d08d95b8b35799fad8aadc8e7607"
[21:08:22.660] [32mINFO[39m: [36mRequired engine migration verified[39m
    module: "worker"
    status: "applied"
    migration: "20260929_universal_v1_double_entry_ledger_v1"
    sourcePath: "C:\Users\Manfish\Documents\Codex\2026-09-04\let\work\backend-validation-checkout\backend\database\migrations\20260929_universal_v1_double_entry_ledger_v1.sql"
    sha256: "1ad5d75901ad4de964ca821ca8a78bf37bfdb7322b2a2a2119c7bc60325f3102"
[21:08:22.848] [32mINFO[39m: [36mRequired engine migration verified[39m
    module: "worker"
    status: "applied"
    migration: "20260930_universal_v1_ops_cases_v1"
    sourcePath: "C:\Users\Manfish\Documents\Codex\2026-09-04\let\work\backend-validation-checkout\backend\database\migrations\20260930_universal_v1_ops_cases_v1.sql"
    sha256: "5a60b4ec860d26c1e5251cde4fd8a2f7a5aa9f567dc52adc87a2fb6d72cab104"
[21:08:22.989] [32mINFO[39m: [36mRequired engine migration verified[39m
    module: "worker"
    status: "applied"
    migration: "20261001_universal_v1_relationship_origin_v1"
    sourcePath: "C:\Users\Manfish\Documents\Codex\2026-09-04\let\work\backend-validation-checkout\backend\database\migrations\20261001_universal_v1_relationship_origin_v1.sql"
    sha256: "099372b9a542f268661d61d4ac618a11170fe81a26ae13af0512a82c2405e077"
[21:08:23.245] [32mINFO[39m: [36mRequired engine migration verified[39m
    module: "worker"
    status: "applied"
    migration: "20261002_universal_v1_dispute_recovery_v1"
    sourcePath: "C:\Users\Manfish\Documents\Codex\2026-09-04\let\work\backend-validation-checkout\backend\database\migrations\20261002_universal_v1_dispute_recovery_v1.sql"
    sha256: "6137ad651293d9a7f074b225bbd0f861911892427868ad84aff17425673fa189"
[21:08:23.310] [32mINFO[39m: [36mRequired engine migration verified[39m
    module: "worker"
    status: "applied"
    migration: "20261003_universal_v1_task_opportunities_v1"
    sourcePath: "C:\Users\Manfish\Documents\Codex\2026-09-04\let\work\backend-validation-checkout\backend\database\migrations\20261003_universal_v1_task_opportunities_v1.sql"
    sha256: "8f2e2e0edf387fd89cd936bbab6059cd4a4e22abbb3aae73951f3f466eca84b7"
[21:08:23.422] [32mINFO[39m: [36mRequired engine migration verified[39m
    module: "worker"
    status: "applied"
    migration: "20261004_universal_v1_completion_notice_dispatch_v1"
    sourcePath: "C:\Users\Manfish\Documents\Codex\2026-09-04\let\work\backend-validation-checkout\backend\database\migrations\20261004_universal_v1_completion_notice_dispatch_v1.sql"
    sha256: "f5723941769d027e496d0a3a7fed32b29b1a02ff76db97ead815acd46a7fdee8"
[21:08:23.477] [32mINFO[39m: [36mRequired engine migration verified[39m
    module: "worker"
    status: "applied"
    migration: "20261005_universal_v1_occurrence_access_audit_v1"
    sourcePath: "C:\Users\Manfish\Documents\Codex\2026-09-04\let\work\backend-validation-checkout\backend\database\migrations\20261005_universal_v1_occurrence_access_audit_v1.sql"
    sha256: "d805ce946b7aba804be55aea9f131cff99047adaa7d46cd3d21242ac492ec364"
[21:08:23.487] [32mINFO[39m: [36mLegacy exact-location encryption backfill verified[39m
    module: "worker"
    backfilledLocationCount: 0
[21:08:23.741] [32mINFO[39m: [36mRequired engine migration verified[39m
    module: "worker"
    status: "applied"
    migration: "20261007_subscription_cancellation_recovery_v1"
    sourcePath: "C:\Users\Manfish\Documents\Codex\2026-09-04\let\work\backend-validation-checkout\backend\database\migrations\20261007_subscription_cancellation_recovery_v1.sql"
    sha256: "b6671677f556655c2cc3bad374a341a7667a0c431155397dbc0f5ad8029ffdb4"
[21:08:23.763] [32mINFO[39m: [36mRequired engine migration verified[39m
    module: "worker"
    status: "applied"
    migration: "20261008_universal_v1_work_order_task_state_containment_v1"
    sourcePath: "C:\Users\Manfish\Documents\Codex\2026-09-04\let\work\backend-validation-checkout\backend\database\migrations\20261008_universal_v1_work_order_task_state_containment_v1.sql"
    sha256: "2c3a3050a5a4efb3380e9746d77526a22adf33438c7e31521c589998b860ba04"
[21:08:23.996] [32mINFO[39m: [36mRequired engine migration verified[39m
    module: "worker"
    status: "applied"
    migration: "20261009_universal_v1_standardized_quote_readiness_v1"
    sourcePath: "C:\Users\Manfish\Documents\Codex\2026-09-04\let\work\backend-validation-checkout\backend\database\migrations\20261009_universal_v1_standardized_quote_readiness_v1.sql"
    sha256: "e088ec77e6dde547c5125807b6b6a83a318cc31a3c23a60233a87040a4ae8a2a"
[21:08:24.024] [32mINFO[39m: [36mRequired engine migration verified[39m
    module: "worker"
    status: "applied"
    migration: "20261010_universal_v1_financial_security_event_expiry_v1"
    sourcePath: "C:\Users\Manfish\Documents\Codex\2026-09-04\let\work\backend-validation-checkout\backend\database\migrations\20261010_universal_v1_financial_security_event_expiry_v1.sql"
    sha256: "1203de8b3a8a3457d439e51b7cc17d446ab1c9ae9a0c416b677f114d91e08a7b"
[21:08:24.143] [32mINFO[39m: [36mRequired engine migration verified[39m
    module: "worker"
    status: "applied"
    migration: "20261012_universal_v1_work_order_command_authority_v2"
    sourcePath: "C:\Users\Manfish\Documents\Codex\2026-09-04\let\work\backend-validation-checkout\backend\database\migrations\20261012_universal_v1_work_order_command_authority_v2.sql"
    sha256: "646a94805c9f6df5a487e4af11167329e82a9739ff81c5198c8d1db6f6bfd30d"
[21:08:24.215] [41mFATAL[49m: [36mRequired engine migration failed[39m
    module: "worker"
    err: {
      "type": "DatabaseError",
      "message": "HXUV1-WOCMD-0A: Work Order trigger catalog mismatch (151 / f82f820234a2fd838b14d49734b3a29f2fce3b0ed1b9cf782a8ac874ab2941c4)",
      "stack":
          error: HXUV1-WOCMD-0A: Work Order trigger catalog mismatch (151 / f82f820234a2fd838b14d49734b3a29f2fce3b0ed1b9cf782a8ac874ab2941c4)
              at C:\Users\Manfish\Documents\Codex\2026-09-04\let\work\backend-validation-checkout\node_modules\pg\lib\client.js:545:17
              at processTicksAndRejections (node:internal/process/task_queues:103:5)
              at applyEngineAutomationMigration (C:/Users/Manfish/Documents/Codex/2026-09-04/let/work/backend-validation-checkout/backend/src/jobs/engine-automation-migration.ts:600:5)
              at runEngineAutomationMigrationsOnConnectedClientWithReceipt (C:/Users/Manfish/Documents/Codex/2026-09-04/let/work/backend-validation-checkout/backend/src/jobs/engine-automation-migration.ts:662:21)
              at runEngineAutomationMigrationWithReceipt (C:/Users/Manfish/Documents/Codex/2026-09-04/let/work/backend-validation-checkout/backend/src/jobs/engine-automation-migration.ts:706:12)
              at runEngineAutomationMigration (C:/Users/Manfish/Documents/Codex/2026-09-04/let/work/backend-validation-checkout/backend/src/jobs/engine-automation-migration.ts:722:11)
              at C:/Users/Manfish/Documents/Codex/2026-09-04/let/work/backend-validation-checkout/backend/tests/system/stage1-legacy-authority-containment.pg.test.ts:646:38
              at file:///C:/Users/Manfish/Documents/Codex/2026-09-04/let/work/backend-validation-checkout/node_modules/@vitest/runner/dist/chunk-artifact.js:1903:20
      "length": 241,
      "name": "error",
      "severity": "ERROR",
      "code": "P0001",
      "where": "PL/pgSQL function inline_code_block line 188 at RAISE",
      "file": "pl_exec.c",
      "line": "3897",
      "routine": "exec_stmt_raise"
    }
[21:08:28.419] [32mINFO[39m: [36mRequired engine migration verified[39m
    module: "worker"
    status: "applied"
    migration: "add_missing_tables_v2"
    sourcePath: "C:\Users\Manfish\Documents\Codex\2026-09-04\let\work\backend-validation-checkout\backend\database\migrations\add_missing_tables_v2.sql"
    sha256: "0e82957e8c8ac0cdb2da99faaad235f64e8eda817ff60681e4455719b48a403e"
[21:08:28.636] [32mINFO[39m: [36mRequired engine migration verified[39m
    module: "worker"
    status: "applied"
    migration: "20260710_engine_automation_contracts"
    sourcePath: "C:\Users\Manfish\Documents\Codex\2026-09-04\let\work\backend-validation-checkout\backend\database\migrations\20260710_engine_automation_contracts.sql"
    sha256: "7581c779b858864ba4f1d7ec1af1fb8da613c53b8986adafcfd4de2cf07938a7"
[21:08:28.670] [32mINFO[39m: [36mRequired engine migration verified[39m
    module: "worker"
    status: "applied"
    migration: "20260711_required_proof_alignment"
    sourcePath: "C:\Users\Manfish\Documents\Codex\2026-09-04\let\work\backend-validation-checkout\backend\database\migrations\011-proof-alignment.sql"
    sha256: "aa042a77dc4f8b8fcad8b53f6e678a6c2ec4edf39d7c18f63399d184369759c3"
[21:08:28.793] [32mINFO[39m: [36mRequired engine migration verified[39m
    module: "worker"
    status: "applied"
    migration: "20260711_required_expertise_supply"
    sourcePath: "C:\Users\Manfish\Documents\Codex\2026-09-04\let\work\backend-validation-checkout\backend\database\migrations\expertise_supply_control.sql"
    sha256: "104803408da1a0196291254866cefb2944b4b45be5a2c81df334ecaac828cf39"
[21:08:28.814] [32mINFO[39m: [36mRequired engine migration verified[39m
    module: "worker"
    status: "applied"
    migration: "20260711_task_outcome_classification"
    sourcePath: "C:\Users\Manfish\Documents\Codex\2026-09-04\let\work\backend-validation-checkout\backend\database\migrations\20260711_task_outcome_classification.sql"
    sha256: "c723901db04a66d60ec231ac10324fe8834a32b9b6019b7a5aa0a651638cf791"
[21:08:28.853] [32mINFO[39m: [36mRequired engine migration verified[39m
    module: "worker"
    status: "applied"
    migration: "20260712_hustler_identity_link"
    sourcePath: "C:\Users\Manfish\Documents\Codex\2026-09-04\let\work\backend-validation-checkout\backend\database\migrations\20260712_hustler_identity_link.sql"
    sha256: "4ea3685d374532f90122a58b596d04a544c06bd701d0697037af15a964af3518"
[21:08:28.880] [32mINFO[39m: [36mRequired engine migration verified[39m
    module: "worker"
    status: "applied"
    migration: "20260712_dispatch_expiry_pending_payment_cancel"
    sourcePath: "C:\Users\Manfish\Documents\Codex\2026-09-04\let\work\backend-validation-checkout\backend\database\migrations\20260712_dispatch_expiry_pending_payment_cancel.sql"
    sha256: "4b29f0612985dbf9e90c2f437cc49dbf88223d3a78c67bfd48ebc88e16249a7f"
[21:08:28.893] [32mINFO[39m: [36mRequired engine migration verified[39m
    module: "worker"
    status: "applied"
    migration: "20260712_dispatch_expiry_no_payment_reconcile"
    sourcePath: "C:\Users\Manfish\Documents\Codex\2026-09-04\let\work\backend-validation-checkout\backend\database\migrations\20260712_dispatch_expiry_no_payment_reconcile.sql"
    sha256: "12d4e967e5b0a910debe5c187a5dc3bb18d3c2ce49375e6698aa856e12a60b72"
[21:08:28.964] [32mINFO[39m: [36mRequired engine migration verified[39m
    module: "worker"
    status: "applied"
    migration: "performance_indexes_v1"
    sourcePath: "C:\Users\Manfish\Documents\Codex\2026-09-04\let\work\backend-validation-checkout\backend\database\migrations\20260713_performance_indexes_alignment.sql"
    sha256: "3696d6feeed5f058d286ad62cbe8fb75a72e43cecc93cfcb162bb2ef61cb33cf"
[21:08:29.042] [32mINFO[39m: [36mRequired engine migration verified[39m
    module: "worker"
    status: "applied"
    migration: "chargeback_lifecycle_v1"
    sourcePath: "C:\Users\Manfish\Documents\Codex\2026-09-04\let\work\backend-validation-checkout\backend\database\migrations\chargeback_lifecycle.sql"
    sha256: "32905444b29504044c3f91a5398a0a2c064398d833e66d486e6ca513fddff6f7"
[21:08:29.116] [32mINFO[39m: [36mRequired engine migration verified[39m
    module: "worker"
    status: "applied"
    migration: "20260718_revenue_audit_rail"
    sourcePath: "C:\Users\Manfish\Documents\Codex\2026-09-04\let\work\backend-validation-checkout\backend\database\migrations\20260718_revenue_audit_rail.sql"
    sha256: "f11a5eb964f2c09b9e9592533fd32b35c24c9de8511e79b6096f2cf7627134a0"
[21:08:29.135] [32mINFO[39m: [36mRequired engine migration verified[39m
    module: "worker"
    status: "applied"
    migration: "20260718_quote_economics_contract"
    sourcePath: "C:\Users\Manfish\Documents\Codex\2026-09-04\let\work\backend-validation-checkout\backend\database\migrations\20260718_quote_economics_contract.sql"
    sha256: "1eb1a06963af0d740b488154d5803ab050f322d501feae130ac02e6e5669ecef"
[21:08:29.221] [32mINFO[39m: [36mRequired engine migration verified[39m
    module: "worker"
    status: "applied"
    migration: "20260718_task_scope_versions"
    sourcePath: "C:\Users\Manfish\Documents\Codex\2026-09-04\let\work\backend-validation-checkout\backend\database\migrations\20260718_task_scope_versions.sql"
    sha256: "71098ed2d76562e33e7439b6bbeaa2648c19174a3c19195460238aeaf5abcd6e"
[21:08:29.246] [32mINFO[39m: [36mRequired engine migration verified[39m
    module: "worker"
    status: "applied"
    migration: "20260718_task_location_encryption"
    sourcePath: "C:\Users\Manfish\Documents\Codex\2026-09-04\let\work\backend-validation-checkout\backend\database\migrations\20260718_task_location_encryption.sql"
    sha256: "084ef950e086b7aa5040e4fba37277d18f65a15f6cbea75d52dd5729b00386f2"
[21:08:29.265] [32mINFO[39m: [36mRequired engine migration verified[39m
    module: "worker"
    status: "applied"
    migration: "20260718_proof_submission_atomicity"
    sourcePath: "C:\Users\Manfish\Documents\Codex\2026-09-04\let\work\backend-validation-checkout\backend\database\migrations\20260718_proof_submission_atomicity.sql"
    sha256: "6d5dfced166382beed083351a6c75aa5bbf972dcb0eb8704003cae40aa8d5768"
[21:08:29.331] [32mINFO[39m: [36mRequired engine migration verified[39m
    module: "worker"
    status: "applied"
    migration: "20260718_task_safety_incident_cases"
    sourcePath: "C:\Users\Manfish\Documents\Codex\2026-09-04\let\work\backend-validation-checkout\backend\database\migrations\20260718_task_safety_incident_cases.sql"
    sha256: "a73437cc7e7f152a195b730f4c1d622ca2461bc682665c26f31760a3d1fa3800"
[21:08:29.356] [32mINFO[39m: [36mRequired engine migration verified[39m
    module: "worker"
    status: "applied"
    migration: "20260718_task_safety_delivery_contract"
    sourcePath: "C:\Users\Manfish\Documents\Codex\2026-09-04\let\work\backend-validation-checkout\backend\database\migrations\20260718_task_safety_delivery_contract.sql"
    sha256: "26c8241b9526f77980121afa98089dcf55162204979c0ee0465b1d7c55416c7d"
[21:08:29.461] [32mINFO[39m: [36mRequired engine migration verified[39m
    module: "worker"
    status: "applied"
    migration: "20260718_task_safety_checkins"
    sourcePath: "C:\Users\Manfish\Documents\Codex\2026-09-04\let\work\backend-validation-checkout\backend\database\migrations\20260718_task_safety_checkins.sql"
    sha256: "f9278e4a9cb7c7345f321712a4204280129d6e31aba31d03a987c31cb40781e5"
[21:08:29.503] [32mINFO[39m: [36mRequired engine migration verified[39m
    module: "worker"
    status: "applied"
    migration: "20260718_task_safety_location_encryption"
    sourcePath: "C:\Users\Manfish\Documents\Codex\2026-09-04\let\work\backend-validation-checkout\backend\database\migrations\20260718_task_safety_location_encryption.sql"
    sha256: "2cd76dff8f126da4bec2d6f58e2c6de5c3c93a3fabd1024536a7c007dce07e46"
[21:08:29.578] [32mINFO[39m: [36mRequired engine migration verified[39m
    module: "worker"
    status: "applied"
    migration: "20260718_zone_category_liquidity_cells"
    sourcePath: "C:\Users\Manfish\Documents\Codex\2026-09-04\let\work\backend-validation-checkout\backend\database\migrations\20260718_zone_category_liquidity_cells.sql"
    sha256: "8c427c29ac142a7543c08768be5823b1dcd6d4630b1a3b5128e2e88afce77a2c"
[21:08:29.685] [32mINFO[39m: [36mRequired engine migration verified[39m
    module: "worker"
    status: "applied"
    migration: "20260718_worker_offer_decision_contract"
    sourcePath: "C:\Users\Manfish\Documents\Codex\2026-09-04\let\work\backend-validation-checkout\backend\database\migrations\20260718_worker_offer_decision_contract.sql"
    sha256: "81defc49577f106e03e682814dd2bc302f7435adfb1711a8801d68ada75d4e02"
[21:08:29.836] [32mINFO[39m: [36mRequired engine migration verified[39m
    module: "worker"
    status: "applied"
    migration: "20260718_worker_screening_rights_contract"
    sourcePath: "C:\Users\Manfish\Documents\Codex\2026-09-04\let\work\backend-validation-checkout\backend\database\migrations\20260718_worker_screening_rights_contract.sql"
    sha256: "3c1d98eb3a8e5f59811dc7a937584bc96b0d37bae87a04f7bac58b41e1a4d20d"
[21:08:29.925] [32mINFO[39m: [36mRequired engine migration verified[39m
    module: "worker"
    status: "applied"
    migration: "20260718_region_policy_contract"
    sourcePath: "C:\Users\Manfish\Documents\Codex\2026-09-04\let\work\backend-validation-checkout\backend\database\migrations\20260718_region_policy_contract.sql"
    sha256: "01c65eb106aa9ad3a9909e08b882f6ba908bf626e0c23a68136c64fe39ec9311"
[21:08:29.961] [32mINFO[39m: [36mRequired engine migration verified[39m
    module: "worker"
    status: "applied"
    migration: "20260718_completion_retention_contract"
    sourcePath: "C:\Users\Manfish\Documents\Codex\2026-09-04\let\work\backend-validation-checkout\backend\database\migrations\20260718_completion_retention_contract.sql"
    sha256: "b55d86d2438505a7e38b330de642ca1711ab14e8f970da9e9eca8d975da38ef0"
[21:08:30.043] [32mINFO[39m: [36mRequired engine migration verified[39m
    module: "worker"
    status: "applied"
    migration: "20260718_task_public_clarifications"
    sourcePath: "C:\Users\Manfish\Documents\Codex\2026-09-04\let\work\backend-validation-checkout\backend\database\migrations\20260718_task_public_clarifications.sql"
    sha256: "5dd2cca338998318447069a4c47fcaaf8a48e2d9bb7004e24576bc76849c9155"
[21:08:30.207] [32mINFO[39m: [36mRequired engine migration verified[39m
    module: "worker"
    status: "applied"
    migration: "20260718_marketplace_reputation_contract"
    sourcePath: "C:\Users\Manfish\Documents\Codex\2026-09-04\let\work\backend-validation-checkout\backend\database\migrations\20260718_marketplace_reputation_contract.sql"
    sha256: "df565bff5dd411e74c6714e3353d22e28af6438b8a2a16c34fb574dd46d50933"
[21:08:30.321] [32mINFO[39m: [36mRequired engine migration verified[39m
    module: "worker"
    status: "applied"
    migration: "20260718_business_workspace_contract"
    sourcePath: "C:\Users\Manfish\Documents\Codex\2026-09-04\let\work\backend-validation-checkout\backend\database\migrations\20260718_business_workspace_contract.sql"
    sha256: "a22965906807502d81f7fc6fb085b1f71ee4cf8171986eb61be292dccc137c45"
[21:08:30.544] [32mINFO[39m: [36mRequired engine migration verified[39m
    module: "worker"
    status: "applied"
    migration: "20260718_business_operations_contract"
    sourcePath: "C:\Users\Manfish\Documents\Codex\2026-09-04\let\work\backend-validation-checkout\backend\database\migrations\20260718_business_operations_contract.sql"
    sha256: "23fdb635e6768e7cfabc299ba4babab7aa37e29d319f124e8cf96e152ff7a0cb"
[21:08:30.685] [32mINFO[39m: [36mRequired engine migration verified[39m
    module: "worker"
    status: "applied"
    migration: "20260718_business_execution_contract"
    sourcePath: "C:\Users\Manfish\Documents\Codex\2026-09-04\let\work\backend-validation-checkout\backend\database\migrations\20260718_business_execution_contract.sql"
    sha256: "b4bad697897f51aa69f4c435d194bcb0730e1c357110c56aeeeccc61ec0c8d2d"
[21:08:30.870] [32mINFO[39m: [36mRequired engine migration verified[39m
    module: "worker"
    status: "applied"
    migration: "20260718_recurring_work_contract"
    sourcePath: "C:\Users\Manfish\Documents\Codex\2026-09-04\let\work\backend-validation-checkout\backend\database\migrations\20260718_recurring_work_contract.sql"
    sha256: "65bbbe96e1af6d909cd9a454c201bf4e62c99e60ec6bddbaa2454a3e3de4ed4b"
[21:08:30.921] [32mINFO[39m: [36mRequired engine migration verified[39m
    module: "worker"
    status: "applied"
    migration: "20260718_business_recurring_contract"
    sourcePath: "C:\Users\Manfish\Documents\Codex\2026-09-04\let\work\backend-validation-checkout\backend\database\migrations\20260718_business_recurring_contract.sql"
    sha256: "e068a0aa68b7baf4a7c13f217536251708913b854119a3da350455230355f5d3"
[21:08:31.014] [32mINFO[39m: [36mRequired engine migration verified[39m
    module: "worker"
    status: "applied"
    migration: "20260719_recommendation_contract"
    sourcePath: "C:\Users\Manfish\Documents\Codex\2026-09-04\let\work\backend-validation-checkout\backend\database\migrations\20260719_recommendation_contract.sql"
    sha256: "3345c3fdce3aef451c89fd8245dff11096dffe1108309e19c1470f2138641ab4"
[21:08:31.110] [32mINFO[39m: [36mRequired engine migration verified[39m
    module: "worker"
    status: "applied"
    migration: "20260719_hustler_wallet_contract"
    sourcePath: "C:\Users\Manfish\Documents\Codex\2026-09-04\let\work\backend-validation-checkout\backend\database\migrations\20260719_hustler_wallet_contract.sql"
    sha256: "153809d4d570a54b27357e2ebff51c3b35fa303e69da29c570816acca89f29ab"
[21:08:31.129] [32mINFO[39m: [36mRequired engine migration verified[39m
    module: "worker"
    status: "applied"
    migration: "20260719_wallet_provider_event_integrity"
    sourcePath: "C:\Users\Manfish\Documents\Codex\2026-09-04\let\work\backend-validation-checkout\backend\database\migrations\20260719_wallet_provider_event_integrity.sql"
    sha256: "1ee57eb0d4c3d157632b8db3fbc8cc232ac1241c1ca76944250ca42e1fdbc8de"
[21:08:31.146] [32mINFO[39m: [36mRequired engine migration verified[39m
    module: "worker"
    status: "applied"
    migration: "20260719_wallet_provider_event_integrity_repair"
    sourcePath: "C:\Users\Manfish\Documents\Codex\2026-09-04\let\work\backend-validation-checkout\backend\database\migrations\20260719_wallet_provider_event_integrity_repair.sql"
    sha256: "96ff51a6414cb261fa2791281c076e4e5b7fafd73cbacc2db939402e4219a6a5"
[21:08:31.422] [32mINFO[39m: [36mRequired engine migration verified[39m
    module: "worker"
    status: "applied"
    migration: "20260719_lifecycle_service_foundations"
    sourcePath: "C:\Users\Manfish\Documents\Codex\2026-09-04\let\work\backend-validation-checkout\backend\database\migrations\20260719_lifecycle_service_foundations.sql"
    sha256: "4c1edaecda49afeae3950afe832074f8903d64aa6f726bbee2a0717f26113596"
[21:08:31.439] [32mINFO[39m: [36mRequired engine migration verified[39m
    module: "worker"
    status: "applied"
    migration: "20260719_task_worker_eligibility_contract"
    sourcePath: "C:\Users\Manfish\Documents\Codex\2026-09-04\let\work\backend-validation-checkout\backend\database\migrations\20260719_task_worker_eligibility_contract.sql"
    sha256: "a1fb5d0387d61fef4b484be82d15153031b14860bcc8b4bbaa690a4ca096a0fb"
[21:08:31.473] [32mINFO[39m: [36mRequired engine migration verified[39m
    module: "worker"
    status: "applied"
    migration: "20260719_append_only_truncate_contract"
    sourcePath: "C:\Users\Manfish\Documents\Codex\2026-09-04\let\work\backend-validation-checkout\backend\database\migrations\20260719_append_only_truncate_contract.sql"
    sha256: "1b105f37e52b19435aacc7b04b2496bbef7f5cd0b0b1681487342e2e411544b4"
[21:08:31.506] [32mINFO[39m: [36mRequired engine migration verified[39m
    module: "worker"
    status: "applied"
    migration: "20260719_admin_user_search_trigram_contract"
    sourcePath: "C:\Users\Manfish\Documents\Codex\2026-09-04\let\work\backend-validation-checkout\backend\database\migrations\20260719_admin_user_search_trigram_contract.sql"
    sha256: "89a20a0c588af79ae8c0cd8e06949f4a542928b826adafa822d5a02b20694090"
[21:08:31.534] [32mINFO[39m: [36mRequired engine migration verified[39m
    module: "worker"
    status: "applied"
    migration: "20260719_admin_capability_contract"
    sourcePath: "C:\Users\Manfish\Documents\Codex\2026-09-04\let\work\backend-validation-checkout\backend\database\migrations\20260719_admin_capability_contract.sql"
    sha256: "cacc11cfe40b498767acbbaa736f2462e21a758018bcda1a667430a3c441c0f4"
[21:08:31.552] [32mINFO[39m: [36mRequired engine migration verified[39m
    module: "worker"
    status: "applied"
    migration: "20260719_tier0_browse_only_contract"
    sourcePath: "C:\Users\Manfish\Documents\Codex\2026-09-04\let\work\backend-validation-checkout\backend\database\migrations\20260719_tier0_browse_only_contract.sql"
    sha256: "336d976adfc3ce6e892b16c67a08bbc692165d2373084c3e51ab3e0a3db7a9d5"
[21:08:31.572] [32mINFO[39m: [36mRequired engine migration verified[39m
    module: "worker"
    status: "applied"
    migration: "20260719_task_template_policy_contract"
    sourcePath: "C:\Users\Manfish\Documents\Codex\2026-09-04\let\work\backend-validation-checkout\backend\database\migrations\20260719_task_template_policy_contract.sql"
    sha256: "1b4e180c34fce08ea00076e1f02f9c57d698c532db1eff84d9973e68c189ff8f"
[21:08:31.618] [32mINFO[39m: [36mRequired engine migration verified[39m
    module: "worker"
    status: "applied"
    migration: "20260719_compliance_guardian_persistence_contract"
    sourcePath: "C:\Users\Manfish\Documents\Codex\2026-09-04\let\work\backend-validation-checkout\backend\database\migrations\20260719_compliance_guardian_persistence_contract.sql"
    sha256: "ad0d747354fd6040df2669ffc0fbe485526240aca38887e27a069f49ab67767c"
[21:08:31.633] [32mINFO[39m: [36mRequired engine migration verified[39m
    module: "worker"
    status: "applied"
    migration: "20260719_worker_offer_retake_contract"
    sourcePath: "C:\Users\Manfish\Documents\Codex\2026-09-04\let\work\backend-validation-checkout\backend\database\migrations\20260719_worker_offer_retake_contract.sql"
    sha256: "0e5c8b6dde2fe27aecb7eed4ea1c329a4872cee9cc54c7a42505e431e5df0301"
[21:08:31.698] [32mINFO[39m: [36mRequired engine migration verified[39m
    module: "worker"
    status: "applied"
    migration: "20260719_liquidity_expansion_contract"
    sourcePath: "C:\Users\Manfish\Documents\Codex\2026-09-04\let\work\backend-validation-checkout\backend\database\migrations\20260719_liquidity_expansion_contract.sql"
    sha256: "6ba06780137ac5142e4560d465300cdb21105c690cfb320a588b35b37f69d795"
[21:08:31.717] [32mINFO[39m: [36mRequired engine migration verified[39m
    module: "worker"
    status: "applied"
    migration: "20260719_liquidity_expansion_fk_repair"
    sourcePath: "C:\Users\Manfish\Documents\Codex\2026-09-04\let\work\backend-validation-checkout\backend\database\migrations\20260719_liquidity_expansion_fk_repair.sql"
    sha256: "3ab131b4dbc128a99cd9eb7512888282df572f0ca61519d0453ebaa8be686c17"
[21:08:31.816] [32mINFO[39m: [36mRequired engine migration verified[39m
    module: "worker"
    status: "applied"
    migration: "20260719_worker_counter_offer_contract"
    sourcePath: "C:\Users\Manfish\Documents\Codex\2026-09-04\let\work\backend-validation-checkout\backend\database\migrations\20260719_worker_counter_offer_contract.sql"
    sha256: "1c6376dc07f95465f0925134f9d30990ed0da52c869cb9e039f3865508f85696"
[21:08:31.835] [32mINFO[39m: [36mRequired engine migration verified[39m
    module: "worker"
    status: "applied"
    migration: "20260719_worker_counter_offer_exclusivity"
    sourcePath: "C:\Users\Manfish\Documents\Codex\2026-09-04\let\work\backend-validation-checkout\backend\database\migrations\20260719_worker_counter_offer_exclusivity.sql"
    sha256: "5f72eb8f7bacc3c45c3dfba2527f7ccd5571ea6db0bcb4dd119a32ed0436e78f"
[21:08:31.980] [32mINFO[39m: [36mRequired engine migration verified[39m
    module: "worker"
    status: "applied"
    migration: "20260719_external_task_bridge_contract"
    sourcePath: "C:\Users\Manfish\Documents\Codex\2026-09-04\let\work\backend-validation-checkout\backend\database\migrations\20260719_external_task_bridge_contract.sql"
    sha256: "33080f06754d9ed04bf6624ac0dbf5c7817c8324af9be25ecb01ebf50ecffb69"
[21:08:32.043] [32mINFO[39m: [36mRequired engine migration verified[39m
    module: "worker"
    status: "applied"
    migration: "20260720_task_geofence_event_contract"
    sourcePath: "C:\Users\Manfish\Documents\Codex\2026-09-04\let\work\backend-validation-checkout\backend\database\migrations\20260720_task_geofence_event_contract.sql"
    sha256: "c2a31559936f1d1db684a27f3cca8554fe3b6986830ff6795e547c17409e24af"
[21:08:32.198] [32mINFO[39m: [36mRequired engine migration verified[39m
    module: "worker"
    status: "applied"
    migration: "20260720_major_action_telemetry_contract"
    sourcePath: "C:\Users\Manfish\Documents\Codex\2026-09-04\let\work\backend-validation-checkout\backend\database\migrations\20260720_major_action_telemetry_contract.sql"
    sha256: "0939eb301dba2a9b8e50c759fd794c19cfd19b7ac8c761449dccc5d346a5fd07"
[21:08:32.213] [32mINFO[39m: [36mRequired engine migration verified[39m
    module: "worker"
    status: "applied"
    migration: "20260720_major_action_telemetry_contract_repair"
    sourcePath: "C:\Users\Manfish\Documents\Codex\2026-09-04\let\work\backend-validation-checkout\backend\database\migrations\20260720_major_action_telemetry_contract_repair.sql"
    sha256: "7aebc9a96ca0eb516d6eaabff5c8ea44a1c99ef452328abfdc31e423fcb50960"
[21:08:32.225] [32mINFO[39m: [36mRequired engine migration verified[39m
    module: "worker"
    status: "applied"
    migration: "20260720_major_action_source_registry_repair"
    sourcePath: "C:\Users\Manfish\Documents\Codex\2026-09-04\let\work\backend-validation-checkout\backend\database\migrations\20260720_major_action_source_registry_repair.sql"
    sha256: "dd0641389a561a02ee7bc211494baeecad4a584f4ae878e367d7bd6ec41ef99d"
[21:08:32.318] [32mINFO[39m: [36mRequired engine migration verified[39m
    module: "worker"
    status: "applied"
    migration: "20260720_offline_action_sync_contract"
    sourcePath: "C:\Users\Manfish\Documents\Codex\2026-09-04\let\work\backend-validation-checkout\backend\database\migrations\20260720_offline_action_sync_contract.sql"
    sha256: "a24c7a3a1fc6d248e7ed84850c282b1d70e136470a5814e5cf73d354fb71a225"
[21:08:32.336] [32mINFO[39m: [36mRequired engine migration verified[39m
    module: "worker"
    status: "applied"
    migration: "20260720_offline_action_sync_contract_repair"
    sourcePath: "C:\Users\Manfish\Documents\Codex\2026-09-04\let\work\backend-validation-checkout\backend\database\migrations\20260720_offline_action_sync_contract_repair.sql"
    sha256: "dd3ebeb8b7660ce2a7e7dc0c90c75b8c44368ed464dd80d5a48db74c608fe2ad"
[21:08:32.365] [32mINFO[39m: [36mRequired engine migration verified[39m
    module: "worker"
    status: "applied"
    migration: "20260720_proof_verification_signal_contract"
    sourcePath: "C:\Users\Manfish\Documents\Codex\2026-09-04\let\work\backend-validation-checkout\backend\database\migrations\20260720_proof_verification_signal_contract.sql"
    sha256: "7956522e446ae42141b204c0f32d6cc1843c8deb54d474f5bc3d5687577e18fb"
[21:08:32.382] [32mINFO[39m: [36mRequired engine migration verified[39m
    module: "worker"
    status: "applied"
    migration: "20260720_proof_media_metadata_minimization"
    sourcePath: "C:\Users\Manfish\Documents\Codex\2026-09-04\let\work\backend-validation-checkout\backend\database\migrations\20260720_proof_media_metadata_minimization.sql"
    sha256: "d8b3f516a303744ab8bfe467d528f552f0c444466d64ab1e881d6ae5f422e396"
[21:08:32.455] [32mINFO[39m: [36mRequired engine migration verified[39m
    module: "worker"
    status: "applied"
    migration: "20260720_media_upload_finalization_contract"
    sourcePath: "C:\Users\Manfish\Documents\Codex\2026-09-04\let\work\backend-validation-checkout\backend\database\migrations\20260720_media_upload_finalization_contract.sql"
    sha256: "c7cb31234baeb3ec101b44a73df6fd93198d3c442ceaa0713188e912bae10715"
[21:08:32.523] [32mINFO[39m: [36mRequired engine migration verified[39m
    module: "worker"
    status: "applied"
    migration: "20260720_private_media_delivery_contract"
    sourcePath: "C:\Users\Manfish\Documents\Codex\2026-09-04\let\work\backend-validation-checkout\backend\database\migrations\20260720_private_media_delivery_contract.sql"
    sha256: "dab4cace45c99879d1a6f3e978198fe8ec4e1840607319522b8addfc20cda608"
[21:08:32.673] [32mINFO[39m: [36mRequired engine migration verified[39m
    module: "worker"
    status: "applied"
    migration: "20260720_worker_standing_appeals"
    sourcePath: "C:\Users\Manfish\Documents\Codex\2026-09-04\let\work\backend-validation-checkout\backend\database\migrations\20260720_worker_standing_appeals.sql"
    sha256: "02e2a7c9d91a10b780ea1c01444a57c257faecb7c1ec2f129c82ae8fb4004608"
[21:08:32.721] [32mINFO[39m: [36mRequired engine migration verified[39m
    module: "worker"
    status: "applied"
    migration: "20260720_offline_action_reconciliation"
    sourcePath: "C:\Users\Manfish\Documents\Codex\2026-09-04\let\work\backend-validation-checkout\backend\database\migrations\20260720_offline_action_reconciliation.sql"
    sha256: "12e245da2e45ce917516fdd4dfd2610348eb5c0420c1490987e378ad5f485f94"
[21:08:32.735] [32mINFO[39m: [36mRequired engine migration verified[39m
    module: "worker"
    status: "applied"
    migration: "20260720_dispute_release_authority_contract"
    sourcePath: "C:\Users\Manfish\Documents\Codex\2026-09-04\let\work\backend-validation-checkout\backend\database\migrations\20260720_dispute_release_authority_contract.sql"
    sha256: "0b7cadab9f4c40170d31c5e21921adb42b36935e6f3df81a87991fda9c0029fd"
[21:08:32.791] [32mINFO[39m: [36mRequired engine migration verified[39m
    module: "worker"
    status: "applied"
    migration: "20260720_notification_delivery_contract"
    sourcePath: "C:\Users\Manfish\Documents\Codex\2026-09-04\let\work\backend-validation-checkout\backend\database\migrations\20260720_notification_delivery_contract.sql"
    sha256: "a2264390a09a6ae20ce0011683ab870c631feebfde87ed80a872e986a575bb0b"
[21:08:32.806] [32mINFO[39m: [36mRequired engine migration verified[39m
    module: "worker"
    status: "applied"
    migration: "20260720_notification_delivery_contract_repair"
    sourcePath: "C:\Users\Manfish\Documents\Codex\2026-09-04\let\work\backend-validation-checkout\backend\database\migrations\20260720_notification_delivery_contract_repair.sql"
    sha256: "e0aaa1a3cb653917924183fcf67291b33a2dbf38579eb01b17122e649c71c40f"
[21:08:32.828] [32mINFO[39m: [36mRequired engine migration verified[39m
    module: "worker"
    status: "applied"
    migration: "20260720_notification_focus_suppression"
    sourcePath: "C:\Users\Manfish\Documents\Codex\2026-09-04\let\work\backend-validation-checkout\backend\database\migrations\20260720_notification_focus_suppression.sql"
    sha256: "e320ed83af84fd2c3781a1229db74126778b7c2d8eeb41dbddc432c634faba05"
[21:08:32.844] [32mINFO[39m: [36mRequired engine migration verified[39m
    module: "worker"
    status: "applied"
    migration: "20260720_schema_convergence_repair"
    sourcePath: "C:\Users\Manfish\Documents\Codex\2026-09-04\let\work\backend-validation-checkout\backend\database\migrations\20260720_schema_convergence_repair.sql"
    sha256: "5151894b324679c19cc7a70179aec8f0248a3c66c5325b97d8bdcf618f684da2"
[21:08:32.907] [32mINFO[39m: [36mRequired engine migration verified[39m
    module: "worker"
    status: "applied"
    migration: "20260720_local_certification_payment_provider"
    sourcePath: "C:\Users\Manfish\Documents\Codex\2026-09-04\let\work\backend-validation-checkout\backend\database\migrations\20260720_local_certification_payment_provider.sql"
    sha256: "413a1183e48dd0c3aa8131390481e7acfb17229727445023dfe659b20c123392"
[21:08:32.927] [32mINFO[39m: [36mRequired engine migration verified[39m
    module: "worker"
    status: "applied"
    migration: "20260720_region_policy_price_book_alignment"
    sourcePath: "C:\Users\Manfish\Documents\Codex\2026-09-04\let\work\backend-validation-checkout\backend\database\migrations\20260720_region_policy_price_book_alignment.sql"
    sha256: "614ac15399457b310f60e4bf637ee1d394a0da97e9cbcd9d6a8367a219af68e0"
[21:08:33.056] [32mINFO[39m: [36mRequired engine migration verified[39m
    module: "worker"
    status: "applied"
    migration: "20260720_local_certification_payout_provider"
    sourcePath: "C:\Users\Manfish\Documents\Codex\2026-09-04\let\work\backend-validation-checkout\backend\database\migrations\20260720_local_certification_payout_provider.sql"
    sha256: "1435947ebbdfa50dec2d0d812fe8d332287be1f0a6b7fd1c50cd96a5bfa9e097"
[21:08:33.146] [32mINFO[39m: [36mRequired engine migration verified[39m
    module: "worker"
    status: "applied"
    migration: "20260720_local_certification_screening_provider"
    sourcePath: "C:\Users\Manfish\Documents\Codex\2026-09-04\let\work\backend-validation-checkout\backend\database\migrations\20260720_local_certification_screening_provider.sql"
    sha256: "626ff1f60a8f8f6b6acd2a9aba621409bd3eab3142004361a89ae77a5c26f1cc"
[21:08:33.229] [32mINFO[39m: [36mRequired engine migration verified[39m
    module: "worker"
    status: "applied"
    migration: "20260720_controlled_test_liquidity_cell"
    sourcePath: "C:\Users\Manfish\Documents\Codex\2026-09-04\let\work\backend-validation-checkout\backend\database\migrations\20260720_controlled_test_liquidity_cell.sql"
    sha256: "1826b8b06b3b0de634f2420a40a00bcce2ce2a370d2349192b5dd6a7e981493d"
[21:08:33.245] [32mINFO[39m: [36mRequired engine migration verified[39m
    module: "worker"
    status: "applied"
    migration: "20260720_controlled_test_liquidity_marker_repair"
    sourcePath: "C:\Users\Manfish\Documents\Codex\2026-09-04\let\work\backend-validation-checkout\backend\database\migrations\20260720_controlled_test_liquidity_marker_repair.sql"
    sha256: "e9d3e3dbd829fdf0dad577701b22070218577a8bc9f6b70e8e0ec207eb06af28"
[21:08:33.261] [32mINFO[39m: [36mRequired engine migration verified[39m
    module: "worker"
    status: "applied"
    migration: "20260720_controlled_test_liquidity_lifecycle_repair"
    sourcePath: "C:\Users\Manfish\Documents\Codex\2026-09-04\let\work\backend-validation-checkout\backend\database\migrations\20260720_controlled_test_liquidity_lifecycle_repair.sql"
    sha256: "f921c0c7a374e4a7f4bd0b0a81af34667c52f1264d3f3c0ad57b017e0583e0cc"
[21:08:33.308] [32mINFO[39m: [36mRequired engine migration verified[39m
    module: "worker"
    status: "applied"
    migration: "20260720_controlled_test_duration_evidence"
    sourcePath: "C:\Users\Manfish\Documents\Codex\2026-09-04\let\work\backend-validation-checkout\backend\database\migrations\20260720_controlled_test_duration_evidence.sql"
    sha256: "9b2b0630d0fa0e24552547940c5ee1097e6b7a32cb5b90f5cc5426a25606ae77"
[21:08:33.358] [32mINFO[39m: [36mRequired engine migration verified[39m
    module: "worker"
    status: "applied"
    migration: "20260720_controlled_test_provider_capability"
    sourcePath: "C:\Users\Manfish\Documents\Codex\2026-09-04\let\work\backend-validation-checkout\backend\database\migrations\20260720_controlled_test_provider_capability.sql"
    sha256: "079baedf700badc9c00e1e91f83f96d409bee7f713c9e7d349767a92c112fcc1"
[21:08:33.379] [32mINFO[39m: [36mRequired engine migration verified[39m
    module: "worker"
    status: "applied"
    migration: "20260720_controlled_test_provider_capability_expiry"
    sourcePath: "C:\Users\Manfish\Documents\Codex\2026-09-04\let\work\backend-validation-checkout\backend\database\migrations\20260720_controlled_test_provider_capability_expiry.sql"
    sha256: "770a9973510b499f6e9c1b3428f5ba8dccbbca45c6aef62e463372dcdd2640a5"
[21:08:33.395] [32mINFO[39m: [36mRequired engine migration verified[39m
    module: "worker"
    status: "applied"
    migration: "20260720_controlled_test_provider_capability_refresh"
    sourcePath: "C:\Users\Manfish\Documents\Codex\2026-09-04\let\work\backend-validation-checkout\backend\database\migrations\20260720_controlled_test_provider_capability_refresh.sql"
    sha256: "fce9cbe6df1865581bc414ee1d102afe140899a4b3d0f35697c894edfb375011"
[21:08:33.411] [32mINFO[39m: [36mRequired engine migration verified[39m
    module: "worker"
    status: "applied"
    migration: "20260720_controlled_test_provider_capability_refresh_repair"
    sourcePath: "C:\Users\Manfish\Documents\Codex\2026-09-04\let\work\backend-validation-checkout\backend\database\migrations\20260720_controlled_test_provider_capability_refresh_repair.sql"
    sha256: "fa0600c70a92f0c25112bded13e6e45c5402bfca9aaea45540c08a9a83edcb9d"
[21:08:33.486] [32mINFO[39m: [36mRequired engine migration verified[39m
    module: "worker"
    status: "applied"
    migration: "20260720_controlled_test_offer_review"
    sourcePath: "C:\Users\Manfish\Documents\Codex\2026-09-04\let\work\backend-validation-checkout\backend\database\migrations\20260720_controlled_test_offer_review.sql"
    sha256: "29f42e272b46974910354ed0c32db10744ab771aae92bc83b5c70b84aba9d6e1"
[21:08:33.508] [32mINFO[39m: [36mRequired engine migration verified[39m
    module: "worker"
    status: "applied"
    migration: "20260720_task_safety_state_integrity"
    sourcePath: "C:\Users\Manfish\Documents\Codex\2026-09-04\let\work\backend-validation-checkout\backend\database\migrations\20260720_task_safety_state_integrity.sql"
    sha256: "b0548ea104c938f55f383f777b298427f863792cc440829453fdf9915c33f657"
[21:08:33.525] [32mINFO[39m: [36mRequired engine migration verified[39m
    module: "worker"
    status: "applied"
    migration: "20260720_task_safety_resolution_integrity"
    sourcePath: "C:\Users\Manfish\Documents\Codex\2026-09-04\let\work\backend-validation-checkout\backend\database\migrations\20260720_task_safety_resolution_integrity.sql"
    sha256: "c3f420fa5880355f5fecd84b9b9df5945991cd46d2cb5a4bcca41b2aa024fd62"
[21:08:33.565] [32mINFO[39m: [36mRequired engine migration verified[39m
    module: "worker"
    status: "applied"
    migration: "20260720_task_safety_case_access_integrity"
    sourcePath: "C:\Users\Manfish\Documents\Codex\2026-09-04\let\work\backend-validation-checkout\backend\database\migrations\20260720_task_safety_case_access_integrity.sql"
    sha256: "82d88d339eb6f89e4daae78669c1cd3b8cfad00e3c9865611e02381c744a4778"
[21:08:33.709] [32mINFO[39m: [36mRequired engine migration verified[39m
    module: "worker"
    status: "applied"
    migration: "20260720_operations_exception_contract"
    sourcePath: "C:\Users\Manfish\Documents\Codex\2026-09-04\let\work\backend-validation-checkout\backend\database\migrations\20260720_operations_exception_contract.sql"
    sha256: "f912b02c0d804e06cdabcef8fde8ec3345806c8463ef321211dbe11e9ae021e9"
[21:08:33.734] [32mINFO[39m: [36mRequired engine migration verified[39m
    module: "worker"
    status: "applied"
    migration: "20260721_hustler_trust_progression_contract"
    sourcePath: "C:\Users\Manfish\Documents\Codex\2026-09-04\let\work\backend-validation-checkout\backend\database\migrations\20260721_hustler_trust_progression_contract.sql"
    sha256: "efb7fc4b8f41df8d90f4b63183d3bdb244a41c03b5a73ae673edcab85575b43b"
[21:08:33.781] [32mINFO[39m: [36mRequired engine migration verified[39m
    module: "worker"
    status: "applied"
    migration: "20260721_task_quote_shortlist_messaging_contract"
    sourcePath: "C:\Users\Manfish\Documents\Codex\2026-09-04\let\work\backend-validation-checkout\backend\database\migrations\20260721_task_quote_shortlist_messaging_contract.sql"
    sha256: "33d43cc99215f79b7658d51d781f3923c481fcb6e2b7b7c36aa6d53f26283dd0"
[21:08:33.891] [32mINFO[39m: [36mRequired engine migration verified[39m
    module: "worker"
    status: "applied"
    migration: "20260721_unit_economics_guardrails"
    sourcePath: "C:\Users\Manfish\Documents\Codex\2026-09-04\let\work\backend-validation-checkout\backend\database\migrations\20260721_unit_economics_guardrails.sql"
    sha256: "f0139e1a336cb37bd3a0a92c64d1aabad7adc2cf11527034b50bf5e3007ea720"
[21:08:33.989] [32mINFO[39m: [36mRequired engine migration verified[39m
    module: "worker"
    status: "applied"
    migration: "20260721_build_now_spend_promotion_guardrails"
    sourcePath: "C:\Users\Manfish\Documents\Codex\2026-09-04\let\work\backend-validation-checkout\backend\database\migrations\20260721_build_now_spend_promotion_guardrails.sql"
    sha256: "eff21cecd9f2d714168e989e9bb712ac7b30286f8b0de724f4ca7a7cef8a661d"
[21:08:34.102] [32mINFO[39m: [36mRequired engine migration verified[39m
    module: "worker"
    status: "applied"
    migration: "20260721_private_identity_verification_contract"
    sourcePath: "C:\Users\Manfish\Documents\Codex\2026-09-04\let\work\backend-validation-checkout\backend\database\migrations\20260721_private_identity_verification_contract.sql"
    sha256: "90828c3109521c3f46333876e71c3e0b2e2feee2aab5820b34a7e3731f160117"
[21:08:34.127] [32mINFO[39m: [36mRequired engine migration verified[39m
    module: "worker"
    status: "applied"
    migration: "20260721_sensitive_media_ingestion_shutdown"
    sourcePath: "C:\Users\Manfish\Documents\Codex\2026-09-04\let\work\backend-validation-checkout\backend\database\migrations\20260721_sensitive_media_ingestion_shutdown.sql"
    sha256: "c83366b0b5f4c8ccca98ee5a31d95febaa0107f75e0e0ce60cb2d735c503fc20"
[21:08:34.258] [32mINFO[39m: [36mRequired engine migration verified[39m
    module: "worker"
    status: "applied"
    migration: "20260721_ai_observability_contract"
    sourcePath: "C:\Users\Manfish\Documents\Codex\2026-09-04\let\work\backend-validation-checkout\backend\database\migrations\20260721_ai_observability_contract.sql"
    sha256: "9ec88bb073608316014ed3529ca5632fdbb39394b265e9d2d4163303601ab3e0"
[21:08:34.274] [32mINFO[39m: [36mRequired engine migration verified[39m
    module: "worker"
    status: "applied"
    migration: "20260721_controlled_test_retake_acceptance_repair"
    sourcePath: "C:\Users\Manfish\Documents\Codex\2026-09-04\let\work\backend-validation-checkout\backend\database\migrations\20260721_controlled_test_retake_acceptance_repair.sql"
    sha256: "a1b2a9eb450a0ac4add500620bbcb6738d708603e794a86fcb8ce311adec8fe5"
[21:08:34.289] [32mINFO[39m: [36mRequired engine migration verified[39m
    module: "worker"
    status: "applied"
    migration: "20260721_controlled_test_retake_liquidity_repair"
    sourcePath: "C:\Users\Manfish\Documents\Codex\2026-09-04\let\work\backend-validation-checkout\backend\database\migrations\20260721_controlled_test_retake_liquidity_repair.sql"
    sha256: "edc5ca1a19dbb27ed4ae60efcdfedf2d91a09a86cb2bc0f5cee94bb39837f490"
[21:08:34.306] [32mINFO[39m: [36mRequired engine migration verified[39m
    module: "worker"
    status: "applied"
    migration: "20260721_controlled_test_retake_guard_convergence"
    sourcePath: "C:\Users\Manfish\Documents\Codex\2026-09-04\let\work\backend-validation-checkout\backend\database\migrations\20260721_controlled_test_retake_guard_convergence.sql"
    sha256: "6a2b108d6fe844e4a0235162f25066427eebb1952dbe41e29e7b483c267472b1"
[21:08:34.328] [32mINFO[39m: [36mRequired engine migration verified[39m
    module: "worker"
    status: "applied"
    migration: "20260721_same_worker_retake_assignment_guard_repair"
    sourcePath: "C:\Users\Manfish\Documents\Codex\2026-09-04\let\work\backend-validation-checkout\backend\database\migrations\20260721_same_worker_retake_assignment_guard_repair.sql"
    sha256: "c3500b95949b80004262a9c638f2eca8ef19ad5b446d430aecbe83bc628c7863"
[21:08:34.368] [32mINFO[39m: [36mRequired engine migration verified[39m
    module: "worker"
    status: "applied"
    migration: "20260722_region_policy_legal_approval_activation"
    sourcePath: "C:\Users\Manfish\Documents\Codex\2026-09-04\let\work\backend-validation-checkout\backend\database\migrations\20260722_region_policy_legal_approval_activation.sql"
    sha256: "2be054f21aa0168aad360dd755d52fd5b028a8106129206f47ccfbbc7f081e02"
[21:08:34.392] [32mINFO[39m: [36mRequired engine migration verified[39m
    module: "worker"
    status: "applied"
    migration: "20260722_recurring_payment_dispatch_gate"
    sourcePath: "C:\Users\Manfish\Documents\Codex\2026-09-04\let\work\backend-validation-checkout\backend\database\migrations\20260722_recurring_payment_dispatch_gate.sql"
    sha256: "47c04b2e55a275220c6c1a01fa283628e43fcea869096acd13db8bb59b659c8e"
[21:08:34.619] [32mINFO[39m: [36mRequired engine migration verified[39m
    module: "worker"
    status: "applied"
    migration: "20260722_service_business_assignment_contract"
    sourcePath: "C:\Users\Manfish\Documents\Codex\2026-09-04\let\work\backend-validation-checkout\backend\database\migrations\20260722_service_business_assignment_contract.sql"
    sha256: "258e56009e35228a4e2ad294d879143f4985bdbae7853d1c3c2c9fcda61777af"
[21:08:34.859] [32mINFO[39m: [36mRequired engine migration verified[39m
    module: "worker"
    status: "applied"
    migration: "010_web_platform_tables"
    sourcePath: "C:\Users\Manfish\Documents\Codex\2026-09-04\let\work\backend-validation-checkout\backend\database\migrations\010_web_platform_tables.sql"
    sha256: "8ddd4b374bf8d5c7635214c5d26a84d2e6d81cab10aa8a7049d7b3da1da8b5e2"
[21:08:34.903] [32mINFO[39m: [36mRequired engine migration verified[39m
    module: "worker"
    status: "applied"
    migration: "20260814_quote_price_book"
    sourcePath: "C:\Users\Manfish\Documents\Codex\2026-09-04\let\work\backend-validation-checkout\backend\database\migrations\20260814_quote_price_book.sql"
    sha256: "4d49f31e83b6ba5352ee1c16da45e2b7ce8f84a4d5d9ee0b50bee57e2cafed69"
[21:08:34.955] [32mINFO[39m: [36mRequired engine migration verified[39m
    module: "worker"
    status: "applied"
    migration: "20260814_price_book_quote_decisions"
    sourcePath: "C:\Users\Manfish\Documents\Codex\2026-09-04\let\work\backend-validation-checkout\backend\database\migrations\20260814_price_book_quote_decisions.sql"
    sha256: "77d1a1e17e300f83c1dc7e6f5e57e3ecef617a69066f1806d9d44aea3cf6a4f1"
[21:08:35.047] [32mINFO[39m: [36mRequired engine migration verified[39m
    module: "worker"
    status: "applied"
    migration: "20260814_task_supply_confidence"
    sourcePath: "C:\Users\Manfish\Documents\Codex\2026-09-04\let\work\backend-validation-checkout\backend\database\migrations\20260814_task_supply_confidence.sql"
    sha256: "5c64425fef6a52b4abb7e00f42f2c7322be9d777b58c1efbb1d8f5bd71815e9e"
[21:08:35.074] [32mINFO[39m: [36mRequired engine migration verified[39m
    module: "worker"
    status: "applied"
    migration: "20260815_quote_columns_extra_v4"
    sourcePath: "C:\Users\Manfish\Documents\Codex\2026-09-04\let\work\backend-validation-checkout\backend\database\migrations\20260815_quote_columns_extra_v4.sql"
    sha256: "2c45fbed303842c44ee20d24df090e54de05519d9e7ff5e8f74d4283763be7ee"
[21:08:35.118] [32mINFO[39m: [36mRequired engine migration verified[39m
    module: "worker"
    status: "applied"
    migration: "20260819_quote_payments"
    sourcePath: "C:\Users\Manfish\Documents\Codex\2026-09-04\let\work\backend-validation-checkout\backend\database\migrations\20260819_quote_payments.sql"
    sha256: "bcd90a6905e374568042b589c5c85931f93ea3c9a92fc28afbd0693bcc0e4286"
[21:08:35.210] [32mINFO[39m: [36mRequired engine migration verified[39m
    module: "worker"
    status: "applied"
    migration: "20260823_quote_payment_recovery"
    sourcePath: "C:\Users\Manfish\Documents\Codex\2026-09-04\let\work\backend-validation-checkout\backend\database\migrations\20260823_quote_payment_recovery.sql"
    sha256: "b0d75f09f523fdf1a11ffd5cea7a1c4cd78d431e7e55cb5723f6ce6f243eebc8"
[21:08:35.778] [32mINFO[39m: [36mRequired engine migration verified[39m
    module: "worker"
    status: "applied"
    migration: "20260827_universal_v1_lifecycle_contract"
    sourcePath: "C:\Users\Manfish\Documents\Codex\2026-09-04\let\work\backend-validation-checkout\backend\database\migrations\20260827_universal_v1_lifecycle_contract.sql"
    sha256: "43224cc43d132d1dfa517f5150f28457fc27fda3fb85641d5c836f40406cf513"
[21:08:35.863] [32mINFO[39m: [36mRequired engine migration verified[39m
    module: "worker"
    status: "applied"
    migration: "20260828_operator_authority_contract"
    sourcePath: "C:\Users\Manfish\Documents\Codex\2026-09-04\let\work\backend-validation-checkout\backend\database\migrations\20260828_operator_authority_contract.sql"
    sha256: "6e813f7266e057aeaa840b6924abb8ec1a763ed352c567b0b601aeac0d69d908"
[21:08:35.889] [32mINFO[39m: [36mRequired engine migration verified[39m
    module: "worker"
    status: "applied"
    migration: "20260829_task_matching_state_contract"
    sourcePath: "C:\Users\Manfish\Documents\Codex\2026-09-04\let\work\backend-validation-checkout\backend\database\migrations\20260829_task_matching_state_contract.sql"
    sha256: "07c9ad6227bb5e6dcb2bc1f2c048032a6e32df8cb0ff2087e6fc9248fdfe08c8"
[21:08:35.904] [32mINFO[39m: [36mRequired engine migration verified[39m
    module: "worker"
    status: "applied"
    migration: "20260830_ai_agent_judge_audit_convergence"
    sourcePath: "C:\Users\Manfish\Documents\Codex\2026-09-04\let\work\backend-validation-checkout\backend\database\migrations\20260830_ai_agent_judge_audit_convergence.sql"
    sha256: "47346ca99af25235a6dfdca3a05c6a2734d8bd190f06d02e6fadbd21c13fc705"
[21:08:35.917] [32mINFO[39m: [36mRequired engine migration verified[39m
    module: "worker"
    status: "applied"
    migration: "20260831_provider_neutral_outbound_communication"
    sourcePath: "C:\Users\Manfish\Documents\Codex\2026-09-04\let\work\backend-validation-checkout\backend\database\migrations\20260831_provider_neutral_outbound_communication.sql"
    sha256: "7163e1269dabe9229c15c2515e417349bb57d8d6f4d30653dc18e195b31ef232"
[21:08:35.930] [32mINFO[39m: [36mRequired engine migration verified[39m
    module: "worker"
    status: "applied"
    migration: "20260901_universal_v1_lead_ingress_port"
    sourcePath: "C:\Users\Manfish\Documents\Codex\2026-09-04\let\work\backend-validation-checkout\backend\database\migrations\20260901_universal_v1_lead_ingress_port.sql"
    sha256: "3640d1f62dd029db0bdd23a1cad7c9456b0c65c4a0c0b17c89781a9a32684dea"
[21:08:36.042] [32mINFO[39m: [36mRequired engine migration verified[39m
    module: "worker"
    status: "applied"
    migration: "20260902_universal_v1_task_draft_public_port"
    sourcePath: "C:\Users\Manfish\Documents\Codex\2026-09-04\let\work\backend-validation-checkout\backend\database\migrations\20260902_universal_v1_task_draft_public_port.sql"
    sha256: "dbf11f4ef967c17ac32fe3d4cb5710671fa4092649650d54d5f071b1aa85582e"
[21:08:36.112] [32mINFO[39m: [36mRequired engine migration verified[39m
    module: "worker"
    status: "applied"
    migration: "20260903_universal_v1_task_draft_account_claim"
    sourcePath: "C:\Users\Manfish\Documents\Codex\2026-09-04\let\work\backend-validation-checkout\backend\database\migrations\20260903_universal_v1_task_draft_account_claim.sql"
    sha256: "d2141ef2d979c69af21653750ff4dc9e94085c53072b87324fafb6cfb114f614"
[21:08:36.135] [32mINFO[39m: [36mRequired engine migration verified[39m
    module: "worker"
    status: "applied"
    migration: "20260904_canonical_user_email_identity"
    sourcePath: "C:\Users\Manfish\Documents\Codex\2026-09-04\let\work\backend-validation-checkout\backend\database\migrations\20260904_canonical_user_email_identity.sql"
    sha256: "3efc1ed89a01b95037837fb075015d027b0f0e72047fa013839299378c5dcf57"
[21:08:36.152] [32mINFO[39m: [36mRequired engine migration verified[39m
    module: "worker"
    status: "applied"
    migration: "20260905_universal_v1_task_draft_legacy_claim_import_repair"
    sourcePath: "C:\Users\Manfish\Documents\Codex\2026-09-04\let\work\backend-validation-checkout\backend\database\migrations\20260905_universal_v1_task_draft_legacy_claim_import_repair.sql"
    sha256: "67990edf9f231d953e519eacf796aa0fcada492f8fe8ce4b7f7889560a07e827"
[21:08:36.242] [32mINFO[39m: [36mRequired engine migration verified[39m
    module: "worker"
    status: "applied"
    migration: "20260906_universal_v1_estimate_acceptance_materialization"
    sourcePath: "C:\Users\Manfish\Documents\Codex\2026-09-04\let\work\backend-validation-checkout\backend\database\migrations\20260906_universal_v1_estimate_acceptance_materialization.sql"
    sha256: "671d0c9cbb1507a6303165d319e08441f69e5027d6ab2d075561b70a063191e6"
[21:08:36.325] [32mINFO[39m: [36mRequired engine migration verified[39m
    module: "worker"
    status: "applied"
    migration: "20260907_universal_v1_provider_estimate_invitation"
    sourcePath: "C:\Users\Manfish\Documents\Codex\2026-09-04\let\work\backend-validation-checkout\backend\database\migrations\20260907_universal_v1_provider_estimate_invitation.sql"
    sha256: "aac7221f4cd1dca94d26a90e96b5de7078c50cf7660bb934582faecb1a70001e"
[21:08:36.392] [32mINFO[39m: [36mRequired engine migration verified[39m
    module: "worker"
    status: "applied"
    migration: "20260908_universal_v1_provider_work_order_authority"
    sourcePath: "C:\Users\Manfish\Documents\Codex\2026-09-04\let\work\backend-validation-checkout\backend\database\migrations\20260908_universal_v1_provider_work_order_authority.sql"
    sha256: "53bcfc5cc6aa79c3fc8470db293aa0e8ad411a05db958a46c67389d5bc0e1d4c"
[21:08:36.410] [32mINFO[39m: [36mRequired engine migration verified[39m
    module: "worker"
    status: "applied"
    migration: "20260909_universal_v1_reconciliation_alias_repair"
    sourcePath: "C:\Users\Manfish\Documents\Codex\2026-09-04\let\work\backend-validation-checkout\backend\database\migrations\20260909_universal_v1_reconciliation_alias_repair.sql"
    sha256: "422e138cce00ef672092869a758ca752a08717b81cf822b90a509319c1b610a3"
[21:08:36.456] [32mINFO[39m: [36mRequired engine migration verified[39m
    module: "worker"
    status: "applied"
    migration: "20260911_universal_v1_change_order_application"
    sourcePath: "C:\Users\Manfish\Documents\Codex\2026-09-04\let\work\backend-validation-checkout\backend\database\migrations\20260911_universal_v1_change_order_application.sql"
    sha256: "c89f3cc97feae9563764e0cae8f3df4391204277aaa0fed344ae8dad91c17a43"
[21:08:36.557] [32mINFO[39m: [36mRequired engine migration verified[39m
    module: "worker"
    status: "applied"
    migration: "20260912_universal_v1_work_order_execution_facts"
    sourcePath: "C:\Users\Manfish\Documents\Codex\2026-09-04\let\work\backend-validation-checkout\backend\database\migrations\20260912_universal_v1_work_order_execution_facts.sql"
    sha256: "fdbea47445c8a131c2b41f54f0ba4c57caa359ca2453b5bbe3ab6c12c494ce14"
[21:08:36.592] [32mINFO[39m: [36mRequired engine migration verified[39m
    module: "worker"
    status: "applied"
    migration: "20260913_universal_v1_completion_delivery_receipt"
    sourcePath: "C:\Users\Manfish\Documents\Codex\2026-09-04\let\work\backend-validation-checkout\backend\database\migrations\20260913_universal_v1_completion_delivery_receipt.sql"
    sha256: "6299c82b5bdd2383e6dbb4f5d4c2d3c59b21c5b4f985d4b80331713f4ceeb7af"
[21:08:36.661] [32mINFO[39m: [36mRequired engine migration verified[39m
    module: "worker"
    status: "applied"
    migration: "20260914_notification_provider_in_flight"
    sourcePath: "C:\Users\Manfish\Documents\Codex\2026-09-04\let\work\backend-validation-checkout\backend\database\migrations\20260914_notification_provider_in_flight.sql"
    sha256: "0b9a9e162477efd65db5204b667665197c5b7ffbb50efe86b041093f73d2cc2f"
[21:08:36.684] [32mINFO[39m: [36mRequired engine migration verified[39m
    module: "worker"
    status: "applied"
    migration: "20260915_ai_spend_attempt_ledger"
    sourcePath: "C:\Users\Manfish\Documents\Codex\2026-09-04\let\work\backend-validation-checkout\backend\database\migrations\20260915_ai_spend_attempt_ledger.sql"
    sha256: "63b2615ec02c6193c3a8e8b93de263a5b65ac5ec0cfb93cac1869fdf425bfb77"
[21:08:36.704] [32mINFO[39m: [36mRequired engine migration verified[39m
    module: "worker"
    status: "applied"
    migration: "20260916_provider_event_inbox_v1"
    sourcePath: "C:\Users\Manfish\Documents\Codex\2026-09-04\let\work\backend-validation-checkout\backend\database\migrations\20260916_provider_event_inbox_v1.sql"
    sha256: "452b2534f7559326b3772c84d2c3b12bf2c4b6e7623b2a214cd0d20bd09f07a4"
[21:08:36.725] [32mINFO[39m: [36mRequired engine migration verified[39m
    module: "worker"
    status: "applied"
    migration: "20260917_financial_provider_command_journal_v1"
    sourcePath: "C:\Users\Manfish\Documents\Codex\2026-09-04\let\work\backend-validation-checkout\backend\database\migrations\20260917_financial_provider_command_journal_v1.sql"
    sha256: "1ef51473dda118ffe7ff7799ae66e388a66ff9fa34f71df0fa1dc281b1b72577"
[21:08:36.819] [32mINFO[39m: [36mRequired engine migration verified[39m
    module: "worker"
    status: "applied"
    migration: "20260918_universal_v1_prepared_financial_command_v1"
    sourcePath: "C:\Users\Manfish\Documents\Codex\2026-09-04\let\work\backend-validation-checkout\backend\database\migrations\20260918_universal_v1_prepared_financial_command_v1.sql"
    sha256: "dccae61700235f6e0609bef77e454b808af148c347978ae08b422ded77bd8920"
[21:08:36.989] [32mINFO[39m: [36mRequired engine migration verified[39m
    module: "worker"
    status: "applied"
    migration: "20260919_provider_event_processing_v1"
    sourcePath: "C:\Users\Manfish\Documents\Codex\2026-09-04\let\work\backend-validation-checkout\backend\database\migrations\20260919_provider_event_processing_v1.sql"
    sha256: "48a0874f8cf045c5507071ee7013605101c9d50988fd55a97a6148b979b9e798"
[21:08:37.114] [32mINFO[39m: [36mRequired engine migration verified[39m
    module: "worker"
    status: "applied"
    migration: "20260920_financial_provider_command_recovery_v1"
    sourcePath: "C:\Users\Manfish\Documents\Codex\2026-09-04\let\work\backend-validation-checkout\backend\database\migrations\20260920_financial_provider_command_recovery_v1.sql"
    sha256: "f7e8b62942c1aed5435d2d7d805273effd52fc8041e78561d8ad9d3f69a77daf"
[21:08:37.129] [32mINFO[39m: [36mRequired engine migration verified[39m
    module: "worker"
    status: "applied"
    migration: "20260923_legacy_escrow_insert_containment_v1"
    sourcePath: "C:\Users\Manfish\Documents\Codex\2026-09-04\let\work\backend-validation-checkout\backend\database\migrations\20260923_legacy_escrow_insert_containment_v1.sql"
    sha256: "6b9a51a3aa3e963c13585ba5c374c55164a76be9dfffc91303175a523c9ab5d1"
[21:08:37.182] [32mINFO[39m: [36mRequired engine migration verified[39m
    module: "worker"
    status: "applied"
    migration: "20260924_universal_v1_task_draft_route_context_v1"
    sourcePath: "C:\Users\Manfish\Documents\Codex\2026-09-04\let\work\backend-validation-checkout\backend\database\migrations\20260924_universal_v1_task_draft_route_context_v1.sql"
    sha256: "530539ce2d5b3a002bb7ee5e41666334fd4a1d642dc3ac410cd5bae719b2e76f"
[21:08:37.255] [32mINFO[39m: [36mRequired engine migration verified[39m
    module: "worker"
    status: "applied"
    migration: "20260925_universal_v1_work_order_compensation_v1"
    sourcePath: "C:\Users\Manfish\Documents\Codex\2026-09-04\let\work\backend-validation-checkout\backend\database\migrations\20260925_universal_v1_work_order_compensation_v1.sql"
    sha256: "eca44af1528e1a21b718bc765cd8bc740e779bc02497195ddba7da00607f9169"
[21:08:37.331] [32mINFO[39m: [36mRequired engine migration verified[39m
    module: "worker"
    status: "applied"
    migration: "20260928_provider_observation_normalization_v1"
    sourcePath: "C:\Users\Manfish\Documents\Codex\2026-09-04\let\work\backend-validation-checkout\backend\database\migrations\20260928_provider_observation_normalization_v1.sql"
    sha256: "526872fabf6ee65126e3e864ec7d7fb7b830d08d95b8b35799fad8aadc8e7607"
[21:08:37.513] [32mINFO[39m: [36mRequired engine migration verified[39m
    module: "worker"
    status: "applied"
    migration: "20260929_universal_v1_double_entry_ledger_v1"
    sourcePath: "C:\Users\Manfish\Documents\Codex\2026-09-04\let\work\backend-validation-checkout\backend\database\migrations\20260929_universal_v1_double_entry_ledger_v1.sql"
    sha256: "1ad5d75901ad4de964ca821ca8a78bf37bfdb7322b2a2a2119c7bc60325f3102"
[21:08:37.698] [32mINFO[39m: [36mRequired engine migration verified[39m
    module: "worker"
    status: "applied"
    migration: "20260930_universal_v1_ops_cases_v1"
    sourcePath: "C:\Users\Manfish\Documents\Codex\2026-09-04\let\work\backend-validation-checkout\backend\database\migrations\20260930_universal_v1_ops_cases_v1.sql"
    sha256: "5a60b4ec860d26c1e5251cde4fd8a2f7a5aa9f567dc52adc87a2fb6d72cab104"
[21:08:37.831] [32mINFO[39m: [36mRequired engine migration verified[39m
    module: "worker"
    status: "applied"
    migration: "20261001_universal_v1_relationship_origin_v1"
    sourcePath: "C:\Users\Manfish\Documents\Codex\2026-09-04\let\work\backend-validation-checkout\backend\database\migrations\20261001_universal_v1_relationship_origin_v1.sql"
    sha256: "099372b9a542f268661d61d4ac618a11170fe81a26ae13af0512a82c2405e077"
[21:08:38.068] [32mINFO[39m: [36mRequired engine migration verified[39m
    module: "worker"
    status: "applied"
    migration: "20261002_universal_v1_dispute_recovery_v1"
    sourcePath: "C:\Users\Manfish\Documents\Codex\2026-09-04\let\work\backend-validation-checkout\backend\database\migrations\20261002_universal_v1_dispute_recovery_v1.sql"
    sha256: "6137ad651293d9a7f074b225bbd0f861911892427868ad84aff17425673fa189"
[21:08:38.131] [32mINFO[39m: [36mRequired engine migration verified[39m
    module: "worker"
    status: "applied"
    migration: "20261003_universal_v1_task_opportunities_v1"
    sourcePath: "C:\Users\Manfish\Documents\Codex\2026-09-04\let\work\backend-validation-checkout\backend\database\migrations\20261003_universal_v1_task_opportunities_v1.sql"
    sha256: "8f2e2e0edf387fd89cd936bbab6059cd4a4e22abbb3aae73951f3f466eca84b7"
[21:08:38.235] [32mINFO[39m: [36mRequired engine migration verified[39m
    module: "worker"
    status: "applied"
    migration: "20261004_universal_v1_completion_notice_dispatch_v1"
    sourcePath: "C:\Users\Manfish\Documents\Codex\2026-09-04\let\work\backend-validation-checkout\backend\database\migrations\20261004_universal_v1_completion_notice_dispatch_v1.sql"
    sha256: "f5723941769d027e496d0a3a7fed32b29b1a02ff76db97ead815acd46a7fdee8"
[21:08:38.277] [32mINFO[39m: [36mRequired engine migration verified[39m
    module: "worker"
    status: "applied"
    migration: "20261005_universal_v1_occurrence_access_audit_v1"
    sourcePath: "C:\Users\Manfish\Documents\Codex\2026-09-04\let\work\backend-validation-checkout\backend\database\migrations\20261005_universal_v1_occurrence_access_audit_v1.sql"
    sha256: "d805ce946b7aba804be55aea9f131cff99047adaa7d46cd3d21242ac492ec364"
[21:08:38.283] [32mINFO[39m: [36mLegacy exact-location encryption backfill verified[39m
    module: "worker"
    backfilledLocationCount: 0
[21:08:41.112] [32mINFO[39m: [36mRequired engine migration verified[39m
    module: "worker"
    status: "applied"
    migration: "add_missing_tables_v2"
    sourcePath: "C:\Users\Manfish\Documents\Codex\2026-09-04\let\work\backend-validation-checkout\backend\database\migrations\add_missing_tables_v2.sql"
    sha256: "0e82957e8c8ac0cdb2da99faaad235f64e8eda817ff60681e4455719b48a403e"
[21:08:41.316] [32mINFO[39m: [36mRequired engine migration verified[39m
    module: "worker"
    status: "applied"
    migration: "20260710_engine_automation_contracts"
    sourcePath: "C:\Users\Manfish\Documents\Codex\2026-09-04\let\work\backend-validation-checkout\backend\database\migrations\20260710_engine_automation_contracts.sql"
    sha256: "7581c779b858864ba4f1d7ec1af1fb8da613c53b8986adafcfd4de2cf07938a7"
[21:08:41.350] [32mINFO[39m: [36mRequired engine migration verified[39m
    module: "worker"
    status: "applied"
    migration: "20260711_required_proof_alignment"
    sourcePath: "C:\Users\Manfish\Documents\Codex\2026-09-04\let\work\backend-validation-checkout\backend\database\migrations\011-proof-alignment.sql"
    sha256: "aa042a77dc4f8b8fcad8b53f6e678a6c2ec4edf39d7c18f63399d184369759c3"
[21:08:41.490] [32mINFO[39m: [36mRequired engine migration verified[39m
    module: "worker"
    status: "applied"
    migration: "20260711_required_expertise_supply"
    sourcePath: "C:\Users\Manfish\Documents\Codex\2026-09-04\let\work\backend-validation-checkout\backend\database\migrations\expertise_supply_control.sql"
    sha256: "104803408da1a0196291254866cefb2944b4b45be5a2c81df334ecaac828cf39"
[21:08:41.513] [32mINFO[39m: [36mRequired engine migration verified[39m
    module: "worker"
    status: "applied"
    migration: "20260711_task_outcome_classification"
    sourcePath: "C:\Users\Manfish\Documents\Codex\2026-09-04\let\work\backend-validation-checkout\backend\database\migrations\20260711_task_outcome_classification.sql"
    sha256: "c723901db04a66d60ec231ac10324fe8834a32b9b6019b7a5aa0a651638cf791"
[21:08:41.551] [32mINFO[39m: [36mRequired engine migration verified[39m
    module: "worker"
    status: "applied"
    migration: "20260712_hustler_identity_link"
    sourcePath: "C:\Users\Manfish\Documents\Codex\2026-09-04\let\work\backend-validation-checkout\backend\database\migrations\20260712_hustler_identity_link.sql"
    sha256: "4ea3685d374532f90122a58b596d04a544c06bd701d0697037af15a964af3518"
[21:08:41.577] [32mINFO[39m: [36mRequired engine migration verified[39m
    module: "worker"
    status: "applied"
    migration: "20260712_dispatch_expiry_pending_payment_cancel"
    sourcePath: "C:\Users\Manfish\Documents\Codex\2026-09-04\let\work\backend-validation-checkout\backend\database\migrations\20260712_dispatch_expiry_pending_payment_cancel.sql"
    sha256: "4b29f0612985dbf9e90c2f437cc49dbf88223d3a78c67bfd48ebc88e16249a7f"
[21:08:41.590] [32mINFO[39m: [36mRequired engine migration verified[39m
    module: "worker"
    status: "applied"
    migration: "20260712_dispatch_expiry_no_payment_reconcile"
    sourcePath: "C:\Users\Manfish\Documents\Codex\2026-09-04\let\work\backend-validation-checkout\backend\database\migrations\20260712_dispatch_expiry_no_payment_reconcile.sql"
    sha256: "12d4e967e5b0a910debe5c187a5dc3bb18d3c2ce49375e6698aa856e12a60b72"
[21:08:41.676] [32mINFO[39m: [36mRequired engine migration verified[39m
    module: "worker"
    status: "applied"
    migration: "performance_indexes_v1"
    sourcePath: "C:\Users\Manfish\Documents\Codex\2026-09-04\let\work\backend-validation-checkout\backend\database\migrations\20260713_performance_indexes_alignment.sql"
    sha256: "3696d6feeed5f058d286ad62cbe8fb75a72e43cecc93cfcb162bb2ef61cb33cf"
[21:08:41.751] [32mINFO[39m: [36mRequired engine migration verified[39m
    module: "worker"
    status: "applied"
    migration: "chargeback_lifecycle_v1"
    sourcePath: "C:\Users\Manfish\Documents\Codex\2026-09-04\let\work\backend-validation-checkout\backend\database\migrations\chargeback_lifecycle.sql"
    sha256: "32905444b29504044c3f91a5398a0a2c064398d833e66d486e6ca513fddff6f7"
[21:08:41.817] [32mINFO[39m: [36mRequired engine migration verified[39m
    module: "worker"
    status: "applied"
    migration: "20260718_revenue_audit_rail"
    sourcePath: "C:\Users\Manfish\Documents\Codex\2026-09-04\let\work\backend-validation-checkout\backend\database\migrations\20260718_revenue_audit_rail.sql"
    sha256: "f11a5eb964f2c09b9e9592533fd32b35c24c9de8511e79b6096f2cf7627134a0"
[21:08:41.834] [32mINFO[39m: [36mRequired engine migration verified[39m
    module: "worker"
    status: "applied"
    migration: "20260718_quote_economics_contract"
    sourcePath: "C:\Users\Manfish\Documents\Codex\2026-09-04\let\work\backend-validation-checkout\backend\database\migrations\20260718_quote_economics_contract.sql"
    sha256: "1eb1a06963af0d740b488154d5803ab050f322d501feae130ac02e6e5669ecef"
[21:08:41.930] [32mINFO[39m: [36mRequired engine migration verified[39m
    module: "worker"
    status: "applied"
    migration: "20260718_task_scope_versions"
    sourcePath: "C:\Users\Manfish\Documents\Codex\2026-09-04\let\work\backend-validation-checkout\backend\database\migrations\20260718_task_scope_versions.sql"
    sha256: "71098ed2d76562e33e7439b6bbeaa2648c19174a3c19195460238aeaf5abcd6e"
[21:08:41.955] [32mINFO[39m: [36mRequired engine migration verified[39m
    module: "worker"
    status: "applied"
    migration: "20260718_task_location_encryption"
    sourcePath: "C:\Users\Manfish\Documents\Codex\2026-09-04\let\work\backend-validation-checkout\backend\database\migrations\20260718_task_location_encryption.sql"
    sha256: "084ef950e086b7aa5040e4fba37277d18f65a15f6cbea75d52dd5729b00386f2"
[21:08:41.974] [32mINFO[39m: [36mRequired engine migration verified[39m
    module: "worker"
    status: "applied"
    migration: "20260718_proof_submission_atomicity"
    sourcePath: "C:\Users\Manfish\Documents\Codex\2026-09-04\let\work\backend-validation-checkout\backend\database\migrations\20260718_proof_submission_atomicity.sql"
    sha256: "6d5dfced166382beed083351a6c75aa5bbf972dcb0eb8704003cae40aa8d5768"
[21:08:42.048] [32mINFO[39m: [36mRequired engine migration verified[39m
    module: "worker"
    status: "applied"
    migration: "20260718_task_safety_incident_cases"
    sourcePath: "C:\Users\Manfish\Documents\Codex\2026-09-04\let\work\backend-validation-checkout\backend\database\migrations\20260718_task_safety_incident_cases.sql"
    sha256: "a73437cc7e7f152a195b730f4c1d622ca2461bc682665c26f31760a3d1fa3800"
[21:08:42.069] [32mINFO[39m: [36mRequired engine migration verified[39m
    module: "worker"
    status: "applied"
    migration: "20260718_task_safety_delivery_contract"
    sourcePath: "C:\Users\Manfish\Documents\Codex\2026-09-04\let\work\backend-validation-checkout\backend\database\migrations\20260718_task_safety_delivery_contract.sql"
    sha256: "26c8241b9526f77980121afa98089dcf55162204979c0ee0465b1d7c55416c7d"
[21:08:42.141] [32mINFO[39m: [36mRequired engine migration verified[39m
    module: "worker"
    status: "applied"
    migration: "20260718_task_safety_checkins"
    sourcePath: "C:\Users\Manfish\Documents\Codex\2026-09-04\let\work\backend-validation-checkout\backend\database\migrations\20260718_task_safety_checkins.sql"
    sha256: "f9278e4a9cb7c7345f321712a4204280129d6e31aba31d03a987c31cb40781e5"
[21:08:42.194] [32mINFO[39m: [36mRequired engine migration verified[39m
    module: "worker"
    status: "applied"
    migration: "20260718_task_safety_location_encryption"
    sourcePath: "C:\Users\Manfish\Documents\Codex\2026-09-04\let\work\backend-validation-checkout\backend\database\migrations\20260718_task_safety_location_encryption.sql"
    sha256: "2cd76dff8f126da4bec2d6f58e2c6de5c3c93a3fabd1024536a7c007dce07e46"
[21:08:42.264] [32mINFO[39m: [36mRequired engine migration verified[39m
    module: "worker"
    status: "applied"
    migration: "20260718_zone_category_liquidity_cells"
    sourcePath: "C:\Users\Manfish\Documents\Codex\2026-09-04\let\work\backend-validation-checkout\backend\database\migrations\20260718_zone_category_liquidity_cells.sql"
    sha256: "8c427c29ac142a7543c08768be5823b1dcd6d4630b1a3b5128e2e88afce77a2c"
[21:08:42.366] [32mINFO[39m: [36mRequired engine migration verified[39m
    module: "worker"
    status: "applied"
    migration: "20260718_worker_offer_decision_contract"
    sourcePath: "C:\Users\Manfish\Documents\Codex\2026-09-04\let\work\backend-validation-checkout\backend\database\migrations\20260718_worker_offer_decision_contract.sql"
    sha256: "81defc49577f106e03e682814dd2bc302f7435adfb1711a8801d68ada75d4e02"
[21:08:42.521] [32mINFO[39m: [36mRequired engine migration verified[39m
    module: "worker"
    status: "applied"
    migration: "20260718_worker_screening_rights_contract"
    sourcePath: "C:\Users\Manfish\Documents\Codex\2026-09-04\let\work\backend-validation-checkout\backend\database\migrations\20260718_worker_screening_rights_contract.sql"
    sha256: "3c1d98eb3a8e5f59811dc7a937584bc96b0d37bae87a04f7bac58b41e1a4d20d"
[21:08:42.599] [32mINFO[39m: [36mRequired engine migration verified[39m
    module: "worker"
    status: "applied"
    migration: "20260718_region_policy_contract"
    sourcePath: "C:\Users\Manfish\Documents\Codex\2026-09-04\let\work\backend-validation-checkout\backend\database\migrations\20260718_region_policy_contract.sql"
    sha256: "01c65eb106aa9ad3a9909e08b882f6ba908bf626e0c23a68136c64fe39ec9311"
[21:08:42.636] [32mINFO[39m: [36mRequired engine migration verified[39m
    module: "worker"
    status: "applied"
    migration: "20260718_completion_retention_contract"
    sourcePath: "C:\Users\Manfish\Documents\Codex\2026-09-04\let\work\backend-validation-checkout\backend\database\migrations\20260718_completion_retention_contract.sql"
    sha256: "b55d86d2438505a7e38b330de642ca1711ab14e8f970da9e9eca8d975da38ef0"
[21:08:42.728] [32mINFO[39m: [36mRequired engine migration verified[39m
    module: "worker"
    status: "applied"
    migration: "20260718_task_public_clarifications"
    sourcePath: "C:\Users\Manfish\Documents\Codex\2026-09-04\let\work\backend-validation-checkout\backend\database\migrations\20260718_task_public_clarifications.sql"
    sha256: "5dd2cca338998318447069a4c47fcaaf8a48e2d9bb7004e24576bc76849c9155"
[21:08:42.874] [32mINFO[39m: [36mRequired engine migration verified[39m
    module: "worker"
    status: "applied"
    migration: "20260718_marketplace_reputation_contract"
    sourcePath: "C:\Users\Manfish\Documents\Codex\2026-09-04\let\work\backend-validation-checkout\backend\database\migrations\20260718_marketplace_reputation_contract.sql"
    sha256: "df565bff5dd411e74c6714e3353d22e28af6438b8a2a16c34fb574dd46d50933"
[21:08:42.991] [32mINFO[39m: [36mRequired engine migration verified[39m
    module: "worker"
    status: "applied"
    migration: "20260718_business_workspace_contract"
    sourcePath: "C:\Users\Manfish\Documents\Codex\2026-09-04\let\work\backend-validation-checkout\backend\database\migrations\20260718_business_workspace_contract.sql"
    sha256: "a22965906807502d81f7fc6fb085b1f71ee4cf8171986eb61be292dccc137c45"
[21:08:43.203] [32mINFO[39m: [36mRequired engine migration verified[39m
    module: "worker"
    status: "applied"
    migration: "20260718_business_operations_contract"
    sourcePath: "C:\Users\Manfish\Documents\Codex\2026-09-04\let\work\backend-validation-checkout\backend\database\migrations\20260718_business_operations_contract.sql"
    sha256: "23fdb635e6768e7cfabc299ba4babab7aa37e29d319f124e8cf96e152ff7a0cb"
[21:08:43.325] [32mINFO[39m: [36mRequired engine migration verified[39m
    module: "worker"
    status: "applied"
    migration: "20260718_business_execution_contract"
    sourcePath: "C:\Users\Manfish\Documents\Codex\2026-09-04\let\work\backend-validation-checkout\backend\database\migrations\20260718_business_execution_contract.sql"
    sha256: "b4bad697897f51aa69f4c435d194bcb0730e1c357110c56aeeeccc61ec0c8d2d"
[21:08:43.514] [32mINFO[39m: [36mRequired engine migration verified[39m
    module: "worker"
    status: "applied"
    migration: "20260718_recurring_work_contract"
    sourcePath: "C:\Users\Manfish\Documents\Codex\2026-09-04\let\work\backend-validation-checkout\backend\database\migrations\20260718_recurring_work_contract.sql"
    sha256: "65bbbe96e1af6d909cd9a454c201bf4e62c99e60ec6bddbaa2454a3e3de4ed4b"
[21:08:43.548] [32mINFO[39m: [36mRequired engine migration verified[39m
    module: "worker"
    status: "applied"
    migration: "20260718_business_recurring_contract"
    sourcePath: "C:\Users\Manfish\Documents\Codex\2026-09-04\let\work\backend-validation-checkout\backend\database\migrations\20260718_business_recurring_contract.sql"
    sha256: "e068a0aa68b7baf4a7c13f217536251708913b854119a3da350455230355f5d3"
[21:08:43.638] [32mINFO[39m: [36mRequired engine migration verified[39m
    module: "worker"
    status: "applied"
    migration: "20260719_recommendation_contract"
    sourcePath: "C:\Users\Manfish\Documents\Codex\2026-09-04\let\work\backend-validation-checkout\backend\database\migrations\20260719_recommendation_contract.sql"
    sha256: "3345c3fdce3aef451c89fd8245dff11096dffe1108309e19c1470f2138641ab4"
[21:08:43.741] [32mINFO[39m: [36mRequired engine migration verified[39m
    module: "worker"
    status: "applied"
    migration: "20260719_hustler_wallet_contract"
    sourcePath: "C:\Users\Manfish\Documents\Codex\2026-09-04\let\work\backend-validation-checkout\backend\database\migrations\20260719_hustler_wallet_contract.sql"
    sha256: "153809d4d570a54b27357e2ebff51c3b35fa303e69da29c570816acca89f29ab"
[21:08:43.762] [32mINFO[39m: [36mRequired engine migration verified[39m
    module: "worker"
    status: "applied"
    migration: "20260719_wallet_provider_event_integrity"
    sourcePath: "C:\Users\Manfish\Documents\Codex\2026-09-04\let\work\backend-validation-checkout\backend\database\migrations\20260719_wallet_provider_event_integrity.sql"
    sha256: "1ee57eb0d4c3d157632b8db3fbc8cc232ac1241c1ca76944250ca42e1fdbc8de"
[21:08:43.777] [32mINFO[39m: [36mRequired engine migration verified[39m
    module: "worker"
    status: "applied"
    migration: "20260719_wallet_provider_event_integrity_repair"
    sourcePath: "C:\Users\Manfish\Documents\Codex\2026-09-04\let\work\backend-validation-checkout\backend\database\migrations\20260719_wallet_provider_event_integrity_repair.sql"
    sha256: "96ff51a6414cb261fa2791281c076e4e5b7fafd73cbacc2db939402e4219a6a5"
[21:08:44.060] [32mINFO[39m: [36mRequired engine migration verified[39m
    module: "worker"
    status: "applied"
    migration: "20260719_lifecycle_service_foundations"
    sourcePath: "C:\Users\Manfish\Documents\Codex\2026-09-04\let\work\backend-validation-checkout\backend\database\migrations\20260719_lifecycle_service_foundations.sql"
    sha256: "4c1edaecda49afeae3950afe832074f8903d64aa6f726bbee2a0717f26113596"
[21:08:44.075] [32mINFO[39m: [36mRequired engine migration verified[39m
    module: "worker"
    status: "applied"
    migration: "20260719_task_worker_eligibility_contract"
    sourcePath: "C:\Users\Manfish\Documents\Codex\2026-09-04\let\work\backend-validation-checkout\backend\database\migrations\20260719_task_worker_eligibility_contract.sql"
    sha256: "a1fb5d0387d61fef4b484be82d15153031b14860bcc8b4bbaa690a4ca096a0fb"
[21:08:44.110] [32mINFO[39m: [36mRequired engine migration verified[39m
    module: "worker"
    status: "applied"
    migration: "20260719_append_only_truncate_contract"
    sourcePath: "C:\Users\Manfish\Documents\Codex\2026-09-04\let\work\backend-validation-checkout\backend\database\migrations\20260719_append_only_truncate_contract.sql"
    sha256: "1b105f37e52b19435aacc7b04b2496bbef7f5cd0b0b1681487342e2e411544b4"
[21:08:44.142] [32mINFO[39m: [36mRequired engine migration verified[39m
    module: "worker"
    status: "applied"
    migration: "20260719_admin_user_search_trigram_contract"
    sourcePath: "C:\Users\Manfish\Documents\Codex\2026-09-04\let\work\backend-validation-checkout\backend\database\migrations\20260719_admin_user_search_trigram_contract.sql"
    sha256: "89a20a0c588af79ae8c0cd8e06949f4a542928b826adafa822d5a02b20694090"
[21:08:44.170] [32mINFO[39m: [36mRequired engine migration verified[39m
    module: "worker"
    status: "applied"
    migration: "20260719_admin_capability_contract"
    sourcePath: "C:\Users\Manfish\Documents\Codex\2026-09-04\let\work\backend-validation-checkout\backend\database\migrations\20260719_admin_capability_contract.sql"
    sha256: "cacc11cfe40b498767acbbaa736f2462e21a758018bcda1a667430a3c441c0f4"
[21:08:44.188] [32mINFO[39m: [36mRequired engine migration verified[39m
    module: "worker"
    status: "applied"
    migration: "20260719_tier0_browse_only_contract"
    sourcePath: "C:\Users\Manfish\Documents\Codex\2026-09-04\let\work\backend-validation-checkout\backend\database\migrations\20260719_tier0_browse_only_contract.sql"
    sha256: "336d976adfc3ce6e892b16c67a08bbc692165d2373084c3e51ab3e0a3db7a9d5"
[21:08:44.213] [32mINFO[39m: [36mRequired engine migration verified[39m
    module: "worker"
    status: "applied"
    migration: "20260719_task_template_policy_contract"
    sourcePath: "C:\Users\Manfish\Documents\Codex\2026-09-04\let\work\backend-validation-checkout\backend\database\migrations\20260719_task_template_policy_contract.sql"
    sha256: "1b4e180c34fce08ea00076e1f02f9c57d698c532db1eff84d9973e68c189ff8f"
[21:08:44.262] [32mINFO[39m: [36mRequired engine migration verified[39m
    module: "worker"
    status: "applied"
    migration: "20260719_compliance_guardian_persistence_contract"
    sourcePath: "C:\Users\Manfish\Documents\Codex\2026-09-04\let\work\backend-validation-checkout\backend\database\migrations\20260719_compliance_guardian_persistence_contract.sql"
    sha256: "ad0d747354fd6040df2669ffc0fbe485526240aca38887e27a069f49ab67767c"
[21:08:44.277] [32mINFO[39m: [36mRequired engine migration verified[39m
    module: "worker"
    status: "applied"
    migration: "20260719_worker_offer_retake_contract"
    sourcePath: "C:\Users\Manfish\Documents\Codex\2026-09-04\let\work\backend-validation-checkout\backend\database\migrations\20260719_worker_offer_retake_contract.sql"
    sha256: "0e5c8b6dde2fe27aecb7eed4ea1c329a4872cee9cc54c7a42505e431e5df0301"
[21:08:44.330] [32mINFO[39m: [36mRequired engine migration verified[39m
    module: "worker"
    status: "applied"
    migration: "20260719_liquidity_expansion_contract"
    sourcePath: "C:\Users\Manfish\Documents\Codex\2026-09-04\let\work\backend-validation-checkout\backend\database\migrations\20260719_liquidity_expansion_contract.sql"
    sha256: "6ba06780137ac5142e4560d465300cdb21105c690cfb320a588b35b37f69d795"
[21:08:44.349] [32mINFO[39m: [36mRequired engine migration verified[39m
    module: "worker"
    status: "applied"
    migration: "20260719_liquidity_expansion_fk_repair"
    sourcePath: "C:\Users\Manfish\Documents\Codex\2026-09-04\let\work\backend-validation-checkout\backend\database\migrations\20260719_liquidity_expansion_fk_repair.sql"
    sha256: "3ab131b4dbc128a99cd9eb7512888282df572f0ca61519d0453ebaa8be686c17"
[21:08:44.451] [32mINFO[39m: [36mRequired engine migration verified[39m
    module: "worker"
    status: "applied"
    migration: "20260719_worker_counter_offer_contract"
    sourcePath: "C:\Users\Manfish\Documents\Codex\2026-09-04\let\work\backend-validation-checkout\backend\database\migrations\20260719_worker_counter_offer_contract.sql"
    sha256: "1c6376dc07f95465f0925134f9d30990ed0da52c869cb9e039f3865508f85696"
[21:08:44.477] [32mINFO[39m: [36mRequired engine migration verified[39m
    module: "worker"
    status: "applied"
    migration: "20260719_worker_counter_offer_exclusivity"
    sourcePath: "C:\Users\Manfish\Documents\Codex\2026-09-04\let\work\backend-validation-checkout\backend\database\migrations\20260719_worker_counter_offer_exclusivity.sql"
    sha256: "5f72eb8f7bacc3c45c3dfba2527f7ccd5571ea6db0bcb4dd119a32ed0436e78f"
[21:08:44.612] [32mINFO[39m: [36mRequired engine migration verified[39m
    module: "worker"
    status: "applied"
    migration: "20260719_external_task_bridge_contract"
    sourcePath: "C:\Users\Manfish\Documents\Codex\2026-09-04\let\work\backend-validation-checkout\backend\database\migrations\20260719_external_task_bridge_contract.sql"
    sha256: "33080f06754d9ed04bf6624ac0dbf5c7817c8324af9be25ecb01ebf50ecffb69"
[21:08:44.673] [32mINFO[39m: [36mRequired engine migration verified[39m
    module: "worker"
    status: "applied"
    migration: "20260720_task_geofence_event_contract"
    sourcePath: "C:\Users\Manfish\Documents\Codex\2026-09-04\let\work\backend-validation-checkout\backend\database\migrations\20260720_task_geofence_event_contract.sql"
    sha256: "c2a31559936f1d1db684a27f3cca8554fe3b6986830ff6795e547c17409e24af"
[21:08:44.827] [32mINFO[39m: [36mRequired engine migration verified[39m
    module: "worker"
    status: "applied"
    migration: "20260720_major_action_telemetry_contract"
    sourcePath: "C:\Users\Manfish\Documents\Codex\2026-09-04\let\work\backend-validation-checkout\backend\database\migrations\20260720_major_action_telemetry_contract.sql"
    sha256: "0939eb301dba2a9b8e50c759fd794c19cfd19b7ac8c761449dccc5d346a5fd07"
[21:08:44.843] [32mINFO[39m: [36mRequired engine migration verified[39m
    module: "worker"
    status: "applied"
    migration: "20260720_major_action_telemetry_contract_repair"
    sourcePath: "C:\Users\Manfish\Documents\Codex\2026-09-04\let\work\backend-validation-checkout\backend\database\migrations\20260720_major_action_telemetry_contract_repair.sql"
    sha256: "7aebc9a96ca0eb516d6eaabff5c8ea44a1c99ef452328abfdc31e423fcb50960"
[21:08:44.854] [32mINFO[39m: [36mRequired engine migration verified[39m
    module: "worker"
    status: "applied"
    migration: "20260720_major_action_source_registry_repair"
    sourcePath: "C:\Users\Manfish\Documents\Codex\2026-09-04\let\work\backend-validation-checkout\backend\database\migrations\20260720_major_action_source_registry_repair.sql"
    sha256: "dd0641389a561a02ee7bc211494baeecad4a584f4ae878e367d7bd6ec41ef99d"
[21:08:44.953] [32mINFO[39m: [36mRequired engine migration verified[39m
    module: "worker"
    status: "applied"
    migration: "20260720_offline_action_sync_contract"
    sourcePath: "C:\Users\Manfish\Documents\Codex\2026-09-04\let\work\backend-validation-checkout\backend\database\migrations\20260720_offline_action_sync_contract.sql"
    sha256: "a24c7a3a1fc6d248e7ed84850c282b1d70e136470a5814e5cf73d354fb71a225"
[21:08:44.972] [32mINFO[39m: [36mRequired engine migration verified[39m
    module: "worker"
    status: "applied"
    migration: "20260720_offline_action_sync_contract_repair"
    sourcePath: "C:\Users\Manfish\Documents\Codex\2026-09-04\let\work\backend-validation-checkout\backend\database\migrations\20260720_offline_action_sync_contract_repair.sql"
    sha256: "dd3ebeb8b7660ce2a7e7dc0c90c75b8c44368ed464dd80d5a48db74c608fe2ad"
[21:08:45.005] [32mINFO[39m: [36mRequired engine migration verified[39m
    module: "worker"
    status: "applied"
    migration: "20260720_proof_verification_signal_contract"
    sourcePath: "C:\Users\Manfish\Documents\Codex\2026-09-04\let\work\backend-validation-checkout\backend\database\migrations\20260720_proof_verification_signal_contract.sql"
    sha256: "7956522e446ae42141b204c0f32d6cc1843c8deb54d474f5bc3d5687577e18fb"
[21:08:45.020] [32mINFO[39m: [36mRequired engine migration verified[39m
    module: "worker"
    status: "applied"
    migration: "20260720_proof_media_metadata_minimization"
    sourcePath: "C:\Users\Manfish\Documents\Codex\2026-09-04\let\work\backend-validation-checkout\backend\database\migrations\20260720_proof_media_metadata_minimization.sql"
    sha256: "d8b3f516a303744ab8bfe467d528f552f0c444466d64ab1e881d6ae5f422e396"
[21:08:45.083] [32mINFO[39m: [36mRequired engine migration verified[39m
    module: "worker"
    status: "applied"
    migration: "20260720_media_upload_finalization_contract"
    sourcePath: "C:\Users\Manfish\Documents\Codex\2026-09-04\let\work\backend-validation-checkout\backend\database\migrations\20260720_media_upload_finalization_contract.sql"
    sha256: "c7cb31234baeb3ec101b44a73df6fd93198d3c442ceaa0713188e912bae10715"
[21:08:45.145] [32mINFO[39m: [36mRequired engine migration verified[39m
    module: "worker"
    status: "applied"
    migration: "20260720_private_media_delivery_contract"
    sourcePath: "C:\Users\Manfish\Documents\Codex\2026-09-04\let\work\backend-validation-checkout\backend\database\migrations\20260720_private_media_delivery_contract.sql"
    sha256: "dab4cace45c99879d1a6f3e978198fe8ec4e1840607319522b8addfc20cda608"
[21:08:45.298] [32mINFO[39m: [36mRequired engine migration verified[39m
    module: "worker"
    status: "applied"
    migration: "20260720_worker_standing_appeals"
    sourcePath: "C:\Users\Manfish\Documents\Codex\2026-09-04\let\work\backend-validation-checkout\backend\database\migrations\20260720_worker_standing_appeals.sql"
    sha256: "02e2a7c9d91a10b780ea1c01444a57c257faecb7c1ec2f129c82ae8fb4004608"
[21:08:45.339] [32mINFO[39m: [36mRequired engine migration verified[39m
    module: "worker"
    status: "applied"
    migration: "20260720_offline_action_reconciliation"
    sourcePath: "C:\Users\Manfish\Documents\Codex\2026-09-04\let\work\backend-validation-checkout\backend\database\migrations\20260720_offline_action_reconciliation.sql"
    sha256: "12e245da2e45ce917516fdd4dfd2610348eb5c0420c1490987e378ad5f485f94"
[21:08:45.354] [32mINFO[39m: [36mRequired engine migration verified[39m
    module: "worker"
    status: "applied"
    migration: "20260720_dispute_release_authority_contract"
    sourcePath: "C:\Users\Manfish\Documents\Codex\2026-09-04\let\work\backend-validation-checkout\backend\database\migrations\20260720_dispute_release_authority_contract.sql"
    sha256: "0b7cadab9f4c40170d31c5e21921adb42b36935e6f3df81a87991fda9c0029fd"
[21:08:45.409] [32mINFO[39m: [36mRequired engine migration verified[39m
    module: "worker"
    status: "applied"
    migration: "20260720_notification_delivery_contract"
    sourcePath: "C:\Users\Manfish\Documents\Codex\2026-09-04\let\work\backend-validation-checkout\backend\database\migrations\20260720_notification_delivery_contract.sql"
    sha256: "a2264390a09a6ae20ce0011683ab870c631feebfde87ed80a872e986a575bb0b"
[21:08:45.421] [32mINFO[39m: [36mRequired engine migration verified[39m
    module: "worker"
    status: "applied"
    migration: "20260720_notification_delivery_contract_repair"
    sourcePath: "C:\Users\Manfish\Documents\Codex\2026-09-04\let\work\backend-validation-checkout\backend\database\migrations\20260720_notification_delivery_contract_repair.sql"
    sha256: "e0aaa1a3cb653917924183fcf67291b33a2dbf38579eb01b17122e649c71c40f"
[21:08:45.442] [32mINFO[39m: [36mRequired engine migration verified[39m
    module: "worker"
    status: "applied"
    migration: "20260720_notification_focus_suppression"
    sourcePath: "C:\Users\Manfish\Documents\Codex\2026-09-04\let\work\backend-validation-checkout\backend\database\migrations\20260720_notification_focus_suppression.sql"
    sha256: "e320ed83af84fd2c3781a1229db74126778b7c2d8eeb41dbddc432c634faba05"
[21:08:45.456] [32mINFO[39m: [36mRequired engine migration verified[39m
    module: "worker"
    status: "applied"
    migration: "20260720_schema_convergence_repair"
    sourcePath: "C:\Users\Manfish\Documents\Codex\2026-09-04\let\work\backend-validation-checkout\backend\database\migrations\20260720_schema_convergence_repair.sql"
    sha256: "5151894b324679c19cc7a70179aec8f0248a3c66c5325b97d8bdcf618f684da2"
[21:08:45.529] [32mINFO[39m: [36mRequired engine migration verified[39m
    module: "worker"
    status: "applied"
    migration: "20260720_local_certification_payment_provider"
    sourcePath: "C:\Users\Manfish\Documents\Codex\2026-09-04\let\work\backend-validation-checkout\backend\database\migrations\20260720_local_certification_payment_provider.sql"
    sha256: "413a1183e48dd0c3aa8131390481e7acfb17229727445023dfe659b20c123392"
[21:08:45.551] [32mINFO[39m: [36mRequired engine migration verified[39m
    module: "worker"
    status: "applied"
    migration: "20260720_region_policy_price_book_alignment"
    sourcePath: "C:\Users\Manfish\Documents\Codex\2026-09-04\let\work\backend-validation-checkout\backend\database\migrations\20260720_region_policy_price_book_alignment.sql"
    sha256: "614ac15399457b310f60e4bf637ee1d394a0da97e9cbcd9d6a8367a219af68e0"
[21:08:45.670] [32mINFO[39m: [36mRequired engine migration verified[39m
    module: "worker"
    status: "applied"
    migration: "20260720_local_certification_payout_provider"
    sourcePath: "C:\Users\Manfish\Documents\Codex\2026-09-04\let\work\backend-validation-checkout\backend\database\migrations\20260720_local_certification_payout_provider.sql"
    sha256: "1435947ebbdfa50dec2d0d812fe8d332287be1f0a6b7fd1c50cd96a5bfa9e097"
[21:08:45.770] [32mINFO[39m: [36mRequired engine migration verified[39m
    module: "worker"
    status: "applied"
    migration: "20260720_local_certification_screening_provider"
    sourcePath: "C:\Users\Manfish\Documents\Codex\2026-09-04\let\work\backend-validation-checkout\backend\database\migrations\20260720_local_certification_screening_provider.sql"
    sha256: "626ff1f60a8f8f6b6acd2a9aba621409bd3eab3142004361a89ae77a5c26f1cc"
[21:08:45.837] [32mINFO[39m: [36mRequired engine migration verified[39m
    module: "worker"
    status: "applied"
    migration: "20260720_controlled_test_liquidity_cell"
    sourcePath: "C:\Users\Manfish\Documents\Codex\2026-09-04\let\work\backend-validation-checkout\backend\database\migrations\20260720_controlled_test_liquidity_cell.sql"
    sha256: "1826b8b06b3b0de634f2420a40a00bcce2ce2a370d2349192b5dd6a7e981493d"
[21:08:45.855] [32mINFO[39m: [36mRequired engine migration verified[39m
    module: "worker"
    status: "applied"
    migration: "20260720_controlled_test_liquidity_marker_repair"
    sourcePath: "C:\Users\Manfish\Documents\Codex\2026-09-04\let\work\backend-validation-checkout\backend\database\migrations\20260720_controlled_test_liquidity_marker_repair.sql"
    sha256: "e9d3e3dbd829fdf0dad577701b22070218577a8bc9f6b70e8e0ec207eb06af28"
[21:08:45.872] [32mINFO[39m: [36mRequired engine migration verified[39m
    module: "worker"
    status: "applied"
    migration: "20260720_controlled_test_liquidity_lifecycle_repair"
    sourcePath: "C:\Users\Manfish\Documents\Codex\2026-09-04\let\work\backend-validation-checkout\backend\database\migrations\20260720_controlled_test_liquidity_lifecycle_repair.sql"
    sha256: "f921c0c7a374e4a7f4bd0b0a81af34667c52f1264d3f3c0ad57b017e0583e0cc"
[21:08:45.924] [32mINFO[39m: [36mRequired engine migration verified[39m
    module: "worker"
    status: "applied"
    migration: "20260720_controlled_test_duration_evidence"
    sourcePath: "C:\Users\Manfish\Documents\Codex\2026-09-04\let\work\backend-validation-checkout\backend\database\migrations\20260720_controlled_test_duration_evidence.sql"
    sha256: "9b2b0630d0fa0e24552547940c5ee1097e6b7a32cb5b90f5cc5426a25606ae77"
[21:08:45.977] [32mINFO[39m: [36mRequired engine migration verified[39m
    module: "worker"
    status: "applied"
    migration: "20260720_controlled_test_provider_capability"
    sourcePath: "C:\Users\Manfish\Documents\Codex\2026-09-04\let\work\backend-validation-checkout\backend\database\migrations\20260720_controlled_test_provider_capability.sql"
    sha256: "079baedf700badc9c00e1e91f83f96d409bee7f713c9e7d349767a92c112fcc1"
[21:08:46.003] [32mINFO[39m: [36mRequired engine migration verified[39m
    module: "worker"
    status: "applied"
    migration: "20260720_controlled_test_provider_capability_expiry"
    sourcePath: "C:\Users\Manfish\Documents\Codex\2026-09-04\let\work\backend-validation-checkout\backend\database\migrations\20260720_controlled_test_provider_capability_expiry.sql"
    sha256: "770a9973510b499f6e9c1b3428f5ba8dccbbca45c6aef62e463372dcdd2640a5"
[21:08:46.022] [32mINFO[39m: [36mRequired engine migration verified[39m
    module: "worker"
    status: "applied"
    migration: "20260720_controlled_test_provider_capability_refresh"
    sourcePath: "C:\Users\Manfish\Documents\Codex\2026-09-04\let\work\backend-validation-checkout\backend\database\migrations\20260720_controlled_test_provider_capability_refresh.sql"
    sha256: "fce9cbe6df1865581bc414ee1d102afe140899a4b3d0f35697c894edfb375011"
[21:08:46.038] [32mINFO[39m: [36mRequired engine migration verified[39m
    module: "worker"
    status: "applied"
    migration: "20260720_controlled_test_provider_capability_refresh_repair"
    sourcePath: "C:\Users\Manfish\Documents\Codex\2026-09-04\let\work\backend-validation-checkout\backend\database\migrations\20260720_controlled_test_provider_capability_refresh_repair.sql"
    sha256: "fa0600c70a92f0c25112bded13e6e45c5402bfca9aaea45540c08a9a83edcb9d"
[21:08:46.099] [32mINFO[39m: [36mRequired engine migration verified[39m
    module: "worker"
    status: "applied"
    migration: "20260720_controlled_test_offer_review"
    sourcePath: "C:\Users\Manfish\Documents\Codex\2026-09-04\let\work\backend-validation-checkout\backend\database\migrations\20260720_controlled_test_offer_review.sql"
    sha256: "29f42e272b46974910354ed0c32db10744ab771aae92bc83b5c70b84aba9d6e1"
[21:08:46.122] [32mINFO[39m: [36mRequired engine migration verified[39m
    module: "worker"
    status: "applied"
    migration: "20260720_task_safety_state_integrity"
    sourcePath: "C:\Users\Manfish\Documents\Codex\2026-09-04\let\work\backend-validation-checkout\backend\database\migrations\20260720_task_safety_state_integrity.sql"
    sha256: "b0548ea104c938f55f383f777b298427f863792cc440829453fdf9915c33f657"
[21:08:46.139] [32mINFO[39m: [36mRequired engine migration verified[39m
    module: "worker"
    status: "applied"
    migration: "20260720_task_safety_resolution_integrity"
    sourcePath: "C:\Users\Manfish\Documents\Codex\2026-09-04\let\work\backend-validation-checkout\backend\database\migrations\20260720_task_safety_resolution_integrity.sql"
    sha256: "c3f420fa5880355f5fecd84b9b9df5945991cd46d2cb5a4bcca41b2aa024fd62"
[21:08:46.181] [32mINFO[39m: [36mRequired engine migration verified[39m
    module: "worker"
    status: "applied"
    migration: "20260720_task_safety_case_access_integrity"
    sourcePath: "C:\Users\Manfish\Documents\Codex\2026-09-04\let\work\backend-validation-checkout\backend\database\migrations\20260720_task_safety_case_access_integrity.sql"
    sha256: "82d88d339eb6f89e4daae78669c1cd3b8cfad00e3c9865611e02381c744a4778"
[21:08:46.344] [32mINFO[39m: [36mRequired engine migration verified[39m
    module: "worker"
    status: "applied"
    migration: "20260720_operations_exception_contract"
    sourcePath: "C:\Users\Manfish\Documents\Codex\2026-09-04\let\work\backend-validation-checkout\backend\database\migrations\20260720_operations_exception_contract.sql"
    sha256: "f912b02c0d804e06cdabcef8fde8ec3345806c8463ef321211dbe11e9ae021e9"
[21:08:46.364] [32mINFO[39m: [36mRequired engine migration verified[39m
    module: "worker"
    status: "applied"
    migration: "20260721_hustler_trust_progression_contract"
    sourcePath: "C:\Users\Manfish\Documents\Codex\2026-09-04\let\work\backend-validation-checkout\backend\database\migrations\20260721_hustler_trust_progression_contract.sql"
    sha256: "efb7fc4b8f41df8d90f4b63183d3bdb244a41c03b5a73ae673edcab85575b43b"
[21:08:46.409] [32mINFO[39m: [36mRequired engine migration verified[39m
    module: "worker"
    status: "applied"
    migration: "20260721_task_quote_shortlist_messaging_contract"
    sourcePath: "C:\Users\Manfish\Documents\Codex\2026-09-04\let\work\backend-validation-checkout\backend\database\migrations\20260721_task_quote_shortlist_messaging_contract.sql"
    sha256: "33d43cc99215f79b7658d51d781f3923c481fcb6e2b7b7c36aa6d53f26283dd0"
[21:08:46.447] [32mINFO[39m: [36mRequired engine migration verified[39m
    module: "worker"
    status: "applied"
    migration: "20260721_unit_economics_guardrails"
    sourcePath: "C:\Users\Manfish\Documents\Codex\2026-09-04\let\work\backend-validation-checkout\backend\database\migrations\20260721_unit_economics_guardrails.sql"
    sha256: "f0139e1a336cb37bd3a0a92c64d1aabad7adc2cf11527034b50bf5e3007ea720"
[21:08:46.544] [32mINFO[39m: [36mRequired engine migration verified[39m
    module: "worker"
    status: "applied"
    migration: "20260721_build_now_spend_promotion_guardrails"
    sourcePath: "C:\Users\Manfish\Documents\Codex\2026-09-04\let\work\backend-validation-checkout\backend\database\migrations\20260721_build_now_spend_promotion_guardrails.sql"
    sha256: "eff21cecd9f2d714168e989e9bb712ac7b30286f8b0de724f4ca7a7cef8a661d"
[21:08:46.648] [32mINFO[39m: [36mRequired engine migration verified[39m
    module: "worker"
    status: "applied"
    migration: "20260721_private_identity_verification_contract"
    sourcePath: "C:\Users\Manfish\Documents\Codex\2026-09-04\let\work\backend-validation-checkout\backend\database\migrations\20260721_private_identity_verification_contract.sql"
    sha256: "90828c3109521c3f46333876e71c3e0b2e2feee2aab5820b34a7e3731f160117"
[21:08:46.672] [32mINFO[39m: [36mRequired engine migration verified[39m
    module: "worker"
    status: "applied"
    migration: "20260721_sensitive_media_ingestion_shutdown"
    sourcePath: "C:\Users\Manfish\Documents\Codex\2026-09-04\let\work\backend-validation-checkout\backend\database\migrations\20260721_sensitive_media_ingestion_shutdown.sql"
    sha256: "c83366b0b5f4c8ccca98ee5a31d95febaa0107f75e0e0ce60cb2d735c503fc20"
[21:08:46.792] [32mINFO[39m: [36mRequired engine migration verified[39m
    module: "worker"
    status: "applied"
    migration: "20260721_ai_observability_contract"
    sourcePath: "C:\Users\Manfish\Documents\Codex\2026-09-04\let\work\backend-validation-checkout\backend\database\migrations\20260721_ai_observability_contract.sql"
    sha256: "9ec88bb073608316014ed3529ca5632fdbb39394b265e9d2d4163303601ab3e0"
[21:08:46.807] [32mINFO[39m: [36mRequired engine migration verified[39m
    module: "worker"
    status: "applied"
    migration: "20260721_controlled_test_retake_acceptance_repair"
    sourcePath: "C:\Users\Manfish\Documents\Codex\2026-09-04\let\work\backend-validation-checkout\backend\database\migrations\20260721_controlled_test_retake_acceptance_repair.sql"
    sha256: "a1b2a9eb450a0ac4add500620bbcb6738d708603e794a86fcb8ce311adec8fe5"
[21:08:46.822] [32mINFO[39m: [36mRequired engine migration verified[39m
    module: "worker"
    status: "applied"
    migration: "20260721_controlled_test_retake_liquidity_repair"
    sourcePath: "C:\Users\Manfish\Documents\Codex\2026-09-04\let\work\backend-validation-checkout\backend\database\migrations\20260721_controlled_test_retake_liquidity_repair.sql"
    sha256: "edc5ca1a19dbb27ed4ae60efcdfedf2d91a09a86cb2bc0f5cee94bb39837f490"
[21:08:46.838] [32mINFO[39m: [36mRequired engine migration verified[39m
    module: "worker"
    status: "applied"
    migration: "20260721_controlled_test_retake_guard_convergence"
    sourcePath: "C:\Users\Manfish\Documents\Codex\2026-09-04\let\work\backend-validation-checkout\backend\database\migrations\20260721_controlled_test_retake_guard_convergence.sql"
    sha256: "6a2b108d6fe844e4a0235162f25066427eebb1952dbe41e29e7b483c267472b1"
[21:08:46.859] [32mINFO[39m: [36mRequired engine migration verified[39m
    module: "worker"
    status: "applied"
    migration: "20260721_same_worker_retake_assignment_guard_repair"
    sourcePath: "C:\Users\Manfish\Documents\Codex\2026-09-04\let\work\backend-validation-checkout\backend\database\migrations\20260721_same_worker_retake_assignment_guard_repair.sql"
    sha256: "c3500b95949b80004262a9c638f2eca8ef19ad5b446d430aecbe83bc628c7863"
[21:08:46.898] [32mINFO[39m: [36mRequired engine migration verified[39m
    module: "worker"
    status: "applied"
    migration: "20260722_region_policy_legal_approval_activation"
    sourcePath: "C:\Users\Manfish\Documents\Codex\2026-09-04\let\work\backend-validation-checkout\backend\database\migrations\20260722_region_policy_legal_approval_activation.sql"
    sha256: "2be054f21aa0168aad360dd755d52fd5b028a8106129206f47ccfbbc7f081e02"
[21:08:46.924] [32mINFO[39m: [36mRequired engine migration verified[39m
    module: "worker"
    status: "applied"
    migration: "20260722_recurring_payment_dispatch_gate"
    sourcePath: "C:\Users\Manfish\Documents\Codex\2026-09-04\let\work\backend-validation-checkout\backend\database\migrations\20260722_recurring_payment_dispatch_gate.sql"
    sha256: "47c04b2e55a275220c6c1a01fa283628e43fcea869096acd13db8bb59b659c8e"
[21:08:47.159] [32mINFO[39m: [36mRequired engine migration verified[39m
    module: "worker"
    status: "applied"
    migration: "20260722_service_business_assignment_contract"
    sourcePath: "C:\Users\Manfish\Documents\Codex\2026-09-04\let\work\backend-validation-checkout\backend\database\migrations\20260722_service_business_assignment_contract.sql"
    sha256: "258e56009e35228a4e2ad294d879143f4985bdbae7853d1c3c2c9fcda61777af"
[21:08:47.398] [32mINFO[39m: [36mRequired engine migration verified[39m
    module: "worker"
    status: "applied"
    migration: "010_web_platform_tables"
    sourcePath: "C:\Users\Manfish\Documents\Codex\2026-09-04\let\work\backend-validation-checkout\backend\database\migrations\010_web_platform_tables.sql"
    sha256: "8ddd4b374bf8d5c7635214c5d26a84d2e6d81cab10aa8a7049d7b3da1da8b5e2"
[21:08:47.440] [32mINFO[39m: [36mRequired engine migration verified[39m
    module: "worker"
    status: "applied"
    migration: "20260814_quote_price_book"
    sourcePath: "C:\Users\Manfish\Documents\Codex\2026-09-04\let\work\backend-validation-checkout\backend\database\migrations\20260814_quote_price_book.sql"
    sha256: "4d49f31e83b6ba5352ee1c16da45e2b7ce8f84a4d5d9ee0b50bee57e2cafed69"
[21:08:47.490] [32mINFO[39m: [36mRequired engine migration verified[39m
    module: "worker"
    status: "applied"
    migration: "20260814_price_book_quote_decisions"
    sourcePath: "C:\Users\Manfish\Documents\Codex\2026-09-04\let\work\backend-validation-checkout\backend\database\migrations\20260814_price_book_quote_decisions.sql"
    sha256: "77d1a1e17e300f83c1dc7e6f5e57e3ecef617a69066f1806d9d44aea3cf6a4f1"
[21:08:47.584] [32mINFO[39m: [36mRequired engine migration verified[39m
    module: "worker"
    status: "applied"
    migration: "20260814_task_supply_confidence"
    sourcePath: "C:\Users\Manfish\Documents\Codex\2026-09-04\let\work\backend-validation-checkout\backend\database\migrations\20260814_task_supply_confidence.sql"
    sha256: "5c64425fef6a52b4abb7e00f42f2c7322be9d777b58c1efbb1d8f5bd71815e9e"
[21:08:47.610] [32mINFO[39m: [36mRequired engine migration verified[39m
    module: "worker"
    status: "applied"
    migration: "20260815_quote_columns_extra_v4"
    sourcePath: "C:\Users\Manfish\Documents\Codex\2026-09-04\let\work\backend-validation-checkout\backend\database\migrations\20260815_quote_columns_extra_v4.sql"
    sha256: "2c45fbed303842c44ee20d24df090e54de05519d9e7ff5e8f74d4283763be7ee"
[21:08:47.654] [32mINFO[39m: [36mRequired engine migration verified[39m
    module: "worker"
    status: "applied"
    migration: "20260819_quote_payments"
    sourcePath: "C:\Users\Manfish\Documents\Codex\2026-09-04\let\work\backend-validation-checkout\backend\database\migrations\20260819_quote_payments.sql"
    sha256: "bcd90a6905e374568042b589c5c85931f93ea3c9a92fc28afbd0693bcc0e4286"
[21:08:47.743] [32mINFO[39m: [36mRequired engine migration verified[39m
    module: "worker"
    status: "applied"
    migration: "20260823_quote_payment_recovery"
    sourcePath: "C:\Users\Manfish\Documents\Codex\2026-09-04\let\work\backend-validation-checkout\backend\database\migrations\20260823_quote_payment_recovery.sql"
    sha256: "b0d75f09f523fdf1a11ffd5cea7a1c4cd78d431e7e55cb5723f6ce6f243eebc8"
[21:08:48.309] [32mINFO[39m: [36mRequired engine migration verified[39m
    module: "worker"
    status: "applied"
    migration: "20260827_universal_v1_lifecycle_contract"
    sourcePath: "C:\Users\Manfish\Documents\Codex\2026-09-04\let\work\backend-validation-checkout\backend\database\migrations\20260827_universal_v1_lifecycle_contract.sql"
    sha256: "43224cc43d132d1dfa517f5150f28457fc27fda3fb85641d5c836f40406cf513"
[21:08:48.406] [32mINFO[39m: [36mRequired engine migration verified[39m
    module: "worker"
    status: "applied"
    migration: "20260828_operator_authority_contract"
    sourcePath: "C:\Users\Manfish\Documents\Codex\2026-09-04\let\work\backend-validation-checkout\backend\database\migrations\20260828_operator_authority_contract.sql"
    sha256: "6e813f7266e057aeaa840b6924abb8ec1a763ed352c567b0b601aeac0d69d908"
[21:08:48.435] [32mINFO[39m: [36mRequired engine migration verified[39m
    module: "worker"
    status: "applied"
    migration: "20260829_task_matching_state_contract"
    sourcePath: "C:\Users\Manfish\Documents\Codex\2026-09-04\let\work\backend-validation-checkout\backend\database\migrations\20260829_task_matching_state_contract.sql"
    sha256: "07c9ad6227bb5e6dcb2bc1f2c048032a6e32df8cb0ff2087e6fc9248fdfe08c8"
[21:08:48.453] [32mINFO[39m: [36mRequired engine migration verified[39m
    module: "worker"
    status: "applied"
    migration: "20260830_ai_agent_judge_audit_convergence"
    sourcePath: "C:\Users\Manfish\Documents\Codex\2026-09-04\let\work\backend-validation-checkout\backend\database\migrations\20260830_ai_agent_judge_audit_convergence.sql"
    sha256: "47346ca99af25235a6dfdca3a05c6a2734d8bd190f06d02e6fadbd21c13fc705"
[21:08:48.469] [32mINFO[39m: [36mRequired engine migration verified[39m
    module: "worker"
    status: "applied"
    migration: "20260831_provider_neutral_outbound_communication"
    sourcePath: "C:\Users\Manfish\Documents\Codex\2026-09-04\let\work\backend-validation-checkout\backend\database\migrations\20260831_provider_neutral_outbound_communication.sql"
    sha256: "7163e1269dabe9229c15c2515e417349bb57d8d6f4d30653dc18e195b31ef232"
[21:08:48.485] [32mINFO[39m: [36mRequired engine migration verified[39m
    module: "worker"
    status: "applied"
    migration: "20260901_universal_v1_lead_ingress_port"
    sourcePath: "C:\Users\Manfish\Documents\Codex\2026-09-04\let\work\backend-validation-checkout\backend\database\migrations\20260901_universal_v1_lead_ingress_port.sql"
    sha256: "3640d1f62dd029db0bdd23a1cad7c9456b0c65c4a0c0b17c89781a9a32684dea"
[21:08:48.600] [32mINFO[39m: [36mRequired engine migration verified[39m
    module: "worker"
    status: "applied"
    migration: "20260902_universal_v1_task_draft_public_port"
    sourcePath: "C:\Users\Manfish\Documents\Codex\2026-09-04\let\work\backend-validation-checkout\backend\database\migrations\20260902_universal_v1_task_draft_public_port.sql"
    sha256: "dbf11f4ef967c17ac32fe3d4cb5710671fa4092649650d54d5f071b1aa85582e"
[21:08:48.668] [32mINFO[39m: [36mRequired engine migration verified[39m
    module: "worker"
    status: "applied"
    migration: "20260903_universal_v1_task_draft_account_claim"
    sourcePath: "C:\Users\Manfish\Documents\Codex\2026-09-04\let\work\backend-validation-checkout\backend\database\migrations\20260903_universal_v1_task_draft_account_claim.sql"
    sha256: "d2141ef2d979c69af21653750ff4dc9e94085c53072b87324fafb6cfb114f614"
[21:08:48.690] [32mINFO[39m: [36mRequired engine migration verified[39m
    module: "worker"
    status: "applied"
    migration: "20260904_canonical_user_email_identity"
    sourcePath: "C:\Users\Manfish\Documents\Codex\2026-09-04\let\work\backend-validation-checkout\backend\database\migrations\20260904_canonical_user_email_identity.sql"
    sha256: "3efc1ed89a01b95037837fb075015d027b0f0e72047fa013839299378c5dcf57"
[21:08:48.708] [32mINFO[39m: [36mRequired engine migration verified[39m
    module: "worker"
    status: "applied"
    migration: "20260905_universal_v1_task_draft_legacy_claim_import_repair"
    sourcePath: "C:\Users\Manfish\Documents\Codex\2026-09-04\let\work\backend-validation-checkout\backend\database\migrations\20260905_universal_v1_task_draft_legacy_claim_import_repair.sql"
    sha256: "67990edf9f231d953e519eacf796aa0fcada492f8fe8ce4b7f7889560a07e827"
[21:08:48.795] [32mINFO[39m: [36mRequired engine migration verified[39m
    module: "worker"
    status: "applied"
    migration: "20260906_universal_v1_estimate_acceptance_materialization"
    sourcePath: "C:\Users\Manfish\Documents\Codex\2026-09-04\let\work\backend-validation-checkout\backend\database\migrations\20260906_universal_v1_estimate_acceptance_materialization.sql"
    sha256: "671d0c9cbb1507a6303165d319e08441f69e5027d6ab2d075561b70a063191e6"
[21:08:48.877] [32mINFO[39m: [36mRequired engine migration verified[39m
    module: "worker"
    status: "applied"
    migration: "20260907_universal_v1_provider_estimate_invitation"
    sourcePath: "C:\Users\Manfish\Documents\Codex\2026-09-04\let\work\backend-validation-checkout\backend\database\migrations\20260907_universal_v1_provider_estimate_invitation.sql"
    sha256: "aac7221f4cd1dca94d26a90e96b5de7078c50cf7660bb934582faecb1a70001e"
[21:08:48.951] [32mINFO[39m: [36mRequired engine migration verified[39m
    module: "worker"
    status: "applied"
    migration: "20260908_universal_v1_provider_work_order_authority"
    sourcePath: "C:\Users\Manfish\Documents\Codex\2026-09-04\let\work\backend-validation-checkout\backend\database\migrations\20260908_universal_v1_provider_work_order_authority.sql"
    sha256: "53bcfc5cc6aa79c3fc8470db293aa0e8ad411a05db958a46c67389d5bc0e1d4c"
[21:08:48.968] [32mINFO[39m: [36mRequired engine migration verified[39m
    module: "worker"
    status: "applied"
    migration: "20260909_universal_v1_reconciliation_alias_repair"
    sourcePath: "C:\Users\Manfish\Documents\Codex\2026-09-04\let\work\backend-validation-checkout\backend\database\migrations\20260909_universal_v1_reconciliation_alias_repair.sql"
    sha256: "422e138cce00ef672092869a758ca752a08717b81cf822b90a509319c1b610a3"
[21:08:49.024] [32mINFO[39m: [36mRequired engine migration verified[39m
    module: "worker"
    status: "applied"
    migration: "20260911_universal_v1_change_order_application"
    sourcePath: "C:\Users\Manfish\Documents\Codex\2026-09-04\let\work\backend-validation-checkout\backend\database\migrations\20260911_universal_v1_change_order_application.sql"
    sha256: "c89f3cc97feae9563764e0cae8f3df4391204277aaa0fed344ae8dad91c17a43"
[21:08:49.125] [32mINFO[39m: [36mRequired engine migration verified[39m
    module: "worker"
    status: "applied"
    migration: "20260912_universal_v1_work_order_execution_facts"
    sourcePath: "C:\Users\Manfish\Documents\Codex\2026-09-04\let\work\backend-validation-checkout\backend\database\migrations\20260912_universal_v1_work_order_execution_facts.sql"
    sha256: "fdbea47445c8a131c2b41f54f0ba4c57caa359ca2453b5bbe3ab6c12c494ce14"
[21:08:49.162] [32mINFO[39m: [36mRequired engine migration verified[39m
    module: "worker"
    status: "applied"
    migration: "20260913_universal_v1_completion_delivery_receipt"
    sourcePath: "C:\Users\Manfish\Documents\Codex\2026-09-04\let\work\backend-validation-checkout\backend\database\migrations\20260913_universal_v1_completion_delivery_receipt.sql"
    sha256: "6299c82b5bdd2383e6dbb4f5d4c2d3c59b21c5b4f985d4b80331713f4ceeb7af"
[21:08:49.236] [32mINFO[39m: [36mRequired engine migration verified[39m
    module: "worker"
    status: "applied"
    migration: "20260914_notification_provider_in_flight"
    sourcePath: "C:\Users\Manfish\Documents\Codex\2026-09-04\let\work\backend-validation-checkout\backend\database\migrations\20260914_notification_provider_in_flight.sql"
    sha256: "0b9a9e162477efd65db5204b667665197c5b7ffbb50efe86b041093f73d2cc2f"
[21:08:49.254] [32mINFO[39m: [36mRequired engine migration verified[39m
    module: "worker"
    status: "applied"
    migration: "20260915_ai_spend_attempt_ledger"
    sourcePath: "C:\Users\Manfish\Documents\Codex\2026-09-04\let\work\backend-validation-checkout\backend\database\migrations\20260915_ai_spend_attempt_ledger.sql"
    sha256: "63b2615ec02c6193c3a8e8b93de263a5b65ac5ec0cfb93cac1869fdf425bfb77"
[21:08:49.273] [32mINFO[39m: [36mRequired engine migration verified[39m
    module: "worker"
    status: "applied"
    migration: "20260916_provider_event_inbox_v1"
    sourcePath: "C:\Users\Manfish\Documents\Codex\2026-09-04\let\work\backend-validation-checkout\backend\database\migrations\20260916_provider_event_inbox_v1.sql"
    sha256: "452b2534f7559326b3772c84d2c3b12bf2c4b6e7623b2a214cd0d20bd09f07a4"
[21:08:49.289] [32mINFO[39m: [36mRequired engine migration verified[39m
    module: "worker"
    status: "applied"
    migration: "20260917_financial_provider_command_journal_v1"
    sourcePath: "C:\Users\Manfish\Documents\Codex\2026-09-04\let\work\backend-validation-checkout\backend\database\migrations\20260917_financial_provider_command_journal_v1.sql"
    sha256: "1ef51473dda118ffe7ff7799ae66e388a66ff9fa34f71df0fa1dc281b1b72577"
[21:08:49.381] [32mINFO[39m: [36mRequired engine migration verified[39m
    module: "worker"
    status: "applied"
    migration: "20260918_universal_v1_prepared_financial_command_v1"
    sourcePath: "C:\Users\Manfish\Documents\Codex\2026-09-04\let\work\backend-validation-checkout\backend\database\migrations\20260918_universal_v1_prepared_financial_command_v1.sql"
    sha256: "dccae61700235f6e0609bef77e454b808af148c347978ae08b422ded77bd8920"
[21:08:49.490] [32mINFO[39m: [36mRequired engine migration verified[39m
    module: "worker"
    status: "applied"
    migration: "20260919_provider_event_processing_v1"
    sourcePath: "C:\Users\Manfish\Documents\Codex\2026-09-04\let\work\backend-validation-checkout\backend\database\migrations\20260919_provider_event_processing_v1.sql"
    sha256: "48a0874f8cf045c5507071ee7013605101c9d50988fd55a97a6148b979b9e798"
[21:08:49.615] [32mINFO[39m: [36mRequired engine migration verified[39m
    module: "worker"
    status: "applied"
    migration: "20260920_financial_provider_command_recovery_v1"
    sourcePath: "C:\Users\Manfish\Documents\Codex\2026-09-04\let\work\backend-validation-checkout\backend\database\migrations\20260920_financial_provider_command_recovery_v1.sql"
    sha256: "f7e8b62942c1aed5435d2d7d805273effd52fc8041e78561d8ad9d3f69a77daf"
[21:08:49.630] [32mINFO[39m: [36mRequired engine migration verified[39m
    module: "worker"
    status: "applied"
    migration: "20260923_legacy_escrow_insert_containment_v1"
    sourcePath: "C:\Users\Manfish\Documents\Codex\2026-09-04\let\work\backend-validation-checkout\backend\database\migrations\20260923_legacy_escrow_insert_containment_v1.sql"
    sha256: "6b9a51a3aa3e963c13585ba5c374c55164a76be9dfffc91303175a523c9ab5d1"
[21:08:49.687] [32mINFO[39m: [36mRequired engine migration verified[39m
    module: "worker"
    status: "applied"
    migration: "20260924_universal_v1_task_draft_route_context_v1"
    sourcePath: "C:\Users\Manfish\Documents\Codex\2026-09-04\let\work\backend-validation-checkout\backend\database\migrations\20260924_universal_v1_task_draft_route_context_v1.sql"
    sha256: "530539ce2d5b3a002bb7ee5e41666334fd4a1d642dc3ac410cd5bae719b2e76f"
[21:08:49.766] [32mINFO[39m: [36mRequired engine migration verified[39m
    module: "worker"
    status: "applied"
    migration: "20260925_universal_v1_work_order_compensation_v1"
    sourcePath: "C:\Users\Manfish\Documents\Codex\2026-09-04\let\work\backend-validation-checkout\backend\database\migrations\20260925_universal_v1_work_order_compensation_v1.sql"
    sha256: "eca44af1528e1a21b718bc765cd8bc740e779bc02497195ddba7da00607f9169"
[21:08:49.834] [32mINFO[39m: [36mRequired engine migration verified[39m
    module: "worker"
    status: "applied"
    migration: "20260928_provider_observation_normalization_v1"
    sourcePath: "C:\Users\Manfish\Documents\Codex\2026-09-04\let\work\backend-validation-checkout\backend\database\migrations\20260928_provider_observation_normalization_v1.sql"
    sha256: "526872fabf6ee65126e3e864ec7d7fb7b830d08d95b8b35799fad8aadc8e7607"
[21:08:50.017] [32mINFO[39m: [36mRequired engine migration verified[39m
    module: "worker"
    status: "applied"
    migration: "20260929_universal_v1_double_entry_ledger_v1"
    sourcePath: "C:\Users\Manfish\Documents\Codex\2026-09-04\let\work\backend-validation-checkout\backend\database\migrations\20260929_universal_v1_double_entry_ledger_v1.sql"
    sha256: "1ad5d75901ad4de964ca821ca8a78bf37bfdb7322b2a2a2119c7bc60325f3102"
[21:08:50.195] [32mINFO[39m: [36mRequired engine migration verified[39m
    module: "worker"
    status: "applied"
    migration: "20260930_universal_v1_ops_cases_v1"
    sourcePath: "C:\Users\Manfish\Documents\Codex\2026-09-04\let\work\backend-validation-checkout\backend\database\migrations\20260930_universal_v1_ops_cases_v1.sql"
    sha256: "5a60b4ec860d26c1e5251cde4fd8a2f7a5aa9f567dc52adc87a2fb6d72cab104"
[21:08:50.317] [32mINFO[39m: [36mRequired engine migration verified[39m
    module: "worker"
    status: "applied"
    migration: "20261001_universal_v1_relationship_origin_v1"
    sourcePath: "C:\Users\Manfish\Documents\Codex\2026-09-04\let\work\backend-validation-checkout\backend\database\migrations\20261001_universal_v1_relationship_origin_v1.sql"
    sha256: "099372b9a542f268661d61d4ac618a11170fe81a26ae13af0512a82c2405e077"
[21:08:50.574] [32mINFO[39m: [36mRequired engine migration verified[39m
    module: "worker"
    status: "applied"
    migration: "20261002_universal_v1_dispute_recovery_v1"
    sourcePath: "C:\Users\Manfish\Documents\Codex\2026-09-04\let\work\backend-validation-checkout\backend\database\migrations\20261002_universal_v1_dispute_recovery_v1.sql"
    sha256: "6137ad651293d9a7f074b225bbd0f861911892427868ad84aff17425673fa189"
[21:08:50.656] [32mINFO[39m: [36mRequired engine migration verified[39m
    module: "worker"
    status: "applied"
    migration: "20261003_universal_v1_task_opportunities_v1"
    sourcePath: "C:\Users\Manfish\Documents\Codex\2026-09-04\let\work\backend-validation-checkout\backend\database\migrations\20261003_universal_v1_task_opportunities_v1.sql"
    sha256: "8f2e2e0edf387fd89cd936bbab6059cd4a4e22abbb3aae73951f3f466eca84b7"
[21:08:50.769] [32mINFO[39m: [36mRequired engine migration verified[39m
    module: "worker"
    status: "applied"
    migration: "20261004_universal_v1_completion_notice_dispatch_v1"
    sourcePath: "C:\Users\Manfish\Documents\Codex\2026-09-04\let\work\backend-validation-checkout\backend\database\migrations\20261004_universal_v1_completion_notice_dispatch_v1.sql"
    sha256: "f5723941769d027e496d0a3a7fed32b29b1a02ff76db97ead815acd46a7fdee8"
[21:08:50.815] [32mINFO[39m: [36mRequired engine migration verified[39m
    module: "worker"
    status: "applied"
    migration: "20261005_universal_v1_occurrence_access_audit_v1"
    sourcePath: "C:\Users\Manfish\Documents\Codex\2026-09-04\let\work\backend-validation-checkout\backend\database\migrations\20261005_universal_v1_occurrence_access_audit_v1.sql"
    sha256: "d805ce946b7aba804be55aea9f131cff99047adaa7d46cd3d21242ac492ec364"
[21:08:50.823] [32mINFO[39m: [36mLegacy exact-location encryption backfill verified[39m
    module: "worker"
    backfilledLocationCount: 0
 ❯ |database-serial| backend/tests/system/stage1-legacy-authority-containment.pg.test.ts (3 tests | 1 failed) 40525ms
     × preserves legacy rows and receipts while making every retired writer and bypass inert 15245ms
     ✓ rejects a one-column retired quote authority schema atomically  12738ms
     ✓ rejects a one-column retired task authority schema atomically  12539ms
[21:08:52.757] [33mWARN[39m: [36mFirebase Admin credentials missing — auth verification disabled[39m
    module: "auth"
 ❯ |database-serial| backend/tests/system/universal-v1-work-order-command-ports-v1.pg.test.ts (15 tests | 15 skipped) 37565ms
     ↓ fresh-installs exact engine ordinal 146, fake-finance v1-v12, and the bootstrap seal
     ↓ fails closed for absent, wrong-database, uppercase, and duplicate current target authority
     ↓ runs the bounded fake-only worker port with zero effects and immutable audit
     ↓ provisions exact NOLOGIN owners and least-privilege runtime and telemetry ACLs
     ↓ proves the separately seeded fake-finance v1-v11 chain without API finance grants
     ↓ allows attestation only through the attester and consumes it inside the human port
     ↓ rejects duplicate active canonical subjects before assertion consumption or domain writes
     ↓ requires writable SERIALIZABLE admission and exact millisecond timestamps before any write
     ↓ fails live readback for rogue LOGIN, membership, schema, relation, and grant-option authority
     ↓ runs exact-role interest, hold, full fake v1-v11 materialization, replay, and conflict
     ↓ rejects a real non-SUCCEEDED SECURE provider chain with zero Work Order effects
     ↓ claims and replays one exact fake VOID after post-SECURE eligibility revocation
     ↓ serializes a concurrent provider-capability revoke and leaves zero command writes
     ↓ activates a post-provision target through the sealed migrator port and rejects an old-tip assertion
     ↓ serializes the first runtime snapshot with target activation in both lock schedules
[21:09:33.159] [33mWARN[39m: [36mFirebase Admin credentials missing — auth verification disabled[39m
    module: "auth"
[21:09:35.070] [32mINFO[39m: [36mUniversal V1 TaskDraft mutation persisted[39m
    router: "web.taskDrafts"
    draftId: "d15451a9-ba2d-407c-9585-2546237951b5"
    action: "create"
    version: 1
    outcome: "ESTIMATE_REQUIRED"
    replayed: false
[21:09:35.104] [32mINFO[39m: [36mUniversal V1 TaskDraft mutation persisted[39m
    router: "web.taskDrafts"
    draftId: "d15451a9-ba2d-407c-9585-2546237951b5"
    action: "link_contact"
    version: 2
    outcome: "ESTIMATE_REQUIRED"
    replayed: false
[21:09:35.206] [32mINFO[39m: [36mUniversal V1 TaskDraft mutation persisted[39m
    router: "web.taskDrafts"
    draftId: "341077cc-8ff4-439e-84fb-3e102f1d4f69"
    action: "create"
    version: 1
    outcome: "ESTIMATE_REQUIRED"
    replayed: false
[21:09:35.232] [32mINFO[39m: [36mUniversal V1 TaskDraft mutation persisted[39m
    router: "web.taskDrafts"
    draftId: "341077cc-8ff4-439e-84fb-3e102f1d4f69"
    action: "link_contact"
    version: 2
    outcome: "ESTIMATE_REQUIRED"
    replayed: false
[21:09:35.334] [32mINFO[39m: [36mUniversal V1 TaskDraft mutation persisted[39m
    router: "web.taskDrafts"
    draftId: "9bcd6d74-ed7e-4269-a3c0-a4e2df25c500"
    action: "create"
    version: 1
    outcome: "ESTIMATE_REQUIRED"
    replayed: false
[21:09:35.356] [32mINFO[39m: [36mUniversal V1 TaskDraft mutation persisted[39m
    router: "web.taskDrafts"
    draftId: "9bcd6d74-ed7e-4269-a3c0-a4e2df25c500"
    action: "link_contact"
    version: 2
    outcome: "ESTIMATE_REQUIRED"
    replayed: false
[21:09:35.447] [32mINFO[39m: [36mUniversal V1 TaskDraft mutation persisted[39m
    router: "web.taskDrafts"
    draftId: "68694e78-ebaf-4876-b618-32c44a5e1895"
    action: "create"
    version: 1
    outcome: "ESTIMATE_REQUIRED"
    replayed: false
[21:09:35.469] [32mINFO[39m: [36mUniversal V1 TaskDraft mutation persisted[39m
    router: "web.taskDrafts"
    draftId: "68694e78-ebaf-4876-b618-32c44a5e1895"
    action: "link_contact"
    version: 2
    outcome: "ESTIMATE_REQUIRED"
    replayed: false
[21:09:35.560] [32mINFO[39m: [36mUniversal V1 TaskDraft mutation persisted[39m
    router: "web.taskDrafts"
    draftId: "a5c053eb-4125-4cd7-8e02-529023032e90"
    action: "create"
    version: 1
    outcome: "ESTIMATE_REQUIRED"
    replayed: false
[21:09:35.585] [32mINFO[39m: [36mUniversal V1 TaskDraft mutation persisted[39m
    router: "web.taskDrafts"
    draftId: "a5c053eb-4125-4cd7-8e02-529023032e90"
    action: "link_contact"
    version: 2
    outcome: "ESTIMATE_REQUIRED"
    replayed: false
[21:09:35.702] [32mINFO[39m: [36mUniversal V1 TaskDraft mutation persisted[39m
    router: "web.taskDrafts"
    draftId: "2704e36c-70c7-4442-a1c0-69fd0021b5c5"
    action: "create"
    version: 1
    outcome: "ESTIMATE_REQUIRED"
    replayed: false
[21:09:35.728] [32mINFO[39m: [36mUniversal V1 TaskDraft mutation persisted[39m
    router: "web.taskDrafts"
    draftId: "2704e36c-70c7-4442-a1c0-69fd0021b5c5"
    action: "link_contact"
    version: 2
    outcome: "ESTIMATE_REQUIRED"
    replayed: false
[21:09:35.898] [32mINFO[39m: [36mUniversal V1 TaskDraft mutation persisted[39m
    router: "web.taskDrafts"
    draftId: "3f49a430-622b-4f73-9d7c-2f48dc390f30"
    action: "create"
    version: 1
    outcome: "ESTIMATE_REQUIRED"
    replayed: false
[21:09:35.933] [32mINFO[39m: [36mUniversal V1 TaskDraft mutation persisted[39m
    router: "web.taskDrafts"
    draftId: "3f49a430-622b-4f73-9d7c-2f48dc390f30"
    action: "link_contact"
    version: 2
    outcome: "ESTIMATE_REQUIRED"
    replayed: false
[21:09:36.076] [32mINFO[39m: [36mUniversal V1 TaskDraft mutation persisted[39m
    router: "web.taskDrafts"
    draftId: "cf17cccd-6cf0-4525-8e43-1e2cb66999d4"
    action: "create"
    version: 1
    outcome: "ESTIMATE_REQUIRED"
    replayed: false
[21:09:36.098] [32mINFO[39m: [36mUniversal V1 TaskDraft mutation persisted[39m
    router: "web.taskDrafts"
    draftId: "cf17cccd-6cf0-4525-8e43-1e2cb66999d4"
    action: "link_contact"
    version: 2
    outcome: "ESTIMATE_REQUIRED"
    replayed: false
[21:09:36.245] [32mINFO[39m: [36mUniversal V1 TaskDraft mutation persisted[39m
    router: "web.taskDrafts"
    draftId: "2426c237-9002-4a87-af35-c630f054dfca"
    action: "create"
    version: 1
    outcome: "ESTIMATE_REQUIRED"
    replayed: false
[21:09:36.274] [32mINFO[39m: [36mUniversal V1 TaskDraft mutation persisted[39m
    router: "web.taskDrafts"
    draftId: "2426c237-9002-4a87-af35-c630f054dfca"
    action: "link_contact"
    version: 2
    outcome: "ESTIMATE_REQUIRED"
    replayed: false
[21:09:36.403] [32mINFO[39m: [36mUniversal V1 TaskDraft mutation persisted[39m
    router: "web.taskDrafts"
    draftId: "d8fa9f22-5e8c-4838-94c6-09f798ffa604"
    action: "create"
    version: 1
    outcome: "ESTIMATE_REQUIRED"
    replayed: false
[21:09:36.430] [32mINFO[39m: [36mUniversal V1 TaskDraft mutation persisted[39m
    router: "web.taskDrafts"
    draftId: "d8fa9f22-5e8c-4838-94c6-09f798ffa604"
    action: "link_contact"
    version: 2
    outcome: "ESTIMATE_REQUIRED"
    replayed: false
[21:09:36.548] [32mINFO[39m: [36mUniversal V1 TaskDraft mutation persisted[39m
    router: "web.taskDrafts"
    draftId: "9c174bef-9561-402e-8aca-2cceb260f1f7"
    action: "create"
    version: 1
    outcome: "ESTIMATE_REQUIRED"
    replayed: false
[21:09:36.576] [32mINFO[39m: [36mUniversal V1 TaskDraft mutation persisted[39m
    router: "web.taskDrafts"
    draftId: "9c174bef-9561-402e-8aca-2cceb260f1f7"
    action: "link_contact"
    version: 2
    outcome: "ESTIMATE_REQUIRED"
    replayed: false
[21:09:36.757] [32mINFO[39m: [36mUniversal V1 TaskDraft mutation persisted[39m
    router: "web.taskDrafts"
    draftId: "361bb1c1-f737-4342-9764-fee9998c3e1c"
    action: "create"
    version: 1
    outcome: "ESTIMATE_REQUIRED"
    replayed: false
[21:09:36.788] [32mINFO[39m: [36mUniversal V1 TaskDraft mutation persisted[39m
    router: "web.taskDrafts"
    draftId: "361bb1c1-f737-4342-9764-fee9998c3e1c"
    action: "link_contact"
    version: 2
    outcome: "ESTIMATE_REQUIRED"
    replayed: false
[21:09:36.897] [32mINFO[39m: [36mUniversal V1 TaskDraft mutation persisted[39m
    router: "web.taskDrafts"
    draftId: "ebb8bb13-9d17-43b5-b0bc-70edcbbf7982"
    action: "create"
    version: 1
    outcome: "ESTIMATE_REQUIRED"
    replayed: false
[21:09:36.919] [32mINFO[39m: [36mUniversal V1 TaskDraft mutation persisted[39m
    router: "web.taskDrafts"
    draftId: "ebb8bb13-9d17-43b5-b0bc-70edcbbf7982"
    action: "link_contact"
    version: 2
    outcome: "ESTIMATE_REQUIRED"
    replayed: false
[21:09:37.034] [32mINFO[39m: [36mUniversal V1 TaskDraft mutation persisted[39m
    router: "web.taskDrafts"
    draftId: "aaba4b26-370c-48b1-a963-5fb8e09820f5"
    action: "create"
    version: 1
    outcome: "ESTIMATE_REQUIRED"
    replayed: false
[21:09:37.059] [32mINFO[39m: [36mUniversal V1 TaskDraft mutation persisted[39m
    router: "web.taskDrafts"
    draftId: "aaba4b26-370c-48b1-a963-5fb8e09820f5"
    action: "link_contact"
    version: 2
    outcome: "ESTIMATE_REQUIRED"
    replayed: false
[21:09:37.160] [32mINFO[39m: [36mUniversal V1 TaskDraft mutation persisted[39m
    router: "web.taskDrafts"
    draftId: "1ce39cdf-48b7-490d-96a7-53aad6fc866b"
    action: "create"
    version: 1
    outcome: "ESTIMATE_REQUIRED"
    replayed: false
[21:09:37.185] [32mINFO[39m: [36mUniversal V1 TaskDraft mutation persisted[39m
    router: "web.taskDrafts"
    draftId: "1ce39cdf-48b7-490d-96a7-53aad6fc866b"
    action: "link_contact"
    version: 2
    outcome: "ESTIMATE_REQUIRED"
    replayed: false
[21:09:37.265] [32mINFO[39m: [36mUniversal V1 TaskDraft mutation persisted[39m
    router: "web.taskDrafts"
    draftId: "432cd314-484e-4e67-81cc-fef7b75dcba5"
    action: "create"
    version: 1
    outcome: "ESTIMATE_REQUIRED"
    replayed: false
[21:09:37.291] [32mINFO[39m: [36mUniversal V1 TaskDraft mutation persisted[39m
    router: "web.taskDrafts"
    draftId: "432cd314-484e-4e67-81cc-fef7b75dcba5"
    action: "link_contact"
    version: 2
    outcome: "ESTIMATE_REQUIRED"
    replayed: false
[21:09:38.042] [32mINFO[39m: [36mUniversal V1 TaskDraft mutation persisted[39m
    router: "web.taskDrafts"
    draftId: "8a207888-9e16-46b9-ada0-98f792d03e3b"
    action: "create"
    version: 1
    outcome: "ESTIMATE_REQUIRED"
    replayed: false
[21:09:38.073] [32mINFO[39m: [36mUniversal V1 TaskDraft mutation persisted[39m
    router: "web.taskDrafts"
    draftId: "8a207888-9e16-46b9-ada0-98f792d03e3b"
    action: "link_contact"
    version: 2
    outcome: "ESTIMATE_REQUIRED"
    replayed: false
[21:09:38.475] [32mINFO[39m: [36mUniversal V1 TaskDraft mutation persisted[39m
    router: "web.taskDrafts"
    draftId: "974ddfd7-44ba-491f-8c04-df36ba4a75fe"
    action: "create"
    version: 1
    outcome: "ESTIMATE_REQUIRED"
    replayed: false
[21:09:38.503] [32mINFO[39m: [36mUniversal V1 TaskDraft mutation persisted[39m
    router: "web.taskDrafts"
    draftId: "974ddfd7-44ba-491f-8c04-df36ba4a75fe"
    action: "link_contact"
    version: 2
    outcome: "ESTIMATE_REQUIRED"
    replayed: false
[21:09:40.320] [32mINFO[39m: [36mUniversal V1 TaskDraft mutation persisted[39m
    router: "web.taskDrafts"
    draftId: "2187955a-d6e3-4776-bf0e-61007bdf9f3b"
    action: "create"
    version: 1
    outcome: "ESTIMATE_REQUIRED"
    replayed: false
[21:09:40.349] [32mINFO[39m: [36mUniversal V1 TaskDraft mutation persisted[39m
    router: "web.taskDrafts"
    draftId: "2187955a-d6e3-4776-bf0e-61007bdf9f3b"
    action: "link_contact"
    version: 2
    outcome: "ESTIMATE_REQUIRED"
    replayed: false
[21:09:42.738] [32mINFO[39m: [36mUniversal V1 TaskDraft mutation persisted[39m
    router: "web.taskDrafts"
    draftId: "a8812bf2-c1d5-4561-ab29-ff92e811b2e4"
    action: "create"
    version: 1
    outcome: "ESTIMATE_REQUIRED"
    replayed: false
[21:09:42.762] [32mINFO[39m: [36mUniversal V1 TaskDraft mutation persisted[39m
    router: "web.taskDrafts"
    draftId: "a8812bf2-c1d5-4561-ab29-ff92e811b2e4"
    action: "link_contact"
    version: 2
    outcome: "ESTIMATE_REQUIRED"
    replayed: false
[21:09:42.954] [32mINFO[39m: [36mUniversal V1 TaskDraft mutation persisted[39m
    router: "web.taskDrafts"
    draftId: "dd2899d9-a1c5-4ae8-82a7-cc836aee1878"
    action: "create"
    version: 1
    outcome: "ESTIMATE_REQUIRED"
    replayed: false
[21:09:42.974] [32mINFO[39m: [36mUniversal V1 TaskDraft mutation persisted[39m
    router: "web.taskDrafts"
    draftId: "dd2899d9-a1c5-4ae8-82a7-cc836aee1878"
    action: "link_contact"
    version: 2
    outcome: "ESTIMATE_REQUIRED"
    replayed: false
[21:09:43.157] [32mINFO[39m: [36mUniversal V1 TaskDraft mutation persisted[39m
    router: "web.taskDrafts"
    draftId: "2bcf7a1f-6f7b-4cd4-beb9-2930a0e79669"
    action: "create"
    version: 1
    outcome: "ESTIMATE_REQUIRED"
    replayed: false
[21:09:43.181] [32mINFO[39m: [36mUniversal V1 TaskDraft mutation persisted[39m
    router: "web.taskDrafts"
    draftId: "2bcf7a1f-6f7b-4cd4-beb9-2930a0e79669"
    action: "link_contact"
    version: 2
    outcome: "ESTIMATE_REQUIRED"
    replayed: false
[21:09:44.226] [32mINFO[39m: [36mUniversal V1 TaskDraft mutation persisted[39m
    router: "web.taskDrafts"
    draftId: "1722e1bc-a940-444b-b874-ff985d44ba1c"
    action: "create"
    version: 1
    outcome: "ESTIMATE_REQUIRED"
    replayed: false
[21:09:44.249] [32mINFO[39m: [36mUniversal V1 TaskDraft mutation persisted[39m
    router: "web.taskDrafts"
    draftId: "1722e1bc-a940-444b-b874-ff985d44ba1c"
    action: "link_contact"
    version: 2
    outcome: "ESTIMATE_REQUIRED"
    replayed: false
[21:09:44.816] [32mINFO[39m: [36mUniversal V1 TaskDraft mutation persisted[39m
    router: "web.taskDrafts"
    draftId: "e4ac97b0-a1bd-4656-bdb2-22c884b61b48"
    action: "create"
    version: 1
    outcome: "ESTIMATE_REQUIRED"
    replayed: false
[21:09:44.841] [32mINFO[39m: [36mUniversal V1 TaskDraft mutation persisted[39m
    router: "web.taskDrafts"
    draftId: "e4ac97b0-a1bd-4656-bdb2-22c884b61b48"
    action: "link_contact"
    version: 2
    outcome: "ESTIMATE_REQUIRED"
    replayed: false
[21:09:45.471] [32mINFO[39m: [36mUniversal V1 TaskDraft mutation persisted[39m
    router: "web.taskDrafts"
    draftId: "d766f48a-7554-4955-ac81-1647cffb5317"
    action: "create"
    version: 1
    outcome: "ESTIMATE_REQUIRED"
    replayed: false
[21:09:45.490] [32mINFO[39m: [36mUniversal V1 TaskDraft mutation persisted[39m
    router: "web.taskDrafts"
    draftId: "d766f48a-7554-4955-ac81-1647cffb5317"
    action: "link_contact"
    version: 2
    outcome: "ESTIMATE_REQUIRED"
    replayed: false
[21:09:46.185] [32mINFO[39m: [36mUniversal V1 TaskDraft mutation persisted[39m
    router: "web.taskDrafts"
    draftId: "31f3095e-439e-42fd-ab4b-75a6d1fed7b9"
    action: "create"
    version: 1
    outcome: "ESTIMATE_REQUIRED"
    replayed: false
[21:09:46.204] [32mINFO[39m: [36mUniversal V1 TaskDraft mutation persisted[39m
    router: "web.taskDrafts"
    draftId: "31f3095e-439e-42fd-ab4b-75a6d1fed7b9"
    action: "link_contact"
    version: 2
    outcome: "ESTIMATE_REQUIRED"
    replayed: false
[21:09:46.847] [32mINFO[39m: [36mUniversal V1 TaskDraft mutation persisted[39m
    router: "web.taskDrafts"
    draftId: "b41f5ef6-cd9f-4dc8-bd2a-009a0cd37aeb"
    action: "create"
    version: 1
    outcome: "ESTIMATE_REQUIRED"
    replayed: false
[21:09:46.871] [32mINFO[39m: [36mUniversal V1 TaskDraft mutation persisted[39m
    router: "web.taskDrafts"
    draftId: "b41f5ef6-cd9f-4dc8-bd2a-009a0cd37aeb"
    action: "link_contact"
    version: 2
    outcome: "ESTIMATE_REQUIRED"
    replayed: false
[21:09:47.126] [32mINFO[39m: [36mUniversal V1 TaskDraft mutation persisted[39m
    router: "web.taskDrafts"
    draftId: "f0d62615-6a70-459a-ac2f-a719eeec2c59"
    action: "create"
    version: 1
    outcome: "ESTIMATE_REQUIRED"
    replayed: false
[21:09:47.147] [32mINFO[39m: [36mUniversal V1 TaskDraft mutation persisted[39m
    router: "web.taskDrafts"
    draftId: "f0d62615-6a70-459a-ac2f-a719eeec2c59"
    action: "link_contact"
    version: 2
    outcome: "ESTIMATE_REQUIRED"
    replayed: false
[21:09:47.394] [32mINFO[39m: [36mUniversal V1 TaskDraft mutation persisted[39m
    router: "web.taskDrafts"
    draftId: "5377d265-6956-450f-bc72-d489277cfda1"
    action: "create"
    version: 1
    outcome: "ESTIMATE_REQUIRED"
    replayed: false
[21:09:47.417] [32mINFO[39m: [36mUniversal V1 TaskDraft mutation persisted[39m
    router: "web.taskDrafts"
    draftId: "5377d265-6956-450f-bc72-d489277cfda1"
    action: "link_contact"
    version: 2
    outcome: "ESTIMATE_REQUIRED"
    replayed: false
[21:09:47.642] [32mINFO[39m: [36mUniversal V1 TaskDraft mutation persisted[39m
    router: "web.taskDrafts"
    draftId: "b06b9657-7f6c-4c86-8535-fcf63afd04b1"
    action: "create"
    version: 1
    outcome: "ESTIMATE_REQUIRED"
    replayed: false
[21:09:47.665] [32mINFO[39m: [36mUniversal V1 TaskDraft mutation persisted[39m
    router: "web.taskDrafts"
    draftId: "b06b9657-7f6c-4c86-8535-fcf63afd04b1"
    action: "link_contact"
    version: 2
    outcome: "ESTIMATE_REQUIRED"
    replayed: false
[21:09:47.795] [32mINFO[39m: [36mUniversal V1 TaskDraft mutation persisted[39m
    router: "web.taskDrafts"
    draftId: "5210de4b-cac3-403e-859b-42349c230102"
    action: "create"
    version: 1
    outcome: "ESTIMATE_REQUIRED"
    replayed: false
[21:09:47.811] [32mINFO[39m: [36mUniversal V1 TaskDraft mutation persisted[39m
    router: "web.taskDrafts"
    draftId: "5210de4b-cac3-403e-859b-42349c230102"
    action: "link_contact"
    version: 2
    outcome: "ESTIMATE_REQUIRED"
    replayed: false
[21:09:47.935] [32mINFO[39m: [36mUniversal V1 TaskDraft mutation persisted[39m
    router: "web.taskDrafts"
    draftId: "6f960b29-0bfc-4294-8955-933c640da683"
    action: "create"
    version: 1
    outcome: "ESTIMATE_REQUIRED"
    replayed: false
[21:09:47.959] [32mINFO[39m: [36mUniversal V1 TaskDraft mutation persisted[39m
    router: "web.taskDrafts"
    draftId: "6f960b29-0bfc-4294-8955-933c640da683"
    action: "link_contact"
    version: 2
    outcome: "ESTIMATE_REQUIRED"
    replayed: false
[21:09:48.162] [32mINFO[39m: [36mUniversal V1 TaskDraft mutation persisted[39m
    router: "web.taskDrafts"
    draftId: "ba34fb30-b7b4-4544-b243-1432b4263816"
    action: "create"
    version: 1
    outcome: "ESTIMATE_REQUIRED"
    replayed: false
[21:09:48.183] [32mINFO[39m: [36mUniversal V1 TaskDraft mutation persisted[39m
    router: "web.taskDrafts"
    draftId: "ba34fb30-b7b4-4544-b243-1432b4263816"
    action: "link_contact"
    version: 2
    outcome: "ESTIMATE_REQUIRED"
    replayed: false
[21:09:48.393] [32mINFO[39m: [36mUniversal V1 TaskDraft mutation persisted[39m
    router: "web.taskDrafts"
    draftId: "bebddcdd-e07a-4544-9f9b-acddd439a02e"
    action: "create"
    version: 1
    outcome: "ESTIMATE_REQUIRED"
    replayed: false
[21:09:48.410] [32mINFO[39m: [36mUniversal V1 TaskDraft mutation persisted[39m
    router: "web.taskDrafts"
    draftId: "bebddcdd-e07a-4544-9f9b-acddd439a02e"
    action: "link_contact"
    version: 2
    outcome: "ESTIMATE_REQUIRED"
    replayed: false
[21:09:48.733] [32mINFO[39m: [36mUniversal V1 TaskDraft mutation persisted[39m
    router: "web.taskDrafts"
    draftId: "47482df6-48a6-483e-96a6-4742d6d8d777"
    action: "create"
    version: 1
    outcome: "ESTIMATE_REQUIRED"
    replayed: false
[21:09:48.752] [32mINFO[39m: [36mUniversal V1 TaskDraft mutation persisted[39m
    router: "web.taskDrafts"
    draftId: "47482df6-48a6-483e-96a6-4742d6d8d777"
    action: "link_contact"
    version: 2
    outcome: "ESTIMATE_REQUIRED"
    replayed: false
[21:09:48.959] [32mINFO[39m: [36mUniversal V1 TaskDraft mutation persisted[39m
    router: "web.taskDrafts"
    draftId: "f27c4435-4f8f-4026-84c7-56329a28caea"
    action: "create"
    version: 1
    outcome: "ESTIMATE_REQUIRED"
    replayed: false
[21:09:48.989] [32mINFO[39m: [36mUniversal V1 TaskDraft mutation persisted[39m
    router: "web.taskDrafts"
    draftId: "f27c4435-4f8f-4026-84c7-56329a28caea"
    action: "link_contact"
    version: 2
    outcome: "ESTIMATE_REQUIRED"
    replayed: false
[21:09:49.183] [32mINFO[39m: [36mUniversal V1 TaskDraft mutation persisted[39m
    router: "web.taskDrafts"
    draftId: "fc1f7d34-fed4-4162-b6d4-a5fb9b1d1e02"
    action: "create"
    version: 1
    outcome: "ESTIMATE_REQUIRED"
    replayed: false
[21:09:49.201] [32mINFO[39m: [36mUniversal V1 TaskDraft mutation persisted[39m
    router: "web.taskDrafts"
    draftId: "fc1f7d34-fed4-4162-b6d4-a5fb9b1d1e02"
    action: "link_contact"
    version: 2
    outcome: "ESTIMATE_REQUIRED"
    replayed: false
 ❯ |database-serial| backend/tests/system/universal-v1-estimate-materialization.pg.test.ts (34 tests | 13 failed) 14570ms
     ✓ denies direct deterministic invitation insertion and rolls back its quote shell 201ms
     ✓ denies a inactive named operator without leaving an orphan quote or invitation 130ms
     ✓ denies a minor named operator without leaving an orphan quote or invitation 116ms
     ✓ denies a banned named operator without leaving an orphan quote or invitation 108ms
     ✓ denies a capability-less named operator without leaving an orphan quote or invitation 114ms
     ✓ allows an organization OWNER to submit commercial estimate pricing 204ms
     ✓ allows an organization ADMIN to submit commercial estimate pricing 181ms
     ✓ denies organization DISPATCHER commercial estimate pricing 163ms
     ✓ denies organization CREW commercial estimate pricing 163ms
     ✓ denies organization VIEWER commercial estimate pricing 166ms
     ✓ serializes two named operators racing for one eligibility into one invitation and quote 182ms
     ✓ observes operator-capability revocation committed ahead of the shared eligibility lock 143ms
     ✓ observes provider-membership revocation committed ahead of the shared eligibility lock 145ms
     ✓ observes organization revocation committed ahead of the shared eligibility lock 131ms
     ✓ observes credential revocation committed ahead of the shared eligibility lock 120ms
     ✓ materializes one yard-work Task with exact replay, strict authority, and no money or assignment  680ms
     ✓ requires an exact current government-backed trade qualification before a plumbing estimate  518ms
     ✓ rejects an expired invitation before submission and again before customer acceptance  4244ms
     ✓ rolls acceptance back when a submitted trade credential is revoked or expires  428ms
     ✓ copies locked trade eligibility and refuses an active trust hold before interest  1681ms
     × materializes one fake-secured unassigned Work Order, replays exactly, and rejects changed-context reuse 655ms
     × preserves committed fake-finance evidence when terminal Work Order insertion fails 682ms
     × uses only the exact compensation claim when eligibility changes after SECURE 683ms
     × voids the exact fake security event when legacy task state changes after SECURE 287ms
     × freezes the legacy task lifecycle projection after exact Work Order binding 261ms
     × rejects Work Order materialization after provider authority is revoked with zero financial effects 254ms
     ✓ rolls every materialization write back when the final immutable fact violates a database constraint 299ms
     × materializes and replays one dual-approved scope-only change on the exact execution chain 218ms
     × commits, fake-authorizes, materializes, and exactly replays one price-and-scope change 238ms
     × recovers every price-change crash boundary and terminally seals revoked authority 238ms
     × serializes one organization account across owner/admin actors and rejects forged or out-of-order authority 83ms
     × delivers one completion notice through the real worker and loopback SMTP sink 239ms
     × continues an unassigned Work Order through evidence, completion, fake capture, 'settlement and reconciliation' 231ms
     × continues an unassigned Work Order through evidence, completion, fake capture, 'full refund and closed reconciliation' 207ms
 ❯ |database-serial| backend/tests/system/universal-v1-financial-security-expiry.pg.test.ts (7 tests | 2 failed) 976ms
     ✓ uses strict greater-than semantics at the exact expiry boundary 6ms
     ✓ enforces success-only fake-provider expiry and null for failed results 47ms
     ✓ binds exact provider time and expiry with one TimeZone-invariant digest  348ms
     × carries one millisecond provider observation through the real repository, application, lifecycle, and bridge path 64ms
     × compensates a raw-only pre-v9 null-expiry success without an UNKNOWN loop or new positive authority 51ms
     ✓ compensates a bridged pre-v9 null-expiry success when provider time mismatches 238ms
     ✓ keeps an exact-time bridged pre-v9 null-expiry success replay-only 189ms
[21:09:52.467] [33mWARN[39m: [36mFirebase Admin credentials missing — auth verification disabled[39m
    module: "auth"
[21:10:11.808] [32mINFO[39m: [36mUniversal V1 TaskDraft mutation persisted[39m
    router: "web.taskDrafts"
    draftId: "db1db5a2-79fe-4c12-bb22-866333beda5b"
    action: "create"
    version: 1
    outcome: "ESTIMATE_REQUIRED"
    replayed: false
[21:10:11.839] [32mINFO[39m: [36mUniversal V1 TaskDraft mutation persisted[39m
    router: "web.taskDrafts"
    draftId: "db1db5a2-79fe-4c12-bb22-866333beda5b"
    action: "link_contact"
    version: 2
    outcome: "ESTIMATE_REQUIRED"
    replayed: false
[21:10:12.259] [32mINFO[39m: [36mUniversal V1 TaskDraft mutation persisted[39m
    router: "web.taskDrafts"
    draftId: "ad699655-5c8b-4bae-9a38-c44b81f24a7b"
    action: "create"
    version: 1
    outcome: "ESTIMATE_REQUIRED"
    replayed: false
[21:10:12.293] [32mINFO[39m: [36mUniversal V1 TaskDraft mutation persisted[39m
    router: "web.taskDrafts"
    draftId: "ad699655-5c8b-4bae-9a38-c44b81f24a7b"
    action: "link_contact"
    version: 2
    outcome: "ESTIMATE_REQUIRED"
    replayed: false
[21:10:12.481] [32mINFO[39m: [36mUniversal V1 TaskDraft mutation persisted[39m
    router: "web.taskDrafts"
    draftId: "031dab84-9db5-47af-899c-8427bbc8cb8d"
    action: "create"
    version: 1
    outcome: "ESTIMATE_REQUIRED"
    replayed: false
[21:10:12.508] [32mINFO[39m: [36mUniversal V1 TaskDraft mutation persisted[39m
    router: "web.taskDrafts"
    draftId: "031dab84-9db5-47af-899c-8427bbc8cb8d"
    action: "link_contact"
    version: 2
    outcome: "ESTIMATE_REQUIRED"
    replayed: false
[21:10:12.757] [32mINFO[39m: [36mUniversal V1 TaskDraft mutation persisted[39m
    router: "web.taskDrafts"
    draftId: "176ff822-e35b-4372-9937-54e7ea24bb35"
    action: "create"
    version: 1
    outcome: "ESTIMATE_REQUIRED"
    replayed: false
[21:10:12.796] [32mINFO[39m: [36mUniversal V1 TaskDraft mutation persisted[39m
    router: "web.taskDrafts"
    draftId: "176ff822-e35b-4372-9937-54e7ea24bb35"
    action: "link_contact"
    version: 2
    outcome: "ESTIMATE_REQUIRED"
    replayed: false
[21:10:12.900] [32mINFO[39m: [36mUniversal V1 TaskDraft mutation persisted[39m
    router: "web.taskDrafts"
    draftId: "1523fcb5-dfa6-4090-bac3-9aadcd88b11c"
    action: "create"
    version: 1
    outcome: "ESTIMATE_REQUIRED"
    replayed: false
[21:10:12.925] [32mINFO[39m: [36mUniversal V1 TaskDraft mutation persisted[39m
    router: "web.taskDrafts"
    draftId: "1523fcb5-dfa6-4090-bac3-9aadcd88b11c"
    action: "link_contact"
    version: 2
    outcome: "ESTIMATE_REQUIRED"
    replayed: false
 ✓ |database-serial| backend/tests/system/prepared-financial-command-authority.pg.test.ts (5 tests) 20763ms
     ✓ serializes concurrent exact preparation into one committed immutable fact  548ms
 ❯ |database-serial| backend/tests/system/provider-observation-normalization.pg.test.ts (2 tests | 1 failed) 127ms
     × corroborates an exact terminal observation without provider I/O or lifecycle success 70ms
     ✓ preserves authenticated raw evidence but refuses normalization before exact command authority 54ms
[21:10:15.985] [33mWARN[39m: [36mStripe not configured (placeholder or missing key)[39m
    module: "stripe"
 ❯ |database-serial| backend/tests/system/hxos-canonical-lifecycle.pg.test.ts (2 tests | 2 failed) 108ms
     × proves intent through bank payout with replay, concurrency, and failure evidence 36ms
     × persists provider-account refresh with replay, conflict, concurrency, and no external effect 36ms
[21:10:20.658] [33mWARN[39m: [36mFirebase Admin credentials missing — auth verification disabled[39m
    module: "auth"
[21:10:39.318] [32mINFO[39m: [36mUniversal V1 TaskDraft mutation persisted[39m
    router: "web.taskDrafts"
    draftId: "3e42ef30-028b-445e-9aca-e00f2c20f864"
    action: "create"
    version: 1
    outcome: "ESTIMATE_REQUIRED"
    replayed: false
[21:10:39.346] [32mINFO[39m: [36mUniversal V1 TaskDraft mutation persisted[39m
    router: "web.taskDrafts"
    draftId: "3e42ef30-028b-445e-9aca-e00f2c20f864"
    action: "link_contact"
    version: 2
    outcome: "ESTIMATE_REQUIRED"
    replayed: false
[21:10:55.877] [32mINFO[39m: [36mUniversal V1 TaskDraft mutation persisted[39m
    router: "web.taskDrafts"
    draftId: "889c274e-6cbf-4d17-9c80-4d5259ba2dcd"
    action: "create"
    version: 1
    outcome: "ESTIMATE_REQUIRED"
    replayed: false
[21:10:55.898] [32mINFO[39m: [36mUniversal V1 TaskDraft mutation persisted[39m
    router: "web.taskDrafts"
    draftId: "889c274e-6cbf-4d17-9c80-4d5259ba2dcd"
    action: "link_contact"
    version: 2
    outcome: "ESTIMATE_REQUIRED"
    replayed: false
[21:11:13.137] [32mINFO[39m: [36mUniversal V1 TaskDraft mutation persisted[39m
    router: "web.taskDrafts"
    draftId: "f1ec0a28-8c9f-427d-a938-eb07ebe50ef7"
    action: "create"
    version: 1
    outcome: "ESTIMATE_REQUIRED"
    replayed: false
[21:11:13.158] [32mINFO[39m: [36mUniversal V1 TaskDraft mutation persisted[39m
    router: "web.taskDrafts"
    draftId: "f1ec0a28-8c9f-427d-a938-eb07ebe50ef7"
    action: "link_contact"
    version: 2
    outcome: "ESTIMATE_REQUIRED"
    replayed: false
[21:11:26.672] [32mINFO[39m: [36mUniversal V1 TaskDraft mutation persisted[39m
    router: "web.taskDrafts"
    draftId: "124ef040-9b1f-4eb9-9d32-2f042ad72506"
    action: "create"
    version: 1
    outcome: "ESTIMATE_REQUIRED"
    replayed: false
[21:11:26.696] [32mINFO[39m: [36mUniversal V1 TaskDraft mutation persisted[39m
    router: "web.taskDrafts"
    draftId: "124ef040-9b1f-4eb9-9d32-2f042ad72506"
    action: "link_contact"
    version: 2
    outcome: "ESTIMATE_REQUIRED"
    replayed: false
[21:11:27.631] [32mINFO[39m: [36mUniversal V1 TaskDraft mutation persisted[39m
    router: "web.taskDrafts"
    draftId: "129afbbd-bb8b-4805-aefd-a19433e399e5"
    action: "create"
    version: 1
    outcome: "ESTIMATE_REQUIRED"
    replayed: false
[21:11:27.652] [32mINFO[39m: [36mUniversal V1 TaskDraft mutation persisted[39m
    router: "web.taskDrafts"
    draftId: "129afbbd-bb8b-4805-aefd-a19433e399e5"
    action: "link_contact"
    version: 2
    outcome: "ESTIMATE_REQUIRED"
    replayed: false
[21:11:35.027] [32mINFO[39m: [36mUniversal V1 TaskDraft mutation persisted[39m
    router: "web.taskDrafts"
    draftId: "8c0cae28-35d4-4773-a5fa-20bc8a9736cc"
    action: "create"
    version: 1
    outcome: "ESTIMATE_REQUIRED"
    replayed: false
[21:11:35.047] [32mINFO[39m: [36mUniversal V1 TaskDraft mutation persisted[39m
    router: "web.taskDrafts"
    draftId: "8c0cae28-35d4-4773-a5fa-20bc8a9736cc"
    action: "link_contact"
    version: 2
    outcome: "ESTIMATE_REQUIRED"
    replayed: false
[21:11:41.859] [32mINFO[39m: [36mUniversal V1 TaskDraft mutation persisted[39m
    router: "web.taskDrafts"
    draftId: "b5d32d93-f091-4911-a54b-c55909d90515"
    action: "create"
    version: 1
    outcome: "ESTIMATE_REQUIRED"
    replayed: false
[21:11:41.889] [32mINFO[39m: [36mUniversal V1 TaskDraft mutation persisted[39m
    router: "web.taskDrafts"
    draftId: "b5d32d93-f091-4911-a54b-c55909d90515"
    action: "link_contact"
    version: 2
    outcome: "ESTIMATE_REQUIRED"
    replayed: false
[21:11:47.799] [32mINFO[39m: [36mUniversal V1 TaskDraft mutation persisted[39m
    router: "web.taskDrafts"
    draftId: "fab44c0b-f741-49c3-a34c-918c636d9cf5"
    action: "create"
    version: 1
    outcome: "ESTIMATE_REQUIRED"
    replayed: false
[21:11:47.820] [32mINFO[39m: [36mUniversal V1 TaskDraft mutation persisted[39m
    router: "web.taskDrafts"
    draftId: "fab44c0b-f741-49c3-a34c-918c636d9cf5"
    action: "link_contact"
    version: 2
    outcome: "ESTIMATE_REQUIRED"
    replayed: false
[21:11:53.243] [32mINFO[39m: [36mUniversal V1 TaskDraft mutation persisted[39m
    router: "web.taskDrafts"
    draftId: "6a1f5db9-af0e-4457-862c-0912b5a1ccc3"
    action: "create"
    version: 1
    outcome: "ESTIMATE_REQUIRED"
    replayed: false
[21:11:53.262] [32mINFO[39m: [36mUniversal V1 TaskDraft mutation persisted[39m
    router: "web.taskDrafts"
    draftId: "6a1f5db9-af0e-4457-862c-0912b5a1ccc3"
    action: "link_contact"
    version: 2
    outcome: "ESTIMATE_REQUIRED"
    replayed: false
[21:12:03.898] [32mINFO[39m: [36mUniversal V1 TaskDraft mutation persisted[39m
    router: "web.taskDrafts"
    draftId: "b3b301fa-6943-44d0-8063-e9b079516fe4"
    action: "create"
    version: 1
    outcome: "ESTIMATE_REQUIRED"
    replayed: false
[21:12:03.918] [32mINFO[39m: [36mUniversal V1 TaskDraft mutation persisted[39m
    router: "web.taskDrafts"
    draftId: "b3b301fa-6943-44d0-8063-e9b079516fe4"
    action: "link_contact"
    version: 2
    outcome: "ESTIMATE_REQUIRED"
    replayed: false
[21:12:14.264] [32mINFO[39m: [36mUniversal V1 TaskDraft mutation persisted[39m
    router: "web.taskDrafts"
    draftId: "45ad885d-2fb2-43b9-9b13-5dc02091a529"
    action: "create"
    version: 1
    outcome: "ESTIMATE_REQUIRED"
    replayed: false
[21:12:14.288] [32mINFO[39m: [36mUniversal V1 TaskDraft mutation persisted[39m
    router: "web.taskDrafts"
    draftId: "45ad885d-2fb2-43b9-9b13-5dc02091a529"
    action: "link_contact"
    version: 2
    outcome: "ESTIMATE_REQUIRED"
    replayed: false
[21:12:15.070] [32mINFO[39m: [36mUniversal V1 TaskDraft mutation persisted[39m
    router: "web.taskDrafts"
    draftId: "c1fbe3d3-aa5e-424e-99d0-a538eda3cc82"
    action: "create"
    version: 1
    outcome: "ESTIMATE_REQUIRED"
    replayed: false
[21:12:15.094] [32mINFO[39m: [36mUniversal V1 TaskDraft mutation persisted[39m
    router: "web.taskDrafts"
    draftId: "c1fbe3d3-aa5e-424e-99d0-a538eda3cc82"
    action: "link_contact"
    version: 2
    outcome: "ESTIMATE_REQUIRED"
    replayed: false
[21:12:15.891] [32mINFO[39m: [36mUniversal V1 TaskDraft mutation persisted[39m
    router: "web.taskDrafts"
    draftId: "c0d7e252-b402-4bf4-b2f1-fa73327471d4"
    action: "create"
    version: 1
    outcome: "ESTIMATE_REQUIRED"
    replayed: false
[21:12:15.915] [32mINFO[39m: [36mUniversal V1 TaskDraft mutation persisted[39m
    router: "web.taskDrafts"
    draftId: "c0d7e252-b402-4bf4-b2f1-fa73327471d4"
    action: "link_contact"
    version: 2
    outcome: "ESTIMATE_REQUIRED"
    replayed: false
[21:12:16.635] [32mINFO[39m: [36mUniversal V1 TaskDraft mutation persisted[39m
    router: "web.taskDrafts"
    draftId: "2a198942-59e9-4fb9-a609-d682d143eb82"
    action: "create"
    version: 1
    outcome: "ESTIMATE_REQUIRED"
    replayed: false
[21:12:16.652] [32mINFO[39m: [36mUniversal V1 TaskDraft mutation persisted[39m
    router: "web.taskDrafts"
    draftId: "2a198942-59e9-4fb9-a609-d682d143eb82"
    action: "link_contact"
    version: 2
    outcome: "ESTIMATE_REQUIRED"
    replayed: false
[21:12:17.301] [32mINFO[39m: [36mUniversal V1 TaskDraft mutation persisted[39m
    router: "web.taskDrafts"
    draftId: "26459cfb-3e5f-4e35-a86b-c60ef346077c"
    action: "create"
    version: 1
    outcome: "ESTIMATE_REQUIRED"
    replayed: false
[21:12:17.318] [32mINFO[39m: [36mUniversal V1 TaskDraft mutation persisted[39m
    router: "web.taskDrafts"
    draftId: "26459cfb-3e5f-4e35-a86b-c60ef346077c"
    action: "link_contact"
    version: 2
    outcome: "ESTIMATE_REQUIRED"
    replayed: false
[21:12:17.391] [32mINFO[39m: [36mUniversal V1 TaskDraft mutation persisted[39m
    router: "web.taskDrafts"
    draftId: "6c895f26-b161-4dec-abdb-8f6584a7432d"
    action: "create"
    version: 1
    outcome: "ESTIMATE_REQUIRED"
    replayed: false
[21:12:17.414] [32mINFO[39m: [36mUniversal V1 TaskDraft mutation persisted[39m
    router: "web.taskDrafts"
    draftId: "6c895f26-b161-4dec-abdb-8f6584a7432d"
    action: "link_contact"
    version: 2
    outcome: "ESTIMATE_REQUIRED"
    replayed: false
[21:12:18.039] [32mINFO[39m: [36mUniversal V1 TaskDraft mutation persisted[39m
    router: "web.taskDrafts"
    draftId: "3b570e1c-4038-4151-85ea-43dd8fa0edcd"
    action: "create"
    version: 1
    outcome: "ESTIMATE_REQUIRED"
    replayed: false
[21:12:18.064] [32mINFO[39m: [36mUniversal V1 TaskDraft mutation persisted[39m
    router: "web.taskDrafts"
    draftId: "3b570e1c-4038-4151-85ea-43dd8fa0edcd"
    action: "link_contact"
    version: 2
    outcome: "ESTIMATE_REQUIRED"
    replayed: false
[21:12:18.925] [32mINFO[39m: [36mUniversal V1 TaskDraft mutation persisted[39m
    router: "web.taskDrafts"
    draftId: "2d18f2c0-6b0c-475d-b7fd-497d92bfe8df"
    action: "create"
    version: 1
    outcome: "ESTIMATE_REQUIRED"
    replayed: false
[21:12:18.942] [32mINFO[39m: [36mUniversal V1 TaskDraft mutation persisted[39m
    router: "web.taskDrafts"
    draftId: "2d18f2c0-6b0c-475d-b7fd-497d92bfe8df"
    action: "link_contact"
    version: 2
    outcome: "ESTIMATE_REQUIRED"
    replayed: false
[21:12:19.603] [32mINFO[39m: [36mUniversal V1 TaskDraft mutation persisted[39m
    router: "web.taskDrafts"
    draftId: "93373e7c-ecbc-4ac0-be91-eb1d1d271817"
    action: "create"
    version: 1
    outcome: "ESTIMATE_REQUIRED"
    replayed: false
[21:12:19.626] [32mINFO[39m: [36mUniversal V1 TaskDraft mutation persisted[39m
    router: "web.taskDrafts"
    draftId: "93373e7c-ecbc-4ac0-be91-eb1d1d271817"
    action: "link_contact"
    version: 2
    outcome: "ESTIMATE_REQUIRED"
    replayed: false
[21:12:20.242] [32mINFO[39m: [36mUniversal V1 TaskDraft mutation persisted[39m
    router: "web.taskDrafts"
    draftId: "21846120-7904-4bdb-b3ed-a96d8cf5486e"
    action: "create"
    version: 1
    outcome: "ESTIMATE_REQUIRED"
    replayed: false
[21:12:20.268] [32mINFO[39m: [36mUniversal V1 TaskDraft mutation persisted[39m
    router: "web.taskDrafts"
    draftId: "21846120-7904-4bdb-b3ed-a96d8cf5486e"
    action: "link_contact"
    version: 2
    outcome: "ESTIMATE_REQUIRED"
    replayed: false
[21:12:20.540] [32mINFO[39m: [36mUniversal V1 TaskDraft mutation persisted[39m
    router: "web.taskDrafts"
    draftId: "03e33dd5-a2d9-4a62-a54d-67807024b11d"
    action: "create"
    version: 1
    outcome: "ESTIMATE_REQUIRED"
    replayed: false
[21:12:20.559] [32mINFO[39m: [36mUniversal V1 TaskDraft mutation persisted[39m
    router: "web.taskDrafts"
    draftId: "03e33dd5-a2d9-4a62-a54d-67807024b11d"
    action: "link_contact"
    version: 2
    outcome: "ESTIMATE_REQUIRED"
    replayed: false
[21:12:21.161] [32mINFO[39m: [36mUniversal V1 TaskDraft mutation persisted[39m
    router: "web.taskDrafts"
    draftId: "15e366e6-6cc9-4486-a5e0-fd2b0814b30d"
    action: "create"
    version: 1
    outcome: "ESTIMATE_REQUIRED"
    replayed: false
[21:12:21.179] [32mINFO[39m: [36mUniversal V1 TaskDraft mutation persisted[39m
    router: "web.taskDrafts"
    draftId: "15e366e6-6cc9-4486-a5e0-fd2b0814b30d"
    action: "link_contact"
    version: 2
    outcome: "ESTIMATE_REQUIRED"
    replayed: false
[21:12:21.430] [32mINFO[39m: [36mUniversal V1 TaskDraft mutation persisted[39m
    router: "web.taskDrafts"
    draftId: "ca02ecf4-07e0-4c92-b782-635f025e14b6"
    action: "create"
    version: 1
    outcome: "ESTIMATE_REQUIRED"
    replayed: false
[21:12:21.449] [32mINFO[39m: [36mUniversal V1 TaskDraft mutation persisted[39m
    router: "web.taskDrafts"
    draftId: "ca02ecf4-07e0-4c92-b782-635f025e14b6"
    action: "link_contact"
    version: 2
    outcome: "ESTIMATE_REQUIRED"
    replayed: false
[21:12:22.058] [32mINFO[39m: [36mUniversal V1 TaskDraft mutation persisted[39m
    router: "web.taskDrafts"
    draftId: "1cc290e8-dd6f-4df1-adb4-7bac28f25193"
    action: "create"
    version: 1
    outcome: "ESTIMATE_REQUIRED"
    replayed: false
[21:12:22.080] [32mINFO[39m: [36mUniversal V1 TaskDraft mutation persisted[39m
    router: "web.taskDrafts"
    draftId: "1cc290e8-dd6f-4df1-adb4-7bac28f25193"
    action: "link_contact"
    version: 2
    outcome: "ESTIMATE_REQUIRED"
    replayed: false
[21:12:22.321] [32mINFO[39m: [36mUniversal V1 TaskDraft mutation persisted[39m
    router: "web.taskDrafts"
    draftId: "c63a6903-9b36-4477-b9c0-6f9aff564fa0"
    action: "create"
    version: 1
    outcome: "ESTIMATE_REQUIRED"
    replayed: false
[21:12:22.346] [32mINFO[39m: [36mUniversal V1 TaskDraft mutation persisted[39m
    router: "web.taskDrafts"
    draftId: "c63a6903-9b36-4477-b9c0-6f9aff564fa0"
    action: "link_contact"
    version: 2
    outcome: "ESTIMATE_REQUIRED"
    replayed: false
[21:12:22.981] [32mINFO[39m: [36mUniversal V1 TaskDraft mutation persisted[39m
    router: "web.taskDrafts"
    draftId: "471c8219-e4e3-4188-b7a2-ee263481bbd0"
    action: "create"
    version: 1
    outcome: "ESTIMATE_REQUIRED"
    replayed: false
[21:12:23.001] [32mINFO[39m: [36mUniversal V1 TaskDraft mutation persisted[39m
    router: "web.taskDrafts"
    draftId: "471c8219-e4e3-4188-b7a2-ee263481bbd0"
    action: "link_contact"
    version: 2
    outcome: "ESTIMATE_REQUIRED"
    replayed: false
[21:12:23.215] [32mINFO[39m: [36mUniversal V1 TaskDraft mutation persisted[39m
    router: "web.taskDrafts"
    draftId: "3e1e9c82-0bd7-4db9-9154-6534f0057ca6"
    action: "create"
    version: 1
    outcome: "ESTIMATE_REQUIRED"
    replayed: false
[21:12:23.232] [32mINFO[39m: [36mUniversal V1 TaskDraft mutation persisted[39m
    router: "web.taskDrafts"
    draftId: "3e1e9c82-0bd7-4db9-9154-6534f0057ca6"
    action: "link_contact"
    version: 2
    outcome: "ESTIMATE_REQUIRED"
    replayed: false
[21:12:23.850] [32mINFO[39m: [36mUniversal V1 TaskDraft mutation persisted[39m
    router: "web.taskDrafts"
    draftId: "44c48155-fba4-4e7b-ad7a-83c10ce180bf"
    action: "create"
    version: 1
    outcome: "ESTIMATE_REQUIRED"
    replayed: false
[21:12:23.877] [32mINFO[39m: [36mUniversal V1 TaskDraft mutation persisted[39m
    router: "web.taskDrafts"
    draftId: "44c48155-fba4-4e7b-ad7a-83c10ce180bf"
    action: "link_contact"
    version: 2
    outcome: "ESTIMATE_REQUIRED"
    replayed: false
[21:12:24.515] [32mINFO[39m: [36mUniversal V1 TaskDraft mutation persisted[39m
    router: "web.taskDrafts"
    draftId: "36b5d20d-7dae-44ae-b39a-978c7aa90634"
    action: "create"
    version: 1
    outcome: "ESTIMATE_REQUIRED"
    replayed: false
[21:12:24.537] [32mINFO[39m: [36mUniversal V1 TaskDraft mutation persisted[39m
    router: "web.taskDrafts"
    draftId: "36b5d20d-7dae-44ae-b39a-978c7aa90634"
    action: "link_contact"
    version: 2
    outcome: "ESTIMATE_REQUIRED"
    replayed: false
[21:12:25.157] [32mINFO[39m: [36mUniversal V1 TaskDraft mutation persisted[39m
    router: "web.taskDrafts"
    draftId: "2cc8b274-8295-4546-92b0-f9336b068eab"
    action: "create"
    version: 1
    outcome: "ESTIMATE_REQUIRED"
    replayed: false
[21:12:25.174] [32mINFO[39m: [36mUniversal V1 TaskDraft mutation persisted[39m
    router: "web.taskDrafts"
    draftId: "2cc8b274-8295-4546-92b0-f9336b068eab"
    action: "link_contact"
    version: 2
    outcome: "ESTIMATE_REQUIRED"
    replayed: false
[21:12:25.915] [32mINFO[39m: [36mUniversal V1 TaskDraft mutation persisted[39m
    router: "web.taskDrafts"
    draftId: "a210c65f-19c1-4d0d-8ef4-77f5829a8c84"
    action: "create"
    version: 1
    outcome: "ESTIMATE_REQUIRED"
    replayed: false
[21:12:25.934] [32mINFO[39m: [36mUniversal V1 TaskDraft mutation persisted[39m
    router: "web.taskDrafts"
    draftId: "a210c65f-19c1-4d0d-8ef4-77f5829a8c84"
    action: "link_contact"
    version: 2
    outcome: "ESTIMATE_REQUIRED"
    replayed: false
[21:12:26.572] [32mINFO[39m: [36mUniversal V1 TaskDraft mutation persisted[39m
    router: "web.taskDrafts"
    draftId: "71ce3fa4-f1f6-4389-bc6b-dac6a84e965e"
    action: "create"
    version: 1
    outcome: "ESTIMATE_REQUIRED"
    replayed: false
[21:12:26.589] [32mINFO[39m: [36mUniversal V1 TaskDraft mutation persisted[39m
    router: "web.taskDrafts"
    draftId: "71ce3fa4-f1f6-4389-bc6b-dac6a84e965e"
    action: "link_contact"
    version: 2
    outcome: "ESTIMATE_REQUIRED"
    replayed: false
[21:12:27.254] [32mINFO[39m: [36mUniversal V1 TaskDraft mutation persisted[39m
    router: "web.taskDrafts"
    draftId: "ae7ac2db-213b-4208-bfdd-d57b93337957"
    action: "create"
    version: 1
    outcome: "ESTIMATE_REQUIRED"
    replayed: false
[21:12:27.279] [32mINFO[39m: [36mUniversal V1 TaskDraft mutation persisted[39m
    router: "web.taskDrafts"
    draftId: "ae7ac2db-213b-4208-bfdd-d57b93337957"
    action: "link_contact"
    version: 2
    outcome: "ESTIMATE_REQUIRED"
    replayed: false
[21:12:28.146] [32mINFO[39m: [36mUniversal V1 TaskDraft mutation persisted[39m
    router: "web.taskDrafts"
    draftId: "d3043e1d-4c33-4bfa-9b65-a775f1b72aae"
    action: "create"
    version: 1
    outcome: "ESTIMATE_REQUIRED"
    replayed: false
[21:12:28.165] [32mINFO[39m: [36mUniversal V1 TaskDraft mutation persisted[39m
    router: "web.taskDrafts"
    draftId: "d3043e1d-4c33-4bfa-9b65-a775f1b72aae"
    action: "link_contact"
    version: 2
    outcome: "ESTIMATE_REQUIRED"
    replayed: false
[21:12:30.111] [32mINFO[39m: [36mUniversal V1 TaskDraft mutation persisted[39m
    router: "web.taskDrafts"
    draftId: "d65269de-a1ee-4f11-aa3b-de707520df19"
    action: "create"
    version: 1
    outcome: "ESTIMATE_REQUIRED"
    replayed: false
[21:12:30.137] [32mINFO[39m: [36mUniversal V1 TaskDraft mutation persisted[39m
    router: "web.taskDrafts"
    draftId: "d65269de-a1ee-4f11-aa3b-de707520df19"
    action: "link_contact"
    version: 2
    outcome: "ESTIMATE_REQUIRED"
    replayed: false
[21:12:31.256] [32mINFO[39m: [36mUniversal V1 TaskDraft mutation persisted[39m
    router: "web.taskDrafts"
    draftId: "ce461628-9a7b-4569-988c-da5f3854fd83"
    action: "create"
    version: 1
    outcome: "ESTIMATE_REQUIRED"
    replayed: false
[21:12:31.277] [32mINFO[39m: [36mUniversal V1 TaskDraft mutation persisted[39m
    router: "web.taskDrafts"
    draftId: "ce461628-9a7b-4569-988c-da5f3854fd83"
    action: "link_contact"
    version: 2
    outcome: "ESTIMATE_REQUIRED"
    replayed: false
[21:12:32.495] [32mINFO[39m: [36mUniversal V1 TaskDraft mutation persisted[39m
    router: "web.taskDrafts"
    draftId: "7680bd2c-e21f-4553-8d52-8dfdf7aa9a94"
    action: "create"
    version: 1
    outcome: "ESTIMATE_REQUIRED"
    replayed: false
[21:12:32.512] [32mINFO[39m: [36mUniversal V1 TaskDraft mutation persisted[39m
    router: "web.taskDrafts"
    draftId: "7680bd2c-e21f-4553-8d52-8dfdf7aa9a94"
    action: "link_contact"
    version: 2
    outcome: "ESTIMATE_REQUIRED"
    replayed: false
[21:12:33.156] [32mINFO[39m: [36mUniversal V1 TaskDraft mutation persisted[39m
    router: "web.taskDrafts"
    draftId: "7ea8ba8a-7c46-4d51-af5f-8b627ced3343"
    action: "create"
    version: 1
    outcome: "ESTIMATE_REQUIRED"
    replayed: false
[21:12:33.174] [32mINFO[39m: [36mUniversal V1 TaskDraft mutation persisted[39m
    router: "web.taskDrafts"
    draftId: "7ea8ba8a-7c46-4d51-af5f-8b627ced3343"
    action: "link_contact"
    version: 2
    outcome: "ESTIMATE_REQUIRED"
    replayed: false
[21:12:34.139] [32mINFO[39m: [36mUniversal V1 TaskDraft mutation persisted[39m
    router: "web.taskDrafts"
    draftId: "f41df4a4-3e1f-4261-8753-82a1a0e68009"
    action: "create"
    version: 1
    outcome: "ESTIMATE_REQUIRED"
    replayed: false
[21:12:34.156] [32mINFO[39m: [36mUniversal V1 TaskDraft mutation persisted[39m
    router: "web.taskDrafts"
    draftId: "f41df4a4-3e1f-4261-8753-82a1a0e68009"
    action: "link_contact"
    version: 2
    outcome: "ESTIMATE_REQUIRED"
    replayed: false
[21:12:34.776] [32mINFO[39m: [36mUniversal V1 TaskDraft mutation persisted[39m
    router: "web.taskDrafts"
    draftId: "fdeebdd0-7ecd-4db7-9934-c7bead44157a"
    action: "create"
    version: 1
    outcome: "ESTIMATE_REQUIRED"
    replayed: false
[21:12:34.795] [32mINFO[39m: [36mUniversal V1 TaskDraft mutation persisted[39m
    router: "web.taskDrafts"
    draftId: "fdeebdd0-7ecd-4db7-9934-c7bead44157a"
    action: "link_contact"
    version: 2
    outcome: "ESTIMATE_REQUIRED"
    replayed: false
[21:12:35.472] [32mINFO[39m: [36mUniversal V1 TaskDraft mutation persisted[39m
    router: "web.taskDrafts"
    draftId: "e439e44b-1af2-44f0-8f9a-13db0f7c9211"
    action: "create"
    version: 1
    outcome: "ESTIMATE_REQUIRED"
    replayed: false
[21:12:35.488] [32mINFO[39m: [36mUniversal V1 TaskDraft mutation persisted[39m
    router: "web.taskDrafts"
    draftId: "e439e44b-1af2-44f0-8f9a-13db0f7c9211"
    action: "link_contact"
    version: 2
    outcome: "ESTIMATE_REQUIRED"
    replayed: false
[21:12:36.106] [32mINFO[39m: [36mUniversal V1 TaskDraft mutation persisted[39m
    router: "web.taskDrafts"
    draftId: "b9a68526-3a4d-43c8-8548-c9f246490e8e"
    action: "create"
    version: 1
    outcome: "ESTIMATE_REQUIRED"
    replayed: false
[21:12:36.123] [32mINFO[39m: [36mUniversal V1 TaskDraft mutation persisted[39m
    router: "web.taskDrafts"
    draftId: "b9a68526-3a4d-43c8-8548-c9f246490e8e"
    action: "link_contact"
    version: 2
    outcome: "ESTIMATE_REQUIRED"
    replayed: false
[21:17:36.788] [32mINFO[39m: [36mUniversal V1 TaskDraft mutation persisted[39m
    router: "web.taskDrafts"
    draftId: "bb64edac-104a-4468-bdc0-c269e1a931c9"
    action: "create"
    version: 1
    outcome: "ESTIMATE_REQUIRED"
    replayed: false
[21:17:36.818] [32mINFO[39m: [36mUniversal V1 TaskDraft mutation persisted[39m
    router: "web.taskDrafts"
    draftId: "bb64edac-104a-4468-bdc0-c269e1a931c9"
    action: "link_contact"
    version: 2
    outcome: "ESTIMATE_REQUIRED"
    replayed: false
[21:17:38.002] [32mINFO[39m: [36mUniversal V1 TaskDraft mutation persisted[39m
    router: "web.taskDrafts"
    draftId: "4cd29f39-aa8a-4b88-97f5-ded43d8ad4e5"
    action: "create"
    version: 1
    outcome: "ESTIMATE_REQUIRED"
    replayed: false
[21:17:38.029] [32mINFO[39m: [36mUniversal V1 TaskDraft mutation persisted[39m
    router: "web.taskDrafts"
    draftId: "4cd29f39-aa8a-4b88-97f5-ded43d8ad4e5"
    action: "link_contact"
    version: 2
    outcome: "ESTIMATE_REQUIRED"
    replayed: false
[21:17:39.008] [32mINFO[39m: [36mUniversal V1 TaskDraft mutation persisted[39m
    router: "web.taskDrafts"
    draftId: "a0000ac0-128d-439e-aa04-f0d2b8f826c3"
    action: "create"
    version: 1
    outcome: "ESTIMATE_REQUIRED"
    replayed: false
[21:17:39.032] [32mINFO[39m: [36mUniversal V1 TaskDraft mutation persisted[39m
    router: "web.taskDrafts"
    draftId: "a0000ac0-128d-439e-aa04-f0d2b8f826c3"
    action: "link_contact"
    version: 2
    outcome: "ESTIMATE_REQUIRED"
    replayed: false
[21:17:39.750] [32mINFO[39m: [36mUniversal V1 TaskDraft mutation persisted[39m
    router: "web.taskDrafts"
    draftId: "8015814f-e619-4e26-a294-8d2f872c3fc1"
    action: "create"
    version: 1
    outcome: "ESTIMATE_REQUIRED"
    replayed: false
[21:17:39.779] [32mINFO[39m: [36mUniversal V1 TaskDraft mutation persisted[39m
    router: "web.taskDrafts"
    draftId: "8015814f-e619-4e26-a294-8d2f872c3fc1"
    action: "link_contact"
    version: 2
    outcome: "ESTIMATE_REQUIRED"
    replayed: false
[21:17:40.407] [32mINFO[39m: [36mUniversal V1 TaskDraft mutation persisted[39m
    router: "web.taskDrafts"
    draftId: "88b69341-ee35-4697-9f6a-e92a0653ae85"
    action: "create"
    version: 1
    outcome: "ESTIMATE_REQUIRED"
    replayed: false
[21:17:40.428] [32mINFO[39m: [36mUniversal V1 TaskDraft mutation persisted[39m
    router: "web.taskDrafts"
    draftId: "88b69341-ee35-4697-9f6a-e92a0653ae85"
    action: "link_contact"
    version: 2
    outcome: "ESTIMATE_REQUIRED"
    replayed: false
[21:17:41.131] [32mINFO[39m: [36mUniversal V1 TaskDraft mutation persisted[39m
    router: "web.taskDrafts"
    draftId: "dd9f7152-602c-40b6-b28e-2fbe9c18939c"
    action: "create"
    version: 1
    outcome: "ESTIMATE_REQUIRED"
    replayed: false
[21:17:41.153] [32mINFO[39m: [36mUniversal V1 TaskDraft mutation persisted[39m
    router: "web.taskDrafts"
    draftId: "dd9f7152-602c-40b6-b28e-2fbe9c18939c"
    action: "link_contact"
    version: 2
    outcome: "ESTIMATE_REQUIRED"
    replayed: false
[21:17:41.739] [32mINFO[39m: [36mUniversal V1 TaskDraft mutation persisted[39m
    router: "web.taskDrafts"
    draftId: "a16cb422-570f-408f-80a8-e3ac77cc86c5"
    action: "create"
    version: 1
    outcome: "ESTIMATE_REQUIRED"
    replayed: false
[21:17:41.760] [32mINFO[39m: [36mUniversal V1 TaskDraft mutation persisted[39m
    router: "web.taskDrafts"
    draftId: "a16cb422-570f-408f-80a8-e3ac77cc86c5"
    action: "link_contact"
    version: 2
    outcome: "ESTIMATE_REQUIRED"
    replayed: false
[21:17:42.722] [32mINFO[39m: [36mUniversal V1 TaskDraft mutation persisted[39m
    router: "web.taskDrafts"
    draftId: "da34afa3-2fb7-40a0-aaa8-4401cce936ef"
    action: "create"
    version: 1
    outcome: "ESTIMATE_REQUIRED"
    replayed: false
[21:17:42.742] [32mINFO[39m: [36mUniversal V1 TaskDraft mutation persisted[39m
    router: "web.taskDrafts"
    draftId: "da34afa3-2fb7-40a0-aaa8-4401cce936ef"
    action: "link_contact"
    version: 2
    outcome: "ESTIMATE_REQUIRED"
    replayed: false
[21:17:43.710] [32mINFO[39m: [36mUniversal V1 TaskDraft mutation persisted[39m
    router: "web.taskDrafts"
    draftId: "3ff1ef06-d156-4998-8cb3-070bb6651722"
    action: "create"
    version: 1
    outcome: "ESTIMATE_REQUIRED"
    replayed: false
[21:17:43.730] [32mINFO[39m: [36mUniversal V1 TaskDraft mutation persisted[39m
    router: "web.taskDrafts"
    draftId: "3ff1ef06-d156-4998-8cb3-070bb6651722"
    action: "link_contact"
    version: 2
    outcome: "ESTIMATE_REQUIRED"
    replayed: false
[21:17:44.734] [32mINFO[39m: [36mUniversal V1 TaskDraft mutation persisted[39m
    router: "web.taskDrafts"
    draftId: "b5658a8b-c835-4d89-9f6f-082ac157feb1"
    action: "create"
    version: 1
    outcome: "ESTIMATE_REQUIRED"
    replayed: false
[21:17:44.754] [32mINFO[39m: [36mUniversal V1 TaskDraft mutation persisted[39m
    router: "web.taskDrafts"
    draftId: "b5658a8b-c835-4d89-9f6f-082ac157feb1"
    action: "link_contact"
    version: 2
    outcome: "ESTIMATE_REQUIRED"
    replayed: false
[21:17:45.632] [32mINFO[39m: [36mUniversal V1 TaskDraft mutation persisted[39m
    router: "web.taskDrafts"
    draftId: "784720c3-9f14-4bc1-b018-0984403c460e"
    action: "create"
    version: 1
    outcome: "ESTIMATE_REQUIRED"
    replayed: false
[21:17:45.659] [32mINFO[39m: [36mUniversal V1 TaskDraft mutation persisted[39m
    router: "web.taskDrafts"
    draftId: "784720c3-9f14-4bc1-b018-0984403c460e"
    action: "link_contact"
    version: 2
    outcome: "ESTIMATE_REQUIRED"
    replayed: false
[21:17:46.520] [32mINFO[39m: [36mUniversal V1 TaskDraft mutation persisted[39m
    router: "web.taskDrafts"
    draftId: "51092a5d-0e74-4ef2-b964-02771e5be41a"
    action: "create"
    version: 1
    outcome: "ESTIMATE_REQUIRED"
    replayed: false
[21:17:46.542] [32mINFO[39m: [36mUniversal V1 TaskDraft mutation persisted[39m
    router: "web.taskDrafts"
    draftId: "51092a5d-0e74-4ef2-b964-02771e5be41a"
    action: "link_contact"
    version: 2
    outcome: "ESTIMATE_REQUIRED"
    replayed: false
[21:17:47.456] [32mINFO[39m: [36mUniversal V1 TaskDraft mutation persisted[39m
    router: "web.taskDrafts"
    draftId: "dd29b907-532e-42b4-ae3c-2e12470e5e14"
    action: "create"
    version: 1
    outcome: "ESTIMATE_REQUIRED"
    replayed: false
[21:17:47.476] [32mINFO[39m: [36mUniversal V1 TaskDraft mutation persisted[39m
    router: "web.taskDrafts"
    draftId: "dd29b907-532e-42b4-ae3c-2e12470e5e14"
    action: "link_contact"
    version: 2
    outcome: "ESTIMATE_REQUIRED"
    replayed: false
[21:17:48.316] [32mINFO[39m: [36mUniversal V1 TaskDraft mutation persisted[39m
    router: "web.taskDrafts"
    draftId: "dd1a15ab-546f-4aab-b071-3311818e5a6f"
    action: "create"
    version: 1
    outcome: "ESTIMATE_REQUIRED"
    replayed: false
[21:17:48.336] [32mINFO[39m: [36mUniversal V1 TaskDraft mutation persisted[39m
    router: "web.taskDrafts"
    draftId: "dd1a15ab-546f-4aab-b071-3311818e5a6f"
    action: "link_contact"
    version: 2
    outcome: "ESTIMATE_REQUIRED"
    replayed: false
[21:17:49.185] [32mINFO[39m: [36mUniversal V1 TaskDraft mutation persisted[39m
    router: "web.taskDrafts"
    draftId: "66da6f25-8f94-427f-b44d-3d48680cb202"
    action: "create"
    version: 1
    outcome: "ESTIMATE_REQUIRED"
    replayed: false
[21:17:49.206] [32mINFO[39m: [36mUniversal V1 TaskDraft mutation persisted[39m
    router: "web.taskDrafts"
    draftId: "66da6f25-8f94-427f-b44d-3d48680cb202"
    action: "link_contact"
    version: 2
    outcome: "ESTIMATE_REQUIRED"
    replayed: false
[21:17:55.244] [32mINFO[39m: [36mUniversal V1 TaskDraft mutation persisted[39m
    router: "web.taskDrafts"
    draftId: "9e1e3b68-2e59-433b-9e4b-a6ae4ea33551"
    action: "create"
    version: 1
    outcome: "ESTIMATE_REQUIRED"
    replayed: false
[21:17:55.264] [32mINFO[39m: [36mUniversal V1 TaskDraft mutation persisted[39m
    router: "web.taskDrafts"
    draftId: "9e1e3b68-2e59-433b-9e4b-a6ae4ea33551"
    action: "link_contact"
    version: 2
    outcome: "ESTIMATE_REQUIRED"
    replayed: false
[21:18:06.119] [32mINFO[39m: [36mUniversal V1 TaskDraft mutation persisted[39m
    router: "web.taskDrafts"
    draftId: "3459d7e2-66da-4f43-a6e0-4ad89428ad25"
    action: "create"
    version: 1
    outcome: "ESTIMATE_REQUIRED"
    replayed: false
[21:18:06.147] [32mINFO[39m: [36mUniversal V1 TaskDraft mutation persisted[39m
    router: "web.taskDrafts"
    draftId: "3459d7e2-66da-4f43-a6e0-4ad89428ad25"
    action: "link_contact"
    version: 2
    outcome: "ESTIMATE_REQUIRED"
    replayed: false
[21:18:12.428] [32mINFO[39m: [36mUniversal V1 TaskDraft mutation persisted[39m
    router: "web.taskDrafts"
    draftId: "4ccd2c43-9780-4103-94a1-cab19ea088c6"
    action: "create"
    version: 1
    outcome: "ESTIMATE_REQUIRED"
    replayed: false
[21:18:12.447] [32mINFO[39m: [36mUniversal V1 TaskDraft mutation persisted[39m
    router: "web.taskDrafts"
    draftId: "4ccd2c43-9780-4103-94a1-cab19ea088c6"
    action: "link_contact"
    version: 2
    outcome: "ESTIMATE_REQUIRED"
    replayed: false
[21:18:23.408] [32mINFO[39m: [36mUniversal V1 TaskDraft mutation persisted[39m
    router: "web.taskDrafts"
    draftId: "2050f03b-590e-4685-85f3-4cf32326be24"
    action: "create"
    version: 1
    outcome: "ESTIMATE_REQUIRED"
    replayed: false
[21:18:23.431] [32mINFO[39m: [36mUniversal V1 TaskDraft mutation persisted[39m
    router: "web.taskDrafts"
    draftId: "2050f03b-590e-4685-85f3-4cf32326be24"
    action: "link_contact"
    version: 2
    outcome: "ESTIMATE_REQUIRED"
    replayed: false
[21:18:34.393] [32mINFO[39m: [36mUniversal V1 TaskDraft mutation persisted[39m
    router: "web.taskDrafts"
    draftId: "030c34eb-a1dd-4c4f-8c55-b7bc64d4a4d3"
    action: "create"
    version: 1
    outcome: "ESTIMATE_REQUIRED"
    replayed: false
[21:18:34.415] [32mINFO[39m: [36mUniversal V1 TaskDraft mutation persisted[39m
    router: "web.taskDrafts"
    draftId: "030c34eb-a1dd-4c4f-8c55-b7bc64d4a4d3"
    action: "link_contact"
    version: 2
    outcome: "ESTIMATE_REQUIRED"
    replayed: false
[21:18:41.478] [32mINFO[39m: [36mUniversal V1 TaskDraft mutation persisted[39m
    router: "web.taskDrafts"
    draftId: "71b36686-350f-4385-87de-7fb67b87c4f4"
    action: "create"
    version: 1
    outcome: "ESTIMATE_REQUIRED"
    replayed: false
[21:18:41.499] [32mINFO[39m: [36mUniversal V1 TaskDraft mutation persisted[39m
    router: "web.taskDrafts"
    draftId: "71b36686-350f-4385-87de-7fb67b87c4f4"
    action: "link_contact"
    version: 2
    outcome: "ESTIMATE_REQUIRED"
    replayed: false
[21:18:47.454] [32mINFO[39m: [36mUniversal V1 TaskDraft mutation persisted[39m
    router: "web.taskDrafts"
    draftId: "5d1ed02b-3973-4bc4-9dbb-8041b360886e"
    action: "create"
    version: 1
    outcome: "ESTIMATE_REQUIRED"
    replayed: false
[21:18:47.479] [32mINFO[39m: [36mUniversal V1 TaskDraft mutation persisted[39m
    router: "web.taskDrafts"
    draftId: "5d1ed02b-3973-4bc4-9dbb-8041b360886e"
    action: "link_contact"
    version: 2
    outcome: "ESTIMATE_REQUIRED"
    replayed: false
[21:18:53.435] [32mINFO[39m: [36mUniversal V1 TaskDraft mutation persisted[39m
    router: "web.taskDrafts"
    draftId: "0ce053bf-1506-4584-a168-0c7235f4d938"
    action: "create"
    version: 1
    outcome: "ESTIMATE_REQUIRED"
    replayed: false
[21:18:53.457] [32mINFO[39m: [36mUniversal V1 TaskDraft mutation persisted[39m
    router: "web.taskDrafts"
    draftId: "0ce053bf-1506-4584-a168-0c7235f4d938"
    action: "link_contact"
    version: 2
    outcome: "ESTIMATE_REQUIRED"
    replayed: false
[21:18:59.435] [32mINFO[39m: [36mUniversal V1 TaskDraft mutation persisted[39m
    router: "web.taskDrafts"
    draftId: "39be9e30-d401-47f3-bcd1-05ddc398ae3c"
    action: "create"
    version: 1
    outcome: "ESTIMATE_REQUIRED"
    replayed: false
[21:18:59.455] [32mINFO[39m: [36mUniversal V1 TaskDraft mutation persisted[39m
    router: "web.taskDrafts"
    draftId: "39be9e30-d401-47f3-bcd1-05ddc398ae3c"
    action: "link_contact"
    version: 2
    outcome: "ESTIMATE_REQUIRED"
    replayed: false
[21:19:05.468] [32mINFO[39m: [36mUniversal V1 TaskDraft mutation persisted[39m
    router: "web.taskDrafts"
    draftId: "05acbc16-4805-4ce4-b9f0-f9a0bcd556b5"
    action: "create"
    version: 1
    outcome: "ESTIMATE_REQUIRED"
    replayed: false
[21:19:05.501] [32mINFO[39m: [36mUniversal V1 TaskDraft mutation persisted[39m
    router: "web.taskDrafts"
    draftId: "05acbc16-4805-4ce4-b9f0-f9a0bcd556b5"
    action: "link_contact"
    version: 2
    outcome: "ESTIMATE_REQUIRED"
    replayed: false
[21:19:11.604] [32mINFO[39m: [36mUniversal V1 TaskDraft mutation persisted[39m
    router: "web.taskDrafts"
    draftId: "200541eb-335b-4059-8700-d55faa2a2bab"
    action: "create"
    version: 1
    outcome: "ESTIMATE_REQUIRED"
    replayed: false
[21:19:11.627] [32mINFO[39m: [36mUniversal V1 TaskDraft mutation persisted[39m
    router: "web.taskDrafts"
    draftId: "200541eb-335b-4059-8700-d55faa2a2bab"
    action: "link_contact"
    version: 2
    outcome: "ESTIMATE_REQUIRED"
    replayed: false
[21:19:17.739] [32mINFO[39m: [36mUniversal V1 TaskDraft mutation persisted[39m
    router: "web.taskDrafts"
    draftId: "fe248cf9-f594-4f77-b340-f03cd1154ce1"
    action: "create"
    version: 1
    outcome: "ESTIMATE_REQUIRED"
    replayed: false
[21:19:17.762] [32mINFO[39m: [36mUniversal V1 TaskDraft mutation persisted[39m
    router: "web.taskDrafts"
    draftId: "fe248cf9-f594-4f77-b340-f03cd1154ce1"
    action: "link_contact"
    version: 2
    outcome: "ESTIMATE_REQUIRED"
    replayed: false
[21:19:24.010] [32mINFO[39m: [36mUniversal V1 TaskDraft mutation persisted[39m
    router: "web.taskDrafts"
    draftId: "c1b29883-4590-4121-a0f7-b80f1e337df5"
    action: "create"
    version: 1
    outcome: "ESTIMATE_REQUIRED"
    replayed: false
[21:19:24.031] [32mINFO[39m: [36mUniversal V1 TaskDraft mutation persisted[39m
    router: "web.taskDrafts"
    draftId: "c1b29883-4590-4121-a0f7-b80f1e337df5"
    action: "link_contact"
    version: 2
    outcome: "ESTIMATE_REQUIRED"
    replayed: false
[21:19:30.281] [32mINFO[39m: [36mUniversal V1 TaskDraft mutation persisted[39m
    router: "web.taskDrafts"
    draftId: "d3099826-8e1c-42eb-963c-6745a120c7f3"
    action: "create"
    version: 1
    outcome: "ESTIMATE_REQUIRED"
    replayed: false
[21:19:30.310] [32mINFO[39m: [36mUniversal V1 TaskDraft mutation persisted[39m
    router: "web.taskDrafts"
    draftId: "d3099826-8e1c-42eb-963c-6745a120c7f3"
    action: "link_contact"
    version: 2
    outcome: "ESTIMATE_REQUIRED"
    replayed: false
[21:19:36.786] [32mINFO[39m: [36mUniversal V1 TaskDraft mutation persisted[39m
    router: "web.taskDrafts"
    draftId: "700332b0-f877-4247-a777-72e5bdb9b707"
    action: "create"
    version: 1
    outcome: "ESTIMATE_REQUIRED"
    replayed: false
[21:19:36.813] [32mINFO[39m: [36mUniversal V1 TaskDraft mutation persisted[39m
    router: "web.taskDrafts"
    draftId: "700332b0-f877-4247-a777-72e5bdb9b707"
    action: "link_contact"
    version: 2
    outcome: "ESTIMATE_REQUIRED"
    replayed: false
[21:19:47.787] [32mINFO[39m: [36mUniversal V1 TaskDraft mutation persisted[39m
    router: "web.taskDrafts"
    draftId: "cccd5a28-92ff-4c53-afbb-63e3286e172e"
    action: "create"
    version: 1
    outcome: "ESTIMATE_REQUIRED"
    replayed: false
[21:19:47.811] [32mINFO[39m: [36mUniversal V1 TaskDraft mutation persisted[39m
    router: "web.taskDrafts"
    draftId: "cccd5a28-92ff-4c53-afbb-63e3286e172e"
    action: "link_contact"
    version: 2
    outcome: "ESTIMATE_REQUIRED"
    replayed: false
[21:19:58.832] [32mINFO[39m: [36mUniversal V1 TaskDraft mutation persisted[39m
    router: "web.taskDrafts"
    draftId: "d291671b-a641-4f9f-acea-a250dce88e3b"
    action: "create"
    version: 1
    outcome: "ESTIMATE_REQUIRED"
    replayed: false
[21:19:58.856] [32mINFO[39m: [36mUniversal V1 TaskDraft mutation persisted[39m
    router: "web.taskDrafts"
    draftId: "d291671b-a641-4f9f-acea-a250dce88e3b"
    action: "link_contact"
    version: 2
    outcome: "ESTIMATE_REQUIRED"
    replayed: false
[21:20:04.951] [32mINFO[39m: [36mUniversal V1 TaskDraft mutation persisted[39m
    router: "web.taskDrafts"
    draftId: "eb5d4606-4012-4c91-8401-b3eea8c3f07f"
    action: "create"
    version: 1
    outcome: "ESTIMATE_REQUIRED"
    replayed: false
[21:20:04.972] [32mINFO[39m: [36mUniversal V1 TaskDraft mutation persisted[39m
    router: "web.taskDrafts"
    draftId: "eb5d4606-4012-4c91-8401-b3eea8c3f07f"
    action: "link_contact"
    version: 2
    outcome: "ESTIMATE_REQUIRED"
    replayed: false
[21:20:14.322] [32mINFO[39m: [36mUniversal V1 TaskDraft mutation persisted[39m
    router: "web.taskDrafts"
    draftId: "776f32f6-bff9-415a-a1b7-07c85212dcb2"
    action: "create"
    version: 1
    outcome: "ESTIMATE_REQUIRED"
    replayed: false
[21:20:14.342] [32mINFO[39m: [36mUniversal V1 TaskDraft mutation persisted[39m
    router: "web.taskDrafts"
    draftId: "776f32f6-bff9-415a-a1b7-07c85212dcb2"
    action: "link_contact"
    version: 2
    outcome: "ESTIMATE_REQUIRED"
    replayed: false
[21:20:23.736] [32mINFO[39m: [36mUniversal V1 TaskDraft mutation persisted[39m
    router: "web.taskDrafts"
    draftId: "a7c3d81a-2111-44c5-88b2-bba1d6ae7888"
    action: "create"
    version: 1
    outcome: "ESTIMATE_REQUIRED"
    replayed: false
[21:20:23.763] [32mINFO[39m: [36mUniversal V1 TaskDraft mutation persisted[39m
    router: "web.taskDrafts"
    draftId: "a7c3d81a-2111-44c5-88b2-bba1d6ae7888"
    action: "link_contact"
    version: 2
    outcome: "ESTIMATE_REQUIRED"
    replayed: false
[21:20:35.137] [32mINFO[39m: [36mUniversal V1 TaskDraft mutation persisted[39m
    router: "web.taskDrafts"
    draftId: "b4bc45ab-be56-4304-a129-8415fdcf4eab"
    action: "create"
    version: 1
    outcome: "ESTIMATE_REQUIRED"
    replayed: false
[21:20:35.160] [32mINFO[39m: [36mUniversal V1 TaskDraft mutation persisted[39m
    router: "web.taskDrafts"
    draftId: "b4bc45ab-be56-4304-a129-8415fdcf4eab"
    action: "link_contact"
    version: 2
    outcome: "ESTIMATE_REQUIRED"
    replayed: false
[21:20:41.591] [32mINFO[39m: [36mUniversal V1 TaskDraft mutation persisted[39m
    router: "web.taskDrafts"
    draftId: "786ee949-4dec-4833-aaf1-92cae4c578fa"
    action: "create"
    version: 1
    outcome: "ESTIMATE_REQUIRED"
    replayed: false
[21:20:41.611] [32mINFO[39m: [36mUniversal V1 TaskDraft mutation persisted[39m
    router: "web.taskDrafts"
    draftId: "786ee949-4dec-4833-aaf1-92cae4c578fa"
    action: "link_contact"
    version: 2
    outcome: "ESTIMATE_REQUIRED"
    replayed: false
[21:20:47.536] [32mINFO[39m: [36mUniversal V1 TaskDraft mutation persisted[39m
    router: "web.taskDrafts"
    draftId: "07dfd3f8-076c-4e3f-a5d8-a39c1a2581e9"
    action: "create"
    version: 1
    outcome: "ESTIMATE_REQUIRED"
    replayed: false
[21:20:47.558] [32mINFO[39m: [36mUniversal V1 TaskDraft mutation persisted[39m
    router: "web.taskDrafts"
    draftId: "07dfd3f8-076c-4e3f-a5d8-a39c1a2581e9"
    action: "link_contact"
    version: 2
    outcome: "ESTIMATE_REQUIRED"
    replayed: false
[21:20:53.466] [32mINFO[39m: [36mUniversal V1 TaskDraft mutation persisted[39m
    router: "web.taskDrafts"
    draftId: "8e8e5adc-27d8-45ca-a657-d3d3ac12b6db"
    action: "create"
    version: 1
    outcome: "ESTIMATE_REQUIRED"
    replayed: false
[21:20:53.486] [32mINFO[39m: [36mUniversal V1 TaskDraft mutation persisted[39m
    router: "web.taskDrafts"
    draftId: "8e8e5adc-27d8-45ca-a657-d3d3ac12b6db"
    action: "link_contact"
    version: 2
    outcome: "ESTIMATE_REQUIRED"
    replayed: false
[21:20:59.516] [32mINFO[39m: [36mUniversal V1 TaskDraft mutation persisted[39m
    router: "web.taskDrafts"
    draftId: "ce53afcb-9052-4ffb-bb72-2bdf424f70bb"
    action: "create"
    version: 1
    outcome: "ESTIMATE_REQUIRED"
    replayed: false
[21:20:59.539] [32mINFO[39m: [36mUniversal V1 TaskDraft mutation persisted[39m
    router: "web.taskDrafts"
    draftId: "ce53afcb-9052-4ffb-bb72-2bdf424f70bb"
    action: "link_contact"
    version: 2
    outcome: "ESTIMATE_REQUIRED"
    replayed: false
[21:21:05.750] [32mINFO[39m: [36mUniversal V1 TaskDraft mutation persisted[39m
    router: "web.taskDrafts"
    draftId: "876e1835-11fc-48f6-b5e0-675eb7aea390"
    action: "create"
    version: 1
    outcome: "ESTIMATE_REQUIRED"
    replayed: false
[21:21:05.780] [32mINFO[39m: [36mUniversal V1 TaskDraft mutation persisted[39m
    router: "web.taskDrafts"
    draftId: "876e1835-11fc-48f6-b5e0-675eb7aea390"
    action: "link_contact"
    version: 2
    outcome: "ESTIMATE_REQUIRED"
    replayed: false
[21:21:11.883] [32mINFO[39m: [36mUniversal V1 TaskDraft mutation persisted[39m
    router: "web.taskDrafts"
    draftId: "0b40c380-ed87-4a80-93fc-e7415b4d611f"
    action: "create"
    version: 1
    outcome: "ESTIMATE_REQUIRED"
    replayed: false
[21:21:11.911] [32mINFO[39m: [36mUniversal V1 TaskDraft mutation persisted[39m
    router: "web.taskDrafts"
    draftId: "0b40c380-ed87-4a80-93fc-e7415b4d611f"
    action: "link_contact"
    version: 2
    outcome: "ESTIMATE_REQUIRED"
    replayed: false
[21:21:18.161] [32mINFO[39m: [36mUniversal V1 TaskDraft mutation persisted[39m
    router: "web.taskDrafts"
    draftId: "98c4f9bd-54ad-450f-8a74-b1d722ed27ab"
    action: "create"
    version: 1
    outcome: "ESTIMATE_REQUIRED"
    replayed: false
[21:21:18.192] [32mINFO[39m: [36mUniversal V1 TaskDraft mutation persisted[39m
    router: "web.taskDrafts"
    draftId: "98c4f9bd-54ad-450f-8a74-b1d722ed27ab"
    action: "link_contact"
    version: 2
    outcome: "ESTIMATE_REQUIRED"
    replayed: false
[21:21:24.378] [32mINFO[39m: [36mUniversal V1 TaskDraft mutation persisted[39m
    router: "web.taskDrafts"
    draftId: "5abd7a06-f528-43a8-8c3e-d82d4a43d263"
    action: "create"
    version: 1
    outcome: "ESTIMATE_REQUIRED"
    replayed: false
[21:21:24.401] [32mINFO[39m: [36mUniversal V1 TaskDraft mutation persisted[39m
    router: "web.taskDrafts"
    draftId: "5abd7a06-f528-43a8-8c3e-d82d4a43d263"
    action: "link_contact"
    version: 2
    outcome: "ESTIMATE_REQUIRED"
    replayed: false
[21:21:30.836] [32mINFO[39m: [36mUniversal V1 TaskDraft mutation persisted[39m
    router: "web.taskDrafts"
    draftId: "41ce320c-647d-49b2-bb08-f1783bac8f30"
    action: "create"
    version: 1
    outcome: "ESTIMATE_REQUIRED"
    replayed: false
[21:21:30.858] [32mINFO[39m: [36mUniversal V1 TaskDraft mutation persisted[39m
    router: "web.taskDrafts"
    draftId: "41ce320c-647d-49b2-bb08-f1783bac8f30"
    action: "link_contact"
    version: 2
    outcome: "ESTIMATE_REQUIRED"
    replayed: false
[21:21:42.580] [32mINFO[39m: [36mUniversal V1 TaskDraft mutation persisted[39m
    router: "web.taskDrafts"
    draftId: "207131d5-fd2c-4f86-9cc3-e4a4c6bbbfe8"
    action: "create"
    version: 1
    outcome: "ESTIMATE_REQUIRED"
    replayed: false
[21:21:42.603] [32mINFO[39m: [36mUniversal V1 TaskDraft mutation persisted[39m
    router: "web.taskDrafts"
    draftId: "207131d5-fd2c-4f86-9cc3-e4a4c6bbbfe8"
    action: "link_contact"
    version: 2
    outcome: "ESTIMATE_REQUIRED"
    replayed: false
[21:21:48.457] [32mINFO[39m: [36mUniversal V1 TaskDraft mutation persisted[39m
    router: "web.taskDrafts"
    draftId: "9ae4484e-457b-4380-b0a2-d8738bca339e"
    action: "create"
    version: 1
    outcome: "ESTIMATE_REQUIRED"
    replayed: false
[21:21:48.478] [32mINFO[39m: [36mUniversal V1 TaskDraft mutation persisted[39m
    router: "web.taskDrafts"
    draftId: "9ae4484e-457b-4380-b0a2-d8738bca339e"
    action: "link_contact"
    version: 2
    outcome: "ESTIMATE_REQUIRED"
    replayed: false
[21:21:54.390] [32mINFO[39m: [36mUniversal V1 TaskDraft mutation persisted[39m
    router: "web.taskDrafts"
    draftId: "74c3ca52-99b7-4c9f-b730-7062355e89b2"
    action: "create"
    version: 1
    outcome: "ESTIMATE_REQUIRED"
    replayed: false
[21:21:54.412] [32mINFO[39m: [36mUniversal V1 TaskDraft mutation persisted[39m
    router: "web.taskDrafts"
    draftId: "74c3ca52-99b7-4c9f-b730-7062355e89b2"
    action: "link_contact"
    version: 2
    outcome: "ESTIMATE_REQUIRED"
    replayed: false
[21:22:00.668] [32mINFO[39m: [36mUniversal V1 TaskDraft mutation persisted[39m
    router: "web.taskDrafts"
    draftId: "b79c61fd-94e0-44db-b5e7-64d335c8afac"
    action: "create"
    version: 1
    outcome: "ESTIMATE_REQUIRED"
    replayed: false
[21:22:00.691] [32mINFO[39m: [36mUniversal V1 TaskDraft mutation persisted[39m
    router: "web.taskDrafts"
    draftId: "b79c61fd-94e0-44db-b5e7-64d335c8afac"
    action: "link_contact"
    version: 2
    outcome: "ESTIMATE_REQUIRED"
    replayed: false
[21:22:06.640] [32mINFO[39m: [36mUniversal V1 TaskDraft mutation persisted[39m
    router: "web.taskDrafts"
    draftId: "a9b81c50-beae-4227-ad2f-9d9d53d45c28"
    action: "create"
    version: 1
    outcome: "ESTIMATE_REQUIRED"
    replayed: false
[21:22:06.662] [32mINFO[39m: [36mUniversal V1 TaskDraft mutation persisted[39m
    router: "web.taskDrafts"
    draftId: "a9b81c50-beae-4227-ad2f-9d9d53d45c28"
    action: "link_contact"
    version: 2
    outcome: "ESTIMATE_REQUIRED"
    replayed: false
[21:22:12.596] [32mINFO[39m: [36mUniversal V1 TaskDraft mutation persisted[39m
    router: "web.taskDrafts"
    draftId: "220e8e52-b24f-4065-905f-b75bbf5bc1ff"
    action: "create"
    version: 1
    outcome: "ESTIMATE_REQUIRED"
    replayed: false
[21:22:12.618] [32mINFO[39m: [36mUniversal V1 TaskDraft mutation persisted[39m
    router: "web.taskDrafts"
    draftId: "220e8e52-b24f-4065-905f-b75bbf5bc1ff"
    action: "link_contact"
    version: 2
    outcome: "ESTIMATE_REQUIRED"
    replayed: false
[21:22:18.524] [32mINFO[39m: [36mUniversal V1 TaskDraft mutation persisted[39m
    router: "web.taskDrafts"
    draftId: "2d57f9e6-3309-49eb-9f80-51743145f424"
    action: "create"
    version: 1
    outcome: "ESTIMATE_REQUIRED"
    replayed: false
[21:22:18.552] [32mINFO[39m: [36mUniversal V1 TaskDraft mutation persisted[39m
    router: "web.taskDrafts"
    draftId: "2d57f9e6-3309-49eb-9f80-51743145f424"
    action: "link_contact"
    version: 2
    outcome: "ESTIMATE_REQUIRED"
    replayed: false
[21:22:24.640] [32mINFO[39m: [36mUniversal V1 TaskDraft mutation persisted[39m
    router: "web.taskDrafts"
    draftId: "3affb86f-9247-45ea-a13b-24c8f0cc63b3"
    action: "create"
    version: 1
    outcome: "ESTIMATE_REQUIRED"
    replayed: false
[21:22:24.667] [32mINFO[39m: [36mUniversal V1 TaskDraft mutation persisted[39m
    router: "web.taskDrafts"
    draftId: "3affb86f-9247-45ea-a13b-24c8f0cc63b3"
    action: "link_contact"
    version: 2
    outcome: "ESTIMATE_REQUIRED"
    replayed: false
[21:22:31.248] [32mINFO[39m: [36mUniversal V1 TaskDraft mutation persisted[39m
    router: "web.taskDrafts"
    draftId: "0126e5a2-4e6c-435d-8fab-a500c841db0a"
    action: "create"
    version: 1
    outcome: "ESTIMATE_REQUIRED"
    replayed: false
[21:22:31.274] [32mINFO[39m: [36mUniversal V1 TaskDraft mutation persisted[39m
    router: "web.taskDrafts"
    draftId: "0126e5a2-4e6c-435d-8fab-a500c841db0a"
    action: "link_contact"
    version: 2
    outcome: "ESTIMATE_REQUIRED"
    replayed: false
[21:22:42.920] [32mINFO[39m: [36mUniversal V1 TaskDraft mutation persisted[39m
    router: "web.taskDrafts"
    draftId: "efb358b8-a96e-4427-add7-f6659dc0dfb1"
    action: "create"
    version: 1
    outcome: "ESTIMATE_REQUIRED"
    replayed: false
[21:22:42.944] [32mINFO[39m: [36mUniversal V1 TaskDraft mutation persisted[39m
    router: "web.taskDrafts"
    draftId: "efb358b8-a96e-4427-add7-f6659dc0dfb1"
    action: "link_contact"
    version: 2
    outcome: "ESTIMATE_REQUIRED"
    replayed: false
[21:22:53.944] [32mINFO[39m: [36mUniversal V1 TaskDraft mutation persisted[39m
    router: "web.taskDrafts"
    draftId: "6f9da86a-4570-47d6-8c8f-257d6f07e99a"
    action: "create"
    version: 1
    outcome: "ESTIMATE_REQUIRED"
    replayed: false
[21:22:53.967] [32mINFO[39m: [36mUniversal V1 TaskDraft mutation persisted[39m
    router: "web.taskDrafts"
    draftId: "6f9da86a-4570-47d6-8c8f-257d6f07e99a"
    action: "link_contact"
    version: 2
    outcome: "ESTIMATE_REQUIRED"
    replayed: false
[21:22:59.932] [32mINFO[39m: [36mUniversal V1 TaskDraft mutation persisted[39m
    router: "web.taskDrafts"
    draftId: "b3383561-784d-47d5-a24d-0801ab60e9db"
    action: "create"
    version: 1
    outcome: "ESTIMATE_REQUIRED"
    replayed: false
[21:22:59.953] [32mINFO[39m: [36mUniversal V1 TaskDraft mutation persisted[39m
    router: "web.taskDrafts"
    draftId: "b3383561-784d-47d5-a24d-0801ab60e9db"
    action: "link_contact"
    version: 2
    outcome: "ESTIMATE_REQUIRED"
    replayed: false
[21:23:06.295] [32mINFO[39m: [36mUniversal V1 TaskDraft mutation persisted[39m
    router: "web.taskDrafts"
    draftId: "2c92ba86-795a-4ec4-845d-7066f9e48698"
    action: "create"
    version: 1
    outcome: "ESTIMATE_REQUIRED"
    replayed: false
[21:23:06.316] [32mINFO[39m: [36mUniversal V1 TaskDraft mutation persisted[39m
    router: "web.taskDrafts"
    draftId: "2c92ba86-795a-4ec4-845d-7066f9e48698"
    action: "link_contact"
    version: 2
    outcome: "ESTIMATE_REQUIRED"
    replayed: false
[21:23:12.239] [32mINFO[39m: [36mUniversal V1 TaskDraft mutation persisted[39m
    router: "web.taskDrafts"
    draftId: "1e9c20d5-8c83-454d-81e1-468a1bd57639"
    action: "create"
    version: 1
    outcome: "ESTIMATE_REQUIRED"
    replayed: false
[21:23:12.260] [32mINFO[39m: [36mUniversal V1 TaskDraft mutation persisted[39m
    router: "web.taskDrafts"
    draftId: "1e9c20d5-8c83-454d-81e1-468a1bd57639"
    action: "link_contact"
    version: 2
    outcome: "ESTIMATE_REQUIRED"
    replayed: false
[21:23:18.078] [32mINFO[39m: [36mUniversal V1 TaskDraft mutation persisted[39m
    router: "web.taskDrafts"
    draftId: "a7889c86-3e78-421d-a73d-f1f2c9c9d167"
    action: "create"
    version: 1
    outcome: "ESTIMATE_REQUIRED"
    replayed: false
[21:23:18.099] [32mINFO[39m: [36mUniversal V1 TaskDraft mutation persisted[39m
    router: "web.taskDrafts"
    draftId: "a7889c86-3e78-421d-a73d-f1f2c9c9d167"
    action: "link_contact"
    version: 2
    outcome: "ESTIMATE_REQUIRED"
    replayed: false
[21:23:24.010] [32mINFO[39m: [36mUniversal V1 TaskDraft mutation persisted[39m
    router: "web.taskDrafts"
    draftId: "61874d75-0c9f-41fd-8e46-63f74a8748de"
    action: "create"
    version: 1
    outcome: "ESTIMATE_REQUIRED"
    replayed: false
[21:23:24.029] [32mINFO[39m: [36mUniversal V1 TaskDraft mutation persisted[39m
    router: "web.taskDrafts"
    draftId: "61874d75-0c9f-41fd-8e46-63f74a8748de"
    action: "link_contact"
    version: 2
    outcome: "ESTIMATE_REQUIRED"
    replayed: false
[21:23:29.932] [32mINFO[39m: [36mUniversal V1 TaskDraft mutation persisted[39m
    router: "web.taskDrafts"
    draftId: "3937e5bd-f34c-4e36-abf9-6f9689c98d5e"
    action: "create"
    version: 1
    outcome: "ESTIMATE_REQUIRED"
    replayed: false
[21:23:29.954] [32mINFO[39m: [36mUniversal V1 TaskDraft mutation persisted[39m
    router: "web.taskDrafts"
    draftId: "3937e5bd-f34c-4e36-abf9-6f9689c98d5e"
    action: "link_contact"
    version: 2
    outcome: "ESTIMATE_REQUIRED"
    replayed: false
[21:23:36.243] [32mINFO[39m: [36mUniversal V1 TaskDraft mutation persisted[39m
    router: "web.taskDrafts"
    draftId: "11cf774a-e443-46ee-85cd-3e48f2bf7016"
    action: "create"
    version: 1
    outcome: "ESTIMATE_REQUIRED"
    replayed: false
[21:23:36.263] [32mINFO[39m: [36mUniversal V1 TaskDraft mutation persisted[39m
    router: "web.taskDrafts"
    draftId: "11cf774a-e443-46ee-85cd-3e48f2bf7016"
    action: "link_contact"
    version: 2
    outcome: "ESTIMATE_REQUIRED"
    replayed: false
[21:23:42.078] [32mINFO[39m: [36mUniversal V1 TaskDraft mutation persisted[39m
    router: "web.taskDrafts"
    draftId: "b68f861f-b0df-4e3f-9a98-de5c54e52f24"
    action: "create"
    version: 1
    outcome: "ESTIMATE_REQUIRED"
    replayed: false
[21:23:42.098] [32mINFO[39m: [36mUniversal V1 TaskDraft mutation persisted[39m
    router: "web.taskDrafts"
    draftId: "b68f861f-b0df-4e3f-9a98-de5c54e52f24"
    action: "link_contact"
    version: 2
    outcome: "ESTIMATE_REQUIRED"
    replayed: false
[21:23:48.022] [32mINFO[39m: [36mUniversal V1 TaskDraft mutation persisted[39m
    router: "web.taskDrafts"
    draftId: "a2ca208d-24eb-4b2d-98d7-f2b3b66378d8"
    action: "create"
    version: 1
    outcome: "ESTIMATE_REQUIRED"
    replayed: false
[21:23:48.047] [32mINFO[39m: [36mUniversal V1 TaskDraft mutation persisted[39m
    router: "web.taskDrafts"
    draftId: "a2ca208d-24eb-4b2d-98d7-f2b3b66378d8"
    action: "link_contact"
    version: 2
    outcome: "ESTIMATE_REQUIRED"
    replayed: false
[21:23:59.044] [32mINFO[39m: [36mUniversal V1 TaskDraft mutation persisted[39m
    router: "web.taskDrafts"
    draftId: "3f8e7d37-2269-406b-94ed-6f4e7d2c2304"
    action: "create"
    version: 1
    outcome: "ESTIMATE_REQUIRED"
    replayed: false
[21:23:59.066] [32mINFO[39m: [36mUniversal V1 TaskDraft mutation persisted[39m
    router: "web.taskDrafts"
    draftId: "3f8e7d37-2269-406b-94ed-6f4e7d2c2304"
    action: "link_contact"
    version: 2
    outcome: "ESTIMATE_REQUIRED"
    replayed: false
[21:24:09.921] [32mINFO[39m: [36mUniversal V1 TaskDraft mutation persisted[39m
    router: "web.taskDrafts"
    draftId: "7f6af4d3-4c78-422b-abbd-761b13abf17d"
    action: "create"
    version: 1
    outcome: "ESTIMATE_REQUIRED"
    replayed: false
[21:24:09.942] [32mINFO[39m: [36mUniversal V1 TaskDraft mutation persisted[39m
    router: "web.taskDrafts"
    draftId: "7f6af4d3-4c78-422b-abbd-761b13abf17d"
    action: "link_contact"
    version: 2
    outcome: "ESTIMATE_REQUIRED"
    replayed: false
[21:24:20.859] [32mINFO[39m: [36mUniversal V1 TaskDraft mutation persisted[39m
    router: "web.taskDrafts"
    draftId: "1f3624fd-004d-47b6-8e5f-fb7bb8cd7d92"
    action: "create"
    version: 1
    outcome: "ESTIMATE_REQUIRED"
    replayed: false
[21:24:20.879] [32mINFO[39m: [36mUniversal V1 TaskDraft mutation persisted[39m
    router: "web.taskDrafts"
    draftId: "1f3624fd-004d-47b6-8e5f-fb7bb8cd7d92"
    action: "link_contact"
    version: 2
    outcome: "ESTIMATE_REQUIRED"
    replayed: false
[21:24:31.793] [32mINFO[39m: [36mUniversal V1 TaskDraft mutation persisted[39m
    router: "web.taskDrafts"
    draftId: "5b9a5bd4-9e0a-4c28-8575-8ff8692161bb"
    action: "create"
    version: 1
    outcome: "ESTIMATE_REQUIRED"
    replayed: false
[21:24:31.816] [32mINFO[39m: [36mUniversal V1 TaskDraft mutation persisted[39m
    router: "web.taskDrafts"
    draftId: "5b9a5bd4-9e0a-4c28-8575-8ff8692161bb"
    action: "link_contact"
    version: 2
    outcome: "ESTIMATE_REQUIRED"
    replayed: false
[21:24:43.931] [32mINFO[39m: [36mUniversal V1 TaskDraft mutation persisted[39m
    router: "web.taskDrafts"
    draftId: "a4b32770-4b87-4c98-bf09-c646a7d6af49"
    action: "create"
    version: 1
    outcome: "ESTIMATE_REQUIRED"
    replayed: false
[21:24:43.961] [32mINFO[39m: [36mUniversal V1 TaskDraft mutation persisted[39m
    router: "web.taskDrafts"
    draftId: "a4b32770-4b87-4c98-bf09-c646a7d6af49"
    action: "link_contact"
    version: 2
    outcome: "ESTIMATE_REQUIRED"
    replayed: false
[21:24:51.378] [32mINFO[39m: [36mUniversal V1 TaskDraft mutation persisted[39m
    router: "web.taskDrafts"
    draftId: "d9410fe9-0c38-4d5d-b79e-f81a0d50112a"
    action: "create"
    version: 1
    outcome: "ESTIMATE_REQUIRED"
    replayed: false
[21:24:51.402] [32mINFO[39m: [36mUniversal V1 TaskDraft mutation persisted[39m
    router: "web.taskDrafts"
    draftId: "d9410fe9-0c38-4d5d-b79e-f81a0d50112a"
    action: "link_contact"
    version: 2
    outcome: "ESTIMATE_REQUIRED"
    replayed: false
[21:24:57.288] [32mINFO[39m: [36mUniversal V1 TaskDraft mutation persisted[39m
    router: "web.taskDrafts"
    draftId: "3e2cdb9b-b757-4ec5-80cd-c20dbd9eb6be"
    action: "create"
    version: 1
    outcome: "ESTIMATE_REQUIRED"
    replayed: false
[21:24:57.308] [32mINFO[39m: [36mUniversal V1 TaskDraft mutation persisted[39m
    router: "web.taskDrafts"
    draftId: "3e2cdb9b-b757-4ec5-80cd-c20dbd9eb6be"
    action: "link_contact"
    version: 2
    outcome: "ESTIMATE_REQUIRED"
    replayed: false
[21:25:03.154] [32mINFO[39m: [36mUniversal V1 TaskDraft mutation persisted[39m
    router: "web.taskDrafts"
    draftId: "3778f6e1-626f-43a9-91e1-f769533510b2"
    action: "create"
    version: 1
    outcome: "ESTIMATE_REQUIRED"
    replayed: false
[21:25:03.177] [32mINFO[39m: [36mUniversal V1 TaskDraft mutation persisted[39m
    router: "web.taskDrafts"
    draftId: "3778f6e1-626f-43a9-91e1-f769533510b2"
    action: "link_contact"
    version: 2
    outcome: "ESTIMATE_REQUIRED"
    replayed: false
[21:25:14.067] [32mINFO[39m: [36mUniversal V1 TaskDraft mutation persisted[39m
    router: "web.taskDrafts"
    draftId: "809ed544-8c27-4598-9dfd-862e2e067050"
    action: "create"
    version: 1
    outcome: "ESTIMATE_REQUIRED"
    replayed: false
[21:25:14.086] [32mINFO[39m: [36mUniversal V1 TaskDraft mutation persisted[39m
    router: "web.taskDrafts"
    draftId: "809ed544-8c27-4598-9dfd-862e2e067050"
    action: "link_contact"
    version: 2
    outcome: "ESTIMATE_REQUIRED"
    replayed: false
[21:25:14.722] [32mINFO[39m: [36mUniversal V1 TaskDraft mutation persisted[39m
    router: "web.taskDrafts"
    draftId: "a67e5254-da5e-4cd1-bced-fad919c4cf89"
    action: "create"
    version: 1
    outcome: "ESTIMATE_REQUIRED"
    replayed: false
[21:25:14.742] [32mINFO[39m: [36mUniversal V1 TaskDraft mutation persisted[39m
    router: "web.taskDrafts"
    draftId: "a67e5254-da5e-4cd1-bced-fad919c4cf89"
    action: "link_contact"
    version: 2
    outcome: "ESTIMATE_REQUIRED"
    replayed: false
[21:25:20.149] [32mINFO[39m: [36mUniversal V1 TaskDraft mutation persisted[39m
    router: "web.taskDrafts"
    draftId: "8a00ef80-9709-4577-8ffd-e6156a81cb08"
    action: "create"
    version: 1
    outcome: "ESTIMATE_REQUIRED"
    replayed: false
[21:25:20.176] [32mINFO[39m: [36mUniversal V1 TaskDraft mutation persisted[39m
    router: "web.taskDrafts"
    draftId: "8a00ef80-9709-4577-8ffd-e6156a81cb08"
    action: "link_contact"
    version: 2
    outcome: "ESTIMATE_REQUIRED"
    replayed: false
[21:25:28.087] [32mINFO[39m: [36mUniversal V1 TaskDraft mutation persisted[39m
    router: "web.taskDrafts"
    draftId: "5c2cf556-016d-4c1c-878d-a77c4a07861f"
    action: "create"
    version: 1
    outcome: "ESTIMATE_REQUIRED"
    replayed: false
[21:25:28.110] [32mINFO[39m: [36mUniversal V1 TaskDraft mutation persisted[39m
    router: "web.taskDrafts"
    draftId: "5c2cf556-016d-4c1c-878d-a77c4a07861f"
    action: "link_contact"
    version: 2
    outcome: "ESTIMATE_REQUIRED"
    replayed: false
[21:25:34.836] [32mINFO[39m: [36mUniversal V1 TaskDraft mutation persisted[39m
    router: "web.taskDrafts"
    draftId: "423103d5-3738-409a-9ca1-ce27828e375d"
    action: "create"
    version: 1
    outcome: "ESTIMATE_REQUIRED"
    replayed: false
[21:25:34.856] [32mINFO[39m: [36mUniversal V1 TaskDraft mutation persisted[39m
    router: "web.taskDrafts"
    draftId: "423103d5-3738-409a-9ca1-ce27828e375d"
    action: "link_contact"
    version: 2
    outcome: "ESTIMATE_REQUIRED"
    replayed: false
[21:25:40.764] [32mINFO[39m: [36mUniversal V1 TaskDraft mutation persisted[39m
    router: "web.taskDrafts"
    draftId: "43be2046-e095-4c04-902e-c55e7689c16b"
    action: "create"
    version: 1
    outcome: "ESTIMATE_REQUIRED"
    replayed: false
[21:25:40.789] [32mINFO[39m: [36mUniversal V1 TaskDraft mutation persisted[39m
    router: "web.taskDrafts"
    draftId: "43be2046-e095-4c04-902e-c55e7689c16b"
    action: "link_contact"
    version: 2
    outcome: "ESTIMATE_REQUIRED"
    replayed: false
[21:25:46.574] [32mINFO[39m: [36mUniversal V1 TaskDraft mutation persisted[39m
    router: "web.taskDrafts"
    draftId: "ce574be0-0335-4f22-b624-3a06af2b86a9"
    action: "create"
    version: 1
    outcome: "ESTIMATE_REQUIRED"
    replayed: false
[21:25:46.593] [32mINFO[39m: [36mUniversal V1 TaskDraft mutation persisted[39m
    router: "web.taskDrafts"
    draftId: "ce574be0-0335-4f22-b624-3a06af2b86a9"
    action: "link_contact"
    version: 2
    outcome: "ESTIMATE_REQUIRED"
    replayed: false
[21:25:47.395] [32mINFO[39m: [36mUniversal V1 TaskDraft mutation persisted[39m
    router: "web.taskDrafts"
    draftId: "b6f3d6a5-c422-4b38-8155-c25db6de8904"
    action: "create"
    version: 1
    outcome: "ESTIMATE_REQUIRED"
    replayed: false
[21:25:47.414] [32mINFO[39m: [36mUniversal V1 TaskDraft mutation persisted[39m
    router: "web.taskDrafts"
    draftId: "b6f3d6a5-c422-4b38-8155-c25db6de8904"
    action: "link_contact"
    version: 2
    outcome: "ESTIMATE_REQUIRED"
    replayed: false
[21:25:53.243] [32mINFO[39m: [36mUniversal V1 TaskDraft mutation persisted[39m
    router: "web.taskDrafts"
    draftId: "f9ea8064-3c3a-41c8-b9ab-e0c0686bdaf5"
    action: "create"
    version: 1
    outcome: "ESTIMATE_REQUIRED"
    replayed: false
[21:25:53.263] [32mINFO[39m: [36mUniversal V1 TaskDraft mutation persisted[39m
    router: "web.taskDrafts"
    draftId: "f9ea8064-3c3a-41c8-b9ab-e0c0686bdaf5"
    action: "link_contact"
    version: 2
    outcome: "ESTIMATE_REQUIRED"
    replayed: false
[21:25:54.093] [32mINFO[39m: [36mUniversal V1 TaskDraft mutation persisted[39m
    router: "web.taskDrafts"
    draftId: "f5f58ea4-78de-4f8a-a6c6-eeded2d8ed31"
    action: "create"
    version: 1
    outcome: "ESTIMATE_REQUIRED"
    replayed: false
[21:25:54.118] [32mINFO[39m: [36mUniversal V1 TaskDraft mutation persisted[39m
    router: "web.taskDrafts"
    draftId: "f5f58ea4-78de-4f8a-a6c6-eeded2d8ed31"
    action: "link_contact"
    version: 2
    outcome: "ESTIMATE_REQUIRED"
    replayed: false
[21:25:59.919] [32mINFO[39m: [36mUniversal V1 TaskDraft mutation persisted[39m
    router: "web.taskDrafts"
    draftId: "b36122ed-00f4-4503-8dd2-1304b86c7dec"
    action: "create"
    version: 1
    outcome: "ESTIMATE_REQUIRED"
    replayed: false
[21:25:59.938] [32mINFO[39m: [36mUniversal V1 TaskDraft mutation persisted[39m
    router: "web.taskDrafts"
    draftId: "b36122ed-00f4-4503-8dd2-1304b86c7dec"
    action: "link_contact"
    version: 2
    outcome: "ESTIMATE_REQUIRED"
    replayed: false
[21:26:05.808] [32mINFO[39m: [36mUniversal V1 TaskDraft mutation persisted[39m
    router: "web.taskDrafts"
    draftId: "30a70f5f-c878-4c05-8b60-0088b85e69fc"
    action: "create"
    version: 1
    outcome: "ESTIMATE_REQUIRED"
    replayed: false
[21:26:05.827] [32mINFO[39m: [36mUniversal V1 TaskDraft mutation persisted[39m
    router: "web.taskDrafts"
    draftId: "30a70f5f-c878-4c05-8b60-0088b85e69fc"
    action: "link_contact"
    version: 2
    outcome: "ESTIMATE_REQUIRED"
    replayed: false
[21:26:16.751] [32mINFO[39m: [36mUniversal V1 TaskDraft mutation persisted[39m
    router: "web.taskDrafts"
    draftId: "9bb33836-c118-4c62-8f73-3c1edd0532ee"
    action: "create"
    version: 1
    outcome: "ESTIMATE_REQUIRED"
    replayed: false
[21:26:16.780] [32mINFO[39m: [36mUniversal V1 TaskDraft mutation persisted[39m
    router: "web.taskDrafts"
    draftId: "9bb33836-c118-4c62-8f73-3c1edd0532ee"
    action: "link_contact"
    version: 2
    outcome: "ESTIMATE_REQUIRED"
    replayed: false
[21:26:17.866] [32mINFO[39m: [36mUniversal V1 TaskDraft mutation persisted[39m
    router: "web.taskDrafts"
    draftId: "eedd812c-5ce9-49a6-b871-b1f08bb784d2"
    action: "create"
    version: 1
    outcome: "ESTIMATE_REQUIRED"
    replayed: false
[21:26:17.889] [32mINFO[39m: [36mUniversal V1 TaskDraft mutation persisted[39m
    router: "web.taskDrafts"
    draftId: "eedd812c-5ce9-49a6-b871-b1f08bb784d2"
    action: "link_contact"
    version: 2
    outcome: "ESTIMATE_REQUIRED"
    replayed: false
[21:26:19.218] [32mINFO[39m: [36mUniversal V1 TaskDraft mutation persisted[39m
    router: "web.taskDrafts"
    draftId: "fc4d59ca-5b0c-4f2c-ae64-f478727e1cae"
    action: "create"
    version: 1
    outcome: "ESTIMATE_REQUIRED"
    replayed: false
[21:26:19.242] [32mINFO[39m: [36mUniversal V1 TaskDraft mutation persisted[39m
    router: "web.taskDrafts"
    draftId: "fc4d59ca-5b0c-4f2c-ae64-f478727e1cae"
    action: "link_contact"
    version: 2
    outcome: "ESTIMATE_REQUIRED"
    replayed: false
[21:26:20.262] [32mINFO[39m: [36mUniversal V1 TaskDraft mutation persisted[39m
    router: "web.taskDrafts"
    draftId: "a132401f-2026-4892-8e94-57094fb37a63"
    action: "create"
    version: 1
    outcome: "ESTIMATE_REQUIRED"
    replayed: false
[21:26:20.285] [32mINFO[39m: [36mUniversal V1 TaskDraft mutation persisted[39m
    router: "web.taskDrafts"
    draftId: "a132401f-2026-4892-8e94-57094fb37a63"
    action: "link_contact"
    version: 2
    outcome: "ESTIMATE_REQUIRED"
    replayed: false
[21:26:23.201] [32mINFO[39m: [36mUniversal V1 TaskDraft mutation persisted[39m
    router: "web.taskDrafts"
    draftId: "1f475d54-90d3-4097-b3b4-b10ef9ebf9c5"
    action: "create"
    version: 1
    outcome: "ESTIMATE_REQUIRED"
    replayed: false
[21:26:23.223] [32mINFO[39m: [36mUniversal V1 TaskDraft mutation persisted[39m
    router: "web.taskDrafts"
    draftId: "1f475d54-90d3-4097-b3b4-b10ef9ebf9c5"
    action: "link_contact"
    version: 2
    outcome: "ESTIMATE_REQUIRED"
    replayed: false
[21:26:24.254] [32mINFO[39m: [36mUniversal V1 TaskDraft mutation persisted[39m
    router: "web.taskDrafts"
    draftId: "a82c9101-62bd-458a-bb75-c3fd493246e2"
    action: "create"
    version: 1
    outcome: "ESTIMATE_REQUIRED"
    replayed: false
[21:26:24.276] [32mINFO[39m: [36mUniversal V1 TaskDraft mutation persisted[39m
    router: "web.taskDrafts"
    draftId: "a82c9101-62bd-458a-bb75-c3fd493246e2"
    action: "link_contact"
    version: 2
    outcome: "ESTIMATE_REQUIRED"
    replayed: false
[21:26:34.067] [32mINFO[39m: [36mUniversal V1 TaskDraft mutation persisted[39m
    router: "web.taskDrafts"
    draftId: "9561e0e0-6ea7-4930-a9ff-5163180ca903"
    action: "create"
    version: 1
    outcome: "ESTIMATE_REQUIRED"
    replayed: false
[21:26:34.087] [32mINFO[39m: [36mUniversal V1 TaskDraft mutation persisted[39m
    router: "web.taskDrafts"
    draftId: "9561e0e0-6ea7-4930-a9ff-5163180ca903"
    action: "link_contact"
    version: 2
    outcome: "ESTIMATE_REQUIRED"
    replayed: false
[21:26:36.793] [32mINFO[39m: [36mUniversal V1 TaskDraft mutation persisted[39m
    router: "web.taskDrafts"
    draftId: "8e2e8a86-6036-48fb-aff9-b1d915289f96"
    action: "create"
    version: 1
    outcome: "ESTIMATE_REQUIRED"
    replayed: false
[21:26:36.814] [32mINFO[39m: [36mUniversal V1 TaskDraft mutation persisted[39m
    router: "web.taskDrafts"
    draftId: "8e2e8a86-6036-48fb-aff9-b1d915289f96"
    action: "link_contact"
    version: 2
    outcome: "ESTIMATE_REQUIRED"
    replayed: false
[21:26:40.624] [32mINFO[39m: [36mUniversal V1 TaskDraft mutation persisted[39m
    router: "web.taskDrafts"
    draftId: "323ed011-4eba-41de-9b45-96e20e3e2cec"
    action: "create"
    version: 1
    outcome: "ESTIMATE_REQUIRED"
    replayed: false
[21:26:40.646] [32mINFO[39m: [36mUniversal V1 TaskDraft mutation persisted[39m
    router: "web.taskDrafts"
    draftId: "323ed011-4eba-41de-9b45-96e20e3e2cec"
    action: "link_contact"
    version: 2
    outcome: "ESTIMATE_REQUIRED"
    replayed: false
[21:26:46.119] [32mINFO[39m: [36mUniversal V1 TaskDraft mutation persisted[39m
    router: "web.taskDrafts"
    draftId: "9e6b0925-0872-4902-9cb0-7bfa2703a9b0"
    action: "create"
    version: 1
    outcome: "ESTIMATE_REQUIRED"
    replayed: false
[21:26:46.139] [32mINFO[39m: [36mUniversal V1 TaskDraft mutation persisted[39m
    router: "web.taskDrafts"
    draftId: "9e6b0925-0872-4902-9cb0-7bfa2703a9b0"
    action: "link_contact"
    version: 2
    outcome: "ESTIMATE_REQUIRED"
    replayed: false
[21:26:51.750] [32mINFO[39m: [36mUniversal V1 TaskDraft mutation persisted[39m
    router: "web.taskDrafts"
    draftId: "e5d0d25f-be46-4660-81bc-4ea6d82201da"
    action: "create"
    version: 1
    outcome: "ESTIMATE_REQUIRED"
    replayed: false
[21:26:51.769] [32mINFO[39m: [36mUniversal V1 TaskDraft mutation persisted[39m
    router: "web.taskDrafts"
    draftId: "e5d0d25f-be46-4660-81bc-4ea6d82201da"
    action: "link_contact"
    version: 2
    outcome: "ESTIMATE_REQUIRED"
    replayed: false
[21:26:55.308] [32mINFO[39m: [36mUniversal V1 TaskDraft mutation persisted[39m
    router: "web.taskDrafts"
    draftId: "09a868c0-f72e-42fd-9d46-73adf28c6192"
    action: "create"
    version: 1
    outcome: "ESTIMATE_REQUIRED"
    replayed: false
[21:26:55.339] [32mINFO[39m: [36mUniversal V1 TaskDraft mutation persisted[39m
    router: "web.taskDrafts"
    draftId: "09a868c0-f72e-42fd-9d46-73adf28c6192"
    action: "link_contact"
    version: 2
    outcome: "ESTIMATE_REQUIRED"
    replayed: false
[21:26:58.569] [32mINFO[39m: [36mUniversal V1 TaskDraft mutation persisted[39m
    router: "web.taskDrafts"
    draftId: "4063bceb-251a-4193-8b15-49a4ee31a5b7"
    action: "create"
    version: 1
    outcome: "ESTIMATE_REQUIRED"
    replayed: false
[21:26:58.596] [32mINFO[39m: [36mUniversal V1 TaskDraft mutation persisted[39m
    router: "web.taskDrafts"
    draftId: "4063bceb-251a-4193-8b15-49a4ee31a5b7"
    action: "link_contact"
    version: 2
    outcome: "ESTIMATE_REQUIRED"
    replayed: false
[21:27:01.733] [32mINFO[39m: [36mUniversal V1 TaskDraft mutation persisted[39m
    router: "web.taskDrafts"
    draftId: "6965ed5a-c6c4-4d17-88f5-7d14464905ae"
    action: "create"
    version: 1
    outcome: "ESTIMATE_REQUIRED"
    replayed: false
[21:27:01.752] [32mINFO[39m: [36mUniversal V1 TaskDraft mutation persisted[39m
    router: "web.taskDrafts"
    draftId: "6965ed5a-c6c4-4d17-88f5-7d14464905ae"
    action: "link_contact"
    version: 2
    outcome: "ESTIMATE_REQUIRED"
    replayed: false
[21:27:04.879] [32mINFO[39m: [36mUniversal V1 TaskDraft mutation persisted[39m
    router: "web.taskDrafts"
    draftId: "6f1d9560-ace5-4c02-9e6b-f5de04205f85"
    action: "create"
    version: 1
    outcome: "ESTIMATE_REQUIRED"
    replayed: false
[21:27:04.900] [32mINFO[39m: [36mUniversal V1 TaskDraft mutation persisted[39m
    router: "web.taskDrafts"
    draftId: "6f1d9560-ace5-4c02-9e6b-f5de04205f85"
    action: "link_contact"
    version: 2
    outcome: "ESTIMATE_REQUIRED"
    replayed: false
[21:27:08.021] [32mINFO[39m: [36mUniversal V1 TaskDraft mutation persisted[39m
    router: "web.taskDrafts"
    draftId: "4fc94ff8-c5eb-4d61-a005-c9e1ff49304e"
    action: "create"
    version: 1
    outcome: "ESTIMATE_REQUIRED"
    replayed: false
[21:27:08.040] [32mINFO[39m: [36mUniversal V1 TaskDraft mutation persisted[39m
    router: "web.taskDrafts"
    draftId: "4fc94ff8-c5eb-4d61-a005-c9e1ff49304e"
    action: "link_contact"
    version: 2
    outcome: "ESTIMATE_REQUIRED"
    replayed: false
[21:27:08.187] [32mINFO[39m: [36mUniversal V1 TaskDraft mutation persisted[39m
    router: "web.taskDrafts"
    draftId: "d7582067-fc57-43e7-a813-9f88881a584d"
    action: "create"
    version: 1
    outcome: "ESTIMATE_REQUIRED"
    replayed: false
[21:27:08.207] [32mINFO[39m: [36mUniversal V1 TaskDraft mutation persisted[39m
    router: "web.taskDrafts"
    draftId: "d7582067-fc57-43e7-a813-9f88881a584d"
    action: "link_contact"
    version: 2
    outcome: "ESTIMATE_REQUIRED"
    replayed: false
[21:27:08.355] [32mINFO[39m: [36mUniversal V1 TaskDraft mutation persisted[39m
    router: "web.taskDrafts"
    draftId: "02d6b280-0393-4b03-b032-ad5c9a10a939"
    action: "create"
    version: 1
    outcome: "ESTIMATE_REQUIRED"
    replayed: false
[21:27:08.375] [32mINFO[39m: [36mUniversal V1 TaskDraft mutation persisted[39m
    router: "web.taskDrafts"
    draftId: "02d6b280-0393-4b03-b032-ad5c9a10a939"
    action: "link_contact"
    version: 2
    outcome: "ESTIMATE_REQUIRED"
    replayed: false
[21:27:08.510] [32mINFO[39m: [36mUniversal V1 TaskDraft mutation persisted[39m
    router: "web.taskDrafts"
    draftId: "8c95cc48-ef37-4aa7-ab50-b4c81ddd8a32"
    action: "create"
    version: 1
    outcome: "ESTIMATE_REQUIRED"
    replayed: false
[21:27:08.530] [32mINFO[39m: [36mUniversal V1 TaskDraft mutation persisted[39m
    router: "web.taskDrafts"
    draftId: "8c95cc48-ef37-4aa7-ab50-b4c81ddd8a32"
    action: "link_contact"
    version: 2
    outcome: "ESTIMATE_REQUIRED"
    replayed: false
[21:27:08.714] [32mINFO[39m: [36mUniversal V1 TaskDraft mutation persisted[39m
    router: "web.taskDrafts"
    draftId: "c26324be-2025-4fe7-941a-64e94b8d0999"
    action: "create"
    version: 1
    outcome: "ESTIMATE_REQUIRED"
    replayed: false
[21:27:08.735] [32mINFO[39m: [36mUniversal V1 TaskDraft mutation persisted[39m
    router: "web.taskDrafts"
    draftId: "c26324be-2025-4fe7-941a-64e94b8d0999"
    action: "link_contact"
    version: 2
    outcome: "ESTIMATE_REQUIRED"
    replayed: false
[21:27:11.905] [32mINFO[39m: [36mUniversal V1 TaskDraft mutation persisted[39m
    router: "web.taskDrafts"
    draftId: "56500d37-d625-4f05-81ee-62371a976d3f"
    action: "create"
    version: 1
    outcome: "ESTIMATE_REQUIRED"
    replayed: false
[21:27:11.937] [32mINFO[39m: [36mUniversal V1 TaskDraft mutation persisted[39m
    router: "web.taskDrafts"
    draftId: "56500d37-d625-4f05-81ee-62371a976d3f"
    action: "link_contact"
    version: 2
    outcome: "ESTIMATE_REQUIRED"
    replayed: false
[21:27:16.588] [32mINFO[39m: [36mUniversal V1 TaskDraft mutation persisted[39m
    router: "web.taskDrafts"
    draftId: "d0dbaea1-0e32-4177-92a2-eae5a6513321"
    action: "create"
    version: 1
    outcome: "ESTIMATE_REQUIRED"
    replayed: false
[21:27:16.608] [32mINFO[39m: [36mUniversal V1 TaskDraft mutation persisted[39m
    router: "web.taskDrafts"
    draftId: "d0dbaea1-0e32-4177-92a2-eae5a6513321"
    action: "link_contact"
    version: 2
    outcome: "ESTIMATE_REQUIRED"
    replayed: false
[21:27:19.734] [32mINFO[39m: [36mUniversal V1 TaskDraft mutation persisted[39m
    router: "web.taskDrafts"
    draftId: "159a756e-f552-4e9e-86e2-70334939299d"
    action: "create"
    version: 1
    outcome: "ESTIMATE_REQUIRED"
    replayed: false
[21:27:19.755] [32mINFO[39m: [36mUniversal V1 TaskDraft mutation persisted[39m
    router: "web.taskDrafts"
    draftId: "159a756e-f552-4e9e-86e2-70334939299d"
    action: "link_contact"
    version: 2
    outcome: "ESTIMATE_REQUIRED"
    replayed: false
[21:27:19.840] [32mINFO[39m: [36mUniversal V1 TaskDraft mutation persisted[39m
    router: "web.taskDrafts"
    draftId: "725f6328-d264-4a91-bd5f-217533822739"
    action: "create"
    version: 1
    outcome: "ESTIMATE_REQUIRED"
    replayed: false
[21:27:19.874] [32mINFO[39m: [36mUniversal V1 TaskDraft mutation persisted[39m
    router: "web.taskDrafts"
    draftId: "725f6328-d264-4a91-bd5f-217533822739"
    action: "link_contact"
    version: 2
    outcome: "ESTIMATE_REQUIRED"
    replayed: false
[21:27:19.944] [32mINFO[39m: [36mUniversal V1 TaskDraft mutation persisted[39m
    router: "web.taskDrafts"
    draftId: "4fcebca9-146c-481d-9b08-cf9031e86be2"
    action: "create"
    version: 1
    outcome: "ESTIMATE_REQUIRED"
    replayed: false
[21:27:19.968] [32mINFO[39m: [36mUniversal V1 TaskDraft mutation persisted[39m
    router: "web.taskDrafts"
    draftId: "4fcebca9-146c-481d-9b08-cf9031e86be2"
    action: "link_contact"
    version: 2
    outcome: "ESTIMATE_REQUIRED"
    replayed: false
[21:27:20.129] [32mINFO[39m: [36mUniversal V1 TaskDraft mutation persisted[39m
    router: "web.taskDrafts"
    draftId: "7468eb08-ddbe-417d-93f8-96bebf102f9d"
    action: "create"
    version: 1
    outcome: "ESTIMATE_REQUIRED"
    replayed: false
[21:27:20.158] [32mINFO[39m: [36mUniversal V1 TaskDraft mutation persisted[39m
    router: "web.taskDrafts"
    draftId: "7468eb08-ddbe-417d-93f8-96bebf102f9d"
    action: "link_contact"
    version: 2
    outcome: "ESTIMATE_REQUIRED"
    replayed: false
[21:27:20.559] [32mINFO[39m: [36mUniversal V1 TaskDraft mutation persisted[39m
    router: "web.taskDrafts"
    draftId: "43f61b88-aed0-4472-81b8-d037776c3c6f"
    action: "create"
    version: 1
    outcome: "ESTIMATE_REQUIRED"
    replayed: false
[21:27:20.584] [32mINFO[39m: [36mUniversal V1 TaskDraft mutation persisted[39m
    router: "web.taskDrafts"
    draftId: "43f61b88-aed0-4472-81b8-d037776c3c6f"
    action: "link_contact"
    version: 2
    outcome: "ESTIMATE_REQUIRED"
    replayed: false
[21:27:20.649] [32mINFO[39m: [36mUniversal V1 TaskDraft mutation persisted[39m
    router: "web.taskDrafts"
    draftId: "203a9c23-fa22-464f-8e5c-89b50203c5dc"
    action: "create"
    version: 1
    outcome: "ESTIMATE_REQUIRED"
    replayed: false
[21:27:20.673] [32mINFO[39m: [36mUniversal V1 TaskDraft mutation persisted[39m
    router: "web.taskDrafts"
    draftId: "203a9c23-fa22-464f-8e5c-89b50203c5dc"
    action: "link_contact"
    version: 2
    outcome: "ESTIMATE_REQUIRED"
    replayed: false
[21:27:20.746] [32mINFO[39m: [36mUniversal V1 TaskDraft mutation persisted[39m
    router: "web.taskDrafts"
    draftId: "da723099-a3c7-46d5-9888-40da114772c0"
    action: "create"
    version: 1
    outcome: "ESTIMATE_REQUIRED"
    replayed: false
[21:27:20.768] [32mINFO[39m: [36mUniversal V1 TaskDraft mutation persisted[39m
    router: "web.taskDrafts"
    draftId: "da723099-a3c7-46d5-9888-40da114772c0"
    action: "link_contact"
    version: 2
    outcome: "ESTIMATE_REQUIRED"
    replayed: false
[21:27:20.843] [32mINFO[39m: [36mUniversal V1 TaskDraft mutation persisted[39m
    router: "web.taskDrafts"
    draftId: "6d987df4-61eb-4395-99a3-c28f93cba970"
    action: "create"
    version: 1
    outcome: "ESTIMATE_REQUIRED"
    replayed: false
[21:27:20.864] [32mINFO[39m: [36mUniversal V1 TaskDraft mutation persisted[39m
    router: "web.taskDrafts"
    draftId: "6d987df4-61eb-4395-99a3-c28f93cba970"
    action: "link_contact"
    version: 2
    outcome: "ESTIMATE_REQUIRED"
    replayed: false
[21:27:20.922] [32mINFO[39m: [36mUniversal V1 TaskDraft mutation persisted[39m
    router: "web.taskDrafts"
    draftId: "b42ab85a-05bb-4408-b289-15b57a9d842a"
    action: "create"
    version: 1
    outcome: "ESTIMATE_REQUIRED"
    replayed: false
[21:27:20.946] [32mINFO[39m: [36mUniversal V1 TaskDraft mutation persisted[39m
    router: "web.taskDrafts"
    draftId: "b42ab85a-05bb-4408-b289-15b57a9d842a"
    action: "link_contact"
    version: 2
    outcome: "ESTIMATE_REQUIRED"
    replayed: false
[21:27:21.042] [32mINFO[39m: [36mUniversal V1 TaskDraft mutation persisted[39m
    router: "web.taskDrafts"
    draftId: "92ef1df5-c05f-467f-ade4-3cb1e6fa676c"
    action: "create"
    version: 1
    outcome: "ESTIMATE_REQUIRED"
    replayed: false
[21:27:21.064] [32mINFO[39m: [36mUniversal V1 TaskDraft mutation persisted[39m
    router: "web.taskDrafts"
    draftId: "92ef1df5-c05f-467f-ade4-3cb1e6fa676c"
    action: "link_contact"
    version: 2
    outcome: "ESTIMATE_REQUIRED"
    replayed: false
[21:27:21.182] [32mINFO[39m: [36mUniversal V1 TaskDraft mutation persisted[39m
    router: "web.taskDrafts"
    draftId: "7c68a78d-41f9-460b-979b-30bf9db9072b"
    action: "create"
    version: 1
    outcome: "ESTIMATE_REQUIRED"
    replayed: false
[21:27:21.204] [32mINFO[39m: [36mUniversal V1 TaskDraft mutation persisted[39m
    router: "web.taskDrafts"
    draftId: "7c68a78d-41f9-460b-979b-30bf9db9072b"
    action: "link_contact"
    version: 2
    outcome: "ESTIMATE_REQUIRED"
    replayed: false
[21:27:21.286] [32mINFO[39m: [36mUniversal V1 TaskDraft mutation persisted[39m
    router: "web.taskDrafts"
    draftId: "d89e933f-e9ac-427a-b1f1-7d0521300623"
    action: "create"
    version: 1
    outcome: "ESTIMATE_REQUIRED"
    replayed: false
[21:27:21.308] [32mINFO[39m: [36mUniversal V1 TaskDraft mutation persisted[39m
    router: "web.taskDrafts"
    draftId: "d89e933f-e9ac-427a-b1f1-7d0521300623"
    action: "link_contact"
    version: 2
    outcome: "ESTIMATE_REQUIRED"
    replayed: false
[21:27:21.419] [32mINFO[39m: [36mUniversal V1 TaskDraft mutation persisted[39m
    router: "web.taskDrafts"
    draftId: "a5d48125-2764-4a7e-b1ae-63f6e40c5d70"
    action: "create"
    version: 1
    outcome: "ESTIMATE_REQUIRED"
    replayed: false
[21:27:21.440] [32mINFO[39m: [36mUniversal V1 TaskDraft mutation persisted[39m
    router: "web.taskDrafts"
    draftId: "a5d48125-2764-4a7e-b1ae-63f6e40c5d70"
    action: "link_contact"
    version: 2
    outcome: "ESTIMATE_REQUIRED"
    replayed: false
[21:27:26.019] [32mINFO[39m: [36mUniversal V1 TaskDraft mutation persisted[39m
    router: "web.taskDrafts"
    draftId: "15e7ed22-6c2f-4bef-8ebc-d7ee534f126d"
    action: "create"
    version: 1
    outcome: "ESTIMATE_REQUIRED"
    replayed: false
[21:27:26.041] [32mINFO[39m: [36mUniversal V1 TaskDraft mutation persisted[39m
    router: "web.taskDrafts"
    draftId: "15e7ed22-6c2f-4bef-8ebc-d7ee534f126d"
    action: "link_contact"
    version: 2
    outcome: "ESTIMATE_REQUIRED"
    replayed: false
[21:27:30.025] [32mINFO[39m: [36mUniversal V1 TaskDraft mutation persisted[39m
    router: "web.taskDrafts"
    draftId: "45399bf7-87cf-42c3-a579-d87a37b45033"
    action: "create"
    version: 1
    outcome: "ESTIMATE_REQUIRED"
    replayed: false
[21:27:30.049] [32mINFO[39m: [36mUniversal V1 TaskDraft mutation persisted[39m
    router: "web.taskDrafts"
    draftId: "45399bf7-87cf-42c3-a579-d87a37b45033"
    action: "link_contact"
    version: 2
    outcome: "ESTIMATE_REQUIRED"
    replayed: false
[21:27:36.985] [32mINFO[39m: [36mUniversal V1 TaskDraft mutation persisted[39m
    router: "web.taskDrafts"
    draftId: "07d85485-7555-4368-af2a-383ceb9843b7"
    action: "create"
    version: 1
    outcome: "ESTIMATE_REQUIRED"
    replayed: false
[21:27:37.014] [32mINFO[39m: [36mUniversal V1 TaskDraft mutation persisted[39m
    router: "web.taskDrafts"
    draftId: "07d85485-7555-4368-af2a-383ceb9843b7"
    action: "link_contact"
    version: 2
    outcome: "ESTIMATE_REQUIRED"
    replayed: false
[21:27:42.948] [32mINFO[39m: [36mUniversal V1 TaskDraft mutation persisted[39m
    router: "web.taskDrafts"
    draftId: "a7df28af-756e-41cc-bb49-db813d246065"
    action: "create"
    version: 1
    outcome: "ESTIMATE_REQUIRED"
    replayed: false
[21:27:42.969] [32mINFO[39m: [36mUniversal V1 TaskDraft mutation persisted[39m
    router: "web.taskDrafts"
    draftId: "a7df28af-756e-41cc-bb49-db813d246065"
    action: "link_contact"
    version: 2
    outcome: "ESTIMATE_REQUIRED"
    replayed: false
[21:27:48.907] [32mINFO[39m: [36mUniversal V1 TaskDraft mutation persisted[39m
    router: "web.taskDrafts"
    draftId: "512cf55d-57ec-48ec-a2d8-9c1ff6edb4d4"
    action: "create"
    version: 1
    outcome: "ESTIMATE_REQUIRED"
    replayed: false
[21:27:48.930] [32mINFO[39m: [36mUniversal V1 TaskDraft mutation persisted[39m
    router: "web.taskDrafts"
    draftId: "512cf55d-57ec-48ec-a2d8-9c1ff6edb4d4"
    action: "link_contact"
    version: 2
    outcome: "ESTIMATE_REQUIRED"
    replayed: false
[21:27:54.741] [32mINFO[39m: [36mUniversal V1 TaskDraft mutation persisted[39m
    router: "web.taskDrafts"
    draftId: "bf1bad7b-de61-486c-849f-c449c0537161"
    action: "create"
    version: 1
    outcome: "ESTIMATE_REQUIRED"
    replayed: false
[21:27:54.765] [32mINFO[39m: [36mUniversal V1 TaskDraft mutation persisted[39m
    router: "web.taskDrafts"
    draftId: "bf1bad7b-de61-486c-849f-c449c0537161"
    action: "link_contact"
    version: 2
    outcome: "ESTIMATE_REQUIRED"
    replayed: false
[21:28:00.688] [32mINFO[39m: [36mUniversal V1 TaskDraft mutation persisted[39m
    router: "web.taskDrafts"
    draftId: "44084fb7-1254-4d04-b842-70fd2b2d76f0"
    action: "create"
    version: 1
    outcome: "ESTIMATE_REQUIRED"
    replayed: false
[21:28:00.710] [32mINFO[39m: [36mUniversal V1 TaskDraft mutation persisted[39m
    router: "web.taskDrafts"
    draftId: "44084fb7-1254-4d04-b842-70fd2b2d76f0"
    action: "link_contact"
    version: 2
    outcome: "ESTIMATE_REQUIRED"
    replayed: false
[21:28:06.548] [32mINFO[39m: [36mUniversal V1 TaskDraft mutation persisted[39m
    router: "web.taskDrafts"
    draftId: "a67efddc-53b0-4577-ba04-16462bf4264d"
    action: "create"
    version: 1
    outcome: "ESTIMATE_REQUIRED"
    replayed: false
[21:28:06.568] [32mINFO[39m: [36mUniversal V1 TaskDraft mutation persisted[39m
    router: "web.taskDrafts"
    draftId: "a67efddc-53b0-4577-ba04-16462bf4264d"
    action: "link_contact"
    version: 2
    outcome: "ESTIMATE_REQUIRED"
    replayed: false
[21:28:12.394] [32mINFO[39m: [36mUniversal V1 TaskDraft mutation persisted[39m
    router: "web.taskDrafts"
    draftId: "21e867f0-e6b0-41c5-a2f6-4812fec3296c"
    action: "create"
    version: 1
    outcome: "ESTIMATE_REQUIRED"
    replayed: false
[21:28:12.417] [32mINFO[39m: [36mUniversal V1 TaskDraft mutation persisted[39m
    router: "web.taskDrafts"
    draftId: "21e867f0-e6b0-41c5-a2f6-4812fec3296c"
    action: "link_contact"
    version: 2
    outcome: "ESTIMATE_REQUIRED"
    replayed: false
[21:28:18.279] [32mINFO[39m: [36mUniversal V1 TaskDraft mutation persisted[39m
    router: "web.taskDrafts"
    draftId: "7255b98e-1a57-4d7d-b564-ac5df479558d"
    action: "create"
    version: 1
    outcome: "ESTIMATE_REQUIRED"
    replayed: false
[21:28:18.303] [32mINFO[39m: [36mUniversal V1 TaskDraft mutation persisted[39m
    router: "web.taskDrafts"
    draftId: "7255b98e-1a57-4d7d-b564-ac5df479558d"
    action: "link_contact"
    version: 2
    outcome: "ESTIMATE_REQUIRED"
    replayed: false
 ✓ |database-serial| backend/tests/system/universal-v1-v13-role-catalog.pg.test.ts (174 tests) 1084377ms
     ✓ scheduled sealed recovery completes AMENDMENT through the poller and real Redis after reconstruction  16644ms
     ✓ scheduled sealed recovery completes REVERSAL through the poller and real Redis after reconstruction  17264ms
     ✓ scheduled sealed recovery completes NO_EFFECT through the poller and real Redis after reconstruction  11903ms
     ✓ rechecks key expiry after an inbox lock wait  1092ms
     ✓ submits PREPARE, AUTHORIZE and SECURE through restricted API/worker ports: normal  8358ms
     ✓ submits PREPARE, AUTHORIZE and SECURE through restricted API/worker ports: compensation  6829ms
     ✓ submits PREPARE, AUTHORIZE and SECURE through restricted API/worker ports: lost_before_admission  5940ms
     ✓ submits PREPARE, AUTHORIZE and SECURE through restricted API/worker ports: lost_after_outcome  5447ms
     ✓ submits PREPARE, AUTHORIZE and SECURE through restricted API/worker ports: lost_after_admission  10644ms
     ✓ submits PREPARE, AUTHORIZE and SECURE through restricted API/worker ports: retained_after_admission  10372ms
     ✓ change order commands accept public provider proposals and independent approvals without financial effects  811ms
     ✓ change order commands replay with fresh timestamps and reject conflicting payloads  821ms
     ✓ change order commands atomically reject scope-only proposals and keep money fields empty  745ms
     ✓ change order commands refuse raw DML and foreign actors before domain writes  754ms
     ✓ change order commands keep SQL Unicode length validation aligned with the signed public schema  646ms
     ✓ change order commands prevent new memberships from appearing before command commit  889ms
     ✓ change order commands recheck actor revocation after assertion issuance without creating a proposal  677ms
     ✓ change order materialization denies delegated preparation without exact authority: revoked_membership  935ms
     ✓ change order materialization denies delegated preparation without exact authority: foreign_actor  891ms
     ✓ change order materialization denies delegated preparation without exact authority: altered_operation  888ms
     ✓ change order materialization denies delegated preparation without exact authority: non_adjustment  902ms
     ✓ change order materialization preserves exact delegate authority through ADJUST and progress: active  1293ms
     ✓ change order materialization preserves exact delegate authority through ADJUST and progress: revoked_before_execution  1397ms
     ✓ change order materialization preserves exact delegate authority through ADJUST and progress: progress_revocation_race  1339ms
     ✓ authenticated change order materialization commits SCOPE_ONLY through the API without financial authorization  897ms
     ✓ authenticated change order materialization prepares and finalizes an exact delegated ADJUST through API commit  3113ms
     ✓ public change order resume commits and replays scope-only through the authenticated router  1235ms
     ✓ public change order resume completes delegated ADJUST: normal  1647ms
     ✓ public change order resume completes delegated ADJUST: lost_final_commit  1335ms
     ✓ public change order resume completes delegated ADJUST: old_phase_time  301263ms
     ✓ public change order resume completes delegated ADJUST: lost_prepare_commit  2253ms
     ✓ public change order resume completes delegated ADJUST: future_client_time  1413ms
     ✓ public change order resume completes delegated ADJUST: lost_request_commit  1334ms
     ✓ adjustment execution revalidates current authority: success  983ms
     ✓ adjustment execution revalidates current authority: customer_revoked  985ms
     ✓ adjustment execution revalidates current authority: provider_revoked  1025ms
     ✓ adjustment execution revalidates current authority: provider_trust_hold  900ms
     ✓ adjustment execution revalidates current authority: replay_after_revocation  883ms
     ✓ adjustment execution refuses domain lock contention and retries after release: proposal  931ms
     ✓ adjustment execution refuses domain lock contention and retries after release: fulfillment  867ms
     ✓ adjustment execution refuses domain lock contention and retries after release: provider_row  871ms
     ✓ worker adjustment preparation closes the Phase A crash gap without a new human assertion  6057ms
     ✓ worker adjustment preparation preserves an API REQUESTED identity after revocation and lease expiry  10872ms
     ✓ worker adjustment preparation reaches requested execution and one amendment through existing sealed commands  6311ms
     ✓ worker adjustment preparation reacquires a lease on the same target after PREPARED commit  10975ms
     ✓ worker adjustment preparation cannot bypass expired lease using retained API provenance  10979ms
     ✓ worker adjustment preparation recovers the exact SUCCESS API PREPARED request  7082ms
     ✓ worker adjustment preparation recovers the exact DECLINE API PREPARED request  5991ms
     ✓ worker adjustment preparation recovers the exact TIMEOUT API PREPARED request  5977ms
     ✓ worker adjustment preparation recovers the exact RETRY API PREPARED request  6000ms
     ✓ worker adjustment preparation recovers the exact OMITTED API PREPARED request  6019ms
     ✓ worker adjustment preparation rejects a provider trust hold before PREPARED and before REQUESTED  6148ms
     ✓ worker adjustment preparation try-locks the original financial predecessor  6133ms
     ✓ worker adjustment preparation cannot request after a committed cancellation  6276ms
     ✓ worker adjustment preparation denies API execution and every runtime direct provenance write  6198ms
     ✓ worker adjustment preparation adapter resumes lost actual PREPARED COMMIT acknowledgement  6566ms
     ✓ worker adjustment preparation adapter resumes lost actual REQUESTED COMMIT acknowledgement  10996ms
     ✓ worker adjustment preparation rolls back REQUESTED when lease expires during exact-request persistence  11058ms
     ✓ worker change order reversal prepares without participant reauthorization  6119ms
     ✓ worker reversal adapter resumes lost PREPARED acknowledgement through real Redis delivery  9374ms
     ✓ worker reversal adapter resumes lost REQUESTED acknowledgement through real Redis delivery  9411ms
     ✓ worker change order reversal commits request and admitted effect after origin lease expiry  11393ms
     ✓ worker change order reversal denies API preparation and request including replay  6464ms
     ✓ worker change order reversal rejects substituted request and exact preparation conflicts  5943ms
     ✓ worker change order reversal rolls back preparation and refuses participant adoption after restoration  5934ms
     ✓ worker change order reversal refuses privileged domain corruption at request and first execution  6041ms
     ✓ worker change order reversal refuses preparation and request lock inversion  6228ms
     ✓ worker change order compensation creates one immutable winner after customer revocation  6134ms
     ✓ worker change order compensation refuses active authority, temporary holds and mismatched bindings  6270ms
     ✓ worker change order compensation locks authority and rolls back winner with its origin  6235ms
     ✓ worker change order compensation fences new membership insertion until commit  6451ms
     ✓ worker change order materialization replays one amendment after lease expiry and actor revocation  11751ms
     ✓ worker change order materialization refuses a compensation winner  5878ms
     ✓ worker change order materialization denies nonworker roles and mismatched lease evidence  5932ms
     ✓ worker change order materialization preserves admitted API history without adopting its origin  6274ms
     ✓ worker change order materialization requires current customer authority for a new effect  5976ms
     ✓ worker change order materialization requires current provider authority for a new effect  5954ms
     ✓ worker change order materialization try-locks mutable authority and the admitted adjustment  5931ms
     ✓ worker change order materialization wins once against concurrent compensation and preserves private origin  6060ms
     ✓ worker change order materialization loses to committed compensation after a real target wait  6653ms
     ✓ worker change order materialization typed adapter recovers a lost actual COMMIT acknowledgement  11676ms
     ✓ worker change order materialization rolls back all domain writes if its lease expires while persisting origin  11023ms
     ✓ worker change order materialization refuses corrupted immutable scope on historical replay  5994ms
     ✓ worker change order terminal fences a concurrent new request after cancellation commits  6364ms
     ✓ worker change order terminal prevents a new ADJUST from a stale REPEATABLE READ snapshot  5943ms
     ✓ worker change order terminal prevents a new ADJUST from a stale SERIALIZABLE snapshot  5836ms
     ✓ worker change order terminal serializes first admission: terminal_first  5935ms
     ✓ worker change order terminal serializes first admission: admission_first  5922ms
     ✓ worker change order terminal requires an admitted nonretryable no-effect outcome: confirmed_decline  6310ms
     ✓ worker change order terminal requires an admitted nonretryable no-effect outcome: unknown  5834ms
     ✓ worker change order terminal rejects wrong bindings and busy domain and financial locks  5941ms
     ✓ worker change order terminal rolls back when the lease expires during a target wait  11021ms
     ✓ worker change order terminal rolls back when the lease expires during a persistence wait  10871ms
     ✓ worker change order terminal records materialized once and replays after lease expiry  10949ms
     ✓ worker change order terminal records compensated once and replays after lease expiry  10927ms
     ✓ worker change order terminal records no_effect once and replays after lease expiry  12141ms
     ✓ worker change order compensation preserves an amendment winner and suppresses terminal lease observation  7444ms
     ✓ worker change order compensation preserves legacy winner without inventing worker origin  5908ms
     ✓ worker change order compensation refuses downstream financial lock inversion  5872ms
     ✓ worker change order compensation rolls back both facts when lease expires during persistence  10916ms
     ✓ worker change order compensation records revoked delegate identity through the typed port  6071ms
     ✓ worker change order recovery observes exact adjustment and amendment progression  7944ms
     ✓ worker change order recovery observes only its exact active lease and current release  6751ms
     ✓ worker change order recovery observes revoked customer through a scoped lease port  5931ms
     ✓ worker change order recovery claims an immutable witness after customer revocation without an actor assertion  5810ms
     ✓ worker change order recovery skips a busy proposal and claims unrelated work  6669ms
     ✓ worker change order recovery skips a busy witness and claims unrelated work  6679ms
     ✓ worker change order recovery enforces roles, bounds, current target and rollback  5888ms
     ✓ worker change order recovery serializes competing workers and preserves immutable expired leases  10894ms
     ✓ change order history exposes an exact authenticated builder for the committed Phase A  1157ms
     ✓ change order history preserves the original witness and reads committed progress after provider revocation  1349ms
     ✓ change order history conceals another actor and refuses an altered original version  1047ms
     ✓ change order history replays a completed amendment after later provider restriction  2941ms
     ✓ change order history holds customer read authority across a financial lock wait  1050ms
     ✓ public change order resume retains an immutable compensation claim and requests only its reversal  9811ms
     ✓ adjustment execution serializes concurrent workers into one immutable effect  2731ms
     ✓ materializes signed money-valued authorization resolution while preserving pending raw bytes and fixed provider expiry  3831ms
     ✓ serializes concurrent resolved authorization materialization and preserves replay after a later signed conflict  5498ms
     ✓ rejects substituted resolved bridge provenance and one-microsecond lifecycle time drift in PostgreSQL  5630ms
     ✓ recovers a signed authorization through the normal worker implementation after protected API requests  3550ms
     ✓ resolves an admitted pending operation through committed signed evidence without rewriting its raw event or dispatch  3260ms
     ✓ ignores unrelated signed versions/value references while selecting the exact dispatched result  3171ms
     ✓ holds conflicting authenticated terminal state without committing a terminal outcome  3145ms
     ✓ holds conflicting authenticated terminal provider_time without committing a terminal outcome  3144ms
     ✓ rolls back tentative terminal outcomes and exactly replays after a discarded COMMIT acknowledgement  3192ms
     ✓ serializes concurrent restricted-worker resolution into one immutable terminal outcome  4685ms
     ✓ keeps an admitted command pending when legacy caller-VERIFIED receipts have no independent verification  3145ms
     ✓ preserves exact authenticated unbound preparation replay after real estimate acceptance binds the draft  477ms
     ✓ work order history reads the exact committed Phase A through the restricted API login  516ms
     ✓ certifies the exact full catalog through the real migrationRole login  572ms
     ✓ certifies the exact full catalog through the real apiRole login  451ms
     ✓ certifies the exact full catalog through the real workerRole login  462ms
     ✓ certifies the exact full catalog through the real attesterRole login  537ms
     ✓ runs bounded multiquery attestation through the real api data plane with a stable read-only snapshot  738ms
     ✓ runs bounded multiquery attestation through the real attester data plane with a stable read-only snapshot  787ms
     ✓ preserves committed predecessor source identity under fresh read authority after target rollover  59143ms
[21:28:27.725] [33mWARN[39m: [36mFirebase Admin credentials missing — auth verification disabled[39m
    module: "auth"
[21:28:46.606] [32mINFO[39m: [36mUniversal V1 TaskDraft mutation persisted[39m
    router: "web.taskDrafts"
    draftId: "042a59e3-a58d-49aa-8413-aa3c837d7bd6"
    action: "create"
    version: 1
    outcome: "ESTIMATE_REQUIRED"
    replayed: false
[21:28:46.659] [32mINFO[39m: [36mUniversal V1 TaskDraft mutation persisted[39m
    router: "web.taskDrafts"
    draftId: "042a59e3-a58d-49aa-8413-aa3c837d7bd6"
    action: "link_contact"
    version: 2
    outcome: "ESTIMATE_REQUIRED"
    replayed: false
[21:28:47.121] [32mINFO[39m: [36mUniversal V1 TaskDraft mutation persisted[39m
    router: "web.taskDrafts"
    draftId: "4c064e8a-480c-4102-a34a-1fc4e1c3b6c7"
    action: "create"
    version: 1
    outcome: "ESTIMATE_REQUIRED"
    replayed: false
[21:28:47.168] [32mINFO[39m: [36mUniversal V1 TaskDraft mutation persisted[39m
    router: "web.taskDrafts"
    draftId: "4c064e8a-480c-4102-a34a-1fc4e1c3b6c7"
    action: "link_contact"
    version: 2
    outcome: "ESTIMATE_REQUIRED"
    replayed: false
[21:28:47.530] [32mINFO[39m: [36mUniversal V1 TaskDraft mutation persisted[39m
    router: "web.taskDrafts"
    draftId: "a4462259-6761-4641-8c0c-44b37c571c2c"
    action: "create"
    version: 1
    outcome: "ESTIMATE_REQUIRED"
    replayed: false
[21:28:47.565] [32mINFO[39m: [36mUniversal V1 TaskDraft mutation persisted[39m
    router: "web.taskDrafts"
    draftId: "a4462259-6761-4641-8c0c-44b37c571c2c"
    action: "link_contact"
    version: 2
    outcome: "ESTIMATE_REQUIRED"
    replayed: false
[21:28:47.837] [32mINFO[39m: [36mUniversal V1 TaskDraft mutation persisted[39m
    router: "web.taskDrafts"
    draftId: "db7b0d8e-bcda-4e5b-aa46-663d2da0091f"
    action: "create"
    version: 1
    outcome: "ESTIMATE_REQUIRED"
    replayed: false
[21:28:47.872] [32mINFO[39m: [36mUniversal V1 TaskDraft mutation persisted[39m
    router: "web.taskDrafts"
    draftId: "db7b0d8e-bcda-4e5b-aa46-663d2da0091f"
    action: "link_contact"
    version: 2
    outcome: "ESTIMATE_REQUIRED"
    replayed: false
[21:28:48.139] [32mINFO[39m: [36mUniversal V1 TaskDraft mutation persisted[39m
    router: "web.taskDrafts"
    draftId: "fa00b05a-7352-4dd6-9f41-3fde44588e97"
    action: "create"
    version: 1
    outcome: "ESTIMATE_REQUIRED"
    replayed: false
[21:28:48.179] [32mINFO[39m: [36mUniversal V1 TaskDraft mutation persisted[39m
    router: "web.taskDrafts"
    draftId: "fa00b05a-7352-4dd6-9f41-3fde44588e97"
    action: "link_contact"
    version: 2
    outcome: "ESTIMATE_REQUIRED"
    replayed: false
[21:28:48.329] [32mINFO[39m: [36mUniversal V1 TaskDraft mutation persisted[39m
    router: "web.taskDrafts"
    draftId: "c6826ee4-dfd1-4683-a7f8-81065c6fb3cc"
    action: "create"
    version: 1
    outcome: "ESTIMATE_REQUIRED"
    replayed: false
[21:28:48.359] [32mINFO[39m: [36mUniversal V1 TaskDraft mutation persisted[39m
    router: "web.taskDrafts"
    draftId: "c6826ee4-dfd1-4683-a7f8-81065c6fb3cc"
    action: "link_contact"
    version: 2
    outcome: "ESTIMATE_REQUIRED"
    replayed: false
[21:28:48.576] [32mINFO[39m: [36mUniversal V1 TaskDraft mutation persisted[39m
    router: "web.taskDrafts"
    draftId: "8a4bb2df-3647-43e1-8947-937fc58eb622"
    action: "create"
    version: 1
    outcome: "ESTIMATE_REQUIRED"
    replayed: false
[21:28:48.609] [32mINFO[39m: [36mUniversal V1 TaskDraft mutation persisted[39m
    router: "web.taskDrafts"
    draftId: "8a4bb2df-3647-43e1-8947-937fc58eb622"
    action: "link_contact"
    version: 2
    outcome: "ESTIMATE_REQUIRED"
    replayed: false
[21:28:48.844] [32mINFO[39m: [36mUniversal V1 TaskDraft mutation persisted[39m
    router: "web.taskDrafts"
    draftId: "439d695d-0bd4-4984-bf08-092e19cecbe7"
    action: "create"
    version: 1
    outcome: "ESTIMATE_REQUIRED"
    replayed: false
[21:28:48.880] [32mINFO[39m: [36mUniversal V1 TaskDraft mutation persisted[39m
    router: "web.taskDrafts"
    draftId: "439d695d-0bd4-4984-bf08-092e19cecbe7"
    action: "link_contact"
    version: 2
    outcome: "ESTIMATE_REQUIRED"
    replayed: false
[21:28:49.082] [32mINFO[39m: [36mUniversal V1 TaskDraft mutation persisted[39m
    router: "web.taskDrafts"
    draftId: "acdec175-4b61-4bda-b4a6-ef7ebd67ba43"
    action: "create"
    version: 1
    outcome: "ESTIMATE_REQUIRED"
    replayed: false
[21:28:49.112] [32mINFO[39m: [36mUniversal V1 TaskDraft mutation persisted[39m
    router: "web.taskDrafts"
    draftId: "acdec175-4b61-4bda-b4a6-ef7ebd67ba43"
    action: "link_contact"
    version: 2
    outcome: "ESTIMATE_REQUIRED"
    replayed: false
[21:28:49.316] [32mINFO[39m: [36mUniversal V1 TaskDraft mutation persisted[39m
    router: "web.taskDrafts"
    draftId: "9c9af97b-8074-4ca1-8e16-28ab0eae65f5"
    action: "create"
    version: 1
    outcome: "ESTIMATE_REQUIRED"
    replayed: false
[21:28:49.347] [32mINFO[39m: [36mUniversal V1 TaskDraft mutation persisted[39m
    router: "web.taskDrafts"
    draftId: "9c9af97b-8074-4ca1-8e16-28ab0eae65f5"
    action: "link_contact"
    version: 2
    outcome: "ESTIMATE_REQUIRED"
    replayed: false
[21:28:49.540] [32mINFO[39m: [36mUniversal V1 TaskDraft mutation persisted[39m
    router: "web.taskDrafts"
    draftId: "a8c578d5-1921-4d7b-8e69-8df36719af2c"
    action: "create"
    version: 1
    outcome: "ESTIMATE_REQUIRED"
    replayed: false
[21:28:49.570] [32mINFO[39m: [36mUniversal V1 TaskDraft mutation persisted[39m
    router: "web.taskDrafts"
    draftId: "a8c578d5-1921-4d7b-8e69-8df36719af2c"
    action: "link_contact"
    version: 2
    outcome: "ESTIMATE_REQUIRED"
    replayed: false
[21:28:49.766] [32mINFO[39m: [36mUniversal V1 TaskDraft mutation persisted[39m
    router: "web.taskDrafts"
    draftId: "f1032c46-0e6e-42cd-9a6c-c38ad3f679bd"
    action: "create"
    version: 1
    outcome: "ESTIMATE_REQUIRED"
    replayed: false
[21:28:49.798] [32mINFO[39m: [36mUniversal V1 TaskDraft mutation persisted[39m
    router: "web.taskDrafts"
    draftId: "f1032c46-0e6e-42cd-9a6c-c38ad3f679bd"
    action: "link_contact"
    version: 2
    outcome: "ESTIMATE_REQUIRED"
    replayed: false
[21:28:49.999] [32mINFO[39m: [36mUniversal V1 TaskDraft mutation persisted[39m
    router: "web.taskDrafts"
    draftId: "202287c2-ee3f-41e9-b6ef-851553f474b1"
    action: "create"
    version: 1
    outcome: "ESTIMATE_REQUIRED"
    replayed: false
[21:28:50.028] [32mINFO[39m: [36mUniversal V1 TaskDraft mutation persisted[39m
    router: "web.taskDrafts"
    draftId: "202287c2-ee3f-41e9-b6ef-851553f474b1"
    action: "link_contact"
    version: 2
    outcome: "ESTIMATE_REQUIRED"
    replayed: false
[21:28:51.755] [32mINFO[39m: [36mUniversal V1 TaskDraft mutation persisted[39m
    router: "web.taskDrafts"
    draftId: "5aa3f15a-e227-4450-9511-8e0a87151fef"
    action: "create"
    version: 1
    outcome: "ESTIMATE_REQUIRED"
    replayed: false
[21:28:51.788] [32mINFO[39m: [36mUniversal V1 TaskDraft mutation persisted[39m
    router: "web.taskDrafts"
    draftId: "5aa3f15a-e227-4450-9511-8e0a87151fef"
    action: "link_contact"
    version: 2
    outcome: "ESTIMATE_REQUIRED"
    replayed: false
[21:28:52.060] [32mINFO[39m: [36mUniversal V1 TaskDraft mutation persisted[39m
    router: "web.taskDrafts"
    draftId: "6056374b-c663-4a63-8510-28239a3cbc27"
    action: "create"
    version: 1
    outcome: "ESTIMATE_REQUIRED"
    replayed: false
[21:28:52.089] [32mINFO[39m: [36mUniversal V1 TaskDraft mutation persisted[39m
    router: "web.taskDrafts"
    draftId: "6056374b-c663-4a63-8510-28239a3cbc27"
    action: "link_contact"
    version: 2
    outcome: "ESTIMATE_REQUIRED"
    replayed: false
[21:28:53.320] [32mINFO[39m: [36mUniversal V1 TaskDraft mutation persisted[39m
    router: "web.taskDrafts"
    draftId: "b11d0ea9-2da0-4ad0-9458-b3d55a7dd7ce"
    action: "create"
    version: 1
    outcome: "ESTIMATE_REQUIRED"
    replayed: false
[21:28:53.346] [32mINFO[39m: [36mUniversal V1 TaskDraft mutation persisted[39m
    router: "web.taskDrafts"
    draftId: "b11d0ea9-2da0-4ad0-9458-b3d55a7dd7ce"
    action: "link_contact"
    version: 2
    outcome: "ESTIMATE_REQUIRED"
    replayed: false
[21:28:53.534] [32mINFO[39m: [36mUniversal V1 TaskDraft mutation persisted[39m
    router: "web.taskDrafts"
    draftId: "6b101772-b6ad-4e64-abda-9e913a52b58f"
    action: "create"
    version: 1
    outcome: "ESTIMATE_REQUIRED"
    replayed: false
[21:28:53.573] [32mINFO[39m: [36mUniversal V1 TaskDraft mutation persisted[39m
    router: "web.taskDrafts"
    draftId: "6b101772-b6ad-4e64-abda-9e913a52b58f"
    action: "link_contact"
    version: 2
    outcome: "ESTIMATE_REQUIRED"
    replayed: false
[21:28:55.077] [32mINFO[39m: [36mUniversal V1 TaskDraft mutation persisted[39m
    router: "web.taskDrafts"
    draftId: "55afe110-b788-4bdd-a26c-3c652c98fa95"
    action: "create"
    version: 1
    outcome: "ESTIMATE_REQUIRED"
    replayed: false
[21:28:55.109] [32mINFO[39m: [36mUniversal V1 TaskDraft mutation persisted[39m
    router: "web.taskDrafts"
    draftId: "55afe110-b788-4bdd-a26c-3c652c98fa95"
    action: "link_contact"
    version: 2
    outcome: "ESTIMATE_REQUIRED"
    replayed: false
[21:28:55.267] [32mINFO[39m: [36mUniversal V1 TaskDraft mutation persisted[39m
    router: "web.taskDrafts"
    draftId: "a63120a8-71fd-46fd-ac07-34e9d3b5f837"
    action: "create"
    version: 1
    outcome: "ESTIMATE_REQUIRED"
    replayed: false
[21:28:55.291] [32mINFO[39m: [36mUniversal V1 TaskDraft mutation persisted[39m
    router: "web.taskDrafts"
    draftId: "a63120a8-71fd-46fd-ac07-34e9d3b5f837"
    action: "link_contact"
    version: 2
    outcome: "ESTIMATE_REQUIRED"
    replayed: false
[21:28:55.460] [32mINFO[39m: [36mUniversal V1 TaskDraft mutation persisted[39m
    router: "web.taskDrafts"
    draftId: "8f82a711-6391-498d-b952-7b442a6db724"
    action: "create"
    version: 1
    outcome: "ESTIMATE_REQUIRED"
    replayed: false
[21:28:55.485] [32mINFO[39m: [36mUniversal V1 TaskDraft mutation persisted[39m
    router: "web.taskDrafts"
    draftId: "8f82a711-6391-498d-b952-7b442a6db724"
    action: "link_contact"
    version: 2
    outcome: "ESTIMATE_REQUIRED"
    replayed: false
[21:28:55.677] [32mINFO[39m: [36mUniversal V1 TaskDraft mutation persisted[39m
    router: "web.taskDrafts"
    draftId: "88b17ff6-5540-46c7-a4e9-a78f47b81149"
    action: "create"
    version: 1
    outcome: "ESTIMATE_REQUIRED"
    replayed: false
[21:28:55.706] [32mINFO[39m: [36mUniversal V1 TaskDraft mutation persisted[39m
    router: "web.taskDrafts"
    draftId: "88b17ff6-5540-46c7-a4e9-a78f47b81149"
    action: "link_contact"
    version: 2
    outcome: "ESTIMATE_REQUIRED"
    replayed: false
[21:28:55.998] [32mINFO[39m: [36mUniversal V1 TaskDraft mutation persisted[39m
    router: "web.taskDrafts"
    draftId: "05edfbfa-7466-4f74-9f92-9749ef22f0ed"
    action: "create"
    version: 1
    outcome: "ESTIMATE_REQUIRED"
    replayed: false
[21:28:56.023] [32mINFO[39m: [36mUniversal V1 TaskDraft mutation persisted[39m
    router: "web.taskDrafts"
    draftId: "05edfbfa-7466-4f74-9f92-9749ef22f0ed"
    action: "link_contact"
    version: 2
    outcome: "ESTIMATE_REQUIRED"
    replayed: false
[21:28:56.151] [32mINFO[39m: [36mUniversal V1 TaskDraft mutation persisted[39m
    router: "web.taskDrafts"
    draftId: "d7769ef2-1b46-4511-97d0-15382c39d9bf"
    action: "create"
    version: 1
    outcome: "ESTIMATE_REQUIRED"
    replayed: false
[21:28:56.177] [32mINFO[39m: [36mUniversal V1 TaskDraft mutation persisted[39m
    router: "web.taskDrafts"
    draftId: "d7769ef2-1b46-4511-97d0-15382c39d9bf"
    action: "link_contact"
    version: 2
    outcome: "ESTIMATE_REQUIRED"
    replayed: false
[21:28:56.355] [32mINFO[39m: [36mUniversal V1 TaskDraft mutation persisted[39m
    router: "web.taskDrafts"
    draftId: "813a60b6-099e-40b5-b03e-837141bb5b14"
    action: "create"
    version: 1
    outcome: "ESTIMATE_REQUIRED"
    replayed: false
[21:28:56.393] [32mINFO[39m: [36mUniversal V1 TaskDraft mutation persisted[39m
    router: "web.taskDrafts"
    draftId: "813a60b6-099e-40b5-b03e-837141bb5b14"
    action: "link_contact"
    version: 2
    outcome: "ESTIMATE_REQUIRED"
    replayed: false
[21:28:56.566] [32mINFO[39m: [36mUniversal V1 TaskDraft mutation persisted[39m
    router: "web.taskDrafts"
    draftId: "79293962-3695-4f5a-b2fd-388382a9a40c"
    action: "create"
    version: 1
    outcome: "ESTIMATE_REQUIRED"
    replayed: false
[21:28:56.591] [32mINFO[39m: [36mUniversal V1 TaskDraft mutation persisted[39m
    router: "web.taskDrafts"
    draftId: "79293962-3695-4f5a-b2fd-388382a9a40c"
    action: "link_contact"
    version: 2
    outcome: "ESTIMATE_REQUIRED"
    replayed: false
[21:28:56.799] [32mINFO[39m: [36mUniversal V1 TaskDraft mutation persisted[39m
    router: "web.taskDrafts"
    draftId: "51cd4aa3-9496-41ea-8559-0b66ea5af469"
    action: "create"
    version: 1
    outcome: "ESTIMATE_REQUIRED"
    replayed: false
[21:28:56.827] [32mINFO[39m: [36mUniversal V1 TaskDraft mutation persisted[39m
    router: "web.taskDrafts"
    draftId: "51cd4aa3-9496-41ea-8559-0b66ea5af469"
    action: "link_contact"
    version: 2
    outcome: "ESTIMATE_REQUIRED"
    replayed: false
[21:28:57.150] [32mINFO[39m: [36mUniversal V1 TaskDraft mutation persisted[39m
    router: "web.taskDrafts"
    draftId: "7aecdedb-1f14-4fa9-91fe-d142c1d5da5c"
    action: "create"
    version: 1
    outcome: "ESTIMATE_REQUIRED"
    replayed: false
[21:28:57.182] [32mINFO[39m: [36mUniversal V1 TaskDraft mutation persisted[39m
    router: "web.taskDrafts"
    draftId: "7aecdedb-1f14-4fa9-91fe-d142c1d5da5c"
    action: "link_contact"
    version: 2
    outcome: "ESTIMATE_REQUIRED"
    replayed: false
[21:28:59.764] [32mINFO[39m: [36mUniversal V1 TaskDraft mutation persisted[39m
    router: "web.taskDrafts"
    draftId: "abddb29e-f695-4e00-8c45-0f9d64a09fa3"
    action: "create"
    version: 1
    outcome: "ESTIMATE_REQUIRED"
    replayed: false
[21:28:59.800] [32mINFO[39m: [36mUniversal V1 TaskDraft mutation persisted[39m
    router: "web.taskDrafts"
    draftId: "abddb29e-f695-4e00-8c45-0f9d64a09fa3"
    action: "link_contact"
    version: 2
    outcome: "ESTIMATE_REQUIRED"
    replayed: false
[21:30:07.372] [32mINFO[39m: [36mUniversal V1 TaskDraft mutation persisted[39m
    router: "web.taskDrafts"
    draftId: "b8a07ed5-b8d6-4412-867a-a562772bda14"
    action: "create"
    version: 1
    outcome: "ESTIMATE_REQUIRED"
    replayed: false
[21:30:07.402] [32mINFO[39m: [36mUniversal V1 TaskDraft mutation persisted[39m
    router: "web.taskDrafts"
    draftId: "b8a07ed5-b8d6-4412-867a-a562772bda14"
    action: "link_contact"
    version: 2
    outcome: "ESTIMATE_REQUIRED"
    replayed: false
[21:30:08.787] [32mINFO[39m: [36mUniversal V1 TaskDraft mutation persisted[39m
    router: "web.taskDrafts"
    draftId: "0e2a1e3a-1475-4ddd-bb53-8fcdb0e39468"
    action: "create"
    version: 1
    outcome: "ESTIMATE_REQUIRED"
    replayed: false
[21:30:08.821] [32mINFO[39m: [36mUniversal V1 TaskDraft mutation persisted[39m
    router: "web.taskDrafts"
    draftId: "0e2a1e3a-1475-4ddd-bb53-8fcdb0e39468"
    action: "link_contact"
    version: 2
    outcome: "ESTIMATE_REQUIRED"
    replayed: false
[21:30:09.342] [32mINFO[39m: [36mUniversal V1 TaskDraft mutation persisted[39m
    router: "web.taskDrafts"
    draftId: "e6473424-e0f6-480c-ac08-36d00cd9e9ea"
    action: "create"
    version: 1
    outcome: "ESTIMATE_REQUIRED"
    replayed: false
[21:30:09.368] [32mINFO[39m: [36mUniversal V1 TaskDraft mutation persisted[39m
    router: "web.taskDrafts"
    draftId: "e6473424-e0f6-480c-ac08-36d00cd9e9ea"
    action: "link_contact"
    version: 2
    outcome: "ESTIMATE_REQUIRED"
    replayed: false
[21:30:09.783] [32mINFO[39m: [36mUniversal V1 TaskDraft mutation persisted[39m
    router: "web.taskDrafts"
    draftId: "3534d102-5dd7-4231-af93-839357a77bca"
    action: "create"
    version: 1
    outcome: "ESTIMATE_REQUIRED"
    replayed: false
[21:30:09.810] [32mINFO[39m: [36mUniversal V1 TaskDraft mutation persisted[39m
    router: "web.taskDrafts"
    draftId: "3534d102-5dd7-4231-af93-839357a77bca"
    action: "link_contact"
    version: 2
    outcome: "ESTIMATE_REQUIRED"
    replayed: false
[21:30:10.027] [32mINFO[39m: [36mUniversal V1 TaskDraft mutation persisted[39m
    router: "web.taskDrafts"
    draftId: "9a78e248-623c-4e4d-920a-1182c693805f"
    action: "create"
    version: 1
    outcome: "ESTIMATE_REQUIRED"
    replayed: false
[21:30:10.058] [32mINFO[39m: [36mUniversal V1 TaskDraft mutation persisted[39m
    router: "web.taskDrafts"
    draftId: "9a78e248-623c-4e4d-920a-1182c693805f"
    action: "link_contact"
    version: 2
    outcome: "ESTIMATE_REQUIRED"
    replayed: false
[21:30:10.397] [32mINFO[39m: [36mUniversal V1 TaskDraft mutation persisted[39m
    router: "web.taskDrafts"
    draftId: "a02a8528-0415-44e0-b492-833d5084c882"
    action: "create"
    version: 1
    outcome: "ESTIMATE_REQUIRED"
    replayed: false
[21:30:10.426] [32mINFO[39m: [36mUniversal V1 TaskDraft mutation persisted[39m
    router: "web.taskDrafts"
    draftId: "a02a8528-0415-44e0-b492-833d5084c882"
    action: "link_contact"
    version: 2
    outcome: "ESTIMATE_REQUIRED"
    replayed: false
[21:30:12.066] [32mINFO[39m: [36mUniversal V1 TaskDraft mutation persisted[39m
    router: "web.taskDrafts"
    draftId: "e8b2776d-e333-460d-8285-e1547cc2eb2e"
    action: "create"
    version: 1
    outcome: "ESTIMATE_REQUIRED"
    replayed: false
[21:30:12.095] [32mINFO[39m: [36mUniversal V1 TaskDraft mutation persisted[39m
    router: "web.taskDrafts"
    draftId: "e8b2776d-e333-460d-8285-e1547cc2eb2e"
    action: "link_contact"
    version: 2
    outcome: "ESTIMATE_REQUIRED"
    replayed: false
[21:30:12.700] [32mINFO[39m: [36mUniversal V1 TaskDraft mutation persisted[39m
    router: "web.taskDrafts"
    draftId: "30ce7a73-a1ac-42eb-85c6-956c16280169"
    action: "create"
    version: 1
    outcome: "ESTIMATE_REQUIRED"
    replayed: false
[21:30:12.729] [32mINFO[39m: [36mUniversal V1 TaskDraft mutation persisted[39m
    router: "web.taskDrafts"
    draftId: "30ce7a73-a1ac-42eb-85c6-956c16280169"
    action: "link_contact"
    version: 2
    outcome: "ESTIMATE_REQUIRED"
    replayed: false
[21:30:13.333] [32mINFO[39m: [36mUniversal V1 TaskDraft mutation persisted[39m
    router: "web.taskDrafts"
    draftId: "86c3174a-6e4a-4ce6-9826-5df10ad1305d"
    action: "create"
    version: 1
    outcome: "ESTIMATE_REQUIRED"
    replayed: false
[21:30:13.361] [32mINFO[39m: [36mUniversal V1 TaskDraft mutation persisted[39m
    router: "web.taskDrafts"
    draftId: "86c3174a-6e4a-4ce6-9826-5df10ad1305d"
    action: "link_contact"
    version: 2
    outcome: "ESTIMATE_REQUIRED"
    replayed: false
[21:30:13.614] [32mINFO[39m: [36mUniversal V1 TaskDraft mutation persisted[39m
    router: "web.taskDrafts"
    draftId: "33941992-582a-4c18-b999-01f24f797fc2"
    action: "create"
    version: 1
    outcome: "ESTIMATE_REQUIRED"
    replayed: false
[21:30:13.639] [32mINFO[39m: [36mUniversal V1 TaskDraft mutation persisted[39m
    router: "web.taskDrafts"
    draftId: "33941992-582a-4c18-b999-01f24f797fc2"
    action: "link_contact"
    version: 2
    outcome: "ESTIMATE_REQUIRED"
    replayed: false
[21:30:13.774] [32mINFO[39m: [36mUniversal V1 TaskDraft mutation persisted[39m
    router: "web.taskDrafts"
    draftId: "77b5cc73-d413-4426-a68f-81adaa8a75c9"
    action: "create"
    version: 1
    outcome: "ESTIMATE_REQUIRED"
    replayed: false
[21:30:13.801] [32mINFO[39m: [36mUniversal V1 TaskDraft mutation persisted[39m
    router: "web.taskDrafts"
    draftId: "77b5cc73-d413-4426-a68f-81adaa8a75c9"
    action: "link_contact"
    version: 2
    outcome: "ESTIMATE_REQUIRED"
    replayed: false
[21:30:13.938] [32mINFO[39m: [36mUniversal V1 TaskDraft mutation persisted[39m
    router: "web.taskDrafts"
    draftId: "c1b8574e-ac1d-4dd6-8058-8b579b6a012d"
    action: "create"
    version: 1
    outcome: "ESTIMATE_REQUIRED"
    replayed: false
[21:30:13.963] [32mINFO[39m: [36mUniversal V1 TaskDraft mutation persisted[39m
    router: "web.taskDrafts"
    draftId: "c1b8574e-ac1d-4dd6-8058-8b579b6a012d"
    action: "link_contact"
    version: 2
    outcome: "ESTIMATE_REQUIRED"
    replayed: false
[21:30:14.492] [32mINFO[39m: [36mUniversal V1 TaskDraft mutation persisted[39m
    router: "web.taskDrafts"
    draftId: "25298c04-cf2c-4b89-b26c-d52d9f786ba3"
    action: "create"
    version: 1
    outcome: "ESTIMATE_REQUIRED"
    replayed: false
[21:30:14.513] [32mINFO[39m: [36mUniversal V1 TaskDraft mutation persisted[39m
    router: "web.taskDrafts"
    draftId: "25298c04-cf2c-4b89-b26c-d52d9f786ba3"
    action: "link_contact"
    version: 2
    outcome: "ESTIMATE_REQUIRED"
    replayed: false
[21:30:14.677] [32mINFO[39m: [36mUniversal V1 TaskDraft mutation persisted[39m
    router: "web.taskDrafts"
    draftId: "aff5c1dd-9a35-4df9-b8c8-f40b6f261fa0"
    action: "create"
    version: 1
    outcome: "ESTIMATE_REQUIRED"
    replayed: false
[21:30:14.710] [32mINFO[39m: [36mUniversal V1 TaskDraft mutation persisted[39m
    router: "web.taskDrafts"
    draftId: "aff5c1dd-9a35-4df9-b8c8-f40b6f261fa0"
    action: "link_contact"
    version: 2
    outcome: "ESTIMATE_REQUIRED"
    replayed: false
[21:30:20.279] [32mINFO[39m: [36mUniversal V1 TaskDraft mutation persisted[39m
    router: "web.taskDrafts"
    draftId: "3eaa7bf7-5d5f-4145-9229-ec99f550f377"
    action: "create"
    version: 1
    outcome: "ESTIMATE_REQUIRED"
    replayed: false
[21:30:20.308] [32mINFO[39m: [36mUniversal V1 TaskDraft mutation persisted[39m
    router: "web.taskDrafts"
    draftId: "3eaa7bf7-5d5f-4145-9229-ec99f550f377"
    action: "link_contact"
    version: 2
    outcome: "ESTIMATE_REQUIRED"
    replayed: false
[21:30:23.466] [32mINFO[39m: [36mUniversal V1 TaskDraft mutation persisted[39m
    router: "web.taskDrafts"
    draftId: "de8b76dd-e287-4753-80b7-4e318f1910b1"
    action: "create"
    version: 1
    outcome: "ESTIMATE_REQUIRED"
    replayed: false
[21:30:23.490] [32mINFO[39m: [36mUniversal V1 TaskDraft mutation persisted[39m
    router: "web.taskDrafts"
    draftId: "de8b76dd-e287-4753-80b7-4e318f1910b1"
    action: "link_contact"
    version: 2
    outcome: "ESTIMATE_REQUIRED"
    replayed: false
[21:30:23.912] [32mINFO[39m: [36mUniversal V1 TaskDraft mutation persisted[39m
    router: "web.taskDrafts"
    draftId: "a04e0a4e-6829-46a4-a5d7-bb1117e3e260"
    action: "create"
    version: 1
    outcome: "ESTIMATE_REQUIRED"
    replayed: false
[21:30:23.941] [32mINFO[39m: [36mUniversal V1 TaskDraft mutation persisted[39m
    router: "web.taskDrafts"
    draftId: "a04e0a4e-6829-46a4-a5d7-bb1117e3e260"
    action: "link_contact"
    version: 2
    outcome: "ESTIMATE_REQUIRED"
    replayed: false
[21:30:29.654] [32mINFO[39m: [36mUniversal V1 TaskDraft mutation persisted[39m
    router: "web.taskDrafts"
    draftId: "49aacdb1-7483-4f10-82c5-f95c55cc2581"
    action: "create"
    version: 1
    outcome: "ESTIMATE_REQUIRED"
    replayed: false
[21:30:29.675] [32mINFO[39m: [36mUniversal V1 TaskDraft mutation persisted[39m
    router: "web.taskDrafts"
    draftId: "49aacdb1-7483-4f10-82c5-f95c55cc2581"
    action: "link_contact"
    version: 2
    outcome: "ESTIMATE_REQUIRED"
    replayed: false
[21:30:33.985] [32mINFO[39m: [36mUniversal V1 TaskDraft mutation persisted[39m
    router: "web.taskDrafts"
    draftId: "ff732035-9b9e-41b9-9ca2-69baa8f5ad21"
    action: "create"
    version: 1
    outcome: "ESTIMATE_REQUIRED"
    replayed: false
[21:30:34.009] [32mINFO[39m: [36mUniversal V1 TaskDraft mutation persisted[39m
    router: "web.taskDrafts"
    draftId: "ff732035-9b9e-41b9-9ca2-69baa8f5ad21"
    action: "link_contact"
    version: 2
    outcome: "ESTIMATE_REQUIRED"
    replayed: false
[21:30:38.005] [32mINFO[39m: [36mUniversal V1 TaskDraft mutation persisted[39m
    router: "web.taskDrafts"
    draftId: "a13ebac5-9f7f-4c6b-b573-686690323deb"
    action: "create"
    version: 1
    outcome: "ESTIMATE_REQUIRED"
    replayed: false
[21:30:38.030] [32mINFO[39m: [36mUniversal V1 TaskDraft mutation persisted[39m
    router: "web.taskDrafts"
    draftId: "a13ebac5-9f7f-4c6b-b573-686690323deb"
    action: "link_contact"
    version: 2
    outcome: "ESTIMATE_REQUIRED"
    replayed: false
[21:30:41.181] [32mINFO[39m: [36mUniversal V1 TaskDraft mutation persisted[39m
    router: "web.taskDrafts"
    draftId: "3c683846-9781-46d7-8063-a42d30d021f2"
    action: "create"
    version: 1
    outcome: "ESTIMATE_REQUIRED"
    replayed: false
[21:30:41.205] [32mINFO[39m: [36mUniversal V1 TaskDraft mutation persisted[39m
    router: "web.taskDrafts"
    draftId: "3c683846-9781-46d7-8063-a42d30d021f2"
    action: "link_contact"
    version: 2
    outcome: "ESTIMATE_REQUIRED"
    replayed: false
[21:30:43.324] [32mINFO[39m: [36mUniversal V1 TaskDraft mutation persisted[39m
    router: "web.taskDrafts"
    draftId: "f3b2efaf-da99-4ab0-861e-a6a413ed2e77"
    action: "create"
    version: 1
    outcome: "ESTIMATE_REQUIRED"
    replayed: false
[21:30:43.349] [32mINFO[39m: [36mUniversal V1 TaskDraft mutation persisted[39m
    router: "web.taskDrafts"
    draftId: "f3b2efaf-da99-4ab0-861e-a6a413ed2e77"
    action: "link_contact"
    version: 2
    outcome: "ESTIMATE_REQUIRED"
    replayed: false
[21:30:43.490] [32mINFO[39m: [36mUniversal V1 TaskDraft mutation persisted[39m
    router: "web.taskDrafts"
    draftId: "7e63a896-4735-42db-b2a0-085442549feb"
    action: "create"
    version: 1
    outcome: "ESTIMATE_REQUIRED"
    replayed: false
[21:30:43.512] [32mINFO[39m: [36mUniversal V1 TaskDraft mutation persisted[39m
    router: "web.taskDrafts"
    draftId: "7e63a896-4735-42db-b2a0-085442549feb"
    action: "link_contact"
    version: 2
    outcome: "ESTIMATE_REQUIRED"
    replayed: false
[21:30:43.645] [32mINFO[39m: [36mUniversal V1 TaskDraft mutation persisted[39m
    router: "web.taskDrafts"
    draftId: "350f1cc5-0618-4e9d-b41c-660e18d5f0b4"
    action: "create"
    version: 1
    outcome: "ESTIMATE_REQUIRED"
    replayed: false
[21:30:43.668] [32mINFO[39m: [36mUniversal V1 TaskDraft mutation persisted[39m
    router: "web.taskDrafts"
    draftId: "350f1cc5-0618-4e9d-b41c-660e18d5f0b4"
    action: "link_contact"
    version: 2
    outcome: "ESTIMATE_REQUIRED"
    replayed: false
[21:30:43.796] [32mINFO[39m: [36mUniversal V1 TaskDraft mutation persisted[39m
    router: "web.taskDrafts"
    draftId: "21c2fb1b-72e7-4089-a0ab-dd5946f3fbda"
    action: "create"
    version: 1
    outcome: "ESTIMATE_REQUIRED"
    replayed: false
[21:30:43.819] [32mINFO[39m: [36mUniversal V1 TaskDraft mutation persisted[39m
    router: "web.taskDrafts"
    draftId: "21c2fb1b-72e7-4089-a0ab-dd5946f3fbda"
    action: "link_contact"
    version: 2
    outcome: "ESTIMATE_REQUIRED"
    replayed: false
[21:30:44.028] [32mINFO[39m: [36mUniversal V1 TaskDraft mutation persisted[39m
    router: "web.taskDrafts"
    draftId: "c6db8152-23f2-40cd-bbd0-6510949ce25d"
    action: "create"
    version: 1
    outcome: "ESTIMATE_REQUIRED"
    replayed: false
[21:30:44.050] [32mINFO[39m: [36mUniversal V1 TaskDraft mutation persisted[39m
    router: "web.taskDrafts"
    draftId: "c6db8152-23f2-40cd-bbd0-6510949ce25d"
    action: "link_contact"
    version: 2
    outcome: "ESTIMATE_REQUIRED"
    replayed: false
[21:30:44.471] [32mINFO[39m: [36mUniversal V1 TaskDraft mutation persisted[39m
    router: "web.taskDrafts"
    draftId: "8514a386-a646-46fa-b09b-643516261454"
    action: "create"
    version: 1
    outcome: "ESTIMATE_REQUIRED"
    replayed: false
[21:30:44.490] [32mINFO[39m: [36mUniversal V1 TaskDraft mutation persisted[39m
    router: "web.taskDrafts"
    draftId: "8514a386-a646-46fa-b09b-643516261454"
    action: "link_contact"
    version: 2
    outcome: "ESTIMATE_REQUIRED"
    replayed: false
[21:30:44.818] [32mINFO[39m: [36mUniversal V1 TaskDraft mutation persisted[39m
    router: "web.taskDrafts"
    draftId: "7ee270c9-3421-43a0-a527-640c51e626ef"
    action: "create"
    version: 1
    outcome: "ESTIMATE_REQUIRED"
    replayed: false
[21:30:44.839] [32mINFO[39m: [36mUniversal V1 TaskDraft mutation persisted[39m
    router: "web.taskDrafts"
    draftId: "7ee270c9-3421-43a0-a527-640c51e626ef"
    action: "link_contact"
    version: 2
    outcome: "ESTIMATE_REQUIRED"
    replayed: false
[21:30:45.172] [32mINFO[39m: [36mUniversal V1 TaskDraft mutation persisted[39m
    router: "web.taskDrafts"
    draftId: "500eae05-eed9-4b98-9d2b-8ef0367d87e1"
    action: "create"
    version: 1
    outcome: "ESTIMATE_REQUIRED"
    replayed: false
[21:30:45.194] [32mINFO[39m: [36mUniversal V1 TaskDraft mutation persisted[39m
    router: "web.taskDrafts"
    draftId: "500eae05-eed9-4b98-9d2b-8ef0367d87e1"
    action: "link_contact"
    version: 2
    outcome: "ESTIMATE_REQUIRED"
    replayed: false
[21:30:45.511] [32mINFO[39m: [36mUniversal V1 TaskDraft mutation persisted[39m
    router: "web.taskDrafts"
    draftId: "c230c9df-02b0-4c4e-9849-b5a7d6e337e0"
    action: "create"
    version: 1
    outcome: "ESTIMATE_REQUIRED"
    replayed: false
[21:30:45.532] [32mINFO[39m: [36mUniversal V1 TaskDraft mutation persisted[39m
    router: "web.taskDrafts"
    draftId: "c230c9df-02b0-4c4e-9849-b5a7d6e337e0"
    action: "link_contact"
    version: 2
    outcome: "ESTIMATE_REQUIRED"
    replayed: false
[21:30:45.856] [32mINFO[39m: [36mUniversal V1 TaskDraft mutation persisted[39m
    router: "web.taskDrafts"
    draftId: "d80d3718-55b0-44b0-9590-f87f5289c391"
    action: "create"
    version: 1
    outcome: "ESTIMATE_REQUIRED"
    replayed: false
[21:30:45.876] [32mINFO[39m: [36mUniversal V1 TaskDraft mutation persisted[39m
    router: "web.taskDrafts"
    draftId: "d80d3718-55b0-44b0-9590-f87f5289c391"
    action: "link_contact"
    version: 2
    outcome: "ESTIMATE_REQUIRED"
    replayed: false
[21:30:46.215] [32mINFO[39m: [36mUniversal V1 TaskDraft mutation persisted[39m
    router: "web.taskDrafts"
    draftId: "b2f5f859-3ef9-440f-a670-90e1bf2b5ff5"
    action: "create"
    version: 1
    outcome: "ESTIMATE_REQUIRED"
    replayed: false
[21:30:46.238] [32mINFO[39m: [36mUniversal V1 TaskDraft mutation persisted[39m
    router: "web.taskDrafts"
    draftId: "b2f5f859-3ef9-440f-a670-90e1bf2b5ff5"
    action: "link_contact"
    version: 2
    outcome: "ESTIMATE_REQUIRED"
    replayed: false
[21:30:47.400] [32mINFO[39m: [36mUniversal V1 TaskDraft mutation persisted[39m
    router: "web.taskDrafts"
    draftId: "52c67157-a4bd-4e41-8936-3a557e4500ab"
    action: "create"
    version: 1
    outcome: "ESTIMATE_REQUIRED"
    replayed: false
[21:30:47.421] [32mINFO[39m: [36mUniversal V1 TaskDraft mutation persisted[39m
    router: "web.taskDrafts"
    draftId: "52c67157-a4bd-4e41-8936-3a557e4500ab"
    action: "link_contact"
    version: 2
    outcome: "ESTIMATE_REQUIRED"
    replayed: false
[21:30:47.655] [32mINFO[39m: [36mUniversal V1 TaskDraft mutation persisted[39m
    router: "web.taskDrafts"
    draftId: "c619442f-23ef-4188-9752-5f2a9195eed5"
    action: "create"
    version: 1
    outcome: "ESTIMATE_REQUIRED"
    replayed: false
[21:30:47.674] [32mINFO[39m: [36mUniversal V1 TaskDraft mutation persisted[39m
    router: "web.taskDrafts"
    draftId: "c619442f-23ef-4188-9752-5f2a9195eed5"
    action: "link_contact"
    version: 2
    outcome: "ESTIMATE_REQUIRED"
    replayed: false
[21:30:48.738] [32mINFO[39m: [36mUniversal V1 TaskDraft mutation persisted[39m
    router: "web.taskDrafts"
    draftId: "8601e564-bb1d-4a2c-8755-d4986c0573c3"
    action: "create"
    version: 1
    outcome: "ESTIMATE_REQUIRED"
    replayed: false
[21:30:48.766] [32mINFO[39m: [36mUniversal V1 TaskDraft mutation persisted[39m
    router: "web.taskDrafts"
    draftId: "8601e564-bb1d-4a2c-8755-d4986c0573c3"
    action: "link_contact"
    version: 2
    outcome: "ESTIMATE_REQUIRED"
    replayed: false
[21:30:49.517] [32mINFO[39m: [36mUniversal V1 TaskDraft mutation persisted[39m
    router: "web.taskDrafts"
    draftId: "6efd26d1-e38c-4faa-8c29-2a129aacff36"
    action: "create"
    version: 1
    outcome: "ESTIMATE_REQUIRED"
    replayed: false
[21:30:49.540] [32mINFO[39m: [36mUniversal V1 TaskDraft mutation persisted[39m
    router: "web.taskDrafts"
    draftId: "6efd26d1-e38c-4faa-8c29-2a129aacff36"
    action: "link_contact"
    version: 2
    outcome: "ESTIMATE_REQUIRED"
    replayed: false
[21:30:50.420] [32mINFO[39m: [36mUniversal V1 TaskDraft mutation persisted[39m
    router: "web.taskDrafts"
    draftId: "683d08aa-47ba-43ac-af61-059ad0a63215"
    action: "create"
    version: 1
    outcome: "ESTIMATE_REQUIRED"
    replayed: false
[21:30:50.441] [32mINFO[39m: [36mUniversal V1 TaskDraft mutation persisted[39m
    router: "web.taskDrafts"
    draftId: "683d08aa-47ba-43ac-af61-059ad0a63215"
    action: "link_contact"
    version: 2
    outcome: "ESTIMATE_REQUIRED"
    replayed: false
[21:30:56.659] [32mINFO[39m: [36mUniversal V1 TaskDraft mutation persisted[39m
    router: "web.taskDrafts"
    draftId: "9a20ab8f-2c4e-403f-87b7-002ff05751f3"
    action: "create"
    version: 1
    outcome: "ESTIMATE_REQUIRED"
    replayed: false
[21:30:56.678] [32mINFO[39m: [36mUniversal V1 TaskDraft mutation persisted[39m
    router: "web.taskDrafts"
    draftId: "9a20ab8f-2c4e-403f-87b7-002ff05751f3"
    action: "link_contact"
    version: 2
    outcome: "ESTIMATE_REQUIRED"
    replayed: false
[21:30:59.928] [32mINFO[39m: [36mUniversal V1 TaskDraft mutation persisted[39m
    router: "web.taskDrafts"
    draftId: "525f7860-2adf-44a0-adef-f9f24b725115"
    action: "create"
    version: 1
    outcome: "ESTIMATE_REQUIRED"
    replayed: false
[21:30:59.948] [32mINFO[39m: [36mUniversal V1 TaskDraft mutation persisted[39m
    router: "web.taskDrafts"
    draftId: "525f7860-2adf-44a0-adef-f9f24b725115"
    action: "link_contact"
    version: 2
    outcome: "ESTIMATE_REQUIRED"
    replayed: false
[21:31:00.158] [32mINFO[39m: [36mUniversal V1 TaskDraft mutation persisted[39m
    router: "web.taskDrafts"
    draftId: "b4ac7c03-f95d-4925-a294-1905a5895b5d"
    action: "create"
    version: 1
    outcome: "ESTIMATE_REQUIRED"
    replayed: false
[21:31:00.187] [32mINFO[39m: [36mUniversal V1 TaskDraft mutation persisted[39m
    router: "web.taskDrafts"
    draftId: "b4ac7c03-f95d-4925-a294-1905a5895b5d"
    action: "link_contact"
    version: 2
    outcome: "ESTIMATE_REQUIRED"
    replayed: false
[21:31:01.617] [32mINFO[39m: [36mUniversal V1 TaskDraft mutation persisted[39m
    router: "web.taskDrafts"
    draftId: "6ba2cea5-f485-4c8f-8287-4ed1b331f35b"
    action: "create"
    version: 1
    outcome: "ESTIMATE_REQUIRED"
    replayed: false
[21:31:01.639] [32mINFO[39m: [36mUniversal V1 TaskDraft mutation persisted[39m
    router: "web.taskDrafts"
    draftId: "6ba2cea5-f485-4c8f-8287-4ed1b331f35b"
    action: "link_contact"
    version: 2
    outcome: "ESTIMATE_REQUIRED"
    replayed: false
[21:31:01.769] [32mINFO[39m: [36mUniversal V1 TaskDraft mutation persisted[39m
    router: "web.taskDrafts"
    draftId: "71abb2fb-f79d-4a52-910e-0f8ace3ea867"
    action: "create"
    version: 1
    outcome: "ESTIMATE_REQUIRED"
    replayed: false
[21:31:01.791] [32mINFO[39m: [36mUniversal V1 TaskDraft mutation persisted[39m
    router: "web.taskDrafts"
    draftId: "71abb2fb-f79d-4a52-910e-0f8ace3ea867"
    action: "link_contact"
    version: 2
    outcome: "ESTIMATE_REQUIRED"
    replayed: false
[21:31:01.929] [32mINFO[39m: [36mUniversal V1 TaskDraft mutation persisted[39m
    router: "web.taskDrafts"
    draftId: "69423f00-bcf8-45fc-8797-3a937a7c6828"
    action: "create"
    version: 1
    outcome: "ESTIMATE_REQUIRED"
    replayed: false
[21:31:01.950] [32mINFO[39m: [36mUniversal V1 TaskDraft mutation persisted[39m
    router: "web.taskDrafts"
    draftId: "69423f00-bcf8-45fc-8797-3a937a7c6828"
    action: "link_contact"
    version: 2
    outcome: "ESTIMATE_REQUIRED"
    replayed: false
 ✓ |database-serial| backend/tests/system/universal-v1-fake-financial-command-outbox-authority-v13.pg.test.ts (116 tests) 154814ms
       ✓ removes hostile global and schema default ACLs from every new authority object  951ms
       ✓ rejects inherited object-owner authority and rolls back the entire installation  670ms
       ✓ restores predecessor guards and removes all v13 evidence on a late installation failure  921ms
       ✓ commits exact request bytes and outbox with REQUESTED after separately committed PREPARED  595ms
       ✓ serializes concurrent exact submissions to one durable request and outbox identity  408ms
       ✓ rejects a changed idempotency identity without another command  315ms
       ✓ rejects wrong-hash before a REQUESTED or outbox commit  317ms
       ✓ requires outer COMMIT after a released publication savepoint before restoration  1299ms
       ✓ recovers one expired publisher lease with the same job identity and rejects forged Redis with zero dispatch writes  1544ms
       ✓ admits exactly one concurrent worker replay and denies terminal publisher outcomes  358ms
       ✓ rejects a worker with a stale REPEATABLE READ snapshot after a terminal hold commits  370ms
       ✓ rejects an exact BullMQ replay after DISPATCH_ATTEMPTED with zero writes  334ms
       ✓ allows redispatch only after an explicit due retryable FAILED CONFIRMED_NO_EFFECT outcome  2596ms
       ✓ records publisher exhaustion without starving later work or reopening dispatch  69053ms
         ✓ reads exact bytes after admission commits without adding provider or lifecycle facts  592ms
         ✓ rejects admission and readback in the same transaction  438ms
         ✓ rejects a terminal publisher hold committed after admission  360ms
         ✓ rejects an elapsed outcome deadline even while its lease remains live  1678ms
         ✓ rejects a OUTCOME_UNKNOWN observation committed after admission  627ms
         ✓ rejects a FAILED observation committed after admission  647ms
         ✓ refuses REPEATABLE READ snapshots for admitted readback  333ms
         ✓ rechecks the outcome after waiting for the command recovery lock  514ms
       ✓ uses distinct worker and API logins with sealed publisher ports and no direct v13 writes  47867ms
 ✓ |database-serial| backend/tests/system/nonproduction-financial-readiness-v13.pg.test.ts (22 tests) 53582ms
     ✓ reports actual backend readiness with current restricted roles and an exact local release  1884ms
     ✓ reports actual worker readiness with current restricted roles and an exact local release  1352ms
     ✓ fails closed on retained helper moved outside configured custody  1548ms
     ✓ fails closed on retained helper missing from its required identity  1593ms
     ✓ fails closed on residual column SELECT  1531ms
     ✓ fails closed on retained function EXECUTE by attester  1501ms
     ✓ fails closed on digest ownership drift  1499ms
     ✓ fails closed on missing finance digest EXECUTE  1508ms
     ✓ fails closed on digest detached from pgcrypto  1543ms
     ✓ fails closed on database CREATE  1506ms
     ✓ fails closed on database TEMP  1492ms
     ✓ fails closed on public schema USAGE grant option  1567ms
     ✓ fails closed on private schema USAGE  1564ms
     ✓ fails closed on residual custodian default function grant  1465ms
     ✓ fails closed on residual relation owner drift  1534ms
     ✓ fails closed on compensation origin missing target FK  2141ms
     ✓ fails closed on compensation origin disabled private FK trigger  1532ms
     ✓ fails closed on compensation origin changed origin timestamp default  2144ms
     ✓ fails closed on reversal preparation provenance missing target FK  2108ms
     ✓ fails closed on reversal preparation provenance disabled private FK trigger  1569ms
     ✓ fails closed on reversal preparation provenance changed origin timestamp default  2099ms
     ✓ fails closed on a disabled incoming FK constraint trigger  1593ms
 ✓ |database-serial| backend/tests/system/nonproduction-financial-runtime-authority.pg.test.ts (18 tests) 53931ms
     ✓ attests all eight separated roles and the actual API session as ready  1399ms
     ✓ denies retained recovery wrappers and direct digest calls to every active runtime role  1085ms
     ✓ keeps primitive bridge helpers and all deferred integrity guards owner-only  1039ms
     ✓ fails closed if runtime can execute an owner-only deferred guard  1497ms
     ✓ fails closed if runtime can execute an owner-only primitive bridge helper  1490ms
     ✓ fails closed on a live database-identity mutation and recovers after restoration  1121ms
     ✓ detects a same-column critical view replacement through rewrite-rule identity  2173ms
     ✓ detects an added INSTEAD rewrite rule on a critical table  2162ms
     ✓ detects body drift in a trigger function omitted from the former static list  2205ms
     ✓ detects body drift in a transitive helper that is not itself a trigger  1911ms
     ✓ detects an elevated LOGIN owner on a derived critical trigger function  1527ms
     ✓ detects pgcrypto dependency membership, safety, and owner drift  4719ms
     ✓ fails closed when the runtime receives one forbidden relation privilege  1511ms
     ✓ fails closed when the common sealed-function owner loses either exact digest dependency  2974ms
     ✓ fails closed when API receives either forbidden direct digest capability  2962ms
     ✓ fails closed when one required sealed-wrapper grant is absent  1508ms
     ✓ fails closed when runtime is made a member of an elevated role  1461ms
 ✓ |database-serial| backend/tests/system/nonproduction-financial-guarded-readiness.pg.test.ts (8 tests) 37339ms
     ✓ runs actual api startup migration checks and financial readiness through the guarded pool  2962ms
     ✓ re-attests api after physical pool shutdown  2435ms
     ✓ rejects api custody drift after connection attestation  2283ms
     ✓ runs actual worker startup migration checks and financial readiness through the guarded pool  2854ms
     ✓ re-attests worker after physical pool shutdown  2484ms
     ✓ rejects worker custody drift after connection attestation  2236ms
     ✓ blocks old API/worker capabilities after target rollover and requires fresh attestation  4841ms
 ✓ |database-serial| backend/tests/system/nonproduction-financial-bootstrap-readiness.pg.test.ts (3 tests) 19920ms
     ✓ executes real restricted authority and all identity SQL, rejecting incorrect schema evidence  2434ms
 ✓ |database-serial| backend/tests/system/nonproduction-financial-recovery-upgrade.pg.test.ts (1 test) 17661ms
     ✓ preserves historical compensation replay, then verifies the exact full current migration chain  1228ms
 ✓ |database-serial| backend/tests/system/universal-v1-work-order-command-authority-v2.pg.test.ts (10 tests) 13940ms
     ✓ fails closed for expired, wrong environment, kind, request hash, and release bindings  748ms
 ✓ |database-serial| backend/tests/system/nonproduction-runtime-insert-authority-v1.pg.test.ts (6 tests) 17508ms
[21:34:43.233] [33mWARN[39m: [36mFirebase Admin credentials missing — auth verification disabled[39m
    module: "auth"
[21:34:43.963] [32mINFO[39m: [36mRequired engine migration verified[39m
    module: "worker"
    status: "already_applied"
    migration: "add_missing_tables_v2"
    sourcePath: "C:\Users\Manfish\Documents\Codex\2026-09-04\let\work\backend-validation-checkout\backend\database\migrations\add_missing_tables_v2.sql"
    sha256: "0e82957e8c8ac0cdb2da99faaad235f64e8eda817ff60681e4455719b48a403e"
[21:34:43.976] [32mINFO[39m: [36mRequired engine migration verified[39m
    module: "worker"
    status: "already_applied"
    migration: "20260710_engine_automation_contracts"
    sourcePath: "C:\Users\Manfish\Documents\Codex\2026-09-04\let\work\backend-validation-checkout\backend\database\migrations\20260710_engine_automation_contracts.sql"
    sha256: "7581c779b858864ba4f1d7ec1af1fb8da613c53b8986adafcfd4de2cf07938a7"
[21:34:43.986] [32mINFO[39m: [36mRequired engine migration verified[39m
    module: "worker"
    status: "already_applied"
    migration: "20260711_required_proof_alignment"
    sourcePath: "C:\Users\Manfish\Documents\Codex\2026-09-04\let\work\backend-validation-checkout\backend\database\migrations\011-proof-alignment.sql"
    sha256: "aa042a77dc4f8b8fcad8b53f6e678a6c2ec4edf39d7c18f63399d184369759c3"
[21:34:43.997] [32mINFO[39m: [36mRequired engine migration verified[39m
    module: "worker"
    status: "already_applied"
    migration: "20260711_required_expertise_supply"
    sourcePath: "C:\Users\Manfish\Documents\Codex\2026-09-04\let\work\backend-validation-checkout\backend\database\migrations\expertise_supply_control.sql"
    sha256: "104803408da1a0196291254866cefb2944b4b45be5a2c81df334ecaac828cf39"
[21:34:44.014] [32mINFO[39m: [36mRequired engine migration verified[39m
    module: "worker"
    status: "already_applied"
    migration: "20260711_task_outcome_classification"
    sourcePath: "C:\Users\Manfish\Documents\Codex\2026-09-04\let\work\backend-validation-checkout\backend\database\migrations\20260711_task_outcome_classification.sql"
    sha256: "c723901db04a66d60ec231ac10324fe8834a32b9b6019b7a5aa0a651638cf791"
[21:34:44.027] [32mINFO[39m: [36mRequired engine migration verified[39m
    module: "worker"
    status: "already_applied"
    migration: "20260712_hustler_identity_link"
    sourcePath: "C:\Users\Manfish\Documents\Codex\2026-09-04\let\work\backend-validation-checkout\backend\database\migrations\20260712_hustler_identity_link.sql"
    sha256: "4ea3685d374532f90122a58b596d04a544c06bd701d0697037af15a964af3518"
[21:34:44.039] [32mINFO[39m: [36mRequired engine migration verified[39m
    module: "worker"
    status: "already_applied"
    migration: "20260712_dispatch_expiry_pending_payment_cancel"
    sourcePath: "C:\Users\Manfish\Documents\Codex\2026-09-04\let\work\backend-validation-checkout\backend\database\migrations\20260712_dispatch_expiry_pending_payment_cancel.sql"
    sha256: "4b29f0612985dbf9e90c2f437cc49dbf88223d3a78c67bfd48ebc88e16249a7f"
[21:34:44.051] [32mINFO[39m: [36mRequired engine migration verified[39m
    module: "worker"
    status: "already_applied"
    migration: "20260712_dispatch_expiry_no_payment_reconcile"
    sourcePath: "C:\Users\Manfish\Documents\Codex\2026-09-04\let\work\backend-validation-checkout\backend\database\migrations\20260712_dispatch_expiry_no_payment_reconcile.sql"
    sha256: "12d4e967e5b0a910debe5c187a5dc3bb18d3c2ce49375e6698aa856e12a60b72"
[21:34:44.063] [32mINFO[39m: [36mRequired engine migration verified[39m
    module: "worker"
    status: "already_applied"
    migration: "performance_indexes_v1"
    sourcePath: "C:\Users\Manfish\Documents\Codex\2026-09-04\let\work\backend-validation-checkout\backend\database\migrations\20260713_performance_indexes_alignment.sql"
    sha256: "3696d6feeed5f058d286ad62cbe8fb75a72e43cecc93cfcb162bb2ef61cb33cf"
[21:34:44.075] [32mINFO[39m: [36mRequired engine migration verified[39m
    module: "worker"
    status: "already_applied"
    migration: "chargeback_lifecycle_v1"
    sourcePath: "C:\Users\Manfish\Documents\Codex\2026-09-04\let\work\backend-validation-checkout\backend\database\migrations\chargeback_lifecycle.sql"
    sha256: "32905444b29504044c3f91a5398a0a2c064398d833e66d486e6ca513fddff6f7"
[21:34:44.085] [32mINFO[39m: [36mRequired engine migration verified[39m
    module: "worker"
    status: "already_applied"
    migration: "20260718_revenue_audit_rail"
    sourcePath: "C:\Users\Manfish\Documents\Codex\2026-09-04\let\work\backend-validation-checkout\backend\database\migrations\20260718_revenue_audit_rail.sql"
    sha256: "f11a5eb964f2c09b9e9592533fd32b35c24c9de8511e79b6096f2cf7627134a0"
[21:34:44.097] [32mINFO[39m: [36mRequired engine migration verified[39m
    module: "worker"
    status: "already_applied"
    migration: "20260718_quote_economics_contract"
    sourcePath: "C:\Users\Manfish\Documents\Codex\2026-09-04\let\work\backend-validation-checkout\backend\database\migrations\20260718_quote_economics_contract.sql"
    sha256: "1eb1a06963af0d740b488154d5803ab050f322d501feae130ac02e6e5669ecef"
[21:34:44.108] [32mINFO[39m: [36mRequired engine migration verified[39m
    module: "worker"
    status: "already_applied"
    migration: "20260718_task_scope_versions"
    sourcePath: "C:\Users\Manfish\Documents\Codex\2026-09-04\let\work\backend-validation-checkout\backend\database\migrations\20260718_task_scope_versions.sql"
    sha256: "71098ed2d76562e33e7439b6bbeaa2648c19174a3c19195460238aeaf5abcd6e"
[21:34:44.120] [32mINFO[39m: [36mRequired engine migration verified[39m
    module: "worker"
    status: "already_applied"
    migration: "20260718_task_location_encryption"
    sourcePath: "C:\Users\Manfish\Documents\Codex\2026-09-04\let\work\backend-validation-checkout\backend\database\migrations\20260718_task_location_encryption.sql"
    sha256: "084ef950e086b7aa5040e4fba37277d18f65a15f6cbea75d52dd5729b00386f2"
[21:34:44.131] [32mINFO[39m: [36mRequired engine migration verified[39m
    module: "worker"
    status: "already_applied"
    migration: "20260718_proof_submission_atomicity"
    sourcePath: "C:\Users\Manfish\Documents\Codex\2026-09-04\let\work\backend-validation-checkout\backend\database\migrations\20260718_proof_submission_atomicity.sql"
    sha256: "6d5dfced166382beed083351a6c75aa5bbf972dcb0eb8704003cae40aa8d5768"
[21:34:44.142] [32mINFO[39m: [36mRequired engine migration verified[39m
    module: "worker"
    status: "already_applied"
    migration: "20260718_task_safety_incident_cases"
    sourcePath: "C:\Users\Manfish\Documents\Codex\2026-09-04\let\work\backend-validation-checkout\backend\database\migrations\20260718_task_safety_incident_cases.sql"
    sha256: "a73437cc7e7f152a195b730f4c1d622ca2461bc682665c26f31760a3d1fa3800"
[21:34:44.154] [32mINFO[39m: [36mRequired engine migration verified[39m
    module: "worker"
    status: "already_applied"
    migration: "20260718_task_safety_delivery_contract"
    sourcePath: "C:\Users\Manfish\Documents\Codex\2026-09-04\let\work\backend-validation-checkout\backend\database\migrations\20260718_task_safety_delivery_contract.sql"
    sha256: "26c8241b9526f77980121afa98089dcf55162204979c0ee0465b1d7c55416c7d"
[21:34:44.165] [32mINFO[39m: [36mRequired engine migration verified[39m
    module: "worker"
    status: "already_applied"
    migration: "20260718_task_safety_checkins"
    sourcePath: "C:\Users\Manfish\Documents\Codex\2026-09-04\let\work\backend-validation-checkout\backend\database\migrations\20260718_task_safety_checkins.sql"
    sha256: "f9278e4a9cb7c7345f321712a4204280129d6e31aba31d03a987c31cb40781e5"
[21:34:44.176] [32mINFO[39m: [36mRequired engine migration verified[39m
    module: "worker"
    status: "already_applied"
    migration: "20260718_task_safety_location_encryption"
    sourcePath: "C:\Users\Manfish\Documents\Codex\2026-09-04\let\work\backend-validation-checkout\backend\database\migrations\20260718_task_safety_location_encryption.sql"
    sha256: "2cd76dff8f126da4bec2d6f58e2c6de5c3c93a3fabd1024536a7c007dce07e46"
[21:34:44.187] [32mINFO[39m: [36mRequired engine migration verified[39m
    module: "worker"
    status: "already_applied"
    migration: "20260718_zone_category_liquidity_cells"
    sourcePath: "C:\Users\Manfish\Documents\Codex\2026-09-04\let\work\backend-validation-checkout\backend\database\migrations\20260718_zone_category_liquidity_cells.sql"
    sha256: "8c427c29ac142a7543c08768be5823b1dcd6d4630b1a3b5128e2e88afce77a2c"
[21:34:44.199] [32mINFO[39m: [36mRequired engine migration verified[39m
    module: "worker"
    status: "already_applied"
    migration: "20260718_worker_offer_decision_contract"
    sourcePath: "C:\Users\Manfish\Documents\Codex\2026-09-04\let\work\backend-validation-checkout\backend\database\migrations\20260718_worker_offer_decision_contract.sql"
    sha256: "81defc49577f106e03e682814dd2bc302f7435adfb1711a8801d68ada75d4e02"
[21:34:44.210] [32mINFO[39m: [36mRequired engine migration verified[39m
    module: "worker"
    status: "already_applied"
    migration: "20260718_worker_screening_rights_contract"
    sourcePath: "C:\Users\Manfish\Documents\Codex\2026-09-04\let\work\backend-validation-checkout\backend\database\migrations\20260718_worker_screening_rights_contract.sql"
    sha256: "3c1d98eb3a8e5f59811dc7a937584bc96b0d37bae87a04f7bac58b41e1a4d20d"
[21:34:44.221] [32mINFO[39m: [36mRequired engine migration verified[39m
    module: "worker"
    status: "already_applied"
    migration: "20260718_region_policy_contract"
    sourcePath: "C:\Users\Manfish\Documents\Codex\2026-09-04\let\work\backend-validation-checkout\backend\database\migrations\20260718_region_policy_contract.sql"
    sha256: "01c65eb106aa9ad3a9909e08b882f6ba908bf626e0c23a68136c64fe39ec9311"
[21:34:44.231] [32mINFO[39m: [36mRequired engine migration verified[39m
    module: "worker"
    status: "already_applied"
    migration: "20260718_completion_retention_contract"
    sourcePath: "C:\Users\Manfish\Documents\Codex\2026-09-04\let\work\backend-validation-checkout\backend\database\migrations\20260718_completion_retention_contract.sql"
    sha256: "b55d86d2438505a7e38b330de642ca1711ab14e8f970da9e9eca8d975da38ef0"
[21:34:44.242] [32mINFO[39m: [36mRequired engine migration verified[39m
    module: "worker"
    status: "already_applied"
    migration: "20260718_task_public_clarifications"
    sourcePath: "C:\Users\Manfish\Documents\Codex\2026-09-04\let\work\backend-validation-checkout\backend\database\migrations\20260718_task_public_clarifications.sql"
    sha256: "5dd2cca338998318447069a4c47fcaaf8a48e2d9bb7004e24576bc76849c9155"
[21:34:44.253] [32mINFO[39m: [36mRequired engine migration verified[39m
    module: "worker"
    status: "already_applied"
    migration: "20260718_marketplace_reputation_contract"
    sourcePath: "C:\Users\Manfish\Documents\Codex\2026-09-04\let\work\backend-validation-checkout\backend\database\migrations\20260718_marketplace_reputation_contract.sql"
    sha256: "df565bff5dd411e74c6714e3353d22e28af6438b8a2a16c34fb574dd46d50933"
[21:34:44.269] [32mINFO[39m: [36mRequired engine migration verified[39m
    module: "worker"
    status: "already_applied"
    migration: "20260718_business_workspace_contract"
    sourcePath: "C:\Users\Manfish\Documents\Codex\2026-09-04\let\work\backend-validation-checkout\backend\database\migrations\20260718_business_workspace_contract.sql"
    sha256: "a22965906807502d81f7fc6fb085b1f71ee4cf8171986eb61be292dccc137c45"
[21:34:44.282] [32mINFO[39m: [36mRequired engine migration verified[39m
    module: "worker"
    status: "already_applied"
    migration: "20260718_business_operations_contract"
    sourcePath: "C:\Users\Manfish\Documents\Codex\2026-09-04\let\work\backend-validation-checkout\backend\database\migrations\20260718_business_operations_contract.sql"
    sha256: "23fdb635e6768e7cfabc299ba4babab7aa37e29d319f124e8cf96e152ff7a0cb"
[21:34:44.294] [32mINFO[39m: [36mRequired engine migration verified[39m
    module: "worker"
    status: "already_applied"
    migration: "20260718_business_execution_contract"
    sourcePath: "C:\Users\Manfish\Documents\Codex\2026-09-04\let\work\backend-validation-checkout\backend\database\migrations\20260718_business_execution_contract.sql"
    sha256: "b4bad697897f51aa69f4c435d194bcb0730e1c357110c56aeeeccc61ec0c8d2d"
[21:34:44.305] [32mINFO[39m: [36mRequired engine migration verified[39m
    module: "worker"
    status: "already_applied"
    migration: "20260718_recurring_work_contract"
    sourcePath: "C:\Users\Manfish\Documents\Codex\2026-09-04\let\work\backend-validation-checkout\backend\database\migrations\20260718_recurring_work_contract.sql"
    sha256: "65bbbe96e1af6d909cd9a454c201bf4e62c99e60ec6bddbaa2454a3e3de4ed4b"
[21:34:44.317] [32mINFO[39m: [36mRequired engine migration verified[39m
    module: "worker"
    status: "already_applied"
    migration: "20260718_business_recurring_contract"
    sourcePath: "C:\Users\Manfish\Documents\Codex\2026-09-04\let\work\backend-validation-checkout\backend\database\migrations\20260718_business_recurring_contract.sql"
    sha256: "e068a0aa68b7baf4a7c13f217536251708913b854119a3da350455230355f5d3"
[21:34:44.328] [32mINFO[39m: [36mRequired engine migration verified[39m
    module: "worker"
    status: "already_applied"
    migration: "20260719_recommendation_contract"
    sourcePath: "C:\Users\Manfish\Documents\Codex\2026-09-04\let\work\backend-validation-checkout\backend\database\migrations\20260719_recommendation_contract.sql"
    sha256: "3345c3fdce3aef451c89fd8245dff11096dffe1108309e19c1470f2138641ab4"
[21:34:44.339] [32mINFO[39m: [36mRequired engine migration verified[39m
    module: "worker"
    status: "already_applied"
    migration: "20260719_hustler_wallet_contract"
    sourcePath: "C:\Users\Manfish\Documents\Codex\2026-09-04\let\work\backend-validation-checkout\backend\database\migrations\20260719_hustler_wallet_contract.sql"
    sha256: "153809d4d570a54b27357e2ebff51c3b35fa303e69da29c570816acca89f29ab"
[21:34:44.351] [32mINFO[39m: [36mRequired engine migration verified[39m
    module: "worker"
    status: "already_applied"
    migration: "20260719_wallet_provider_event_integrity"
    sourcePath: "C:\Users\Manfish\Documents\Codex\2026-09-04\let\work\backend-validation-checkout\backend\database\migrations\20260719_wallet_provider_event_integrity.sql"
    sha256: "1ee57eb0d4c3d157632b8db3fbc8cc232ac1241c1ca76944250ca42e1fdbc8de"
[21:34:44.362] [32mINFO[39m: [36mRequired engine migration verified[39m
    module: "worker"
    status: "already_applied"
    migration: "20260719_wallet_provider_event_integrity_repair"
    sourcePath: "C:\Users\Manfish\Documents\Codex\2026-09-04\let\work\backend-validation-checkout\backend\database\migrations\20260719_wallet_provider_event_integrity_repair.sql"
    sha256: "96ff51a6414cb261fa2791281c076e4e5b7fafd73cbacc2db939402e4219a6a5"
[21:34:44.373] [32mINFO[39m: [36mRequired engine migration verified[39m
    module: "worker"
    status: "already_applied"
    migration: "20260719_lifecycle_service_foundations"
    sourcePath: "C:\Users\Manfish\Documents\Codex\2026-09-04\let\work\backend-validation-checkout\backend\database\migrations\20260719_lifecycle_service_foundations.sql"
    sha256: "4c1edaecda49afeae3950afe832074f8903d64aa6f726bbee2a0717f26113596"
[21:34:44.385] [32mINFO[39m: [36mRequired engine migration verified[39m
    module: "worker"
    status: "already_applied"
    migration: "20260719_task_worker_eligibility_contract"
    sourcePath: "C:\Users\Manfish\Documents\Codex\2026-09-04\let\work\backend-validation-checkout\backend\database\migrations\20260719_task_worker_eligibility_contract.sql"
    sha256: "a1fb5d0387d61fef4b484be82d15153031b14860bcc8b4bbaa690a4ca096a0fb"
[21:34:44.398] [32mINFO[39m: [36mRequired engine migration verified[39m
    module: "worker"
    status: "already_applied"
    migration: "20260719_append_only_truncate_contract"
    sourcePath: "C:\Users\Manfish\Documents\Codex\2026-09-04\let\work\backend-validation-checkout\backend\database\migrations\20260719_append_only_truncate_contract.sql"
    sha256: "1b105f37e52b19435aacc7b04b2496bbef7f5cd0b0b1681487342e2e411544b4"
[21:34:44.409] [32mINFO[39m: [36mRequired engine migration verified[39m
    module: "worker"
    status: "already_applied"
    migration: "20260719_admin_user_search_trigram_contract"
    sourcePath: "C:\Users\Manfish\Documents\Codex\2026-09-04\let\work\backend-validation-checkout\backend\database\migrations\20260719_admin_user_search_trigram_contract.sql"
    sha256: "89a20a0c588af79ae8c0cd8e06949f4a542928b826adafa822d5a02b20694090"
[21:34:44.420] [32mINFO[39m: [36mRequired engine migration verified[39m
    module: "worker"
    status: "already_applied"
    migration: "20260719_admin_capability_contract"
    sourcePath: "C:\Users\Manfish\Documents\Codex\2026-09-04\let\work\backend-validation-checkout\backend\database\migrations\20260719_admin_capability_contract.sql"
    sha256: "cacc11cfe40b498767acbbaa736f2462e21a758018bcda1a667430a3c441c0f4"
[21:34:44.432] [32mINFO[39m: [36mRequired engine migration verified[39m
    module: "worker"
    status: "already_applied"
    migration: "20260719_tier0_browse_only_contract"
    sourcePath: "C:\Users\Manfish\Documents\Codex\2026-09-04\let\work\backend-validation-checkout\backend\database\migrations\20260719_tier0_browse_only_contract.sql"
    sha256: "336d976adfc3ce6e892b16c67a08bbc692165d2373084c3e51ab3e0a3db7a9d5"
[21:34:44.443] [32mINFO[39m: [36mRequired engine migration verified[39m
    module: "worker"
    status: "already_applied"
    migration: "20260719_task_template_policy_contract"
    sourcePath: "C:\Users\Manfish\Documents\Codex\2026-09-04\let\work\backend-validation-checkout\backend\database\migrations\20260719_task_template_policy_contract.sql"
    sha256: "1b4e180c34fce08ea00076e1f02f9c57d698c532db1eff84d9973e68c189ff8f"
[21:34:44.456] [32mINFO[39m: [36mRequired engine migration verified[39m
    module: "worker"
    status: "already_applied"
    migration: "20260719_compliance_guardian_persistence_contract"
    sourcePath: "C:\Users\Manfish\Documents\Codex\2026-09-04\let\work\backend-validation-checkout\backend\database\migrations\20260719_compliance_guardian_persistence_contract.sql"
    sha256: "ad0d747354fd6040df2669ffc0fbe485526240aca38887e27a069f49ab67767c"
[21:34:44.470] [32mINFO[39m: [36mRequired engine migration verified[39m
    module: "worker"
    status: "already_applied"
    migration: "20260719_worker_offer_retake_contract"
    sourcePath: "C:\Users\Manfish\Documents\Codex\2026-09-04\let\work\backend-validation-checkout\backend\database\migrations\20260719_worker_offer_retake_contract.sql"
    sha256: "0e5c8b6dde2fe27aecb7eed4ea1c329a4872cee9cc54c7a42505e431e5df0301"
[21:34:44.482] [32mINFO[39m: [36mRequired engine migration verified[39m
    module: "worker"
    status: "already_applied"
    migration: "20260719_liquidity_expansion_contract"
    sourcePath: "C:\Users\Manfish\Documents\Codex\2026-09-04\let\work\backend-validation-checkout\backend\database\migrations\20260719_liquidity_expansion_contract.sql"
    sha256: "6ba06780137ac5142e4560d465300cdb21105c690cfb320a588b35b37f69d795"
[21:34:44.493] [32mINFO[39m: [36mRequired engine migration verified[39m
    module: "worker"
    status: "already_applied"
    migration: "20260719_liquidity_expansion_fk_repair"
    sourcePath: "C:\Users\Manfish\Documents\Codex\2026-09-04\let\work\backend-validation-checkout\backend\database\migrations\20260719_liquidity_expansion_fk_repair.sql"
    sha256: "3ab131b4dbc128a99cd9eb7512888282df572f0ca61519d0453ebaa8be686c17"
[21:34:44.504] [32mINFO[39m: [36mRequired engine migration verified[39m
    module: "worker"
    status: "already_applied"
    migration: "20260719_worker_counter_offer_contract"
    sourcePath: "C:\Users\Manfish\Documents\Codex\2026-09-04\let\work\backend-validation-checkout\backend\database\migrations\20260719_worker_counter_offer_contract.sql"
    sha256: "1c6376dc07f95465f0925134f9d30990ed0da52c869cb9e039f3865508f85696"
[21:34:44.522] [32mINFO[39m: [36mRequired engine migration verified[39m
    module: "worker"
    status: "already_applied"
    migration: "20260719_worker_counter_offer_exclusivity"
    sourcePath: "C:\Users\Manfish\Documents\Codex\2026-09-04\let\work\backend-validation-checkout\backend\database\migrations\20260719_worker_counter_offer_exclusivity.sql"
    sha256: "5f72eb8f7bacc3c45c3dfba2527f7ccd5571ea6db0bcb4dd119a32ed0436e78f"
[21:34:44.537] [32mINFO[39m: [36mRequired engine migration verified[39m
    module: "worker"
    status: "already_applied"
    migration: "20260719_external_task_bridge_contract"
    sourcePath: "C:\Users\Manfish\Documents\Codex\2026-09-04\let\work\backend-validation-checkout\backend\database\migrations\20260719_external_task_bridge_contract.sql"
    sha256: "33080f06754d9ed04bf6624ac0dbf5c7817c8324af9be25ecb01ebf50ecffb69"
[21:34:44.548] [32mINFO[39m: [36mRequired engine migration verified[39m
    module: "worker"
    status: "already_applied"
    migration: "20260720_task_geofence_event_contract"
    sourcePath: "C:\Users\Manfish\Documents\Codex\2026-09-04\let\work\backend-validation-checkout\backend\database\migrations\20260720_task_geofence_event_contract.sql"
    sha256: "c2a31559936f1d1db684a27f3cca8554fe3b6986830ff6795e547c17409e24af"
[21:34:44.560] [32mINFO[39m: [36mRequired engine migration verified[39m
    module: "worker"
    status: "already_applied"
    migration: "20260720_major_action_telemetry_contract"
    sourcePath: "C:\Users\Manfish\Documents\Codex\2026-09-04\let\work\backend-validation-checkout\backend\database\migrations\20260720_major_action_telemetry_contract.sql"
    sha256: "0939eb301dba2a9b8e50c759fd794c19cfd19b7ac8c761449dccc5d346a5fd07"
[21:34:44.571] [32mINFO[39m: [36mRequired engine migration verified[39m
    module: "worker"
    status: "already_applied"
    migration: "20260720_major_action_telemetry_contract_repair"
    sourcePath: "C:\Users\Manfish\Documents\Codex\2026-09-04\let\work\backend-validation-checkout\backend\database\migrations\20260720_major_action_telemetry_contract_repair.sql"
    sha256: "7aebc9a96ca0eb516d6eaabff5c8ea44a1c99ef452328abfdc31e423fcb50960"
[21:34:44.582] [32mINFO[39m: [36mRequired engine migration verified[39m
    module: "worker"
    status: "already_applied"
    migration: "20260720_major_action_source_registry_repair"
    sourcePath: "C:\Users\Manfish\Documents\Codex\2026-09-04\let\work\backend-validation-checkout\backend\database\migrations\20260720_major_action_source_registry_repair.sql"
    sha256: "dd0641389a561a02ee7bc211494baeecad4a584f4ae878e367d7bd6ec41ef99d"
[21:34:44.593] [32mINFO[39m: [36mRequired engine migration verified[39m
    module: "worker"
    status: "already_applied"
    migration: "20260720_offline_action_sync_contract"
    sourcePath: "C:\Users\Manfish\Documents\Codex\2026-09-04\let\work\backend-validation-checkout\backend\database\migrations\20260720_offline_action_sync_contract.sql"
    sha256: "a24c7a3a1fc6d248e7ed84850c282b1d70e136470a5814e5cf73d354fb71a225"
[21:34:44.605] [32mINFO[39m: [36mRequired engine migration verified[39m
    module: "worker"
    status: "already_applied"
    migration: "20260720_offline_action_sync_contract_repair"
    sourcePath: "C:\Users\Manfish\Documents\Codex\2026-09-04\let\work\backend-validation-checkout\backend\database\migrations\20260720_offline_action_sync_contract_repair.sql"
    sha256: "dd3ebeb8b7660ce2a7e7dc0c90c75b8c44368ed464dd80d5a48db74c608fe2ad"
[21:34:44.616] [32mINFO[39m: [36mRequired engine migration verified[39m
    module: "worker"
    status: "already_applied"
    migration: "20260720_proof_verification_signal_contract"
    sourcePath: "C:\Users\Manfish\Documents\Codex\2026-09-04\let\work\backend-validation-checkout\backend\database\migrations\20260720_proof_verification_signal_contract.sql"
    sha256: "7956522e446ae42141b204c0f32d6cc1843c8deb54d474f5bc3d5687577e18fb"
[21:34:44.626] [32mINFO[39m: [36mRequired engine migration verified[39m
    module: "worker"
    status: "already_applied"
    migration: "20260720_proof_media_metadata_minimization"
    sourcePath: "C:\Users\Manfish\Documents\Codex\2026-09-04\let\work\backend-validation-checkout\backend\database\migrations\20260720_proof_media_metadata_minimization.sql"
    sha256: "d8b3f516a303744ab8bfe467d528f552f0c444466d64ab1e881d6ae5f422e396"
[21:34:44.638] [32mINFO[39m: [36mRequired engine migration verified[39m
    module: "worker"
    status: "already_applied"
    migration: "20260720_media_upload_finalization_contract"
    sourcePath: "C:\Users\Manfish\Documents\Codex\2026-09-04\let\work\backend-validation-checkout\backend\database\migrations\20260720_media_upload_finalization_contract.sql"
    sha256: "c7cb31234baeb3ec101b44a73df6fd93198d3c442ceaa0713188e912bae10715"
[21:34:44.649] [32mINFO[39m: [36mRequired engine migration verified[39m
    module: "worker"
    status: "already_applied"
    migration: "20260720_private_media_delivery_contract"
    sourcePath: "C:\Users\Manfish\Documents\Codex\2026-09-04\let\work\backend-validation-checkout\backend\database\migrations\20260720_private_media_delivery_contract.sql"
    sha256: "dab4cace45c99879d1a6f3e978198fe8ec4e1840607319522b8addfc20cda608"
[21:34:44.662] [32mINFO[39m: [36mRequired engine migration verified[39m
    module: "worker"
    status: "already_applied"
    migration: "20260720_worker_standing_appeals"
    sourcePath: "C:\Users\Manfish\Documents\Codex\2026-09-04\let\work\backend-validation-checkout\backend\database\migrations\20260720_worker_standing_appeals.sql"
    sha256: "02e2a7c9d91a10b780ea1c01444a57c257faecb7c1ec2f129c82ae8fb4004608"
[21:34:44.673] [32mINFO[39m: [36mRequired engine migration verified[39m
    module: "worker"
    status: "already_applied"
    migration: "20260720_offline_action_reconciliation"
    sourcePath: "C:\Users\Manfish\Documents\Codex\2026-09-04\let\work\backend-validation-checkout\backend\database\migrations\20260720_offline_action_reconciliation.sql"
    sha256: "12e245da2e45ce917516fdd4dfd2610348eb5c0420c1490987e378ad5f485f94"
[21:34:44.686] [32mINFO[39m: [36mRequired engine migration verified[39m
    module: "worker"
    status: "already_applied"
    migration: "20260720_dispute_release_authority_contract"
    sourcePath: "C:\Users\Manfish\Documents\Codex\2026-09-04\let\work\backend-validation-checkout\backend\database\migrations\20260720_dispute_release_authority_contract.sql"
    sha256: "0b7cadab9f4c40170d31c5e21921adb42b36935e6f3df81a87991fda9c0029fd"
[21:34:44.698] [32mINFO[39m: [36mRequired engine migration verified[39m
    module: "worker"
    status: "already_applied"
    migration: "20260720_notification_delivery_contract"
    sourcePath: "C:\Users\Manfish\Documents\Codex\2026-09-04\let\work\backend-validation-checkout\backend\database\migrations\20260720_notification_delivery_contract.sql"
    sha256: "a2264390a09a6ae20ce0011683ab870c631feebfde87ed80a872e986a575bb0b"
[21:34:44.711] [32mINFO[39m: [36mRequired engine migration verified[39m
    module: "worker"
    status: "already_applied"
    migration: "20260720_notification_delivery_contract_repair"
    sourcePath: "C:\Users\Manfish\Documents\Codex\2026-09-04\let\work\backend-validation-checkout\backend\database\migrations\20260720_notification_delivery_contract_repair.sql"
    sha256: "e0aaa1a3cb653917924183fcf67291b33a2dbf38579eb01b17122e649c71c40f"
[21:34:44.722] [32mINFO[39m: [36mRequired engine migration verified[39m
    module: "worker"
    status: "already_applied"
    migration: "20260720_notification_focus_suppression"
    sourcePath: "C:\Users\Manfish\Documents\Codex\2026-09-04\let\work\backend-validation-checkout\backend\database\migrations\20260720_notification_focus_suppression.sql"
    sha256: "e320ed83af84fd2c3781a1229db74126778b7c2d8eeb41dbddc432c634faba05"
[21:34:44.733] [32mINFO[39m: [36mRequired engine migration verified[39m
    module: "worker"
    status: "already_applied"
    migration: "20260720_schema_convergence_repair"
    sourcePath: "C:\Users\Manfish\Documents\Codex\2026-09-04\let\work\backend-validation-checkout\backend\database\migrations\20260720_schema_convergence_repair.sql"
    sha256: "5151894b324679c19cc7a70179aec8f0248a3c66c5325b97d8bdcf618f684da2"
[21:34:44.743] [32mINFO[39m: [36mRequired engine migration verified[39m
    module: "worker"
    status: "already_applied"
    migration: "20260720_local_certification_payment_provider"
    sourcePath: "C:\Users\Manfish\Documents\Codex\2026-09-04\let\work\backend-validation-checkout\backend\database\migrations\20260720_local_certification_payment_provider.sql"
    sha256: "413a1183e48dd0c3aa8131390481e7acfb17229727445023dfe659b20c123392"
[21:34:44.754] [32mINFO[39m: [36mRequired engine migration verified[39m
    module: "worker"
    status: "already_applied"
    migration: "20260720_region_policy_price_book_alignment"
    sourcePath: "C:\Users\Manfish\Documents\Codex\2026-09-04\let\work\backend-validation-checkout\backend\database\migrations\20260720_region_policy_price_book_alignment.sql"
    sha256: "614ac15399457b310f60e4bf637ee1d394a0da97e9cbcd9d6a8367a219af68e0"
[21:34:44.764] [32mINFO[39m: [36mRequired engine migration verified[39m
    module: "worker"
    status: "already_applied"
    migration: "20260720_local_certification_payout_provider"
    sourcePath: "C:\Users\Manfish\Documents\Codex\2026-09-04\let\work\backend-validation-checkout\backend\database\migrations\20260720_local_certification_payout_provider.sql"
    sha256: "1435947ebbdfa50dec2d0d812fe8d332287be1f0a6b7fd1c50cd96a5bfa9e097"
[21:34:44.779] [32mINFO[39m: [36mRequired engine migration verified[39m
    module: "worker"
    status: "already_applied"
    migration: "20260720_local_certification_screening_provider"
    sourcePath: "C:\Users\Manfish\Documents\Codex\2026-09-04\let\work\backend-validation-checkout\backend\database\migrations\20260720_local_certification_screening_provider.sql"
    sha256: "626ff1f60a8f8f6b6acd2a9aba621409bd3eab3142004361a89ae77a5c26f1cc"
[21:34:44.791] [32mINFO[39m: [36mRequired engine migration verified[39m
    module: "worker"
    status: "already_applied"
    migration: "20260720_controlled_test_liquidity_cell"
    sourcePath: "C:\Users\Manfish\Documents\Codex\2026-09-04\let\work\backend-validation-checkout\backend\database\migrations\20260720_controlled_test_liquidity_cell.sql"
    sha256: "1826b8b06b3b0de634f2420a40a00bcce2ce2a370d2349192b5dd6a7e981493d"
[21:34:44.802] [32mINFO[39m: [36mRequired engine migration verified[39m
    module: "worker"
    status: "already_applied"
    migration: "20260720_controlled_test_liquidity_marker_repair"
    sourcePath: "C:\Users\Manfish\Documents\Codex\2026-09-04\let\work\backend-validation-checkout\backend\database\migrations\20260720_controlled_test_liquidity_marker_repair.sql"
    sha256: "e9d3e3dbd829fdf0dad577701b22070218577a8bc9f6b70e8e0ec207eb06af28"
[21:34:44.812] [32mINFO[39m: [36mRequired engine migration verified[39m
    module: "worker"
    status: "already_applied"
    migration: "20260720_controlled_test_liquidity_lifecycle_repair"
    sourcePath: "C:\Users\Manfish\Documents\Codex\2026-09-04\let\work\backend-validation-checkout\backend\database\migrations\20260720_controlled_test_liquidity_lifecycle_repair.sql"
    sha256: "f921c0c7a374e4a7f4bd0b0a81af34667c52f1264d3f3c0ad57b017e0583e0cc"
[21:34:44.823] [32mINFO[39m: [36mRequired engine migration verified[39m
    module: "worker"
    status: "already_applied"
    migration: "20260720_controlled_test_duration_evidence"
    sourcePath: "C:\Users\Manfish\Documents\Codex\2026-09-04\let\work\backend-validation-checkout\backend\database\migrations\20260720_controlled_test_duration_evidence.sql"
    sha256: "9b2b0630d0fa0e24552547940c5ee1097e6b7a32cb5b90f5cc5426a25606ae77"
[21:34:44.834] [32mINFO[39m: [36mRequired engine migration verified[39m
    module: "worker"
    status: "already_applied"
    migration: "20260720_controlled_test_provider_capability"
    sourcePath: "C:\Users\Manfish\Documents\Codex\2026-09-04\let\work\backend-validation-checkout\backend\database\migrations\20260720_controlled_test_provider_capability.sql"
    sha256: "079baedf700badc9c00e1e91f83f96d409bee7f713c9e7d349767a92c112fcc1"
[21:34:44.844] [32mINFO[39m: [36mRequired engine migration verified[39m
    module: "worker"
    status: "already_applied"
    migration: "20260720_controlled_test_provider_capability_expiry"
    sourcePath: "C:\Users\Manfish\Documents\Codex\2026-09-04\let\work\backend-validation-checkout\backend\database\migrations\20260720_controlled_test_provider_capability_expiry.sql"
    sha256: "770a9973510b499f6e9c1b3428f5ba8dccbbca45c6aef62e463372dcdd2640a5"
[21:34:44.855] [32mINFO[39m: [36mRequired engine migration verified[39m
    module: "worker"
    status: "already_applied"
    migration: "20260720_controlled_test_provider_capability_refresh"
    sourcePath: "C:\Users\Manfish\Documents\Codex\2026-09-04\let\work\backend-validation-checkout\backend\database\migrations\20260720_controlled_test_provider_capability_refresh.sql"
    sha256: "fce9cbe6df1865581bc414ee1d102afe140899a4b3d0f35697c894edfb375011"
[21:34:44.866] [32mINFO[39m: [36mRequired engine migration verified[39m
    module: "worker"
    status: "already_applied"
    migration: "20260720_controlled_test_provider_capability_refresh_repair"
    sourcePath: "C:\Users\Manfish\Documents\Codex\2026-09-04\let\work\backend-validation-checkout\backend\database\migrations\20260720_controlled_test_provider_capability_refresh_repair.sql"
    sha256: "fa0600c70a92f0c25112bded13e6e45c5402bfca9aaea45540c08a9a83edcb9d"
[21:34:44.878] [32mINFO[39m: [36mRequired engine migration verified[39m
    module: "worker"
    status: "already_applied"
    migration: "20260720_controlled_test_offer_review"
    sourcePath: "C:\Users\Manfish\Documents\Codex\2026-09-04\let\work\backend-validation-checkout\backend\database\migrations\20260720_controlled_test_offer_review.sql"
    sha256: "29f42e272b46974910354ed0c32db10744ab771aae92bc83b5c70b84aba9d6e1"
[21:34:44.889] [32mINFO[39m: [36mRequired engine migration verified[39m
    module: "worker"
    status: "already_applied"
    migration: "20260720_task_safety_state_integrity"
    sourcePath: "C:\Users\Manfish\Documents\Codex\2026-09-04\let\work\backend-validation-checkout\backend\database\migrations\20260720_task_safety_state_integrity.sql"
    sha256: "b0548ea104c938f55f383f777b298427f863792cc440829453fdf9915c33f657"
[21:34:44.900] [32mINFO[39m: [36mRequired engine migration verified[39m
    module: "worker"
    status: "already_applied"
    migration: "20260720_task_safety_resolution_integrity"
    sourcePath: "C:\Users\Manfish\Documents\Codex\2026-09-04\let\work\backend-validation-checkout\backend\database\migrations\20260720_task_safety_resolution_integrity.sql"
    sha256: "c3f420fa5880355f5fecd84b9b9df5945991cd46d2cb5a4bcca41b2aa024fd62"
[21:34:44.910] [32mINFO[39m: [36mRequired engine migration verified[39m
    module: "worker"
    status: "already_applied"
    migration: "20260720_task_safety_case_access_integrity"
    sourcePath: "C:\Users\Manfish\Documents\Codex\2026-09-04\let\work\backend-validation-checkout\backend\database\migrations\20260720_task_safety_case_access_integrity.sql"
    sha256: "82d88d339eb6f89e4daae78669c1cd3b8cfad00e3c9865611e02381c744a4778"
[21:34:44.922] [32mINFO[39m: [36mRequired engine migration verified[39m
    module: "worker"
    status: "already_applied"
    migration: "20260720_operations_exception_contract"
    sourcePath: "C:\Users\Manfish\Documents\Codex\2026-09-04\let\work\backend-validation-checkout\backend\database\migrations\20260720_operations_exception_contract.sql"
    sha256: "f912b02c0d804e06cdabcef8fde8ec3345806c8463ef321211dbe11e9ae021e9"
[21:34:44.933] [32mINFO[39m: [36mRequired engine migration verified[39m
    module: "worker"
    status: "already_applied"
    migration: "20260721_hustler_trust_progression_contract"
    sourcePath: "C:\Users\Manfish\Documents\Codex\2026-09-04\let\work\backend-validation-checkout\backend\database\migrations\20260721_hustler_trust_progression_contract.sql"
    sha256: "efb7fc4b8f41df8d90f4b63183d3bdb244a41c03b5a73ae673edcab85575b43b"
[21:34:44.944] [32mINFO[39m: [36mRequired engine migration verified[39m
    module: "worker"
    status: "already_applied"
    migration: "20260721_task_quote_shortlist_messaging_contract"
    sourcePath: "C:\Users\Manfish\Documents\Codex\2026-09-04\let\work\backend-validation-checkout\backend\database\migrations\20260721_task_quote_shortlist_messaging_contract.sql"
    sha256: "33d43cc99215f79b7658d51d781f3923c481fcb6e2b7b7c36aa6d53f26283dd0"
[21:34:44.954] [32mINFO[39m: [36mRequired engine migration verified[39m
    module: "worker"
    status: "already_applied"
    migration: "20260721_unit_economics_guardrails"
    sourcePath: "C:\Users\Manfish\Documents\Codex\2026-09-04\let\work\backend-validation-checkout\backend\database\migrations\20260721_unit_economics_guardrails.sql"
    sha256: "f0139e1a336cb37bd3a0a92c64d1aabad7adc2cf11527034b50bf5e3007ea720"
[21:34:44.965] [32mINFO[39m: [36mRequired engine migration verified[39m
    module: "worker"
    status: "already_applied"
    migration: "20260721_build_now_spend_promotion_guardrails"
    sourcePath: "C:\Users\Manfish\Documents\Codex\2026-09-04\let\work\backend-validation-checkout\backend\database\migrations\20260721_build_now_spend_promotion_guardrails.sql"
    sha256: "eff21cecd9f2d714168e989e9bb712ac7b30286f8b0de724f4ca7a7cef8a661d"
[21:34:44.976] [32mINFO[39m: [36mRequired engine migration verified[39m
    module: "worker"
    status: "already_applied"
    migration: "20260721_private_identity_verification_contract"
    sourcePath: "C:\Users\Manfish\Documents\Codex\2026-09-04\let\work\backend-validation-checkout\backend\database\migrations\20260721_private_identity_verification_contract.sql"
    sha256: "90828c3109521c3f46333876e71c3e0b2e2feee2aab5820b34a7e3731f160117"
[21:34:44.986] [32mINFO[39m: [36mRequired engine migration verified[39m
    module: "worker"
    status: "already_applied"
    migration: "20260721_sensitive_media_ingestion_shutdown"
    sourcePath: "C:\Users\Manfish\Documents\Codex\2026-09-04\let\work\backend-validation-checkout\backend\database\migrations\20260721_sensitive_media_ingestion_shutdown.sql"
    sha256: "c83366b0b5f4c8ccca98ee5a31d95febaa0107f75e0e0ce60cb2d735c503fc20"
[21:34:44.997] [32mINFO[39m: [36mRequired engine migration verified[39m
    module: "worker"
    status: "already_applied"
    migration: "20260721_ai_observability_contract"
    sourcePath: "C:\Users\Manfish\Documents\Codex\2026-09-04\let\work\backend-validation-checkout\backend\database\migrations\20260721_ai_observability_contract.sql"
    sha256: "9ec88bb073608316014ed3529ca5632fdbb39394b265e9d2d4163303601ab3e0"
[21:34:45.008] [32mINFO[39m: [36mRequired engine migration verified[39m
    module: "worker"
    status: "already_applied"
    migration: "20260721_controlled_test_retake_acceptance_repair"
    sourcePath: "C:\Users\Manfish\Documents\Codex\2026-09-04\let\work\backend-validation-checkout\backend\database\migrations\20260721_controlled_test_retake_acceptance_repair.sql"
    sha256: "a1b2a9eb450a0ac4add500620bbcb6738d708603e794a86fcb8ce311adec8fe5"
[21:34:45.019] [32mINFO[39m: [36mRequired engine migration verified[39m
    module: "worker"
    status: "already_applied"
    migration: "20260721_controlled_test_retake_liquidity_repair"
    sourcePath: "C:\Users\Manfish\Documents\Codex\2026-09-04\let\work\backend-validation-checkout\backend\database\migrations\20260721_controlled_test_retake_liquidity_repair.sql"
    sha256: "edc5ca1a19dbb27ed4ae60efcdfedf2d91a09a86cb2bc0f5cee94bb39837f490"
[21:34:45.036] [32mINFO[39m: [36mRequired engine migration verified[39m
    module: "worker"
    status: "already_applied"
    migration: "20260721_controlled_test_retake_guard_convergence"
    sourcePath: "C:\Users\Manfish\Documents\Codex\2026-09-04\let\work\backend-validation-checkout\backend\database\migrations\20260721_controlled_test_retake_guard_convergence.sql"
    sha256: "6a2b108d6fe844e4a0235162f25066427eebb1952dbe41e29e7b483c267472b1"
[21:34:45.049] [32mINFO[39m: [36mRequired engine migration verified[39m
    module: "worker"
    status: "already_applied"
    migration: "20260721_same_worker_retake_assignment_guard_repair"
    sourcePath: "C:\Users\Manfish\Documents\Codex\2026-09-04\let\work\backend-validation-checkout\backend\database\migrations\20260721_same_worker_retake_assignment_guard_repair.sql"
    sha256: "c3500b95949b80004262a9c638f2eca8ef19ad5b446d430aecbe83bc628c7863"
[21:34:45.060] [32mINFO[39m: [36mRequired engine migration verified[39m
    module: "worker"
    status: "already_applied"
    migration: "20260722_region_policy_legal_approval_activation"
    sourcePath: "C:\Users\Manfish\Documents\Codex\2026-09-04\let\work\backend-validation-checkout\backend\database\migrations\20260722_region_policy_legal_approval_activation.sql"
    sha256: "2be054f21aa0168aad360dd755d52fd5b028a8106129206f47ccfbbc7f081e02"
[21:34:45.070] [32mINFO[39m: [36mRequired engine migration verified[39m
    module: "worker"
    status: "already_applied"
    migration: "20260722_recurring_payment_dispatch_gate"
    sourcePath: "C:\Users\Manfish\Documents\Codex\2026-09-04\let\work\backend-validation-checkout\backend\database\migrations\20260722_recurring_payment_dispatch_gate.sql"
    sha256: "47c04b2e55a275220c6c1a01fa283628e43fcea869096acd13db8bb59b659c8e"
[21:34:45.080] [32mINFO[39m: [36mRequired engine migration verified[39m
    module: "worker"
    status: "already_applied"
    migration: "20260722_service_business_assignment_contract"
    sourcePath: "C:\Users\Manfish\Documents\Codex\2026-09-04\let\work\backend-validation-checkout\backend\database\migrations\20260722_service_business_assignment_contract.sql"
    sha256: "258e56009e35228a4e2ad294d879143f4985bdbae7853d1c3c2c9fcda61777af"
[21:34:45.090] [32mINFO[39m: [36mRequired engine migration verified[39m
    module: "worker"
    status: "already_applied"
    migration: "010_web_platform_tables"
    sourcePath: "C:\Users\Manfish\Documents\Codex\2026-09-04\let\work\backend-validation-checkout\backend\database\migrations\010_web_platform_tables.sql"
    sha256: "8ddd4b374bf8d5c7635214c5d26a84d2e6d81cab10aa8a7049d7b3da1da8b5e2"
[21:34:45.100] [32mINFO[39m: [36mRequired engine migration verified[39m
    module: "worker"
    status: "already_applied"
    migration: "20260814_quote_price_book"
    sourcePath: "C:\Users\Manfish\Documents\Codex\2026-09-04\let\work\backend-validation-checkout\backend\database\migrations\20260814_quote_price_book.sql"
    sha256: "4d49f31e83b6ba5352ee1c16da45e2b7ce8f84a4d5d9ee0b50bee57e2cafed69"
[21:34:45.110] [32mINFO[39m: [36mRequired engine migration verified[39m
    module: "worker"
    status: "already_applied"
    migration: "20260814_price_book_quote_decisions"
    sourcePath: "C:\Users\Manfish\Documents\Codex\2026-09-04\let\work\backend-validation-checkout\backend\database\migrations\20260814_price_book_quote_decisions.sql"
    sha256: "77d1a1e17e300f83c1dc7e6f5e57e3ecef617a69066f1806d9d44aea3cf6a4f1"
[21:34:45.121] [32mINFO[39m: [36mRequired engine migration verified[39m
    module: "worker"
    status: "already_applied"
    migration: "20260814_task_supply_confidence"
    sourcePath: "C:\Users\Manfish\Documents\Codex\2026-09-04\let\work\backend-validation-checkout\backend\database\migrations\20260814_task_supply_confidence.sql"
    sha256: "5c64425fef6a52b4abb7e00f42f2c7322be9d777b58c1efbb1d8f5bd71815e9e"
[21:34:45.140] [32mINFO[39m: [36mRequired engine migration verified[39m
    module: "worker"
    status: "already_applied"
    migration: "20260815_quote_columns_extra_v4"
    sourcePath: "C:\Users\Manfish\Documents\Codex\2026-09-04\let\work\backend-validation-checkout\backend\database\migrations\20260815_quote_columns_extra_v4.sql"
    sha256: "2c45fbed303842c44ee20d24df090e54de05519d9e7ff5e8f74d4283763be7ee"
[21:34:45.154] [32mINFO[39m: [36mRequired engine migration verified[39m
    module: "worker"
    status: "already_applied"
    migration: "20260819_quote_payments"
    sourcePath: "C:\Users\Manfish\Documents\Codex\2026-09-04\let\work\backend-validation-checkout\backend\database\migrations\20260819_quote_payments.sql"
    sha256: "bcd90a6905e374568042b589c5c85931f93ea3c9a92fc28afbd0693bcc0e4286"
[21:34:45.166] [32mINFO[39m: [36mRequired engine migration verified[39m
    module: "worker"
    status: "already_applied"
    migration: "20260823_quote_payment_recovery"
    sourcePath: "C:\Users\Manfish\Documents\Codex\2026-09-04\let\work\backend-validation-checkout\backend\database\migrations\20260823_quote_payment_recovery.sql"
    sha256: "b0d75f09f523fdf1a11ffd5cea7a1c4cd78d431e7e55cb5723f6ce6f243eebc8"
[21:34:45.179] [32mINFO[39m: [36mRequired engine migration verified[39m
    module: "worker"
    status: "already_applied"
    migration: "20260827_universal_v1_lifecycle_contract"
    sourcePath: "C:\Users\Manfish\Documents\Codex\2026-09-04\let\work\backend-validation-checkout\backend\database\migrations\20260827_universal_v1_lifecycle_contract.sql"
    sha256: "43224cc43d132d1dfa517f5150f28457fc27fda3fb85641d5c836f40406cf513"
[21:34:45.192] [32mINFO[39m: [36mRequired engine migration verified[39m
    module: "worker"
    status: "already_applied"
    migration: "20260828_operator_authority_contract"
    sourcePath: "C:\Users\Manfish\Documents\Codex\2026-09-04\let\work\backend-validation-checkout\backend\database\migrations\20260828_operator_authority_contract.sql"
    sha256: "6e813f7266e057aeaa840b6924abb8ec1a763ed352c567b0b601aeac0d69d908"
[21:34:45.202] [32mINFO[39m: [36mRequired engine migration verified[39m
    module: "worker"
    status: "already_applied"
    migration: "20260829_task_matching_state_contract"
    sourcePath: "C:\Users\Manfish\Documents\Codex\2026-09-04\let\work\backend-validation-checkout\backend\database\migrations\20260829_task_matching_state_contract.sql"
    sha256: "07c9ad6227bb5e6dcb2bc1f2c048032a6e32df8cb0ff2087e6fc9248fdfe08c8"
[21:34:45.212] [32mINFO[39m: [36mRequired engine migration verified[39m
    module: "worker"
    status: "already_applied"
    migration: "20260830_ai_agent_judge_audit_convergence"
    sourcePath: "C:\Users\Manfish\Documents\Codex\2026-09-04\let\work\backend-validation-checkout\backend\database\migrations\20260830_ai_agent_judge_audit_convergence.sql"
    sha256: "47346ca99af25235a6dfdca3a05c6a2734d8bd190f06d02e6fadbd21c13fc705"
[21:34:45.222] [32mINFO[39m: [36mRequired engine migration verified[39m
    module: "worker"
    status: "already_applied"
    migration: "20260831_provider_neutral_outbound_communication"
    sourcePath: "C:\Users\Manfish\Documents\Codex\2026-09-04\let\work\backend-validation-checkout\backend\database\migrations\20260831_provider_neutral_outbound_communication.sql"
    sha256: "7163e1269dabe9229c15c2515e417349bb57d8d6f4d30653dc18e195b31ef232"
[21:34:45.233] [32mINFO[39m: [36mRequired engine migration verified[39m
    module: "worker"
    status: "already_applied"
    migration: "20260901_universal_v1_lead_ingress_port"
    sourcePath: "C:\Users\Manfish\Documents\Codex\2026-09-04\let\work\backend-validation-checkout\backend\database\migrations\20260901_universal_v1_lead_ingress_port.sql"
    sha256: "3640d1f62dd029db0bdd23a1cad7c9456b0c65c4a0c0b17c89781a9a32684dea"
[21:34:45.244] [32mINFO[39m: [36mRequired engine migration verified[39m
    module: "worker"
    status: "already_applied"
    migration: "20260902_universal_v1_task_draft_public_port"
    sourcePath: "C:\Users\Manfish\Documents\Codex\2026-09-04\let\work\backend-validation-checkout\backend\database\migrations\20260902_universal_v1_task_draft_public_port.sql"
    sha256: "dbf11f4ef967c17ac32fe3d4cb5710671fa4092649650d54d5f071b1aa85582e"
[21:34:45.253] [32mINFO[39m: [36mRequired engine migration verified[39m
    module: "worker"
    status: "already_applied"
    migration: "20260903_universal_v1_task_draft_account_claim"
    sourcePath: "C:\Users\Manfish\Documents\Codex\2026-09-04\let\work\backend-validation-checkout\backend\database\migrations\20260903_universal_v1_task_draft_account_claim.sql"
    sha256: "d2141ef2d979c69af21653750ff4dc9e94085c53072b87324fafb6cfb114f614"
[21:34:45.264] [32mINFO[39m: [36mRequired engine migration verified[39m
    module: "worker"
    status: "already_applied"
    migration: "20260904_canonical_user_email_identity"
    sourcePath: "C:\Users\Manfish\Documents\Codex\2026-09-04\let\work\backend-validation-checkout\backend\database\migrations\20260904_canonical_user_email_identity.sql"
    sha256: "3efc1ed89a01b95037837fb075015d027b0f0e72047fa013839299378c5dcf57"
[21:34:45.274] [32mINFO[39m: [36mRequired engine migration verified[39m
    module: "worker"
    status: "already_applied"
    migration: "20260905_universal_v1_task_draft_legacy_claim_import_repair"
    sourcePath: "C:\Users\Manfish\Documents\Codex\2026-09-04\let\work\backend-validation-checkout\backend\database\migrations\20260905_universal_v1_task_draft_legacy_claim_import_repair.sql"
    sha256: "67990edf9f231d953e519eacf796aa0fcada492f8fe8ce4b7f7889560a07e827"
[21:34:45.288] [32mINFO[39m: [36mRequired engine migration verified[39m
    module: "worker"
    status: "already_applied"
    migration: "20260906_universal_v1_estimate_acceptance_materialization"
    sourcePath: "C:\Users\Manfish\Documents\Codex\2026-09-04\let\work\backend-validation-checkout\backend\database\migrations\20260906_universal_v1_estimate_acceptance_materialization.sql"
    sha256: "671d0c9cbb1507a6303165d319e08441f69e5027d6ab2d075561b70a063191e6"
[21:34:45.300] [32mINFO[39m: [36mRequired engine migration verified[39m
    module: "worker"
    status: "already_applied"
    migration: "20260907_universal_v1_provider_estimate_invitation"
    sourcePath: "C:\Users\Manfish\Documents\Codex\2026-09-04\let\work\backend-validation-checkout\backend\database\migrations\20260907_universal_v1_provider_estimate_invitation.sql"
    sha256: "aac7221f4cd1dca94d26a90e96b5de7078c50cf7660bb934582faecb1a70001e"
[21:34:45.312] [32mINFO[39m: [36mRequired engine migration verified[39m
    module: "worker"
    status: "already_applied"
    migration: "20260908_universal_v1_provider_work_order_authority"
    sourcePath: "C:\Users\Manfish\Documents\Codex\2026-09-04\let\work\backend-validation-checkout\backend\database\migrations\20260908_universal_v1_provider_work_order_authority.sql"
    sha256: "53bcfc5cc6aa79c3fc8470db293aa0e8ad411a05db958a46c67389d5bc0e1d4c"
[21:34:45.329] [32mINFO[39m: [36mRequired engine migration verified[39m
    module: "worker"
    status: "already_applied"
    migration: "20260909_universal_v1_reconciliation_alias_repair"
    sourcePath: "C:\Users\Manfish\Documents\Codex\2026-09-04\let\work\backend-validation-checkout\backend\database\migrations\20260909_universal_v1_reconciliation_alias_repair.sql"
    sha256: "422e138cce00ef672092869a758ca752a08717b81cf822b90a509319c1b610a3"
[21:34:45.340] [32mINFO[39m: [36mRequired engine migration verified[39m
    module: "worker"
    status: "already_applied"
    migration: "20260911_universal_v1_change_order_application"
    sourcePath: "C:\Users\Manfish\Documents\Codex\2026-09-04\let\work\backend-validation-checkout\backend\database\migrations\20260911_universal_v1_change_order_application.sql"
    sha256: "c89f3cc97feae9563764e0cae8f3df4391204277aaa0fed344ae8dad91c17a43"
[21:34:45.351] [32mINFO[39m: [36mRequired engine migration verified[39m
    module: "worker"
    status: "already_applied"
    migration: "20260912_universal_v1_work_order_execution_facts"
    sourcePath: "C:\Users\Manfish\Documents\Codex\2026-09-04\let\work\backend-validation-checkout\backend\database\migrations\20260912_universal_v1_work_order_execution_facts.sql"
    sha256: "fdbea47445c8a131c2b41f54f0ba4c57caa359ca2453b5bbe3ab6c12c494ce14"
[21:34:45.362] [32mINFO[39m: [36mRequired engine migration verified[39m
    module: "worker"
    status: "already_applied"
    migration: "20260913_universal_v1_completion_delivery_receipt"
    sourcePath: "C:\Users\Manfish\Documents\Codex\2026-09-04\let\work\backend-validation-checkout\backend\database\migrations\20260913_universal_v1_completion_delivery_receipt.sql"
    sha256: "6299c82b5bdd2383e6dbb4f5d4c2d3c59b21c5b4f985d4b80331713f4ceeb7af"
[21:34:45.373] [32mINFO[39m: [36mRequired engine migration verified[39m
    module: "worker"
    status: "already_applied"
    migration: "20260914_notification_provider_in_flight"
    sourcePath: "C:\Users\Manfish\Documents\Codex\2026-09-04\let\work\backend-validation-checkout\backend\database\migrations\20260914_notification_provider_in_flight.sql"
    sha256: "0b9a9e162477efd65db5204b667665197c5b7ffbb50efe86b041093f73d2cc2f"
[21:34:45.384] [32mINFO[39m: [36mRequired engine migration verified[39m
    module: "worker"
    status: "already_applied"
    migration: "20260915_ai_spend_attempt_ledger"
    sourcePath: "C:\Users\Manfish\Documents\Codex\2026-09-04\let\work\backend-validation-checkout\backend\database\migrations\20260915_ai_spend_attempt_ledger.sql"
    sha256: "63b2615ec02c6193c3a8e8b93de263a5b65ac5ec0cfb93cac1869fdf425bfb77"
[21:34:45.395] [32mINFO[39m: [36mRequired engine migration verified[39m
    module: "worker"
    status: "already_applied"
    migration: "20260916_provider_event_inbox_v1"
    sourcePath: "C:\Users\Manfish\Documents\Codex\2026-09-04\let\work\backend-validation-checkout\backend\database\migrations\20260916_provider_event_inbox_v1.sql"
    sha256: "452b2534f7559326b3772c84d2c3b12bf2c4b6e7623b2a214cd0d20bd09f07a4"
[21:34:45.406] [32mINFO[39m: [36mRequired engine migration verified[39m
    module: "worker"
    status: "already_applied"
    migration: "20260917_financial_provider_command_journal_v1"
    sourcePath: "C:\Users\Manfish\Documents\Codex\2026-09-04\let\work\backend-validation-checkout\backend\database\migrations\20260917_financial_provider_command_journal_v1.sql"
    sha256: "1ef51473dda118ffe7ff7799ae66e388a66ff9fa34f71df0fa1dc281b1b72577"
[21:34:45.418] [32mINFO[39m: [36mRequired engine migration verified[39m
    module: "worker"
    status: "already_applied"
    migration: "20260918_universal_v1_prepared_financial_command_v1"
    sourcePath: "C:\Users\Manfish\Documents\Codex\2026-09-04\let\work\backend-validation-checkout\backend\database\migrations\20260918_universal_v1_prepared_financial_command_v1.sql"
    sha256: "dccae61700235f6e0609bef77e454b808af148c347978ae08b422ded77bd8920"
[21:34:45.429] [32mINFO[39m: [36mRequired engine migration verified[39m
    module: "worker"
    status: "already_applied"
    migration: "20260919_provider_event_processing_v1"
    sourcePath: "C:\Users\Manfish\Documents\Codex\2026-09-04\let\work\backend-validation-checkout\backend\database\migrations\20260919_provider_event_processing_v1.sql"
    sha256: "48a0874f8cf045c5507071ee7013605101c9d50988fd55a97a6148b979b9e798"
[21:34:45.440] [32mINFO[39m: [36mRequired engine migration verified[39m
    module: "worker"
    status: "already_applied"
    migration: "20260920_financial_provider_command_recovery_v1"
    sourcePath: "C:\Users\Manfish\Documents\Codex\2026-09-04\let\work\backend-validation-checkout\backend\database\migrations\20260920_financial_provider_command_recovery_v1.sql"
    sha256: "f7e8b62942c1aed5435d2d7d805273effd52fc8041e78561d8ad9d3f69a77daf"
[21:34:45.451] [32mINFO[39m: [36mRequired engine migration verified[39m
    module: "worker"
    status: "already_applied"
    migration: "20260923_legacy_escrow_insert_containment_v1"
    sourcePath: "C:\Users\Manfish\Documents\Codex\2026-09-04\let\work\backend-validation-checkout\backend\database\migrations\20260923_legacy_escrow_insert_containment_v1.sql"
    sha256: "6b9a51a3aa3e963c13585ba5c374c55164a76be9dfffc91303175a523c9ab5d1"
[21:34:45.463] [32mINFO[39m: [36mRequired engine migration verified[39m
    module: "worker"
    status: "already_applied"
    migration: "20260924_universal_v1_task_draft_route_context_v1"
    sourcePath: "C:\Users\Manfish\Documents\Codex\2026-09-04\let\work\backend-validation-checkout\backend\database\migrations\20260924_universal_v1_task_draft_route_context_v1.sql"
    sha256: "530539ce2d5b3a002bb7ee5e41666334fd4a1d642dc3ac410cd5bae719b2e76f"
[21:34:45.474] [32mINFO[39m: [36mRequired engine migration verified[39m
    module: "worker"
    status: "already_applied"
    migration: "20260925_universal_v1_work_order_compensation_v1"
    sourcePath: "C:\Users\Manfish\Documents\Codex\2026-09-04\let\work\backend-validation-checkout\backend\database\migrations\20260925_universal_v1_work_order_compensation_v1.sql"
    sha256: "eca44af1528e1a21b718bc765cd8bc740e779bc02497195ddba7da00607f9169"
[21:34:45.485] [32mINFO[39m: [36mRequired engine migration verified[39m
    module: "worker"
    status: "already_applied"
    migration: "20260928_provider_observation_normalization_v1"
    sourcePath: "C:\Users\Manfish\Documents\Codex\2026-09-04\let\work\backend-validation-checkout\backend\database\migrations\20260928_provider_observation_normalization_v1.sql"
    sha256: "526872fabf6ee65126e3e864ec7d7fb7b830d08d95b8b35799fad8aadc8e7607"
[21:34:45.496] [32mINFO[39m: [36mRequired engine migration verified[39m
    module: "worker"
    status: "already_applied"
    migration: "20260929_universal_v1_double_entry_ledger_v1"
    sourcePath: "C:\Users\Manfish\Documents\Codex\2026-09-04\let\work\backend-validation-checkout\backend\database\migrations\20260929_universal_v1_double_entry_ledger_v1.sql"
    sha256: "1ad5d75901ad4de964ca821ca8a78bf37bfdb7322b2a2a2119c7bc60325f3102"
[21:34:45.508] [32mINFO[39m: [36mRequired engine migration verified[39m
    module: "worker"
    status: "already_applied"
    migration: "20260930_universal_v1_ops_cases_v1"
    sourcePath: "C:\Users\Manfish\Documents\Codex\2026-09-04\let\work\backend-validation-checkout\backend\database\migrations\20260930_universal_v1_ops_cases_v1.sql"
    sha256: "5a60b4ec860d26c1e5251cde4fd8a2f7a5aa9f567dc52adc87a2fb6d72cab104"
[21:34:45.520] [32mINFO[39m: [36mRequired engine migration verified[39m
    module: "worker"
    status: "already_applied"
    migration: "20261001_universal_v1_relationship_origin_v1"
    sourcePath: "C:\Users\Manfish\Documents\Codex\2026-09-04\let\work\backend-validation-checkout\backend\database\migrations\20261001_universal_v1_relationship_origin_v1.sql"
    sha256: "099372b9a542f268661d61d4ac618a11170fe81a26ae13af0512a82c2405e077"
[21:34:45.533] [32mINFO[39m: [36mRequired engine migration verified[39m
    module: "worker"
    status: "already_applied"
    migration: "20261002_universal_v1_dispute_recovery_v1"
    sourcePath: "C:\Users\Manfish\Documents\Codex\2026-09-04\let\work\backend-validation-checkout\backend\database\migrations\20261002_universal_v1_dispute_recovery_v1.sql"
    sha256: "6137ad651293d9a7f074b225bbd0f861911892427868ad84aff17425673fa189"
[21:34:45.548] [32mINFO[39m: [36mRequired engine migration verified[39m
    module: "worker"
    status: "already_applied"
    migration: "20261003_universal_v1_task_opportunities_v1"
    sourcePath: "C:\Users\Manfish\Documents\Codex\2026-09-04\let\work\backend-validation-checkout\backend\database\migrations\20261003_universal_v1_task_opportunities_v1.sql"
    sha256: "8f2e2e0edf387fd89cd936bbab6059cd4a4e22abbb3aae73951f3f466eca84b7"
[21:34:45.561] [32mINFO[39m: [36mRequired engine migration verified[39m
    module: "worker"
    status: "already_applied"
    migration: "20261004_universal_v1_completion_notice_dispatch_v1"
    sourcePath: "C:\Users\Manfish\Documents\Codex\2026-09-04\let\work\backend-validation-checkout\backend\database\migrations\20261004_universal_v1_completion_notice_dispatch_v1.sql"
    sha256: "f5723941769d027e496d0a3a7fed32b29b1a02ff76db97ead815acd46a7fdee8"
[21:34:45.572] [32mINFO[39m: [36mRequired engine migration verified[39m
    module: "worker"
    status: "already_applied"
    migration: "20261005_universal_v1_occurrence_access_audit_v1"
    sourcePath: "C:\Users\Manfish\Documents\Codex\2026-09-04\let\work\backend-validation-checkout\backend\database\migrations\20261005_universal_v1_occurrence_access_audit_v1.sql"
    sha256: "d805ce946b7aba804be55aea9f131cff99047adaa7d46cd3d21242ac492ec364"
[21:34:45.583] [32mINFO[39m: [36mRequired engine migration verified[39m
    module: "worker"
    status: "already_applied"
    migration: "20261006_stage1_legacy_authority_containment_v1"
    sourcePath: "C:\Users\Manfish\Documents\Codex\2026-09-04\let\work\backend-validation-checkout\backend\database\migrations\20261006_stage1_legacy_authority_containment_v1.sql"
    sha256: "5cc6f5710696048b98c97ea06993a56aefaf711bac7a04dd973059f957d4eb63"
[21:34:45.593] [32mINFO[39m: [36mRequired engine migration verified[39m
    module: "worker"
    status: "already_applied"
    migration: "20261007_subscription_cancellation_recovery_v1"
    sourcePath: "C:\Users\Manfish\Documents\Codex\2026-09-04\let\work\backend-validation-checkout\backend\database\migrations\20261007_subscription_cancellation_recovery_v1.sql"
    sha256: "b6671677f556655c2cc3bad374a341a7667a0c431155397dbc0f5ad8029ffdb4"
[21:34:45.604] [32mINFO[39m: [36mRequired engine migration verified[39m
    module: "worker"
    status: "already_applied"
    migration: "20261008_universal_v1_work_order_task_state_containment_v1"
    sourcePath: "C:\Users\Manfish\Documents\Codex\2026-09-04\let\work\backend-validation-checkout\backend\database\migrations\20261008_universal_v1_work_order_task_state_containment_v1.sql"
    sha256: "2c3a3050a5a4efb3380e9746d77526a22adf33438c7e31521c589998b860ba04"
[21:34:45.615] [32mINFO[39m: [36mRequired engine migration verified[39m
    module: "worker"
    status: "already_applied"
    migration: "20261009_universal_v1_standardized_quote_readiness_v1"
    sourcePath: "C:\Users\Manfish\Documents\Codex\2026-09-04\let\work\backend-validation-checkout\backend\database\migrations\20261009_universal_v1_standardized_quote_readiness_v1.sql"
    sha256: "e088ec77e6dde547c5125807b6b6a83a318cc31a3c23a60233a87040a4ae8a2a"
[21:34:45.627] [32mINFO[39m: [36mRequired engine migration verified[39m
    module: "worker"
    status: "already_applied"
    migration: "20261010_universal_v1_financial_security_event_expiry_v1"
    sourcePath: "C:\Users\Manfish\Documents\Codex\2026-09-04\let\work\backend-validation-checkout\backend\database\migrations\20261010_universal_v1_financial_security_event_expiry_v1.sql"
    sha256: "1203de8b3a8a3457d439e51b7cc17d446ab1c9ae9a0c416b677f114d91e08a7b"
[21:34:45.637] [32mINFO[39m: [36mRequired engine migration verified[39m
    module: "worker"
    status: "already_applied"
    migration: "20261012_universal_v1_work_order_command_authority_v2"
    sourcePath: "C:\Users\Manfish\Documents\Codex\2026-09-04\let\work\backend-validation-checkout\backend\database\migrations\20261012_universal_v1_work_order_command_authority_v2.sql"
    sha256: "646a94805c9f6df5a487e4af11167329e82a9739ff81c5198c8d1db6f6bfd30d"
[21:34:45.648] [32mINFO[39m: [36mRequired engine migration verified[39m
    module: "worker"
    status: "already_applied"
    migration: "20261014_universal_v1_work_order_command_ports_v1"
    sourcePath: "C:\Users\Manfish\Documents\Codex\2026-09-04\let\work\backend-validation-checkout\backend\database\migrations\20261014_universal_v1_work_order_command_ports_v1.sql"
    sha256: "3920ac8d3208b9f573dc331cab60c373d0349611700c6e14a6e4c1dd8c53aac4"
[21:34:45.657] [32mINFO[39m: [36mLegacy exact-location encryption backfill verified[39m
    module: "worker"
    backfilledLocationCount: 0
[21:34:45.843] [32mINFO[39m: [36mUniversal V1 TaskDraft mutation persisted[39m
    router: "web.taskDrafts"
    draftId: "07755ee6-e445-4689-8750-4a07b5663915"
    action: "create"
    version: 1
    outcome: "FULFILLMENT_CANDIDATE"
    replayed: false
[21:34:45.875] [32mINFO[39m: [36mUniversal V1 TaskDraft mutation persisted[39m
    router: "web.taskDrafts"
    draftId: "07755ee6-e445-4689-8750-4a07b5663915"
    action: "link_contact"
    version: 2
    outcome: "FULFILLMENT_CANDIDATE"
    replayed: false
[21:34:45.972] [32mINFO[39m: [36mUniversal V1 TaskDraft mutation persisted[39m
    router: "web.taskDrafts"
    draftId: "c29064f9-ec7e-4d2c-9046-af76fe36871f"
    action: "create"
    version: 1
    outcome: "FULFILLMENT_CANDIDATE"
    replayed: false
[21:34:45.997] [32mINFO[39m: [36mUniversal V1 TaskDraft mutation persisted[39m
    router: "web.taskDrafts"
    draftId: "c29064f9-ec7e-4d2c-9046-af76fe36871f"
    action: "link_contact"
    version: 2
    outcome: "FULFILLMENT_CANDIDATE"
    replayed: false
[21:34:46.072] [32mINFO[39m: [36mUniversal V1 TaskDraft mutation persisted[39m
    router: "web.taskDrafts"
    draftId: "57ee836e-6431-40d1-abca-7745e069cc79"
    action: "create"
    version: 1
    outcome: "FULFILLMENT_CANDIDATE"
    replayed: false
[21:34:46.102] [32mINFO[39m: [36mUniversal V1 TaskDraft mutation persisted[39m
    router: "web.taskDrafts"
    draftId: "57ee836e-6431-40d1-abca-7745e069cc79"
    action: "link_contact"
    version: 2
    outcome: "FULFILLMENT_CANDIDATE"
    replayed: false
[21:34:46.168] [32mINFO[39m: [36mUniversal V1 TaskDraft mutation persisted[39m
    router: "web.taskDrafts"
    draftId: "f2cdd4f0-d849-4e79-a64e-93a6f0b8bb94"
    action: "create"
    version: 1
    outcome: "FULFILLMENT_CANDIDATE"
    replayed: false
[21:34:46.190] [32mINFO[39m: [36mUniversal V1 TaskDraft mutation persisted[39m
    router: "web.taskDrafts"
    draftId: "f2cdd4f0-d849-4e79-a64e-93a6f0b8bb94"
    action: "link_contact"
    version: 2
    outcome: "FULFILLMENT_CANDIDATE"
    replayed: false
[21:34:46.256] [32mINFO[39m: [36mUniversal V1 TaskDraft mutation persisted[39m
    router: "web.taskDrafts"
    draftId: "003bbf41-acf4-4236-a802-19d6ac3adf0b"
    action: "create"
    version: 1
    outcome: "FULFILLMENT_CANDIDATE"
    replayed: false
[21:34:46.279] [32mINFO[39m: [36mUniversal V1 TaskDraft mutation persisted[39m
    router: "web.taskDrafts"
    draftId: "003bbf41-acf4-4236-a802-19d6ac3adf0b"
    action: "link_contact"
    version: 2
    outcome: "FULFILLMENT_CANDIDATE"
    replayed: false
[21:34:46.354] [32mINFO[39m: [36mUniversal V1 TaskDraft mutation persisted[39m
    router: "web.taskDrafts"
    draftId: "520fc475-9ecf-4697-bce9-a59820d29eae"
    action: "create"
    version: 1
    outcome: "FULFILLMENT_CANDIDATE"
    replayed: false
[21:34:46.379] [32mINFO[39m: [36mUniversal V1 TaskDraft mutation persisted[39m
    router: "web.taskDrafts"
    draftId: "520fc475-9ecf-4697-bce9-a59820d29eae"
    action: "link_contact"
    version: 2
    outcome: "FULFILLMENT_CANDIDATE"
    replayed: false
[21:34:46.456] [32mINFO[39m: [36mUniversal V1 TaskDraft mutation persisted[39m
    router: "web.taskDrafts"
    draftId: "78e4706f-54b5-4471-b5c0-20404f48dbed"
    action: "create"
    version: 1
    outcome: "FULFILLMENT_CANDIDATE"
    replayed: false
[21:34:46.480] [32mINFO[39m: [36mUniversal V1 TaskDraft mutation persisted[39m
    router: "web.taskDrafts"
    draftId: "78e4706f-54b5-4471-b5c0-20404f48dbed"
    action: "link_contact"
    version: 2
    outcome: "FULFILLMENT_CANDIDATE"
    replayed: false
[21:34:46.569] [32mINFO[39m: [36mUniversal V1 TaskDraft mutation persisted[39m
    router: "web.taskDrafts"
    draftId: "17058ba9-b2aa-4b14-9734-37f607832215"
    action: "create"
    version: 1
    outcome: "FULFILLMENT_CANDIDATE"
    replayed: false
[21:34:46.597] [32mINFO[39m: [36mUniversal V1 TaskDraft mutation persisted[39m
    router: "web.taskDrafts"
    draftId: "17058ba9-b2aa-4b14-9734-37f607832215"
    action: "link_contact"
    version: 2
    outcome: "FULFILLMENT_CANDIDATE"
    replayed: false
[21:34:46.667] [32mINFO[39m: [36mUniversal V1 TaskDraft mutation persisted[39m
    router: "web.taskDrafts"
    draftId: "de1233ee-befa-4ebe-852f-353932f1dd74"
    action: "create"
    version: 1
    outcome: "FULFILLMENT_CANDIDATE"
    replayed: false
[21:34:46.692] [32mINFO[39m: [36mUniversal V1 TaskDraft mutation persisted[39m
    router: "web.taskDrafts"
    draftId: "de1233ee-befa-4ebe-852f-353932f1dd74"
    action: "link_contact"
    version: 2
    outcome: "FULFILLMENT_CANDIDATE"
    replayed: false
[21:34:46.847] [32mINFO[39m: [36mUniversal V1 TaskDraft mutation persisted[39m
    router: "web.taskDrafts"
    draftId: "88565e45-48b9-44aa-8be2-883731caeb26"
    action: "create"
    version: 1
    outcome: "FULFILLMENT_CANDIDATE"
    replayed: false
[21:34:46.870] [32mINFO[39m: [36mUniversal V1 TaskDraft mutation persisted[39m
    router: "web.taskDrafts"
    draftId: "88565e45-48b9-44aa-8be2-883731caeb26"
    action: "link_contact"
    version: 2
    outcome: "FULFILLMENT_CANDIDATE"
    replayed: false
[21:34:46.928] [32mINFO[39m: [36mUniversal V1 TaskDraft mutation persisted[39m
    router: "web.taskDrafts"
    draftId: "9be3953a-6967-4984-914e-0fd9f69aa398"
    action: "create"
    version: 1
    outcome: "FULFILLMENT_CANDIDATE"
    replayed: false
[21:34:46.951] [32mINFO[39m: [36mUniversal V1 TaskDraft mutation persisted[39m
    router: "web.taskDrafts"
    draftId: "9be3953a-6967-4984-914e-0fd9f69aa398"
    action: "link_contact"
    version: 2
    outcome: "FULFILLMENT_CANDIDATE"
    replayed: false
[21:34:47.041] [32mINFO[39m: [36mUniversal V1 TaskDraft mutation persisted[39m
    router: "web.taskDrafts"
    draftId: "9a533333-a0c9-4868-ab6f-b606f9a6c9b8"
    action: "create"
    version: 1
    outcome: "FULFILLMENT_CANDIDATE"
    replayed: false
[21:34:47.064] [32mINFO[39m: [36mUniversal V1 TaskDraft mutation persisted[39m
    router: "web.taskDrafts"
    draftId: "9a533333-a0c9-4868-ab6f-b606f9a6c9b8"
    action: "link_contact"
    version: 2
    outcome: "FULFILLMENT_CANDIDATE"
    replayed: false
[21:34:48.125] [32mINFO[39m: [36mUniversal V1 TaskDraft mutation persisted[39m
    router: "web.taskDrafts"
    draftId: "2992ed57-8bf1-43f7-95a8-0a86734d5840"
    action: "create"
    version: 1
    outcome: "FULFILLMENT_CANDIDATE"
    replayed: false
[21:34:48.156] [32mINFO[39m: [36mUniversal V1 TaskDraft mutation persisted[39m
    router: "web.taskDrafts"
    draftId: "2992ed57-8bf1-43f7-95a8-0a86734d5840"
    action: "link_contact"
    version: 2
    outcome: "FULFILLMENT_CANDIDATE"
    replayed: false
[21:34:48.272] [32mINFO[39m: [36mUniversal V1 TaskDraft mutation persisted[39m
    router: "web.taskDrafts"
    draftId: "2d5180c8-542b-4abc-928c-034953ccdec0"
    action: "create"
    version: 1
    outcome: "FULFILLMENT_CANDIDATE"
    replayed: false
[21:34:48.298] [32mINFO[39m: [36mUniversal V1 TaskDraft mutation persisted[39m
    router: "web.taskDrafts"
    draftId: "2d5180c8-542b-4abc-928c-034953ccdec0"
    action: "link_contact"
    version: 2
    outcome: "FULFILLMENT_CANDIDATE"
    replayed: false
[21:34:48.803] [32mINFO[39m: [36mUniversal V1 TaskDraft mutation persisted[39m
    router: "web.taskDrafts"
    draftId: "0194b548-b2e4-45f6-8cca-aa740ce5a545"
    action: "create"
    version: 1
    outcome: "FULFILLMENT_CANDIDATE"
    replayed: false
[21:34:48.831] [32mINFO[39m: [36mUniversal V1 TaskDraft mutation persisted[39m
    router: "web.taskDrafts"
    draftId: "0194b548-b2e4-45f6-8cca-aa740ce5a545"
    action: "link_contact"
    version: 2
    outcome: "FULFILLMENT_CANDIDATE"
    replayed: false
[21:34:49.014] [32mINFO[39m: [36mUniversal V1 TaskDraft mutation persisted[39m
    router: "web.taskDrafts"
    draftId: "23cfa843-4659-482c-84d9-60ab004b5737"
    action: "create"
    version: 1
    outcome: "FULFILLMENT_CANDIDATE"
    replayed: false
[21:34:49.043] [32mINFO[39m: [36mUniversal V1 TaskDraft mutation persisted[39m
    router: "web.taskDrafts"
    draftId: "23cfa843-4659-482c-84d9-60ab004b5737"
    action: "link_contact"
    version: 2
    outcome: "FULFILLMENT_CANDIDATE"
    replayed: false
[21:34:49.236] [32mINFO[39m: [36mUniversal V1 TaskDraft mutation persisted[39m
    router: "web.taskDrafts"
    draftId: "5cc10f8b-c981-4390-bb2d-8b0f74336519"
    action: "create"
    version: 1
    outcome: "FULFILLMENT_CANDIDATE"
    replayed: false
[21:34:49.267] [32mINFO[39m: [36mUniversal V1 TaskDraft mutation persisted[39m
    router: "web.taskDrafts"
    draftId: "5cc10f8b-c981-4390-bb2d-8b0f74336519"
    action: "link_contact"
    version: 2
    outcome: "FULFILLMENT_CANDIDATE"
    replayed: false
[21:34:49.524] [32mINFO[39m: [36mUniversal V1 TaskDraft mutation persisted[39m
    router: "web.taskDrafts"
    draftId: "cd44441c-824f-4d85-bf99-661b25283769"
    action: "create"
    version: 1
    outcome: "FULFILLMENT_CANDIDATE"
    replayed: false
[21:34:49.547] [32mINFO[39m: [36mUniversal V1 TaskDraft mutation persisted[39m
    router: "web.taskDrafts"
    draftId: "cd44441c-824f-4d85-bf99-661b25283769"
    action: "link_contact"
    version: 2
    outcome: "FULFILLMENT_CANDIDATE"
    replayed: false
 ✓ |database-serial| backend/tests/system/universal-v1-standardized-quote-readiness.pg.test.ts (16 tests) 6090ms
     ✓ keeps migration 143 at its exact ordinal and replays both its SQL and the exact applied chain  2069ms
     ✓ fails quote insertion when a retained answer has the wrong type or domain  519ms
     ✓ runs furniture assembly through quote, acceptance, readiness v1 and v2 without HOLD access  1055ms
     ✓ rejects acceptance after a real elapsed quote-expiry boundary  530ms
[21:34:51.690] [33mWARN[39m: [36mSlow query detected[39m
    module: "db"
    durationMs: 1054
    query: "SELECT pg_sleep(1.05)"
[21:34:52.858] [33mWARN[39m: [36mSlow query detected[39m
    module: "db"
    durationMs: 1053
    query: "SELECT pg_sleep(1.05)"
[21:34:53.932] [33mWARN[39m: [36mSlow query detected[39m
    module: "db"
    durationMs: 1053
    query: "SELECT pg_sleep(1.05)"
[21:34:55.124] [33mWARN[39m: [36mSlow query detected[39m
    module: "db"
    durationMs: 1053
    query: "SELECT pg_sleep(1.05)"
 ✓ |database-serial| backend/tests/system/financial-provider-command-recovery.pg.test.ts (6 tests) 4937ms
     ✓ leases once under concurrency, commits the crash boundary, and reconciles unknown to terminal  1256ms
     ✓ makes background recovery reconcile retryable no-effect facts and leaves redispatch explicit  2225ms
     ✓ keeps observed pending evidence nonterminal and recoverable without redispatch  1183ms
[21:34:56.915] [33mWARN[39m: [36mStripe not configured (placeholder or missing key)[39m
    module: "stripe"
[21:34:57.976] [33mWARN[39m: [36mFirebase Admin credentials missing — auth verification disabled[39m
    module: "auth"
[21:34:59.004] [32mINFO[39m: [36mCapability recompute completed[39m
    userId: "9e2cc046-25a9-4795-a621-ef8634a9861f"
    verifiedTradesCount: 0
    riskClearance: [
      "low",
      "medium"
    ]
    insuranceValid: false
    backgroundCheckValid: true
    backgroundCheckEnvironment: "CONTROLLED_TEST"
    backgroundCheckIsTest: true
    reason: "local_test_background_check_cleared"
[21:34:59.100] [32mINFO[39m: [36mCapability recompute completed[39m
    userId: "3b89e034-2f4a-45a6-99df-ea585c857885"
    verifiedTradesCount: 0
    riskClearance: [
      "low",
      "medium"
    ]
    insuranceValid: false
    backgroundCheckValid: true
    backgroundCheckEnvironment: "CONTROLLED_TEST"
    backgroundCheckIsTest: true
    reason: "local_test_background_check_cleared"
[21:34:59.219] [34mDEBUG[39m: [36mCache miss[39m
    module: "query-cache"
    key: "task:details:6f11e95c-c3c2-4658-9059-200a0d1e0556"
    hit: false
[21:34:59.254] [34mDEBUG[39m: [36mCache invalidated[39m
    module: "query-cache"
    key: "task:details:6f11e95c-c3c2-4658-9059-200a0d1e0556"
[21:34:59.257] [34mDEBUG[39m: [36mCache invalidated by tag[39m
    module: "query-cache"
    tag: "task:6f11e95c-c3c2-4658-9059-200a0d1e0556"
    count: 1
[21:34:59.259] [34mDEBUG[39m: [36mCache miss[39m
    module: "query-cache"
    key: "task:details:6f11e95c-c3c2-4658-9059-200a0d1e0556"
    hit: false
[21:34:59.354] [33mWARN[39m: [36mExact task location release denied[39m
    module: "task"
    taskId: "4bb4191e-41f0-44d5-8ebc-4bb0f6ba91cb"
    workerId: "9e2cc046-25a9-4795-a621-ef8634a9861f"
    code: "LOCATION_NOT_RELEASED"
[21:34:59.364] [33mWARN[39m: [36mExact task location release denied[39m
    module: "task"
    taskId: "4bb4191e-41f0-44d5-8ebc-4bb0f6ba91cb"
    workerId: "458f28bf-670a-4df3-820a-a683d014ede6"
    code: "LOCATION_NOT_RELEASED"
[21:35:00.062] [32mINFO[39m: [36mEngine reservation committed[39m
    module: "task"
    engineTaskId: "4bb4191e-41f0-44d5-8ebc-4bb0f6ba91cb"
    hustlerRef: "9e2cc046-25a9-4795-a621-ef8634a9861f"
    actorId: "9e2cc046-25a9-4795-a621-ef8634a9861f"
    reservationId: "5c85d93a-2a1f-4a1c-b660-d0283c2872e9"
    idempotencyReplayed: false
[21:35:00.223] [33mWARN[39m: [36mEngine reservation denied[39m
    module: "task"
    engineTaskId: "4bb4191e-41f0-44d5-8ebc-4bb0f6ba91cb"
    hustlerRef: "9e2cc046-25a9-4795-a621-ef8634a9861f"
    actorId: "9e2cc046-25a9-4795-a621-ef8634a9861f"
    code: "RESERVATION_CONFLICT"
[21:35:00.243] [33mWARN[39m: [36mExact task location release denied[39m
    module: "task"
    taskId: "4bb4191e-41f0-44d5-8ebc-4bb0f6ba91cb"
    workerId: "3b89e034-2f4a-45a6-99df-ea585c857885"
    code: "LOCATION_NOT_RELEASED"
[21:35:00.262] [32mINFO[39m: [36mExact task location released[39m
    module: "task"
    taskId: "4bb4191e-41f0-44d5-8ebc-4bb0f6ba91cb"
    workerId: "9e2cc046-25a9-4795-a621-ef8634a9861f"
    releasePolicy: "engine_reserved_worker"
[21:35:00.311] [32mINFO[39m: [36mEscrow refund requested on task cancellation[39m
    module: "task"
    escrowId: "7961f5e9-5e64-44c0-9f75-fcede8bbf9dc"
    taskId: "4bb4191e-41f0-44d5-8ebc-4bb0f6ba91cb"
[21:35:00.326] [33mWARN[39m: [36mExact task location release denied[39m
    module: "task"
    taskId: "4bb4191e-41f0-44d5-8ebc-4bb0f6ba91cb"
    workerId: "9e2cc046-25a9-4795-a621-ef8634a9861f"
    code: "LOCATION_NOT_RELEASED"
[21:35:01.030] [32mINFO[39m: [36mEngine reservation committed[39m
    module: "task"
    engineTaskId: "6426a321-1455-40c7-a8b2-4b69df5529e7"
    hustlerRef: "9e2cc046-25a9-4795-a621-ef8634a9861f"
    actorId: "9e2cc046-25a9-4795-a621-ef8634a9861f"
    reservationId: "778505f8-a84f-45b0-bc4c-7c74d46a7114"
    idempotencyReplayed: false
[21:35:01.514] [33mWARN[39m: [36mAWS_REGION not set, Rekognition disabled[39m
[21:35:01.519] [33mWARN[39m: [36mBiometric subsystem error, proceeding without[39m
    proofId: "f0c87963-2253-45fc-aaef-3d5c77ed5bd1"
[21:35:01.524] [32mINFO[39m: [36mDeterministic verdict produced[39m
    module: "ai"
    verdict: "MANUAL_REVIEW"
    riskScore: 0
    method: "deterministic"
    proofId: "f0c87963-2253-45fc-aaef-3d5c77ed5bd1"
[21:35:01.524] [33mWARN[39m: [36mJudgeAI flagged proof for MANUAL_REVIEW - human reviewer overriding to ACCEPTED[39m
    proofId: "f0c87963-2253-45fc-aaef-3d5c77ed5bd1"
    riskScore: 0
    fraudFlags: [
      "biometric_unavailable",
      "photo_unavailable"
    ]
    reviewerId: "458f28bf-670a-4df3-820a-a683d014ede6"
[21:35:02.339] [32mINFO[39m: [36mEngine reservation committed[39m
    module: "task"
    engineTaskId: "0f2bcc0a-7ecc-43ca-b0cc-dea5a8416274"
    hustlerRef: "9e2cc046-25a9-4795-a621-ef8634a9861f"
    actorId: "9e2cc046-25a9-4795-a621-ef8634a9861f"
    reservationId: "ac740dd6-509b-4401-8d5a-774a7453e4bd"
    idempotencyReplayed: false
[21:35:03.394] [32mINFO[39m: [36mEngine reservation committed[39m
    module: "task"
    engineTaskId: "cac7a648-0b54-4b5e-a6c3-4c554e32b284"
    hustlerRef: "9e2cc046-25a9-4795-a621-ef8634a9861f"
    actorId: "9e2cc046-25a9-4795-a621-ef8634a9861f"
    reservationId: "3d76a991-a621-4b4f-9e45-766127a8c3a3"
    idempotencyReplayed: false
[21:35:03.528] [33mWARN[39m: [36mAWS_REGION not set, Rekognition disabled[39m
[21:35:03.533] [33mWARN[39m: [36mBiometric subsystem error, proceeding without[39m
    proofId: "b4b190a6-f1a1-4eec-835e-e46c3af1af17"
[21:35:03.535] [32mINFO[39m: [36mDeterministic verdict produced[39m
    module: "ai"
    verdict: "MANUAL_REVIEW"
    riskScore: 0.5
    method: "deterministic"
    proofId: "b4b190a6-f1a1-4eec-835e-e46c3af1af17"
[21:35:03.535] [33mWARN[39m: [36mJudgeAI flagged proof for MANUAL_REVIEW - human reviewer overriding to ACCEPTED[39m
    proofId: "b4b190a6-f1a1-4eec-835e-e46c3af1af17"
    riskScore: 0.5
    fraudFlags: [
      "no_verification_signals"
    ]
    reviewerId: "458f28bf-670a-4df3-820a-a683d014ede6"
[21:35:03.865] [33mWARN[39m: [36mExact task location release denied[39m
    module: "task"
    taskId: "b8155b35-43d9-4518-97a4-a159d7297053"
    workerId: "3b89e034-2f4a-45a6-99df-ea585c857885"
    code: "LOCATION_NOT_RELEASED"
 ✓ |database-serial| backend/tests/system/hxos-lifecycle-exceptions.pg.test.ts (2 tests) 5179ms
     ✓ proves race, privacy, scope, retake, dispute, timeout, and no-supply exceptions  4619ms
[21:35:03.894] [32mINFO[39m: [36mAttested database runtime closed[39m
    module: "db"
[21:35:06.244] [33mWARN[39m: [36mFirebase Admin credentials missing — auth verification disabled[39m
    module: "auth"
[21:35:07.649] [33mWARN[39m: [36mStripe Connect not configured (placeholder or missing key)[39m
    module: "stripe"
[21:35:07.734] [33mWARN[39m: [36mStripe not configured (placeholder or missing key)[39m
    module: "stripe"
[21:35:13.013] [32mINFO[39m: [36mUniversal V1 TaskDraft mutation persisted[39m
    router: "web.taskDrafts"
    draftId: "07147a73-f211-4ec2-8830-77e4ffefad16"
    action: "create"
    version: 1
    outcome: "ESTIMATE_REQUIRED"
    replayed: false
[21:35:13.046] [32mINFO[39m: [36mUniversal V1 TaskDraft mutation persisted[39m
    router: "web.taskDrafts"
    draftId: "07147a73-f211-4ec2-8830-77e4ffefad16"
    action: "update"
    version: 2
    outcome: "ESTIMATE_REQUIRED"
    replayed: false
[21:35:13.098] [32mINFO[39m: [36mLead submitted[39m
    router: "web.leads"
    leadId: "147b35b9-3e99-4f2d-bd89-dc9954934fbf"
    leadType: "poster"
    status: "new"
[21:35:13.125] [32mINFO[39m: [36mUniversal V1 TaskDraft mutation persisted[39m
    router: "web.taskDrafts"
    draftId: "07147a73-f211-4ec2-8830-77e4ffefad16"
    action: "link_contact"
    version: 3
    outcome: "ESTIMATE_REQUIRED"
    replayed: false
[21:35:13.636] [32mINFO[39m: [36mUniversal V1 TaskDraft mutation persisted[39m
    router: "web.taskDrafts"
    draftId: "ce94976a-7c88-4355-a3ba-1232af1d99a8"
    action: "create"
    version: 1
    outcome: "FULFILLMENT_CANDIDATE"
    replayed: false
[21:35:13.655] [32mINFO[39m: [36mLead submitted[39m
    router: "web.leads"
    leadId: "7f0edba9-b601-4a33-96fd-9633f964e197"
    leadType: "poster"
    status: "new"
[21:35:13.693] [32mINFO[39m: [36mEmail job started[39m
    module: "worker"
    worker: "email"
    emailId: "694eaf5f-02eb-4c70-8b51-227900617abd"
    jobId: "gate25-lead-confirmation:a86fef75-af1d-459a-abd8-ba7b7734c8c7"
    idempotencyKey: "lead-confirm:f1529532-31c3-4ff9-b540-0b0bbd5fca40:v1"
    currentStatus: "pending"
    attempt: 0
[21:35:13.698] [32mINFO[39m: [36mEmail claimed[39m
    module: "worker"
    worker: "email"
    emailId: "694eaf5f-02eb-4c70-8b51-227900617abd"
    jobId: "gate25-lead-confirmation:a86fef75-af1d-459a-abd8-ba7b7734c8c7"
    idempotencyKey: "lead-confirm:f1529532-31c3-4ff9-b540-0b0bbd5fca40:v1"
    statusTransition: "pending -> sending"
    attempt: 1
[21:35:13.703] [32mINFO[39m: [36mEmail sending[39m
    module: "worker"
    worker: "email"
    emailId: "694eaf5f-02eb-4c70-8b51-227900617abd"
    jobId: "gate25-lead-confirmation:a86fef75-af1d-459a-abd8-ba7b7734c8c7"
    idempotencyKey: "lead-confirm:f1529532-31c3-4ff9-b540-0b0bbd5fca40:v1"
    attempt: 1
    template: "lead_confirmation"
[21:35:13.735] [32mINFO[39m: [36mEmail sent successfully[39m
    module: "worker"
    worker: "email"
    emailId: "694eaf5f-02eb-4c70-8b51-227900617abd"
    jobId: "gate25-lead-confirmation:a86fef75-af1d-459a-abd8-ba7b7734c8c7"
    idempotencyKey: "lead-confirm:f1529532-31c3-4ff9-b540-0b0bbd5fca40:v1"
    outboxEventId: "lead-confirm:f1529532-31c3-4ff9-b540-0b0bbd5fca40:v1"
    attempt: 1
    providerMsgId: "smtp-sink-27ede4730da772a08f9127e1777d2d8c4c64c6c792f535b13abc802954db8c6a"
    template: "lead_confirmation"
[21:35:13.775] [32mINFO[39m: [36mUniversal V1 TaskDraft mutation persisted[39m
    router: "web.taskDrafts"
    draftId: "ce94976a-7c88-4355-a3ba-1232af1d99a8"
    action: "link_contact"
    version: 2
    outcome: "FULFILLMENT_CANDIDATE"
    replayed: false
[21:35:14.314] [32mINFO[39m: [36mUniversal V1 TaskDraft mutation persisted[39m
    router: "web.taskDrafts"
    draftId: "5d53106f-fdb1-4026-a527-68088daf8e46"
    action: "create"
    version: 1
    outcome: "ESTIMATE_REQUIRED"
    replayed: false
[21:35:14.347] [32mINFO[39m: [36mUniversal V1 TaskDraft mutation persisted[39m
    router: "web.taskDrafts"
    draftId: "5d53106f-fdb1-4026-a527-68088daf8e46"
    action: "link_contact"
    version: 2
    outcome: "ESTIMATE_REQUIRED"
    replayed: false
[21:35:14.671] [32mINFO[39m: [36mUniversal V1 TaskDraft mutation persisted[39m
    router: "web.taskDrafts"
    draftId: "f0d09fdc-0fb3-4108-a50c-b47a8c71d4ba"
    action: "create"
    version: 1
    outcome: "ESTIMATE_REQUIRED"
    replayed: false
[21:35:14.698] [32mINFO[39m: [36mUniversal V1 TaskDraft mutation persisted[39m
    router: "web.taskDrafts"
    draftId: "f0d09fdc-0fb3-4108-a50c-b47a8c71d4ba"
    action: "link_contact"
    version: 2
    outcome: "ESTIMATE_REQUIRED"
    replayed: false
[21:35:14.881] [32mINFO[39m: [36mUniversal V1 TaskDraft mutation persisted[39m
    router: "web.taskDrafts"
    draftId: "dfd0008b-6de3-4d7e-98f7-09b951bf1d25"
    action: "create"
    version: 1
    outcome: "ESTIMATE_REQUIRED"
    replayed: false
[21:35:14.909] [32mINFO[39m: [36mUniversal V1 TaskDraft mutation persisted[39m
    router: "web.taskDrafts"
    draftId: "dfd0008b-6de3-4d7e-98f7-09b951bf1d25"
    action: "link_contact"
    version: 2
    outcome: "ESTIMATE_REQUIRED"
    replayed: false
[21:35:15.112] [32mINFO[39m: [36mUniversal V1 TaskDraft mutation persisted[39m
    router: "web.taskDrafts"
    draftId: "07f70009-185a-4e8e-a737-f83292e64f47"
    action: "create"
    version: 1
    outcome: "ESTIMATE_REQUIRED"
    replayed: false
[21:35:15.136] [32mINFO[39m: [36mUniversal V1 TaskDraft mutation persisted[39m
    router: "web.taskDrafts"
    draftId: "07f70009-185a-4e8e-a737-f83292e64f47"
    action: "link_contact"
    version: 2
    outcome: "ESTIMATE_REQUIRED"
    replayed: false
[21:35:16.040] [32mINFO[39m: [36mUniversal V1 TaskDraft mutation persisted[39m
    router: "web.taskDrafts"
    draftId: "044b9a89-3ccd-4121-8c20-a2024abd9746"
    action: "create"
    version: 1
    outcome: "ESTIMATE_REQUIRED"
    replayed: false
[21:35:16.080] [32mINFO[39m: [36mUniversal V1 TaskDraft mutation persisted[39m
    router: "web.taskDrafts"
    draftId: "044b9a89-3ccd-4121-8c20-a2024abd9746"
    action: "link_contact"
    version: 2
    outcome: "ESTIMATE_REQUIRED"
    replayed: false
[21:35:16.244] [32mINFO[39m: [36mUniversal V1 TaskDraft mutation persisted[39m
    router: "web.taskDrafts"
    draftId: "8a935838-3b97-4f3b-b16c-345fdddc66e7"
    action: "create"
    version: 1
    outcome: "ESTIMATE_REQUIRED"
    replayed: false
[21:35:16.279] [32mINFO[39m: [36mUniversal V1 TaskDraft mutation persisted[39m
    router: "web.taskDrafts"
    draftId: "8a935838-3b97-4f3b-b16c-345fdddc66e7"
    action: "link_contact"
    version: 2
    outcome: "ESTIMATE_REQUIRED"
    replayed: false
[21:35:16.473] [32mINFO[39m: [36mUniversal V1 TaskDraft mutation persisted[39m
    router: "web.taskDrafts"
    draftId: "2b096fc0-9915-412a-8ea8-990466fcbfcd"
    action: "create"
    version: 1
    outcome: "ESTIMATE_REQUIRED"
    replayed: false
[21:35:16.506] [32mINFO[39m: [36mUniversal V1 TaskDraft mutation persisted[39m
    router: "web.taskDrafts"
    draftId: "2b096fc0-9915-412a-8ea8-990466fcbfcd"
    action: "link_contact"
    version: 2
    outcome: "ESTIMATE_REQUIRED"
    replayed: false
[21:35:16.856] [32mINFO[39m: [36mUniversal V1 TaskDraft mutation persisted[39m
    router: "web.taskDrafts"
    draftId: "bb6c7684-4324-4435-bd0e-bfec3b194802"
    action: "create"
    version: 1
    outcome: "ESTIMATE_REQUIRED"
    replayed: false
[21:35:16.890] [32mINFO[39m: [36mUniversal V1 TaskDraft mutation persisted[39m
    router: "web.taskDrafts"
    draftId: "bb6c7684-4324-4435-bd0e-bfec3b194802"
    action: "link_contact"
    version: 2
    outcome: "ESTIMATE_REQUIRED"
    replayed: false
 ✓ |database-serial| backend/tests/system/universal-v1-task-opportunities.pg.test.ts (11 tests) 4347ms
     ✓ runs the canonical public HTTP and authenticated provider journey to the Gate-2 hold  783ms
     ✓ runs furniture assembly through public quote readiness and provider interest only  666ms
     ✓ lets general individuals and general businesses browse and express observation-only interest  387ms
     ✓ serializes identical interest and rejects divergent or different-key reuse  780ms
     ✓ holds inactive, minor, banned, and revoked-business provider authority  344ms
     ✓ keeps provider and Ops reads privacy-redacted while exposing exact version witnesses  316ms
     ✓ preserves legacy task applications and post-estimate Universal interest semantics  316ms
stdout | backend/tests/invariants/trust-mvp.test.ts
Connected to database with schema version: 1.0.0

[21:35:18.704] [32mINFO[39m: [36mTrust updated for user[39m
    module: "worker"
    worker: "trust"
    userId: "411007bf-9438-455b-bf4a-2c220e80bc3a"
    oldTier: 3
    newTier: 2
    trustHold: false
    trustHoldReason: null
[21:35:18.708] [32mINFO[39m: [36mTrust event processed[39m
    module: "worker"
    worker: "trust"
    eventType: "trust.dispute_resolved.worker"
    userId: "411007bf-9438-455b-bf4a-2c220e80bc3a"
[21:35:18.715] [32mINFO[39m: [36mTrust event replay skipped[39m
    module: "worker"
    worker: "trust"
    eventType: "trust.dispute_resolved.worker"
    userId: "411007bf-9438-455b-bf4a-2c220e80bc3a"
    idempotencyKey: "trust.dispute_resolved.worker:725d295a-ec1a-473c-b04c-6ff24a341187:1"
[21:35:18.718] [32mINFO[39m: [36mTrust event processed[39m
    module: "worker"
    worker: "trust"
    eventType: "trust.dispute_resolved.worker"
    userId: "411007bf-9438-455b-bf4a-2c220e80bc3a"
[21:35:18.807] [32mINFO[39m: [36mTrust updated for user[39m
    module: "worker"
    worker: "trust"
    userId: "cef420e2-d254-4f90-9d53-af20e5879a48"
    oldTier: 2
    newTier: 1
    trustHold: false
    trustHoldReason: null
[21:35:18.810] [32mINFO[39m: [36mTrust event processed[39m
    module: "worker"
    worker: "trust"
    eventType: "trust.dispute_resolved.worker"
    userId: "cef420e2-d254-4f90-9d53-af20e5879a48"
[21:35:18.898] [32mINFO[39m: [36mTrust event: penalty but no tier/hold change (already at floor)[39m
    module: "worker"
    worker: "trust"
    eventType: "trust.dispute_resolved.worker"
    userId: "116be760-d942-4565-aa55-fff73a67a233"
    tier: 1
[21:35:18.901] [32mINFO[39m: [36mTrust event processed[39m
    module: "worker"
    worker: "trust"
    eventType: "trust.dispute_resolved.worker"
    userId: "116be760-d942-4565-aa55-fff73a67a233"
[21:35:18.984] [32mINFO[39m: [36mTrust updated for user[39m
    module: "worker"
    worker: "trust"
    userId: "f07a33d9-42fd-4875-a0d7-bd2d50e9f299"
    oldTier: 2
    newTier: 1
    trustHold: true
    trustHoldReason: "dispute_penalty_tier_1_refund"
[21:35:18.987] [32mINFO[39m: [36mTrust event processed[39m
    module: "worker"
    worker: "trust"
    eventType: "trust.dispute_resolved.worker"
    userId: "f07a33d9-42fd-4875-a0d7-bd2d50e9f299"
[21:35:19.073] [32mINFO[39m: [36mTrust updated for user[39m
    module: "worker"
    worker: "trust"
    userId: "0dbddfdf-1f6a-4ca0-8b6c-35c3431d4815"
    oldTier: 2
    newTier: 1
    trustHold: true
    trustHoldReason: "dispute_penalty_tier_1_split"
[21:35:19.075] [32mINFO[39m: [36mTrust event processed[39m
    module: "worker"
    worker: "trust"
    eventType: "trust.dispute_resolved.worker"
    userId: "0dbddfdf-1f6a-4ca0-8b6c-35c3431d4815"
[21:35:19.213] [32mINFO[39m: [36mTrust updated for user[39m
    module: "worker"
    worker: "trust"
    userId: "2f37d7d7-bedb-4145-8e42-72a22f03ca66"
    oldTier: 2
    newTier: 1
    trustHold: true
    trustHoldReason: "dispute_penalty_abuse_pattern"
[21:35:19.216] [32mINFO[39m: [36mTrust event processed[39m
    module: "worker"
    worker: "trust"
    eventType: "trust.dispute_resolved.poster"
    userId: "2f37d7d7-bedb-4145-8e42-72a22f03ca66"
[21:35:19.535] [32mINFO[39m: [36mCapability recompute completed[39m
    userId: "bdea02dc-5c45-44dd-9630-dcd4ac0ed227"
    verifiedTradesCount: 0
    riskClearance: [
      "low",
      "medium"
    ]
    insuranceValid: false
    backgroundCheckValid: true
    backgroundCheckEnvironment: "CONTROLLED_TEST"
    backgroundCheckIsTest: true
    reason: "local_test_background_check_cleared"
[21:35:20.003] [33mWARN[39m: [36mEngine reservation denied[39m
    module: "task"
    engineTaskId: "1ab09114-c33b-4eb5-8cdf-37a127aa5694"
    hustlerRef: "bdea02dc-5c45-44dd-9630-dcd4ac0ed227"
    actorId: "310e15f6-f273-4373-875f-dcc8e4e627ea"
    code: "WORKER_OFFER_REQUIRED"
[21:35:20.171] [32mINFO[39m: [36mCapability recompute completed[39m
    userId: "06f90087-f671-46c6-8449-bf29c857cee7"
    verifiedTradesCount: 0
    riskClearance: [
      "low",
      "medium"
    ]
    insuranceValid: false
    backgroundCheckValid: true
    backgroundCheckEnvironment: "CONTROLLED_TEST"
    backgroundCheckIsTest: true
    reason: "local_test_background_check_cleared"
[21:35:20.582] [33mWARN[39m: [36mEngine reservation denied[39m
    module: "task"
    engineTaskId: "db75ebc8-7fde-4646-b269-0d10c931c81e"
    hustlerRef: "06f90087-f671-46c6-8449-bf29c857cee7"
    actorId: "92f3c224-9662-47f8-873d-4e04da93537c"
    code: "WORKER_OFFER_REQUIRED"
[21:35:20.738] [32mINFO[39m: [36mCapability recompute completed[39m
    userId: "3d807cc7-b138-4539-9707-1525fb08ac89"
    verifiedTradesCount: 0
    riskClearance: [
      "low",
      "medium"
    ]
    insuranceValid: false
    backgroundCheckValid: true
    backgroundCheckEnvironment: "CONTROLLED_TEST"
    backgroundCheckIsTest: true
    reason: "local_test_background_check_cleared"
 ✓ |database-serial| backend/tests/invariants/trust-mvp.test.ts (11 tests) 2855ms
     ✓ MUST BLOCK: an active refund hold revokes the accepted offer before reservation  672ms
     ✓ MUST BLOCK: an active abuse hold revokes the accepted offer before reservation  579ms
     ✓ MUST ALLOW: an expired worker hold does not block reservation  710ms
[21:35:22.457] [33mWARN[39m: [36mFirebase Admin credentials missing — auth verification disabled[39m
    module: "auth"
[21:35:23.602] [32mINFO[39m: [36mPush notification queued[39m
    notificationId: "e568de99-559a-4b4e-89a5-cebd50baebbf"
    userId: "9dc151a4-f443-4b1a-a47f-71bf72899bf3"
    channel: "push"
[21:35:25.651] [32mINFO[39m: [36mPush notification queued[39m
    notificationId: "cc98cac0-448f-4dcf-bb11-faecce3ca702"
    userId: "6053a790-ce6e-434d-9995-38f4963626c3"
    channel: "push"
[21:35:25.804] [34mDEBUG[39m: [36mCache invalidated[39m
    module: "query-cache"
    key: "task:details:0d7cd2c1-65cc-454b-aef1-dca2ed44fd63"
[21:35:25.863] [32mINFO[39m: [36mPush notification queued[39m
    notificationId: "8fddd598-af47-41e0-955a-5e8d53911ea6"
    userId: "e43d8bde-b135-4047-b431-b519dc2c5112"
    channel: "push"
 ✓ |database-serial| backend/tests/invariants/n6-mutation-eligibility.pg.test.ts (14 tests) 2598ms
     ✓ allows an eligible worker to apply once and atomically rejects replay  348ms
     ✓ serializes competing poster assignments so exactly one worker wins  467ms
stdout | backend/tests/invariants/inv-2.test.ts
Connected to database with schema version: 1.0.0

[21:35:27.171] [32mINFO[39m: [36mCapability recompute completed[39m
    userId: "e1aaea4b-e098-4011-9ea3-cef3b4876931"
    verifiedTradesCount: 0
    riskClearance: [
      "low",
      "medium"
    ]
    insuranceValid: false
    backgroundCheckValid: true
    backgroundCheckEnvironment: "CONTROLLED_TEST"
    backgroundCheckIsTest: true
    reason: "local_test_background_check_cleared"
[21:35:27.773] [32mINFO[39m: [36mEngine reservation committed[39m
    module: "task"
    engineTaskId: "7fc8f36f-22f7-45d4-bb71-cc0d3e78a4a0"
    hustlerRef: "e1aaea4b-e098-4011-9ea3-cef3b4876931"
    actorId: "e1aaea4b-e098-4011-9ea3-cef3b4876931"
    reservationId: "7164f274-fded-451a-8bcd-7c5b5d2af197"
    idempotencyReplayed: false
 ✓ |database-serial| backend/tests/invariants/inv-2.test.ts (16 tests) 2469ms
     ✓ MUST REJECT: release escrow when task is ACCEPTED  993ms
[21:35:30.398] [34mDEBUG[39m: [36mFeed query executed[39m
    userId: "612b7913-0887-42ec-956c-d3dee4bcbd69"
    rawCount: 12
    duration: 91
[21:35:30.399] [32mINFO[39m: [36mFeed query completed[39m
    userId: "612b7913-0887-42ec-956c-d3dee4bcbd69"
    returnedCount: 12
    duration: 92
[21:35:30.618] [34mDEBUG[39m: [36mFeed query executed[39m
    userId: "597ca1a9-b9e4-47e1-a409-815ee88dd276"
    rawCount: 11
    duration: 23
[21:35:30.618] [32mINFO[39m: [36mFeed query completed[39m
    userId: "597ca1a9-b9e4-47e1-a409-815ee88dd276"
    returnedCount: 11
    duration: 23
[21:35:30.725] [34mDEBUG[39m: [36mFeed query executed[39m
    userId: "1c8a86f8-31c9-4952-bb3d-67e8cd2e635d"
    rawCount: 0
    duration: 16
[21:35:30.725] [32mINFO[39m: [36mFeed query completed[39m
    userId: "1c8a86f8-31c9-4952-bb3d-67e8cd2e635d"
    returnedCount: 0
    duration: 16
[21:35:30.829] [34mDEBUG[39m: [36mFeed query executed[39m
    userId: "9294ad78-f9a4-4c7f-9ea2-bc37f438600d"
    rawCount: 0
    duration: 15
[21:35:30.829] [32mINFO[39m: [36mFeed query completed[39m
    userId: "9294ad78-f9a4-4c7f-9ea2-bc37f438600d"
    returnedCount: 0
    duration: 15
[21:35:30.941] [34mDEBUG[39m: [36mFeed query executed[39m
    userId: "30b5527f-9e3e-49c0-bd05-e4e711915a79"
    rawCount: 0
    duration: 15
[21:35:30.941] [32mINFO[39m: [36mFeed query completed[39m
    userId: "30b5527f-9e3e-49c0-bd05-e4e711915a79"
    returnedCount: 0
    duration: 15
[21:35:31.048] [34mDEBUG[39m: [36mFeed query executed[39m
    userId: "0d3988ed-27b9-455a-91f1-2d587953438f"
    rawCount: 0
    duration: 15
[21:35:31.048] [32mINFO[39m: [36mFeed query completed[39m
    userId: "0d3988ed-27b9-455a-91f1-2d587953438f"
    returnedCount: 0
    duration: 15
[21:35:31.150] [34mDEBUG[39m: [36mFeed query executed[39m
    userId: "fe67b677-cff2-4e70-a889-e85a1144ba8d"
    rawCount: 0
    duration: 17
[21:35:31.150] [32mINFO[39m: [36mFeed query completed[39m
    userId: "fe67b677-cff2-4e70-a889-e85a1144ba8d"
    returnedCount: 0
    duration: 17
[21:35:31.254] [34mDEBUG[39m: [36mFeed query executed[39m
    userId: "2b863a09-fc66-4f8e-b4d9-2a769a7ac40c"
    rawCount: 12
    duration: 18
[21:35:31.254] [32mINFO[39m: [36mFeed query completed[39m
    userId: "2b863a09-fc66-4f8e-b4d9-2a769a7ac40c"
    returnedCount: 12
    duration: 18
[21:35:31.352] [34mDEBUG[39m: [36mFeed query executed[39m
    userId: "c892a8a3-32c2-46e4-9066-1340107b1662"
    rawCount: 11
    duration: 18
[21:35:31.352] [32mINFO[39m: [36mFeed query completed[39m
    userId: "c892a8a3-32c2-46e4-9066-1340107b1662"
    returnedCount: 11
    duration: 18
[21:35:31.466] [34mDEBUG[39m: [36mFeed query executed[39m
    userId: "bda467e9-1710-4357-8bc1-3b74b74bf2ad"
    rawCount: 11
    duration: 18
[21:35:31.466] [32mINFO[39m: [36mFeed query completed[39m
    userId: "bda467e9-1710-4357-8bc1-3b74b74bf2ad"
    returnedCount: 11
    duration: 18
[21:35:31.489] [34mDEBUG[39m: [36mFeed query executed[39m
    userId: "bda467e9-1710-4357-8bc1-3b74b74bf2ad"
    rawCount: 12
    duration: 18
[21:35:31.489] [32mINFO[39m: [36mFeed query completed[39m
    userId: "bda467e9-1710-4357-8bc1-3b74b74bf2ad"
    returnedCount: 12
    duration: 18
[21:35:31.662] [32mINFO[39m: [36mCapability recompute completed[39m
    userId: "e0efda11-6a00-44d0-94c0-1db769631da1"
    verifiedTradesCount: 0
    riskClearance: [
      "low",
      "medium"
    ]
    insuranceValid: false
    backgroundCheckValid: false
    backgroundCheckEnvironment: null
    backgroundCheckIsTest: false
    reason: "task_discovery_feed"
[21:35:31.692] [33mWARN[39m: [36mGOOGLE_MAPS_API_KEY is not configured, skipping geocode[39m
[21:35:31.706] [33mWARN[39m: [36mGOOGLE_MAPS_API_KEY is not configured, skipping geocode[39m
[21:35:31.718] [33mWARN[39m: [36mGOOGLE_MAPS_API_KEY is not configured, skipping geocode[39m
[21:35:31.729] [33mWARN[39m: [36mGOOGLE_MAPS_API_KEY is not configured, skipping geocode[39m
[21:35:31.740] [33mWARN[39m: [36mGOOGLE_MAPS_API_KEY is not configured, skipping geocode[39m
[21:35:31.754] [33mWARN[39m: [36mGOOGLE_MAPS_API_KEY is not configured, skipping geocode[39m
[21:35:31.766] [33mWARN[39m: [36mGOOGLE_MAPS_API_KEY is not configured, skipping geocode[39m
[21:35:31.778] [33mWARN[39m: [36mGOOGLE_MAPS_API_KEY is not configured, skipping geocode[39m
[21:35:31.789] [33mWARN[39m: [36mGOOGLE_MAPS_API_KEY is not configured, skipping geocode[39m
[21:35:31.803] [33mWARN[39m: [36mGOOGLE_MAPS_API_KEY is not configured, skipping geocode[39m
[21:35:31.819] [33mWARN[39m: [36mGOOGLE_MAPS_API_KEY is not configured, skipping geocode[39m
[21:35:31.830] [33mWARN[39m: [36mGOOGLE_MAPS_API_KEY is not configured, skipping geocode[39m
[21:35:31.980] [32mINFO[39m: [36mCapability recompute completed[39m
    userId: "e0efda11-6a00-44d0-94c0-1db769631da1"
    verifiedTradesCount: 0
    riskClearance: [
      "low",
      "medium"
    ]
    insuranceValid: false
    backgroundCheckValid: false
    backgroundCheckEnvironment: null
    backgroundCheckIsTest: false
    reason: "task_discovery_search"
[21:35:32.025] [33mWARN[39m: [36mGOOGLE_MAPS_API_KEY is not configured, skipping geocode[39m
[21:35:32.037] [33mWARN[39m: [36mGOOGLE_MAPS_API_KEY is not configured, skipping geocode[39m
[21:35:32.047] [33mWARN[39m: [36mGOOGLE_MAPS_API_KEY is not configured, skipping geocode[39m
[21:35:32.058] [33mWARN[39m: [36mGOOGLE_MAPS_API_KEY is not configured, skipping geocode[39m
[21:35:32.069] [33mWARN[39m: [36mGOOGLE_MAPS_API_KEY is not configured, skipping geocode[39m
[21:35:32.079] [33mWARN[39m: [36mGOOGLE_MAPS_API_KEY is not configured, skipping geocode[39m
[21:35:32.090] [33mWARN[39m: [36mGOOGLE_MAPS_API_KEY is not configured, skipping geocode[39m
[21:35:32.102] [33mWARN[39m: [36mGOOGLE_MAPS_API_KEY is not configured, skipping geocode[39m
[21:35:32.112] [33mWARN[39m: [36mGOOGLE_MAPS_API_KEY is not configured, skipping geocode[39m
[21:35:32.125] [33mWARN[39m: [36mGOOGLE_MAPS_API_KEY is not configured, skipping geocode[39m
[21:35:32.139] [33mWARN[39m: [36mGOOGLE_MAPS_API_KEY is not configured, skipping geocode[39m
[21:35:32.154] [33mWARN[39m: [36mGOOGLE_MAPS_API_KEY is not configured, skipping geocode[39m
 ✓ |database-serial| backend/tests/invariants/n4-feed-eligibility.test.ts (12 tests) 2065ms
     ✓ keeps the primary personalized and search feeds on the same actionable SQL authority  627ms
[21:35:33.466] [33mWARN[39m: [36mFirebase Admin credentials missing — auth verification disabled[39m
    module: "auth"
stdout | backend/tests/system/alpha_authority_integrity.test.ts > Alpha Authority Integrity Test
✅ Test database pool initialized (local Postgres, no prepared statements)

[21:35:34.323] [32mINFO[39m: [36mEligibility granted[39m
    userId: "a1d598df-0c73-4fed-a46f-b1493749c99f"
    taskId: "989ce900-c712-4bab-8cc0-4d0f5d2b2c84"
    userTier: 1
    requiredTier: 1
    taskRisk: 0
    isInstant: false
[21:35:34.368] [32mINFO[39m: [36mTrust tier promotion applied[39m
    userId: "0a3fe6e5-92af-48f7-b811-773ef59e026f"
    oldTier: 0
    newTier: 1
    oldTierName: "Explorer"
    newTierName: "Verified"
    policyVersion: "hustler-trust-progression-v1"
    source: "system"
[21:35:34.408] [33mWARN[39m: [36m[TrustTierService] banUser: firebase_uid is null — Redis revocation marker will rely on in-process cache entries only[39m
    userId: "7f3cd6ac-d4d5-4f06-852e-adab6826565b"
[21:35:34.410] [33mWARN[39m: [36m[TrustTierService] banUser: firebase_uid is null — Firebase token revocation skipped, Redis marker still active[39m
    userId: "7f3cd6ac-d4d5-4f06-852e-adab6826565b"
[21:35:34.418] [33mWARN[39m: [36mBan transition not logged to trust_ledger (BANNED tier not in 1-4 range)[39m
    userId: "7f3cd6ac-d4d5-4f06-852e-adab6826565b"
    oldTier: 4
    reason: "Test ban"
[21:35:34.418] [32mINFO[39m: [36mUser banned[39m
    userId: "7f3cd6ac-d4d5-4f06-852e-adab6826565b"
    oldTier: 4
    reason: "Test ban"
[21:35:34.467] [32mINFO[39m: [36mEligibility denied: user is banned[39m
    userId: "7f3cd6ac-d4d5-4f06-852e-adab6826565b"
    taskId: "6e615716-aeee-45eb-8280-4cd7da2910f4"
    isInstant: false
[21:35:34.517] [32mINFO[39m: [36mEligibility denied: task is Tier 3 (blocked in alpha)[39m
    userId: "bd2089e8-8d79-4ff7-8106-d168d34a45bd"
    taskId: "919a57fc-0d68-4e02-9690-955fc89e84af"
    taskRisk: 3
    isInstant: false
[21:35:34.522] [32mINFO[39m: [36mEligibility denied: task is Tier 3 (blocked in alpha)[39m
    userId: "bd2089e8-8d79-4ff7-8106-d168d34a45bd"
    taskId: "919a57fc-0d68-4e02-9690-955fc89e84af"
    taskRisk: 3
    isInstant: true
[21:35:34.577] [32mINFO[39m: [36mEligibility denied: trust tier insufficient[39m
    userId: "88af4104-dfe1-49e6-9167-cd70a0b69735"
    taskId: "907f9fff-23bb-4762-958e-be88e1614a92"
    userTier: 1
    requiredTier: 3
    taskRisk: 2
    isInstant: false
[21:35:34.597] [32mINFO[39m: [36mEligibility denied: trust tier insufficient[39m
    userId: "88af4104-dfe1-49e6-9167-cd70a0b69735"
    taskId: "907f9fff-23bb-4762-958e-be88e1614a92"
    userTier: 1
    requiredTier: 3
    taskRisk: 2
    isInstant: false
[21:35:34.653] [32mINFO[39m: [36mEligibility denied: trust tier insufficient[39m
    userId: "6eeb536c-7f04-455a-9c0c-cd652984dd9e"
    taskId: "21315a6b-4396-4733-9e9a-2f0824d50279"
    userTier: 2
    requiredTier: 3
    taskRisk: 2
    isInstant: true
[21:35:34.683] [32mINFO[39m: [36mEligibility denied: trust tier insufficient[39m
    userId: "6eeb536c-7f04-455a-9c0c-cd652984dd9e"
    taskId: "21315a6b-4396-4733-9e9a-2f0824d50279"
    userTier: 2
    requiredTier: 3
    taskRisk: 2
    isInstant: true
[21:35:34.798] [32mINFO[39m: [36mEligibility denied: trust tier insufficient[39m
    userId: "16a43861-e75a-4c8c-addb-a2f0d75800f8"
    taskId: "b3a55727-06c2-40fb-8532-992dd8848f04"
    userTier: 1
    requiredTier: 3
    taskRisk: 2
    isInstant: true
[21:35:34.845] [32mINFO[39m: [36mEligibility denied: trust tier insufficient[39m
    userId: "59610e03-1221-48ef-87ef-c6a7efcd7174"
    taskId: "b60bf96d-72cb-4045-9984-41611c975b1e"
    userTier: 1
    requiredTier: 3
    taskRisk: 2
    isInstant: false
[21:35:35.035] [32mINFO[39m: [36mCapability recompute completed[39m
    userId: "32c02af8-fd20-4091-af1c-e3d69d68e554"
    verifiedTradesCount: 0
    riskClearance: [
      "low",
      "medium",
      "high"
    ]
    insuranceValid: false
    backgroundCheckValid: true
    backgroundCheckEnvironment: "CONTROLLED_TEST"
    backgroundCheckIsTest: true
    reason: "local_test_background_check_cleared"
[21:35:35.156] [32mINFO[39m: [36mCapability recompute completed[39m
    userId: "42a15c29-8b3c-488f-9814-6780658bf0c6"
    verifiedTradesCount: 0
    riskClearance: [
      "low",
      "medium",
      "high"
    ]
    insuranceValid: false
    backgroundCheckValid: true
    backgroundCheckEnvironment: "CONTROLLED_TEST"
    backgroundCheckIsTest: true
    reason: "local_test_background_check_cleared"
[21:35:35.790] [32mINFO[39m: [36mEligibility granted[39m
    userId: "32c02af8-fd20-4091-af1c-e3d69d68e554"
    taskId: "cd1025c7-cef4-480a-bb8a-70e26e69b396"
    userTier: 4
    requiredTier: 3
    taskRisk: 2
    isInstant: false
stdout | backend/tests/system/alpha_authority_integrity.test.ts > Alpha Authority Integrity Test > Phase 7: Time & Race Conditions > 7.1 — Concurrent accept race
Result2 failed: INVALID_STATE Cannot accept task: current state is ACCEPTED, expected MATCHING (instant mode only). Standard tasks require applying via the application workflow.

stdout | backend/tests/system/alpha_authority_integrity.test.ts > Alpha Authority Integrity Test
✅ Test database pool closed

 ✓ |database-serial| backend/tests/system/alpha_authority_integrity.test.ts (13 tests) 2025ms
       ✓ 7.1 — Concurrent accept race  1112ms
[21:35:37.218] [32mINFO[39m: [36mNotification delivery recovery batch completed[39m
    inspected: 1
    recovered: 1
    failed: 0
    skipped: 0
[21:35:37.397] [32mINFO[39m: [36mFocus-deferred notification release completed[39m
    released: 0
[21:35:37.415] [32mINFO[39m: [36mFocus-deferred notification release completed[39m
    released: 1
[21:35:37.905] [32mINFO[39m: [36mPush notification queued[39m
    notificationId: "f5c4c79e-2ecc-4b93-ad73-851a66874e28"
    userId: "b1d81b7b-c229-441d-bc20-94f764f9668f"
    channel: "push"
 ✓ |database-serial| backend/tests/system/notification-delivery-recovery-concurrency.pg.test.ts (12 tests) 1592ms
 ✓ |database-serial| backend/tests/system/runtime-database-pg-adapter.pg.test.ts (12 tests) 1486ms
     ✓ uses ReadyForQuery status bytes for idle, transaction, and failed-transaction state  1125ms
[21:35:42.281] [32mINFO[39m: [36mCapability recompute completed[39m
    userId: "f67fd61e-ecb4-4def-bd2d-4483916f6108"
    verifiedTradesCount: 0
    riskClearance: [
      "low",
      "medium"
    ]
    insuranceValid: false
    backgroundCheckValid: true
    backgroundCheckEnvironment: "CONTROLLED_TEST"
    backgroundCheckIsTest: true
    reason: "local_test_background_check_cleared"
[21:35:42.370] [32mINFO[39m: [36mCapability recompute completed[39m
    userId: "0132b404-29fd-4e2d-830b-5f7fd3e07c25"
    verifiedTradesCount: 0
    riskClearance: [
      "low",
      "medium"
    ]
    insuranceValid: false
    backgroundCheckValid: true
    backgroundCheckEnvironment: "CONTROLLED_TEST"
    backgroundCheckIsTest: true
    reason: "local_test_background_check_cleared"
 ✓ |database-serial| backend/tests/system/worker-counter-offer.pg.test.ts (1 test) 1205ms
     ✓ requires bounded proposal, singular Poster approval, refund evidence, and fresh payment authorization  1174ms
 ✓ |database-serial| backend/tests/system/universal-v1-dispute-recovery.pg.test.ts (1 test) 1541ms
     ✓ proves exact authority, deterministic retries, role boundaries, and closure/release holds  1539ms
stdout | backend/tests/invariants/disputes-mvp.test.ts
Connected to database with schema version: 1.0.0

 ✓ |database-serial| backend/tests/invariants/disputes-mvp.test.ts (5 tests) 1096ms
     ✓ MUST LOCK: dispute creation atomically locks escrow to LOCKED_DISPUTE  688ms
[21:35:48.388] [33mWARN[39m: [36mFirebase Admin credentials missing — auth verification disabled[39m
    module: "auth"
[21:35:48.601] [32mINFO[39m: [36mUniversal V1 TaskDraft mutation persisted[39m
    router: "web.taskDrafts"
    draftId: "1677bb4f-9431-4138-9e56-e674a22ae6db"
    action: "create"
    version: 1
    outcome: "ESTIMATE_REQUIRED"
    replayed: false
[21:35:48.634] [32mINFO[39m: [36mUniversal V1 TaskDraft mutation persisted[39m
    router: "web.taskDrafts"
    draftId: "1677bb4f-9431-4138-9e56-e674a22ae6db"
    action: "link_contact"
    version: 2
    outcome: "ESTIMATE_REQUIRED"
    replayed: false
[21:35:48.898] [32mINFO[39m: [36mUniversal V1 TaskDraft mutation persisted[39m
    router: "web.taskDrafts"
    draftId: "0124469f-b542-42b6-bf3d-ef2d0643104a"
    action: "create"
    version: 1
    outcome: "ESTIMATE_REQUIRED"
    replayed: false
[21:35:48.929] [32mINFO[39m: [36mUniversal V1 TaskDraft mutation persisted[39m
    router: "web.taskDrafts"
    draftId: "0124469f-b542-42b6-bf3d-ef2d0643104a"
    action: "link_contact"
    version: 2
    outcome: "ESTIMATE_REQUIRED"
    replayed: false
[21:35:48.977] [32mINFO[39m: [36mUniversal V1 TaskDraft mutation persisted[39m
    router: "web.taskDrafts"
    draftId: "93c84084-fafa-42c0-8401-a7feb7c7f84c"
    action: "create"
    version: 1
    outcome: "ESTIMATE_REQUIRED"
    replayed: false
[21:35:49.003] [32mINFO[39m: [36mUniversal V1 TaskDraft mutation persisted[39m
    router: "web.taskDrafts"
    draftId: "93c84084-fafa-42c0-8401-a7feb7c7f84c"
    action: "link_contact"
    version: 2
    outcome: "ESTIMATE_REQUIRED"
    replayed: false
[21:35:49.155] [32mINFO[39m: [36mUniversal V1 TaskDraft mutation persisted[39m
    router: "web.taskDrafts"
    draftId: "5c562b72-d59b-4d48-bb3d-a43eaeb6a9d7"
    action: "create"
    version: 1
    outcome: "ESTIMATE_REQUIRED"
    replayed: false
[21:35:49.186] [32mINFO[39m: [36mUniversal V1 TaskDraft mutation persisted[39m
    router: "web.taskDrafts"
    draftId: "5c562b72-d59b-4d48-bb3d-a43eaeb6a9d7"
    action: "link_contact"
    version: 2
    outcome: "ESTIMATE_REQUIRED"
    replayed: false
[21:35:49.214] [32mINFO[39m: [36mUniversal V1 TaskDraft mutation persisted[39m
    router: "web.taskDrafts"
    draftId: "71217dde-51be-4adc-95ab-ac57f2420665"
    action: "create"
    version: 1
    outcome: "ESTIMATE_REQUIRED"
    replayed: false
[21:35:49.240] [32mINFO[39m: [36mUniversal V1 TaskDraft mutation persisted[39m
    router: "web.taskDrafts"
    draftId: "71217dde-51be-4adc-95ab-ac57f2420665"
    action: "link_contact"
    version: 2
    outcome: "ESTIMATE_REQUIRED"
    replayed: false
[21:35:49.344] [32mINFO[39m: [36mUniversal V1 TaskDraft mutation persisted[39m
    router: "web.taskDrafts"
    draftId: "e6c13615-8616-44ae-b40d-3cc434a52842"
    action: "create"
    version: 1
    outcome: "ESTIMATE_REQUIRED"
    replayed: false
[21:35:49.372] [32mINFO[39m: [36mUniversal V1 TaskDraft mutation persisted[39m
    router: "web.taskDrafts"
    draftId: "e6c13615-8616-44ae-b40d-3cc434a52842"
    action: "link_contact"
    version: 2
    outcome: "ESTIMATE_REQUIRED"
    replayed: false
 ✓ |database-serial| backend/tests/system/universal-v1-task-draft-claim.pg.test.ts (6 tests) 1071ms
     ✓ serializes concurrent exact claims into one event and no money or assignment state  338ms
     ✓ serializes cross-draft idempotency and cross-actor ownership races  310ms
stdout | backend/tests/invariants/inv-4.test.ts
Connected to database with schema version: 1.0.0

 ✓ |database-serial| backend/tests/invariants/inv-4.test.ts (12 tests) 1069ms
[21:35:52.365] [32mINFO[39m: [36mPush notification queued[39m
    notificationId: "04541d5d-8b21-4d6c-a6c0-b0b0b8258945"
    userId: "d6b5feec-f98d-4e94-bbf1-5caa5249b9c8"
    channel: "push"
[21:35:52.390] [32mINFO[39m: [36mFocus-deferred notification release completed[39m
    released: 0
[21:35:52.413] [32mINFO[39m: [36mPush notification queued[39m
    notificationId: "26d808ad-3535-453e-ba67-04a340fe9cb1"
    userId: "d6b5feec-f98d-4e94-bbf1-5caa5249b9c8"
    channel: "push"
[21:35:52.437] [32mINFO[39m: [36mFocus-deferred notification release completed[39m
    released: 1
[21:35:52.441] [32mINFO[39m: [36mFocus-deferred notification release completed[39m
    released: 0
[21:35:52.512] [31mERROR[39m: [36mFailed to queue notification channel; persisted for bounded recovery[39m
    notificationId: "295872ce-abdf-434b-be54-fdce5fc3370e"
    channel: "push"
    err: "synthetic targeted push outbox failure"
 ✓ |database-serial| backend/tests/system/notification-delivery-contract.pg.test.ts (8 tests) 1083ms
 ✓ |database-serial| backend/tests/system/universal-v1-double-entry-ledger.pg.test.ts (1 test) 1357ms
     ✓ installs before fake fixtures and certifies exact balanced SETTLED and FULL_REFUND paths  1354ms
 ✓ |database-serial| backend/tests/system/provider-event-processing.pg.test.ts (7 tests) 1103ms
stdout | backend/tests/invariants/chargeback-lifecycle.test.ts
Connected to database with schema version: 1.0.0

 ✓ |database-serial| backend/tests/invariants/chargeback-lifecycle.test.ts (7 tests) 1108ms
     ✓ MUST ALLOW: escrow release when worker has payouts_locked = FALSE  340ms
[21:36:00.402] [33mWARN[39m: [36mFirebase Admin credentials missing — auth verification disabled[39m
    module: "auth"
[21:36:01.326] [32mINFO[39m: [36mTrust tier promotion applied[39m
    userId: "6dc8c895-7299-41c2-839b-34d4de88398b"
    oldTier: 1
    newTier: 2
    oldTierName: "Verified"
    newTierName: "Home Ready"
    policyVersion: "hustler-trust-progression-v1"
    source: "system"
[21:36:01.538] [32mINFO[39m: [36mEligibility denied: trust tier insufficient[39m
    userId: "c7d7788d-2e0e-4821-a9eb-2a74493251d1"
    taskId: "e650cda3-871a-448b-a2ec-93210644b86a"
    userTier: 1
    requiredTier: 3
    taskRisk: 2
    isInstant: false
[21:36:01.584] [32mINFO[39m: [36mEligibility granted[39m
    userId: "fb793531-eb03-4731-b0a4-66119ce7d46b"
    taskId: "1a8f82d3-734c-4c8a-8013-930734f5f756"
    userTier: 3
    requiredTier: 3
    taskRisk: 2
    isInstant: false
[21:36:01.626] [32mINFO[39m: [36mEligibility denied: task is Tier 3 (blocked in alpha)[39m
    userId: "53141087-88ab-4a95-9b07-35b713792d7b"
    taskId: "3f620889-9a33-40f7-8ee3-2e6f5a6e594e"
    taskRisk: 3
    isInstant: false
[21:36:01.673] [32mINFO[39m: [36mEligibility denied: trust tier insufficient[39m
    userId: "7e79900b-0822-432d-b70f-94b41efe499d"
    taskId: "b81fb7e9-c0ae-4155-ab33-6971ee707894"
    userTier: 1
    requiredTier: 3
    taskRisk: 2
    isInstant: true
[21:36:01.713] [32mINFO[39m: [36mEligibility denied: user is banned[39m
    userId: "f131711c-a1e3-4f19-acf0-a54b0d80476f"
    taskId: "f7221d01-3cd6-4203-8a91-6c0d4195aea1"
    isInstant: false
 ✓ |database-serial| backend/tests/invariants/trust-tier-alpha-gates.test.ts (14 tests) 833ms
stdout | backend/tests/invariants/inv-1.test.ts
Connected to database with schema version: 1.0.0

 ✓ |database-serial| backend/tests/invariants/inv-1.test.ts (8 tests) 827ms
 ✓ |database-serial| backend/tests/system/universal-v1-relationship-origin.pg.test.ts (1 test) 729ms
     ✓ installs before fixtures and keeps Marketplace, Provider OS, and BYOP fail closed  727ms
stdout | backend/tests/invariants/append-only.test.ts
Connected to database with schema version: 1.0.0

 ✓ |database-serial| backend/tests/invariants/append-only.test.ts (12 tests) 773ms
stdout | backend/tests/invariants/phase-d-payments.test.ts
Connected to database with schema version: 1.0.0

 ✓ |database-serial| backend/tests/invariants/phase-d-payments.test.ts (8 tests) 797ms
[21:36:08.965] [33mWARN[39m: [36mFirebase Admin credentials missing — auth verification disabled[39m
    module: "auth"
[21:36:09.219] [32mINFO[39m: [36mUniversal V1 TaskDraft mutation persisted[39m
    router: "web.taskDrafts"
    draftId: "8944259e-afff-4b6b-963e-0e2fec52d1ae"
    action: "create"
    version: 1
    outcome: "ESTIMATE_REQUIRED"
    replayed: false
[21:36:09.232] [32mINFO[39m: [36mUniversal V1 TaskDraft mutation persisted[39m
    router: "web.taskDrafts"
    draftId: "8944259e-afff-4b6b-963e-0e2fec52d1ae"
    action: "create"
    version: 1
    outcome: "ESTIMATE_REQUIRED"
    replayed: true
[21:36:09.243] [32mINFO[39m: [36mUniversal V1 TaskDraft mutation persisted[39m
    router: "web.taskDrafts"
    draftId: "8944259e-afff-4b6b-963e-0e2fec52d1ae"
    action: "create"
    version: 1
    outcome: "ESTIMATE_REQUIRED"
    replayed: true
[21:36:09.256] [32mINFO[39m: [36mUniversal V1 TaskDraft mutation persisted[39m
    router: "web.taskDrafts"
    draftId: "8944259e-afff-4b6b-963e-0e2fec52d1ae"
    action: "create"
    version: 1
    outcome: "ESTIMATE_REQUIRED"
    replayed: true
[21:36:09.277] [32mINFO[39m: [36mUniversal V1 TaskDraft mutation persisted[39m
    router: "web.taskDrafts"
    draftId: "8944259e-afff-4b6b-963e-0e2fec52d1ae"
    action: "create"
    version: 1
    outcome: "ESTIMATE_REQUIRED"
    replayed: true
[21:36:09.292] [32mINFO[39m: [36mUniversal V1 TaskDraft mutation persisted[39m
    router: "web.taskDrafts"
    draftId: "8944259e-afff-4b6b-963e-0e2fec52d1ae"
    action: "create"
    version: 1
    outcome: "ESTIMATE_REQUIRED"
    replayed: true
[21:36:09.303] [32mINFO[39m: [36mUniversal V1 TaskDraft mutation persisted[39m
    router: "web.taskDrafts"
    draftId: "8944259e-afff-4b6b-963e-0e2fec52d1ae"
    action: "create"
    version: 1
    outcome: "ESTIMATE_REQUIRED"
    replayed: true
[21:36:09.314] [32mINFO[39m: [36mUniversal V1 TaskDraft mutation persisted[39m
    router: "web.taskDrafts"
    draftId: "8944259e-afff-4b6b-963e-0e2fec52d1ae"
    action: "create"
    version: 1
    outcome: "ESTIMATE_REQUIRED"
    replayed: true
[21:36:09.400] [32mINFO[39m: [36mUniversal V1 TaskDraft mutation persisted[39m
    router: "web.taskDrafts"
    draftId: "d5711940-49eb-45b7-b6c9-1686665fcead"
    action: "create"
    version: 1
    outcome: "ESTIMATE_REQUIRED"
    replayed: false
[21:36:09.431] [32mINFO[39m: [36mUniversal V1 TaskDraft mutation persisted[39m
    router: "web.taskDrafts"
    draftId: "d5711940-49eb-45b7-b6c9-1686665fcead"
    action: "update"
    version: 2
    outcome: "ESTIMATE_REQUIRED"
    replayed: false
[21:36:09.435] [32mINFO[39m: [36mUniversal V1 TaskDraft mutation persisted[39m
    router: "web.taskDrafts"
    draftId: "d5711940-49eb-45b7-b6c9-1686665fcead"
    action: "update"
    version: 2
    outcome: "ESTIMATE_REQUIRED"
    replayed: true
[21:36:09.438] [32mINFO[39m: [36mUniversal V1 TaskDraft mutation persisted[39m
    router: "web.taskDrafts"
    draftId: "d5711940-49eb-45b7-b6c9-1686665fcead"
    action: "update"
    version: 2
    outcome: "ESTIMATE_REQUIRED"
    replayed: true
[21:36:09.441] [32mINFO[39m: [36mUniversal V1 TaskDraft mutation persisted[39m
    router: "web.taskDrafts"
    draftId: "d5711940-49eb-45b7-b6c9-1686665fcead"
    action: "update"
    version: 2
    outcome: "ESTIMATE_REQUIRED"
    replayed: true
[21:36:09.445] [32mINFO[39m: [36mUniversal V1 TaskDraft mutation persisted[39m
    router: "web.taskDrafts"
    draftId: "d5711940-49eb-45b7-b6c9-1686665fcead"
    action: "update"
    version: 2
    outcome: "ESTIMATE_REQUIRED"
    replayed: true
[21:36:09.448] [32mINFO[39m: [36mUniversal V1 TaskDraft mutation persisted[39m
    router: "web.taskDrafts"
    draftId: "d5711940-49eb-45b7-b6c9-1686665fcead"
    action: "update"
    version: 2
    outcome: "ESTIMATE_REQUIRED"
    replayed: true
[21:36:09.451] [32mINFO[39m: [36mUniversal V1 TaskDraft mutation persisted[39m
    router: "web.taskDrafts"
    draftId: "d5711940-49eb-45b7-b6c9-1686665fcead"
    action: "update"
    version: 2
    outcome: "ESTIMATE_REQUIRED"
    replayed: true
[21:36:09.455] [32mINFO[39m: [36mUniversal V1 TaskDraft mutation persisted[39m
    router: "web.taskDrafts"
    draftId: "d5711940-49eb-45b7-b6c9-1686665fcead"
    action: "update"
    version: 2
    outcome: "ESTIMATE_REQUIRED"
    replayed: true
[21:36:09.520] [32mINFO[39m: [36mUniversal V1 TaskDraft mutation persisted[39m
    router: "web.taskDrafts"
    draftId: "9e2a865e-93c3-418a-9316-ced125ce652d"
    action: "create"
    version: 1
    outcome: "ESTIMATE_REQUIRED"
    replayed: false
[21:36:09.575] [32mINFO[39m: [36mUniversal V1 TaskDraft mutation persisted[39m
    router: "web.taskDrafts"
    draftId: "9e2a865e-93c3-418a-9316-ced125ce652d"
    action: "update"
    version: 2
    outcome: "ESTIMATE_REQUIRED"
    replayed: false
[21:36:09.612] [32mINFO[39m: [36mUniversal V1 TaskDraft mutation persisted[39m
    router: "web.taskDrafts"
    draftId: "7bbdc562-8a48-4bce-a36f-80e734b2a551"
    action: "create"
    version: 1
    outcome: "ESTIMATE_REQUIRED"
    replayed: false
 ✓ |database-serial| backend/tests/system/universal-v1-task-draft-public.pg.test.ts (4 tests) 591ms
stdout | backend/tests/invariants/n2-4-verification-resolution.test.ts
Connected to database

[21:36:10.687] [32mINFO[39m: [36mCapability recompute completed[39m
    userId: "087c1dc7-3054-4aac-964d-e2071cd71649"
    verifiedTradesCount: 1
    riskClearance: [
      "low",
      "medium",
      "high"
    ]
    insuranceValid: false
    backgroundCheckValid: false
    backgroundCheckEnvironment: null
    backgroundCheckIsTest: false
    reason: "TEST"
[21:36:10.705] [32mINFO[39m: [36mCapability recompute completed[39m
    userId: "087c1dc7-3054-4aac-964d-e2071cd71649"
    verifiedTradesCount: 1
    riskClearance: [
      "low",
      "medium",
      "high"
    ]
    insuranceValid: false
    backgroundCheckValid: false
    backgroundCheckEnvironment: null
    backgroundCheckIsTest: false
    reason: "TEST"
[21:36:10.751] [32mINFO[39m: [36mCapability recompute completed[39m
    userId: "503ba27d-35ba-4f39-8dfd-3700d576ebeb"
    verifiedTradesCount: 0
    riskClearance: [
      "low",
      "medium",
      "high"
    ]
    insuranceValid: false
    backgroundCheckValid: false
    backgroundCheckEnvironment: null
    backgroundCheckIsTest: false
    reason: "TEST"
[21:36:10.813] [32mINFO[39m: [36mCapability recompute completed[39m
    userId: "e62e6837-6e04-4a3f-9c56-1d03d43d1291"
    verifiedTradesCount: 1
    riskClearance: [
      "low",
      "medium",
      "high"
    ]
    insuranceValid: false
    backgroundCheckValid: false
    backgroundCheckEnvironment: null
    backgroundCheckIsTest: false
    reason: "TEST"
[21:36:10.832] [32mINFO[39m: [36mCapability recompute completed[39m
    userId: "e62e6837-6e04-4a3f-9c56-1d03d43d1291"
    verifiedTradesCount: 0
    riskClearance: [
      "low",
      "medium",
      "high"
    ]
    insuranceValid: false
    backgroundCheckValid: false
    backgroundCheckEnvironment: null
    backgroundCheckIsTest: false
    reason: "TEST"
[21:36:10.885] [32mINFO[39m: [36mCapability recompute completed[39m
    userId: "6bc6a245-e862-40f7-a521-59225fe285ed"
    verifiedTradesCount: 0
    riskClearance: [
      "low",
      "medium",
      "high"
    ]
    insuranceValid: true
    backgroundCheckValid: false
    backgroundCheckEnvironment: null
    backgroundCheckIsTest: false
    reason: "TEST"
 ✓ |database-serial| backend/tests/invariants/n2-4-verification-resolution.test.ts (8 tests) 520ms
 ✓ |database-serial| backend/tests/invariants/stripe-monetization.test.ts (12 tests) 540ms
 ✓ |database-serial| backend/tests/system/universal-v1-ops-cases.pg.test.ts (4 tests) 491ms
 ✓ |database-serial| backend/tests/invariants/ai-provider-boundary.test.ts (8 tests) 477ms
 ✓ |database-serial| backend/tests/system/notification-batching-idempotency.pg.test.ts (1 test) 448ms
stdout | backend/tests/invariants/n2-4-e2e-resolution.test.ts
Connected to database for E2E tests

[21:36:17.311] [32mINFO[39m: [36mCapability recompute completed[39m
    userId: "8a91e0af-6b0f-4fda-ae7e-9a2d2a7977ba"
    verifiedTradesCount: 1
    riskClearance: [
      "low",
      "medium",
      "high"
    ]
    insuranceValid: false
    backgroundCheckValid: false
    backgroundCheckEnvironment: null
    backgroundCheckIsTest: false
    reason: "VERIFICATION_RESOLVED"
[21:36:17.376] [32mINFO[39m: [36mCapability recompute completed[39m
    userId: "0fd4c19c-944c-4594-9755-6f14ef192469"
    verifiedTradesCount: 0
    riskClearance: [
      "low",
      "medium",
      "high"
    ]
    insuranceValid: false
    backgroundCheckValid: false
    backgroundCheckEnvironment: null
    backgroundCheckIsTest: false
    reason: "VERIFICATION_RESOLVED"
[21:36:17.428] [32mINFO[39m: [36mCapability recompute completed[39m
    userId: "9ee5b649-93f2-4ac9-be02-7419668f0717"
    verifiedTradesCount: 1
    riskClearance: [
      "low",
      "medium",
      "high"
    ]
    insuranceValid: false
    backgroundCheckValid: false
    backgroundCheckEnvironment: null
    backgroundCheckIsTest: false
    reason: "TEST"
[21:36:17.448] [32mINFO[39m: [36mCapability recompute completed[39m
    userId: "9ee5b649-93f2-4ac9-be02-7419668f0717"
    verifiedTradesCount: 0
    riskClearance: [
      "low",
      "medium",
      "high"
    ]
    insuranceValid: false
    backgroundCheckValid: false
    backgroundCheckEnvironment: null
    backgroundCheckIsTest: false
    reason: "TEST"
 ✓ |database-serial| backend/tests/invariants/n2-4-e2e-resolution.test.ts (3 tests) 332ms
 ✓ |database-serial| backend/tests/system/fake-financial-outbox-transport.redis.test.ts (2 tests) 349ms
 ✓ |database-serial| backend/tests/system/provider-event-inbox.pg.test.ts (6 tests) 380ms
[21:36:20.973] [32mINFO[39m: [36mCapability recompute completed[39m
    userId: "c93a69e2-9d39-48d3-b826-7070397ce471"
    verifiedTradesCount: 0
    riskClearance: [
      "low"
    ]
    insuranceValid: false
    backgroundCheckValid: false
    backgroundCheckEnvironment: null
    backgroundCheckIsTest: false
    reason: "PRESERVATION_REGRESSION"
[21:36:21.025] [32mINFO[39m: [36mCapability recompute completed[39m
    userId: "db42f9a0-701f-415d-b965-48ff0d147bf7"
    verifiedTradesCount: 1
    riskClearance: [
      "low"
    ]
    insuranceValid: false
    backgroundCheckValid: false
    backgroundCheckEnvironment: null
    backgroundCheckIsTest: false
    reason: "SAME_KEY_REGRESSION"
[21:36:21.117] [32mINFO[39m: [36mCapability recompute completed[39m
    userId: "707d91fe-e961-4042-bdf9-fdf0bb616cce"
    verifiedTradesCount: 0
    riskClearance: [
      "low"
    ]
    insuranceValid: false
    backgroundCheckValid: false
    backgroundCheckEnvironment: null
    backgroundCheckIsTest: false
    reason: "STALE_LEGACY_REGRESSION"
[21:36:21.157] [32mINFO[39m: [36mCapability recompute completed[39m
    userId: "6b8e7c0f-c83b-4163-a278-8f86321c1ce7"
    verifiedTradesCount: 1
    riskClearance: [
      "low"
    ]
    insuranceValid: false
    backgroundCheckValid: false
    backgroundCheckEnvironment: null
    backgroundCheckIsTest: false
    reason: "LEGACY_REBUILD_REGRESSION"
 ✓ |database-serial| backend/tests/system/capability-recompute-universal-v1-preservation.pg.test.ts (4 tests) 488ms
[21:36:21.179] [32mINFO[39m: [36mCapability recompute completed[39m
    userId: "6b8e7c0f-c83b-4163-a278-8f86321c1ce7"
    verifiedTradesCount: 1
    riskClearance: [
      "low"
    ]
    insuranceValid: false
    backgroundCheckValid: false
    backgroundCheckEnvironment: null
    backgroundCheckIsTest: false
    reason: "LEGACY_REBUILD_REPLAY"
 ✓ |database-serial| backend/tests/system/universal-v1-occurrence-access-audit.pg.test.ts (3 tests) 267ms
 ✓ |database-serial| backend/tests/system/universal-v1-fake-financial-expiry-recovery-upgrade.pg.test.ts (1 test) 241ms
 ✓ |database-serial| backend/tests/invariants/n5-query-performance.test.ts (4 tests) 217ms
 ✓ |database-serial| backend/tests/system/universal-v1-lead-ingress.pg.test.ts (1 test) 239ms
 ✓ |database-serial| backend/tests/system/financial-provider-command-journal.pg.test.ts (4 tests) 216ms
 ✓ |database-serial| backend/tests/system/liquidity-expansion.pg.test.ts (3 tests) 257ms
 ✓ |database-serial| backend/tests/invariants/plan-gating-invariant.test.ts (5 tests) 185ms
 ✓ |database-serial| backend/tests/system/escrow-release-outbox.pg.test.ts (2 tests) 171ms
 ✓ |database-serial| backend/tests/system/recurring-universal-v1-containment.pg.test.ts (1 test) 155ms
 ✓ |database-serial| backend/tests/system/xp-daily-cap-concurrency.pg.test.ts (1 test) 147ms
 ✓ |database-serial| backend/tests/system/runtime-database-authority.pg.test.ts (4 tests) 189ms
 ✓ |database-serial| backend/tests/system/universal-v1-task-draft-legacy-port.pg.test.ts (1 test) 119ms
 ✓ |database-serial| backend/tests/system/ai-spend-attempt-ledger.pg.test.ts (2 tests) 120ms
 ✓ |database-serial| backend/tests/invariants/redis-command-port-conformance.test.ts (10 tests) 90ms
 ✓ |database-serial| backend/tests/system/provider-event-worker-authority.pg.test.ts (2 tests) 18060ms
 ✓ |database-serial| backend/tests/invariants/citadel-provenance.test.ts (2 tests) 76ms
 ✓ |database-serial| backend/tests/invariants/ai-budget-reservation-concurrency.test.ts (3 tests) 54ms
[21:36:56.555] [33mWARN[39m: [36mFirebase Admin credentials missing — auth verification disabled[39m
    module: "auth"
 ✓ |database-serial| backend/tests/invariants/spec-alignment.test.ts (52 tests) 35ms
 ✓ |database-serial| backend/tests/invariants/transaction-error-handling.test.ts (3 tests) 13ms
 ✓ |database-serial| backend/tests/invariants/citadel-oracle.test.ts (3 tests) 12ms
 ✓ |database-serial| backend/tests/invariants/citadel-constitution.test.ts (8 tests) 9ms
 ✓ |database-serial| backend/tests/invariants/citadel-mutation.test.ts (1 test) 6ms

⎯⎯⎯⎯⎯⎯ Failed Suites 1 ⎯⎯⎯⎯⎯⎯⎯

 FAIL  |database-serial| backend/tests/system/universal-v1-work-order-command-ports-v1.pg.test.ts > Universal V1 PostgreSQL Work Order command ports v1
AssertionError: expected { trigger_count: 296, …(1) } to deeply equal { trigger_count: 169, …(1) }

- Expected
+ Received

  {
    "trigger_catalog_sha256": "e5b7e6773c0bde643bf02f7c0d88a2680d835ced21ab2cbc0c302347c99fd10a",
-   "trigger_count": 169,
+   "trigger_count": 296,
  }

 ❯ backend/tests/system/universal-v1-work-order-command-ports-v1.pg.test.ts:1642:29
    1640|       ]);
    1641|       expect(legacyCatalog).toEqual(canonicalCatalog);
    1642|       expect(legacyCatalog).toEqual({
       |                             ^
    1643|         trigger_count: 169,
    1644|         trigger_catalog_sha256: expect.stringMatching(/^[0-9a-f]{64}$/…

⎯⎯⎯⎯⎯⎯⎯⎯⎯⎯⎯⎯⎯⎯⎯⎯⎯⎯⎯⎯⎯⎯⎯[1/20]⎯


⎯⎯⎯⎯⎯⎯ Failed Tests 19 ⎯⎯⎯⎯⎯⎯⎯

 FAIL  |database-serial| backend/tests/system/hxos-canonical-lifecycle.pg.test.ts > HX/OS canonical PostgreSQL lifecycle > proves intent through bank payout with replay, concurrency, and failure evidence
Error: NONPRODUCTION_FAKE_FINANCE_REFUSED:LIVE_FAKE_FINANCE_SEALED_AUTHORITY_REQUIRED
 ❯ issueLiveFakeFinancialDatabaseCapability backend/src/services/payment/FakeFinancialProvider.ts:1116:11
    1114|     );
    1115|   } catch (error) {
    1116|     throw new Error(
       |           ^
    1117|       'NONPRODUCTION_FAKE_FINANCE_REFUSED:LIVE_FAKE_FINANCE_SEALED_AUT…
    1118|       { cause: error }
 ❯ backend/tests/system/hxos-canonical-lifecycle.pg.test.ts:351:28

Caused by: error: HXUV1-WOCMD-4: exactly one current target authority is required
 ❯ node_modules/pg-pool/index.js:45:11
 ❯ Object.query backend/src/test/disposable-database-runtime.ts:90:47
 ❯ issueLiveFakeFinancialDatabaseCapability backend/src/services/payment/FakeFinancialProvider.ts:1098:14
 ❯ backend/tests/system/hxos-canonical-lifecycle.pg.test.ts:351:28

⎯⎯⎯⎯⎯⎯⎯⎯⎯⎯⎯⎯⎯⎯⎯⎯⎯⎯⎯⎯⎯⎯⎯⎯⎯⎯⎯⎯⎯⎯
Serialized Error: { length: 676, severity: 'ERROR', code: 'P0001', detail: undefined, hint: undefined, position: undefined, internalPosition: undefined, internalQuery: undefined, where: 'PL/pgSQL function hx_authority.read_universal_v1_work_order_target_authority_v1() line 17 at RAISE\nSQL statement "SELECT *                        FROM hx_authority.read_universal_v1_work_order_target_authority_v1()"\nPL/pgSQL function public.hxos_read_universal_v1_work_order_runtime_authority_v1() line 9 at SQL statement\nSQL statement "SELECT *                        FROM public.hxos_read_universal_v1_work_order_runtime_authority_v1()"\nPL/pgSQL function public.hxos_read_universal_v1_fake_financial_runtime_authority_v13() line 8 at SQL statement', schema: undefined, table: undefined, dataType: undefined, constraint: undefined, file: 'pl_exec.c', routine: 'exec_stmt_raise' }
⎯⎯⎯⎯⎯⎯⎯⎯⎯⎯⎯⎯⎯⎯⎯⎯⎯⎯⎯⎯⎯⎯⎯[2/20]⎯

 FAIL  |database-serial| backend/tests/system/hxos-canonical-lifecycle.pg.test.ts > HX/OS canonical PostgreSQL lifecycle > persists provider-account refresh with replay, conflict, concurrency, and no external effect
Error: NONPRODUCTION_FAKE_FINANCE_REFUSED:LIVE_FAKE_FINANCE_SEALED_AUTHORITY_REQUIRED
 ❯ issueLiveFakeFinancialDatabaseCapability backend/src/services/payment/FakeFinancialProvider.ts:1116:11
    1114|     );
    1115|   } catch (error) {
    1116|     throw new Error(
       |           ^
    1117|       'NONPRODUCTION_FAKE_FINANCE_REFUSED:LIVE_FAKE_FINANCE_SEALED_AUT…
    1118|       { cause: error }
 ❯ backend/tests/system/hxos-canonical-lifecycle.pg.test.ts:1263:7

Caused by: error: HXUV1-WOCMD-4: exactly one current target authority is required
 ❯ node_modules/pg-pool/index.js:45:11
 ❯ Object.query backend/src/test/disposable-database-runtime.ts:90:47
 ❯ issueLiveFakeFinancialDatabaseCapability backend/src/services/payment/FakeFinancialProvider.ts:1098:14
 ❯ backend/tests/system/hxos-canonical-lifecycle.pg.test.ts:1263:7

⎯⎯⎯⎯⎯⎯⎯⎯⎯⎯⎯⎯⎯⎯⎯⎯⎯⎯⎯⎯⎯⎯⎯⎯⎯⎯⎯⎯⎯⎯
Serialized Error: { length: 676, severity: 'ERROR', code: 'P0001', detail: undefined, hint: undefined, position: undefined, internalPosition: undefined, internalQuery: undefined, where: 'PL/pgSQL function hx_authority.read_universal_v1_work_order_target_authority_v1() line 17 at RAISE\nSQL statement "SELECT *                        FROM hx_authority.read_universal_v1_work_order_target_authority_v1()"\nPL/pgSQL function public.hxos_read_universal_v1_work_order_runtime_authority_v1() line 9 at SQL statement\nSQL statement "SELECT *                        FROM public.hxos_read_universal_v1_work_order_runtime_authority_v1()"\nPL/pgSQL function public.hxos_read_universal_v1_fake_financial_runtime_authority_v13() line 8 at SQL statement', schema: undefined, table: undefined, dataType: undefined, constraint: undefined, file: 'pl_exec.c', routine: 'exec_stmt_raise' }
⎯⎯⎯⎯⎯⎯⎯⎯⎯⎯⎯⎯⎯⎯⎯⎯⎯⎯⎯⎯⎯⎯⎯[3/20]⎯

 FAIL  |database-serial| backend/tests/system/provider-observation-normalization.pg.test.ts > provider observation normalization PostgreSQL authority > corroborates an exact terminal observation without provider I/O or lifecycle success
PreparedFinancialCommandAuthorityError: UNIVERSAL_V1_PREPARED_FINANCIAL_COMMAND_ACTOR_ATTESTATION_REQUIRED
 ❯ PostgresUniversalV1PreparedFinancialCommandAuthority.prepare backend/src/services/payment/PreparedFinancialCommandAuthority.ts:508:13
    506|     const input = Object.freeze(normalizeInput(rawInput));
    507|     if (!attestation)
    508|       throw new PreparedFinancialCommandAuthorityError('ACTOR_ATTESTAT…
       |             ^
    509|     const { recordedBy: _callerActor, ...intent } = input;
    510|     const payload = Object.freeze(FakeFinancialPreparationPayloadSchem…
 ❯ backend/tests/system/provider-observation-normalization.pg.test.ts:54:89

⎯⎯⎯⎯⎯⎯⎯⎯⎯⎯⎯⎯⎯⎯⎯⎯⎯⎯⎯⎯⎯⎯⎯[4/20]⎯

 FAIL  |database-serial| backend/tests/system/stage1-legacy-authority-containment.pg.test.ts > Stage-1 contaminated-main PostgreSQL upgrade containment > preserves legacy rows and receipts while making every retired writer and bypass inert
error: HXUV1-WOCMD-0A: Work Order trigger catalog mismatch (151 / f82f820234a2fd838b14d49734b3a29f2fce3b0ed1b9cf782a8ac874ab2941c4)
 ❯ node_modules/pg/lib/client.js:545:17
 ❯ applyEngineAutomationMigration backend/src/jobs/engine-automation-migration.ts:600:5
    598|     }
    599|
    600|     await client.query(sql);
       |     ^
    601|     await client.query(
    602|       'INSERT INTO public.applied_migrations (name, sha256) VALUES ($1…
 ❯ runEngineAutomationMigrationsOnConnectedClientWithReceipt backend/src/jobs/engine-automation-migration.ts:662:21
 ❯ runEngineAutomationMigrationWithReceipt backend/src/jobs/engine-automation-migration.ts:706:12
 ❯ runEngineAutomationMigration backend/src/jobs/engine-automation-migration.ts:722:11
 ❯ backend/tests/system/stage1-legacy-authority-containment.pg.test.ts:646:38

⎯⎯⎯⎯⎯⎯⎯⎯⎯⎯⎯⎯⎯⎯⎯⎯⎯⎯⎯⎯⎯⎯⎯[5/20]⎯

 FAIL  |database-serial| backend/tests/system/universal-v1-estimate-materialization.pg.test.ts > Universal V1 provider estimate PostgreSQL golden path > materializes one fake-secured unassigned Work Order, replays exactly, and rejects changed-context reuse
Error: WORK_ORDER_HISTORY_UNAVAILABLE
 ❯ refuse backend/src/services/UniversalV1WorkOrderHistory.ts:35:9
     33|   .strict();
     34| function refuse(reason: string): never {
     35|   throw new Error('WORK_ORDER_HISTORY_' + reason);
       |         ^
     36| }
     37|
 ❯ PostgresUniversalV1WorkOrderHistoryReader.read backend/src/services/UniversalV1WorkOrderHistory.ts:116:14
 ❯ readHistory backend/src/services/UniversalV1WorkOrderResume.ts:120:43
 ❯ resumeUniversalV1WorkOrder backend/src/services/UniversalV1WorkOrderResume.ts:163:23
 ❯ UniversalV1WorkOrderApplication.secureAndMaterializeFakeWorkOrder backend/src/services/UniversalV1WorkOrderApplication.ts:124:12
 ❯ backend/tests/system/universal-v1-estimate-materialization.pg.test.ts:2942:26

⎯⎯⎯⎯⎯⎯⎯⎯⎯⎯⎯⎯⎯⎯⎯⎯⎯⎯⎯⎯⎯⎯⎯[6/20]⎯

 FAIL  |database-serial| backend/tests/system/universal-v1-estimate-materialization.pg.test.ts > Universal V1 provider estimate PostgreSQL golden path > preserves committed fake-finance evidence when terminal Work Order insertion fails
AssertionError: expected Error: WORK_ORDER_HISTORY_UNAVAILABLE to match object { code: 'XX999', …(1) }

- Expected
+ Received

- {
-   "code": "XX999",
-   "message": "INJECTED_WORK_ORDER_INSERT_FAILURE",
+ Error {
+   "message": "WORK_ORDER_HISTORY_UNAVAILABLE",
  }

 ❯ backend/tests/system/universal-v1-estimate-materialization.pg.test.ts:3093:7
    3091|           await actorAttestationHandle(lane.fixture.posterUserId)
    3092|         )
    3093|       ).rejects.toMatchObject({
       |       ^
    3094|         code: 'XX999',
    3095|         message: 'INJECTED_WORK_ORDER_INSERT_FAILURE',

⎯⎯⎯⎯⎯⎯⎯⎯⎯⎯⎯⎯⎯⎯⎯⎯⎯⎯⎯⎯⎯⎯⎯[7/20]⎯

 FAIL  |database-serial| backend/tests/system/universal-v1-estimate-materialization.pg.test.ts > Universal V1 provider estimate PostgreSQL golden path > uses only the exact compensation claim when eligibility changes after SECURE
AssertionError: expected Error: WORK_ORDER_HISTORY_UNAVAILABLE to match object { Object (code) }

- Expected
+ Received

- {
-   "code": "WORK_ORDER_AUTHORITY_REVOKED",
+ Error {
+   "message": "WORK_ORDER_HISTORY_UNAVAILABLE",
  }

 ❯ backend/tests/system/universal-v1-estimate-materialization.pg.test.ts:3280:5
    3278|         await actorAttestationHandle(lane.fixture.posterUserId)
    3279|       )
    3280|     ).rejects.toMatchObject({ code: 'WORK_ORDER_AUTHORITY_REVOKED' });
       |     ^
    3281|     expect(successorEligibilityId).not.toBeNull();
    3282|

⎯⎯⎯⎯⎯⎯⎯⎯⎯⎯⎯⎯⎯⎯⎯⎯⎯⎯⎯⎯⎯⎯⎯[8/20]⎯

 FAIL  |database-serial| backend/tests/system/universal-v1-estimate-materialization.pg.test.ts > Universal V1 provider estimate PostgreSQL golden path > voids the exact fake security event when legacy task state changes after SECURE
AssertionError: expected Error: WORK_ORDER_HISTORY_UNAVAILABLE to match object { Object (code) }

- Expected
+ Received

- {
-   "code": "WORK_ORDER_AUTHORITY_REVOKED",
+ Error {
+   "message": "WORK_ORDER_HISTORY_UNAVAILABLE",
  }

 ❯ backend/tests/system/universal-v1-estimate-materialization.pg.test.ts:3417:5
    3415|         await actorAttestationHandle(lane.fixture.posterUserId)
    3416|       )
    3417|     ).rejects.toMatchObject({ code: 'WORK_ORDER_AUTHORITY_REVOKED' });
       |     ^
    3418|     expect(cancellationInjected).toBe(true);
    3419|

⎯⎯⎯⎯⎯⎯⎯⎯⎯⎯⎯⎯⎯⎯⎯⎯⎯⎯⎯⎯⎯⎯⎯[9/20]⎯

 FAIL  |database-serial| backend/tests/system/universal-v1-estimate-materialization.pg.test.ts > Universal V1 provider estimate PostgreSQL golden path > freezes the legacy task lifecycle projection after exact Work Order binding
Error: WORK_ORDER_HISTORY_UNAVAILABLE
 ❯ refuse backend/src/services/UniversalV1WorkOrderHistory.ts:35:9
     33|   .strict();
     34| function refuse(reason: string): never {
     35|   throw new Error('WORK_ORDER_HISTORY_' + reason);
       |         ^
     36| }
     37|
 ❯ PostgresUniversalV1WorkOrderHistoryReader.read backend/src/services/UniversalV1WorkOrderHistory.ts:116:14
 ❯ readHistory backend/src/services/UniversalV1WorkOrderResume.ts:120:43
 ❯ resumeUniversalV1WorkOrder backend/src/services/UniversalV1WorkOrderResume.ts:163:23
 ❯ UniversalV1WorkOrderApplication.secureAndMaterializeFakeWorkOrder backend/src/services/UniversalV1WorkOrderApplication.ts:124:12
 ❯ backend/tests/system/universal-v1-estimate-materialization.pg.test.ts:3478:26

⎯⎯⎯⎯⎯⎯⎯⎯⎯⎯⎯⎯⎯⎯⎯⎯⎯⎯⎯⎯⎯⎯[10/20]⎯

 FAIL  |database-serial| backend/tests/system/universal-v1-estimate-materialization.pg.test.ts > Universal V1 provider estimate PostgreSQL golden path > rejects Work Order materialization after provider authority is revoked with zero financial effects
AssertionError: expected Error: WORK_ORDER_HISTORY_UNAVAILABLE to match object { Object (code) }

- Expected
+ Received

- {
-   "code": "WORK_ORDER_AUTHORITY_REVOKED",
+ Error {
+   "message": "WORK_ORDER_HISTORY_UNAVAILABLE",
  }

 ❯ backend/tests/system/universal-v1-estimate-materialization.pg.test.ts:3561:5
    3559|         await actorAttestationHandle(lane.fixture.posterUserId)
    3560|       )
    3561|     ).rejects.toMatchObject({ code: 'WORK_ORDER_AUTHORITY_REVOKED' });
       |     ^
    3562|     expect(
    3563|       await workOrderEffectSnapshot({

⎯⎯⎯⎯⎯⎯⎯⎯⎯⎯⎯⎯⎯⎯⎯⎯⎯⎯⎯⎯⎯⎯[11/20]⎯

 FAIL  |database-serial| backend/tests/system/universal-v1-estimate-materialization.pg.test.ts > Universal V1 provider estimate PostgreSQL golden path > materializes and replays one dual-approved scope-only change on the exact execution chain
Error: WORK_ORDER_HISTORY_UNAVAILABLE
 ❯ refuse backend/src/services/UniversalV1WorkOrderHistory.ts:35:9
     33|   .strict();
     34| function refuse(reason: string): never {
     35|   throw new Error('WORK_ORDER_HISTORY_' + reason);
       |         ^
     36| }
     37|
 ❯ PostgresUniversalV1WorkOrderHistoryReader.read backend/src/services/UniversalV1WorkOrderHistory.ts:116:14
 ❯ readHistory backend/src/services/UniversalV1WorkOrderResume.ts:120:43
 ❯ resumeUniversalV1WorkOrder backend/src/services/UniversalV1WorkOrderResume.ts:163:23
 ❯ UniversalV1WorkOrderApplication.secureAndMaterializeFakeWorkOrder backend/src/services/UniversalV1WorkOrderApplication.ts:124:12
 ❯ backend/tests/system/universal-v1-estimate-materialization.pg.test.ts:3654:23

⎯⎯⎯⎯⎯⎯⎯⎯⎯⎯⎯⎯⎯⎯⎯⎯⎯⎯⎯⎯⎯⎯[12/20]⎯

 FAIL  |database-serial| backend/tests/system/universal-v1-estimate-materialization.pg.test.ts > Universal V1 provider estimate PostgreSQL golden path > commits, fake-authorizes, materializes, and exactly replays one price-and-scope change
Error: WORK_ORDER_HISTORY_UNAVAILABLE
 ❯ refuse backend/src/services/UniversalV1WorkOrderHistory.ts:35:9
     33|   .strict();
     34| function refuse(reason: string): never {
     35|   throw new Error('WORK_ORDER_HISTORY_' + reason);
       |         ^
     36| }
     37|
 ❯ PostgresUniversalV1WorkOrderHistoryReader.read backend/src/services/UniversalV1WorkOrderHistory.ts:116:14
 ❯ readHistory backend/src/services/UniversalV1WorkOrderResume.ts:120:43
 ❯ resumeUniversalV1WorkOrder backend/src/services/UniversalV1WorkOrderResume.ts:163:23
 ❯ UniversalV1WorkOrderApplication.secureAndMaterializeFakeWorkOrder backend/src/services/UniversalV1WorkOrderApplication.ts:124:12
 ❯ backend/tests/system/universal-v1-estimate-materialization.pg.test.ts:3890:23

⎯⎯⎯⎯⎯⎯⎯⎯⎯⎯⎯⎯⎯⎯⎯⎯⎯⎯⎯⎯⎯⎯[13/20]⎯

 FAIL  |database-serial| backend/tests/system/universal-v1-estimate-materialization.pg.test.ts > Universal V1 provider estimate PostgreSQL golden path > recovers every price-change crash boundary and terminally seals revoked authority
Error: WORK_ORDER_HISTORY_UNAVAILABLE
 ❯ refuse backend/src/services/UniversalV1WorkOrderHistory.ts:35:9
     33|   .strict();
     34| function refuse(reason: string): never {
     35|   throw new Error('WORK_ORDER_HISTORY_' + reason);
       |         ^
     36| }
     37|
 ❯ PostgresUniversalV1WorkOrderHistoryReader.read backend/src/services/UniversalV1WorkOrderHistory.ts:116:14
 ❯ readHistory backend/src/services/UniversalV1WorkOrderResume.ts:120:43
 ❯ resumeUniversalV1WorkOrder backend/src/services/UniversalV1WorkOrderResume.ts:163:23
 ❯ UniversalV1WorkOrderApplication.secureAndMaterializeFakeWorkOrder backend/src/services/UniversalV1WorkOrderApplication.ts:124:12
 ❯ approvedPriceAndScopeRecoveryLane backend/tests/system/universal-v1-estimate-materialization.pg.test.ts:1524:23
 ❯ preparedPriceAndScopeRecoveryLane backend/tests/system/universal-v1-estimate-materialization.pg.test.ts:1646:18
 ❯ backend/tests/system/universal-v1-estimate-materialization.pg.test.ts:4135:25

⎯⎯⎯⎯⎯⎯⎯⎯⎯⎯⎯⎯⎯⎯⎯⎯⎯⎯⎯⎯⎯⎯[14/20]⎯

 FAIL  |database-serial| backend/tests/system/universal-v1-estimate-materialization.pg.test.ts > Universal V1 provider estimate PostgreSQL golden path > serializes one organization account across owner/admin actors and rejects forged or out-of-order authority
error: HXFPCREC1-V13: DISPATCH requires one same-transaction sealed v13 admission
 ❯ node_modules/pg/lib/client.js:545:17
 ❯ query backend/tests/system/universal-v1-estimate-materialization.pg.test.ts:334:24
    332|         params?: unknown[]
    333|       ) => {
    334|         const result = await client.query(sql, params);
       |                        ^
    335|         return { rows: result.rows as Row[], rowCount: result.rowCount…
    336|       };
 ❯ PostgresFinancialProviderCommandRecoveryRepository.insertLease backend/src/services/payment/FinancialProviderCommandRecovery.ts:1064:22
 ❯ runTransaction backend/tests/system/universal-v1-estimate-materialization.pg.test.ts:337:21
 ❯ DurableFakeFinancialProviderCommandCoordinator.dispatch backend/src/services/payment/FinancialProviderCommandRecovery.ts:1380:19
 ❯ JournaledFinancialProviderInvoker.invokeAfterCommit backend/src/services/payment/FinancialProviderCommandJournal.ts:665:27
 ❯ UniversalV1FakeFinancialApplicationService.onboardProvider backend/src/services/payment/UniversalV1FinancialApplicationService.ts:1689:34
 ❯ UniversalV1FakeFinancialApplicationService.onboardProvider backend/src/services/payment/UniversalV1FinancialApplicationService.ts:2011:20
 ❯ evidence backend/tests/system/universal-v1-estimate-materialization.pg.test.ts:4673:23

⎯⎯⎯⎯⎯⎯⎯⎯⎯⎯⎯⎯⎯⎯⎯⎯⎯⎯⎯⎯⎯⎯[15/20]⎯

 FAIL  |database-serial| backend/tests/system/universal-v1-estimate-materialization.pg.test.ts > Universal V1 provider estimate PostgreSQL golden path > delivers one completion notice through the real worker and loopback SMTP sink
Error: WORK_ORDER_HISTORY_UNAVAILABLE
 ❯ refuse backend/src/services/UniversalV1WorkOrderHistory.ts:35:9
     33|   .strict();
     34| function refuse(reason: string): never {
     35|   throw new Error('WORK_ORDER_HISTORY_' + reason);
       |         ^
     36| }
     37|
 ❯ PostgresUniversalV1WorkOrderHistoryReader.read backend/src/services/UniversalV1WorkOrderHistory.ts:116:14
 ❯ readHistory backend/src/services/UniversalV1WorkOrderResume.ts:120:43
 ❯ resumeUniversalV1WorkOrder backend/src/services/UniversalV1WorkOrderResume.ts:163:23
 ❯ UniversalV1WorkOrderApplication.secureAndMaterializeFakeWorkOrder backend/src/services/UniversalV1WorkOrderApplication.ts:124:12
 ❯ backend/tests/system/universal-v1-estimate-materialization.pg.test.ts:4996:26

⎯⎯⎯⎯⎯⎯⎯⎯⎯⎯⎯⎯⎯⎯⎯⎯⎯⎯⎯⎯⎯⎯[16/20]⎯

 FAIL  |database-serial| backend/tests/system/universal-v1-estimate-materialization.pg.test.ts > Universal V1 provider estimate PostgreSQL golden path > continues an unassigned Work Order through evidence, completion, fake capture, 'settlement and reconciliation'
 FAIL  |database-serial| backend/tests/system/universal-v1-estimate-materialization.pg.test.ts > Universal V1 provider estimate PostgreSQL golden path > continues an unassigned Work Order through evidence, completion, fake capture, 'full refund and closed reconciliation'
Error: WORK_ORDER_HISTORY_UNAVAILABLE
 ❯ refuse backend/src/services/UniversalV1WorkOrderHistory.ts:35:9
     33|   .strict();
     34| function refuse(reason: string): never {
     35|   throw new Error('WORK_ORDER_HISTORY_' + reason);
       |         ^
     36| }
     37|
 ❯ PostgresUniversalV1WorkOrderHistoryReader.read backend/src/services/UniversalV1WorkOrderHistory.ts:116:14
 ❯ readHistory backend/src/services/UniversalV1WorkOrderResume.ts:120:43
 ❯ resumeUniversalV1WorkOrder backend/src/services/UniversalV1WorkOrderResume.ts:163:23
 ❯ UniversalV1WorkOrderApplication.secureAndMaterializeFakeWorkOrder backend/src/services/UniversalV1WorkOrderApplication.ts:124:12
 ❯ backend/tests/system/universal-v1-estimate-materialization.pg.test.ts:5238:28

⎯⎯⎯⎯⎯⎯⎯⎯⎯⎯⎯⎯⎯⎯⎯⎯⎯⎯⎯⎯⎯⎯[17/20]⎯

 FAIL  |database-serial| backend/tests/system/universal-v1-financial-security-expiry.pg.test.ts > Universal V1 financial-security expiry PostgreSQL authority > carries one millisecond provider observation through the real repository, application, lifecycle, and bridge path
PreparedFinancialCommandAuthorityError: UNIVERSAL_V1_PREPARED_FINANCIAL_COMMAND_ACTOR_ATTESTATION_REQUIRED
 ❯ PostgresUniversalV1PreparedFinancialCommandAuthority.prepare backend/src/services/payment/PreparedFinancialCommandAuthority.ts:508:13
    506|     const input = Object.freeze(normalizeInput(rawInput));
    507|     if (!attestation)
    508|       throw new PreparedFinancialCommandAuthorityError('ACTOR_ATTESTAT…
       |             ^
    509|     const { recordedBy: _callerActor, ...intent } = input;
    510|     const payload = Object.freeze(FakeFinancialPreparationPayloadSchem…
 ❯ UniversalV1FakeFinancialApplicationService.executeFinancialEvent backend/src/services/payment/UniversalV1FinancialApplicationService.ts:1616:51
 ❯ backend/tests/system/universal-v1-financial-security-expiry.pg.test.ts:1610:41

⎯⎯⎯⎯⎯⎯⎯⎯⎯⎯⎯⎯⎯⎯⎯⎯⎯⎯⎯⎯⎯⎯[18/20]⎯

 FAIL  |database-serial| backend/tests/system/universal-v1-financial-security-expiry.pg.test.ts > Universal V1 financial-security expiry PostgreSQL authority > compensates a raw-only pre-v9 null-expiry success without an UNKNOWN loop or new positive authority
PreparedFinancialCommandAuthorityError: UNIVERSAL_V1_PREPARED_FINANCIAL_COMMAND_ACTOR_ATTESTATION_REQUIRED
 ❯ PostgresUniversalV1PreparedFinancialCommandAuthority.prepare backend/src/services/payment/PreparedFinancialCommandAuthority.ts:508:13
    506|     const input = Object.freeze(normalizeInput(rawInput));
    507|     if (!attestation)
    508|       throw new PreparedFinancialCommandAuthorityError('ACTOR_ATTESTAT…
       |             ^
    509|     const { recordedBy: _callerActor, ...intent } = input;
    510|     const payload = Object.freeze(FakeFinancialPreparationPayloadSchem…
 ❯ UniversalV1FakeFinancialApplicationService.executeFinancialEvent backend/src/services/payment/UniversalV1FinancialApplicationService.ts:1616:51
 ❯ backend/tests/system/universal-v1-financial-security-expiry.pg.test.ts:1704:41

⎯⎯⎯⎯⎯⎯⎯⎯⎯⎯⎯⎯⎯⎯⎯⎯⎯⎯⎯⎯⎯⎯[19/20]⎯


 Test Files  6 failed | 692 passed (698)
      Tests  19 failed | 11043 passed | 15 skipped (11077)
   Start at  14:06:10
   Duration  1849.30s (transform 34.10s, setup 46.47s, import 242.54s, tests 1689.67s, environment 148ms)

JSON report written to C:/Users/Manfish/Documents/Codex/2026-09-04/let/work/backend-validation-checkout/reports/vitest-required.json
file:///C:/Users/Manfish/Documents/Codex/2026-09-04/let/work/backend-validation-checkout/scripts/run-required-tests.mjs:270
        new Error(
        ^

Error: Required-test command failed (exit 1): node node_modules/vitest/vitest.mjs run --config vitest.required.config.ts --configLoader=runner --reporter=default --reporter=json --outputFile.json=C:\Users\Manfish\Documents\Codex\2026-09-04\let\work\backend-validation-checkout\reports\vitest-required.json
    at ChildProcess.<anonymous> (file:///C:/Users/Manfish/Documents/Codex/2026-09-04/let/work/backend-validation-checkout/scripts/run-required-tests.mjs:270:9)
    at Object.onceWrapper (node:events:634:26)
    at ChildProcess.emit (node:events:519:28)
    at ChildProcess._handle.onexit (node:internal/child_process:293:12)

Node.js v22.23.2
